family,group,target_budget,opponent,direction,from_level,to_level,from_experiment_id,to_experiment_id,samples_per_point,from_A_win_rate,to_A_win_rate,delta_A_win_rate,from_mean_rounds,to_mean_rounds,delta_mean_rounds,from_budget_A,to_budget_A,delta_budget_A,from_budget_B,to_budget_B,delta_budget_B,from_A_raw_dead,to_A_raw_dead,delta_A_raw_dead,from_A_raw_wounded,to_A_raw_wounded,delta_A_raw_wounded,from_B_raw_dead,to_B_raw_dead,delta_B_raw_dead,from_B_raw_wounded,to_B_raw_wounded,delta_B_raw_wounded,from_A_bench_economic_loss_rate,to_A_bench_economic_loss_rate,delta_A_bench_economic_loss_rate
E-add,archer,12000,archer,A-B,0,5,6aee354d6eadf446a8412bbd,d1edb1a0700c929cade69649,2000,1,1,0,2.008,2.002,-0.0060000000000002,11970,12570,600,11970,11970,0,0.8695,30.0465,29.177,170.1305,200.9495,30.819,97.458,101.3105,3.8525,73.542,69.6795,-3.8625,0.049804093567251,0.049831344470963,2.7250903712001E-5
E-add,archer,12000,archer,A-B,5,10,d1edb1a0700c929cade69649,4704ec841faea27abf46ebef,2000,1,1,0,2.002,2.0005,-0.0014999999999996,12570,13170,600,11970,11970,0,30.0465,10.922,-19.1245,200.9495,279.4335,78.484,101.3105,104.9505,3.64,69.6795,66.046,-3.6335,0.049831344470963,0.049757403189066,-7.3941281897E-5
E-add,archer,12000,archer,A-B,10,20,4704ec841faea27abf46ebef,9b84b2283c98c7234103b8ab,2000,1,1,0,2.0005,2,-0.00050000000000017,13170,14370,1200,11970,11970,0,10.922,0,-10.922,279.4335,380.034,100.6005,104.9505,112.5815,7.631,66.046,58.4185,-7.6275,0.049757403189066,0.046187543493389,-0.003569859695677
E-add,archer,12000,archer,A-B,20,35,9b84b2283c98c7234103b8ab,229de75d7b49c2c63d69956e,2000,1,1,0,2,2,0,14370,16170,1800,11970,11970,0,0,0,0,380.034,446.3675,66.3335,112.5815,124.3225,11.741,58.4185,46.6775,-11.741,0.046187543493389,0.037659863945578,-0.008527679547811
E-add,archer,12000,archer,A-B,35,50,229de75d7b49c2c63d69956e,f68b61df91a325d1e732332f,2000,1,1,0,2,2,0,16170,17970,1800,11970,11970,0,0,0,0,446.3675,481.6695,35.302,124.3225,138.899,14.5765,46.6775,32.101,-14.5765,0.037659863945578,0.03111713967724,-0.006542724268338
E-add,archer,12000,archer,A-B,50,100,f68b61df91a325d1e732332f,9d0f5cbcb4f4e3bfc0c4fb0c,2000,1,1,0,2,2,0,17970,23970,6000,11970,11970,0,0,0,0,481.6695,532.8975,51.228,138.899,169.457,30.558,32.101,1.543,-30.558,0.03111713967724,0.019366916979558,-0.011750222697682
E-add,archer,12000,archer,B-A,0,5,6aee354d6eadf446a8412bbd,d1edb1a0700c929cade69649,2000,0,0.043,0.043,2.0075,2.2145,0.207,11970,12570,600,11970,11970,0,97.39,121.523,24.133,73.61,109.4735,35.8635,0.8195,36.186,35.3665,170.1805,134.8085,-35.372,0.050093567251462,0.049750198886237,-0.000343368365225
E-add,archer,12000,archer,B-A,5,10,d1edb1a0700c929cade69649,4704ec841faea27abf46ebef,2000,0.043,0.0295,-0.0135,2.2145,2.0295,-0.185,12570,13170,600,11970,11970,0,121.523,120.652,-0.871,109.4735,169.797,60.3235,36.186,17.0895,-19.0965,134.8085,153.908,19.0995,0.049750198886237,0.049791192103265,4.0993217027996E-5
E-add,archer,12000,archer,B-A,10,20,4704ec841faea27abf46ebef,9b84b2283c98c7234103b8ab,2000,0.0295,0.8995,0.87,2.0295,2.8995,0.87,13170,14370,1200,11970,11970,0,120.652,205.7435,85.0915,169.797,197.697,27.9,17.0895,156.073,138.9835,153.908,14.927,-138.981,0.049791192103265,0.048929018789144,-0.000862173314121
E-add,archer,12000,archer,B-A,20,35,9b84b2283c98c7234103b8ab,229de75d7b49c2c63d69956e,2000,0.8995,1,0.1005,2.8995,2.9445,0.045,14370,16170,1800,11970,11970,0,205.7435,201.2705,-4.473,197.697,309.9165,112.2195,156.073,165.0405,8.9675,14.927,5.9595,-8.9675,0.048929018789144,0.043127087198516,-0.005801931590628
E-add,archer,12000,archer,B-A,35,50,229de75d7b49c2c63d69956e,f68b61df91a325d1e732332f,2000,1,1,0,2.9445,2.609,-0.3355,16170,17970,1800,11970,11970,0,201.2705,145.433,-55.8375,309.9165,392.389,82.4725,165.0405,131.015,-34.0255,5.9595,39.985,34.0255,0.043127087198516,0.034747913188648,-0.008379174009868
E-add,archer,12000,archer,B-A,50,100,f68b61df91a325d1e732332f,9d0f5cbcb4f4e3bfc0c4fb0c,2000,1,1,0,2.609,2.0275,-0.5815,17970,23970,6000,11970,11970,0,145.433,58.882,-86.551,392.389,477.6385,85.2495,131.015,92.3995,-38.6155,39.985,78.6005,38.6155,0.034747913188648,0.019498122653317,-0.015249790535331
E-add,archer,12000,knight,A-B,0,5,a336234b2bd2ac61331e39d4,c36b8bb70dada1335e255c57,2000,0.003,0.939,0.936,1.003,1.9385,0.9355,11970,12570,600,11550,11550,0,73.7485,142.013,68.2645,0,0,0,0.063,19.7165,19.6535,20.937,1.2835,-19.6535,0.021663742690058,0.030848448687351,0.009184705997293
E-add,archer,12000,knight,A-B,5,10,c36b8bb70dada1335e255c57,c80a11b505c6347ef64f5dfe,2000,0.939,1,0.061,1.9385,1.998,0.0595,12570,13170,600,11550,11550,0,142.013,146.536,4.523,0,0,0,19.7165,20.975,1.2585,1.2835,0.025,-1.2585,0.030848448687351,0.025356112376614,-0.005492336310737
E-add,archer,12000,knight,A-B,10,20,c80a11b505c6347ef64f5dfe,6148edd04297948bf65b5caa,2000,1,1,0,1.998,1.9975,-0.00049999999999994,13170,14370,1200,11550,11550,0,146.536,145.684,-0.852,0,0,0,20.975,20.968,-0.0070000000000014,0.025,0.032,0.007,0.025356112376614,0.017869519832985,-0.007486592543629
E-add,archer,12000,knight,A-B,20,35,6148edd04297948bf65b5caa,c95a73a7f4f1df13ca6de8ab,2000,1,1,0,1.9975,1.995,-0.0024999999999999,14370,16170,1800,11550,11550,0,145.684,145.5625,-0.1215,0,0,0,20.968,20.9485,-0.019500000000001,0.032,0.0515,0.0195,0.017869519832985,0.012589672232529,-0.005279847600456
E-add,archer,12000,knight,A-B,35,50,c95a73a7f4f1df13ca6de8ab,b805b071539555b260a8ece6,2000,1,1,0,1.995,1.988,-0.0070000000000001,16170,17970,1800,11550,11550,0,145.5625,144.1505,-1.412,0,0,0,20.9485,20.8575,-0.090999999999998,0.0515,0.1425,0.091,0.012589672232529,0.0094660545353367,-0.0031236176971923
E-add,archer,12000,knight,A-B,50,100,b805b071539555b260a8ece6,2bead3499c37037dd6768c7c,2000,1,1,0,1.988,1.476,-0.512,17970,23970,6000,11550,11550,0,144.1505,104.016,-40.1345,0,0,0,20.8575,17.6985,-3.159,0.1425,3.3015,3.159,0.0094660545353367,0.0037603254067584,-0.0057057291285783
E-add,archer,12000,knight,B-A,0,5,a336234b2bd2ac61331e39d4,c36b8bb70dada1335e255c57,2000,0.001,0.5575,0.5565,1.003,1.939,0.936,11970,12570,600,11550,11550,0,73.7485,142.3135,68.565,0,0,0,0.041,13.15,13.109,20.959,7.85,-13.109,0.021663742690058,0.0309184566428,0.009254713952742
E-add,archer,12000,knight,B-A,5,10,c36b8bb70dada1335e255c57,c80a11b505c6347ef64f5dfe,2000,0.5575,0.951,0.3935,1.939,2,0.061,12570,13170,600,11550,11550,0,142.3135,146.8385,4.525,0,0,0,13.15,18.586,5.436,7.85,2.414,-5.436,0.0309184566428,0.025395975702354,-0.005522480940446
E-add,archer,12000,knight,B-A,10,20,c80a11b505c6347ef64f5dfe,6148edd04297948bf65b5caa,2000,0.951,1,0.049,2,2,0,13170,14370,1200,11550,11550,0,146.8385,146.8745,0.036000000000001,0,0,0,18.586,20.955,2.369,2.414,0.045,-2.369,0.025395975702354,0.017987821851079,-0.007408153851275
E-add,archer,12000,knight,B-A,20,35,6148edd04297948bf65b5caa,c95a73a7f4f1df13ca6de8ab,2000,1,1,0,2,2,0,14370,16170,1800,11550,11550,0,146.8745,146.8325,-0.04200000000003,0,0,0,20.955,21,0.045000000000002,0.045,0,-0.045,0.017987821851079,0.012702226345083,-0.005285595505996
E-add,archer,12000,knight,B-A,35,50,c95a73a7f4f1df13ca6de8ab,b805b071539555b260a8ece6,2000,1,1,0,2,2,0,16170,17970,1800,11550,11550,0,146.8325,146.7485,-0.083999999999975,0,0,0,21,21,0,0,0,0,0.012702226345083,0.0096410684474124,-0.0030611578976706
E-add,archer,12000,knight,B-A,50,100,b805b071539555b260a8ece6,2bead3499c37037dd6768c7c,2000,1,1,0,2,2,0,17970,23970,6000,11550,11550,0,146.7485,146.748,-0.0005000000000166,0,0,0,21,21,0,0,0,0,0.0096410684474124,0.0054313725490196,-0.0042096958983928
E-add,archer,12000,soldier,A-B,0,5,9dc70450af0d494f7577cfaf,9d5ae67d37ca0dd1d9e31f84,2000,1,1,0,5,5,0,11970,12570,600,12000,12000,0,0,8.9195,8.9195,160.2085,180.538,20.3295,523.1665,523.4925,0.32599999999991,450.1985,456.0255,5.827,0.046751461988304,0.038876292760541,-0.007875169227763
E-add,archer,12000,soldier,A-B,5,10,9d5ae67d37ca0dd1d9e31f84,8e94f8effee1c0cd3516b517,2000,1,1,0,5,5,0,12570,13170,600,12000,12000,0,8.9195,7.92,-0.9995,180.538,205.2665,24.7285,523.4925,524.064,0.57150000000001,456.0255,461.6955,5.67,0.038876292760541,0.03188914198937,-0.006987150771171
E-add,archer,12000,soldier,A-B,10,20,8e94f8effee1c0cd3516b517,1845cc5aca353540f4c26080,2000,1,1,0,5,5,0,13170,14370,1200,12000,12000,0,7.92,4.355,-3.565,205.2665,250.986,45.7195,524.064,526.278,2.2140000000001,461.6955,471.973,10.2775,0.03188914198937,0.022839248434238,-0.009049893555132
E-add,archer,12000,soldier,A-B,20,35,1845cc5aca353540f4c26080,9d73fa4568d8f99e25cd5ef6,2000,1,1,0,5,5,0,14370,16170,1800,12000,12000,0,4.355,1.926,-2.429,250.986,303.828,52.842,526.278,532.4895,6.2115,471.973,483.754,11.781,0.022839248434238,0.016539888682746,-0.006299359751492
E-add,archer,12000,soldier,A-B,35,50,9d73fa4568d8f99e25cd5ef6,e7acfe05a33fca25391b3abe,2000,1,1,0,5,5,0,16170,17970,1800,12000,12000,0,1.926,0.972,-0.954,303.828,341.42,37.592,532.4895,541.357,8.8674999999999,483.754,492.0405,8.2865,0.016539888682746,0.01366694490818,-0.002872943774566
E-add,archer,12000,soldier,A-B,50,100,e7acfe05a33fca25391b3abe,0aad75b01c82cfbf65be9b39,2000,1,1,0,5,4.975,-0.025,17970,23970,6000,12000,12000,0,0.972,0.187,-0.785,341.42,407.336,65.916,541.357,584.531,43.174,492.0405,497.1645,5.124,0.01366694490818,0.0095602836879433,-0.0041066612202367
E-add,archer,12000,soldier,B-A,0,5,9dc70450af0d494f7577cfaf,9d5ae67d37ca0dd1d9e31f84,2000,0.993,1,0.007,8.068,8.0025,-0.0655,11970,12570,600,12000,12000,0,30.6745,43.149,12.4745,139.5535,181.003,41.4495,458.9585,477.3895,18.431,648.382,635.8155,-12.5665,0.049678362573099,0.048051710421639,-0.00162665215146
E-add,archer,12000,soldier,B-A,5,10,9d5ae67d37ca0dd1d9e31f84,8e94f8effee1c0cd3516b517,2000,1,1,0,8.0025,7.998,-0.0044999999999993,12570,13170,600,12000,12000,0,43.149,46.1275,2.9785,181.003,221.9165,40.9135,477.3895,501.105,23.7155,635.8155,618.335,-17.4805,0.048051710421639,0.044381548974943,-0.003670161446696
E-add,archer,12000,soldier,B-A,10,20,8e94f8effee1c0cd3516b517,1845cc5aca353540f4c26080,2000,1,1,0,7.998,7.8325,-0.1655,13170,14370,1200,12000,12000,0,46.1275,31.2955,-14.832,221.9165,301.499,79.5825,501.105,526.285,25.18,618.335,597.4165,-20.9185,0.044381548974943,0.035355601948504,-0.009025947026439
E-add,archer,12000,soldier,B-A,20,35,1845cc5aca353540f4c26080,9d73fa4568d8f99e25cd5ef6,2000,1,1,0,7.8325,7.038,-0.7945,14370,16170,1800,12000,12000,0,31.2955,11.2785,-20.017,301.499,378.297,76.798,526.285,464.688,-61.597,597.4165,641.729,44.3125,0.035355601948504,0.024335188620903,-0.011020413327601
E-add,archer,12000,soldier,B-A,35,50,9d73fa4568d8f99e25cd5ef6,e7acfe05a33fca25391b3abe,2000,1,1,0,7.038,7,-0.038,16170,17970,1800,12000,12000,0,11.2785,5.746,-5.5325,378.297,433.8885,55.5915,464.688,519.28,54.592,641.729,602.0865,-39.6425,0.024335188620903,0.01959571508069,-0.004739473540213
E-add,archer,12000,soldier,B-A,50,100,e7acfe05a33fca25391b3abe,0aad75b01c82cfbf65be9b39,2000,1,1,0,7,6,-1,17970,23970,6000,12000,12000,0,5.746,0.615,-5.131,433.8885,485.834,51.9455,519.28,517.6495,-1.6305,602.0865,602.892,0.80550000000005,0.01959571508069,0.01177868168544,-0.00781703339525
E-add,archer,12000,spearman,A-B,0,5,90452a8e0fc26bc011ac9c96,9dfd290a44102763cac17162,2000,0,0.1195,0.1195,4.0005,4.266,0.2655,11970,12570,600,11970,11970,0,93.5225,101.0765,7.554,74.645,115.1805,40.5355,0.0845,25.5485,25.464,170.9155,145.447,-25.4685,0.049213450292398,0.046929196499602,-0.002284253792796
E-add,archer,12000,spearman,A-B,5,10,9dfd290a44102763cac17162,d8707fe523c19eaa9f5cc7b4,2000,0.1195,0.9855,0.866,4.266,4.987,0.721,12570,13170,600,11970,11970,0,101.0765,128.1165,27.04,115.1805,138.042,22.8615,25.5485,105.233,79.6845,145.447,65.7665,-79.6805,0.046929196499602,0.045864844343204,-0.001064352156398
E-add,archer,12000,spearman,A-B,10,20,d8707fe523c19eaa9f5cc7b4,789acad8f1d8e37ec319b4c5,2000,0.9855,1,0.0145,4.987,5,0.013,13170,14370,1200,11970,11970,0,128.1165,112.2495,-15.867,138.042,207.0935,69.0515,105.233,146.284,41.051,65.7665,24.716,-41.0505,0.045864844343204,0.038852122477383,-0.007012721865821
E-add,archer,12000,spearman,A-B,20,35,789acad8f1d8e37ec319b4c5,786df401f7fbea3841c9c130,2000,1,1,0,5,4.9245,-0.0755,14370,16170,1800,11970,11970,0,112.2495,91.2835,-20.966,207.0935,266.6085,59.515,146.284,160.7795,14.4955,24.716,10.2205,-14.4955,0.038852122477383,0.030170377241806,-0.008681745235577
E-add,archer,12000,spearman,A-B,35,50,786df401f7fbea3841c9c130,fc1cf691d9a15887601fbca3,2000,1,1,0,4.9245,4.629,-0.2955,16170,17970,1800,11970,11970,0,91.2835,70.484,-20.7995,266.6085,296.682,30.0735,160.7795,133.292,-27.4875,10.2205,37.7075,27.487,0.030170377241806,0.023670562047858,-0.006499815193948
E-add,archer,12000,spearman,A-B,50,100,fc1cf691d9a15887601fbca3,c6ad75fef5ff41d201b2633d,2000,1,1,0,4.629,4.002,-0.627,17970,23970,6000,11970,11970,0,70.484,37.0545,-33.4295,296.682,330.898,34.216,133.292,102.906,-30.386,37.7075,68.0915,30.384,0.023670562047858,0.013366082603254,-0.010304479444604
E-add,archer,12000,spearman,B-A,0,5,90452a8e0fc26bc011ac9c96,9dfd290a44102763cac17162,2000,0.8985,1,0.1015,6.972,6.893,-0.079000000000001,11970,12570,600,11970,11970,0,77.6065,66.66,-10.9465,93.048,160.7805,67.7325,111.0755,145.3885,34.313,59.9245,25.6115,-34.313,0.049865497076023,0.049147573587908,-0.000717923488115
E-add,archer,12000,spearman,B-A,5,10,9dfd290a44102763cac17162,d8707fe523c19eaa9f5cc7b4,2000,1,1,0,6.893,6.644,-0.249,12570,13170,600,11970,11970,0,66.66,60.958,-5.702,160.7805,214.5235,53.743,145.3885,132.897,-12.4915,25.6115,38.103,12.4915,0.049147573587908,0.047276006074412,-0.001871567513496
E-add,archer,12000,spearman,B-A,10,20,d8707fe523c19eaa9f5cc7b4,789acad8f1d8e37ec319b4c5,2000,1,1,0,6.644,6.0805,-0.5635,13170,14370,1200,11970,11970,0,60.958,43.2435,-17.7145,214.5235,296.86,82.3365,132.897,90.3355,-42.5615,38.103,80.6645,42.5615,0.047276006074412,0.04126965901183,-0.006006347062582
E-add,archer,12000,spearman,B-A,20,35,789acad8f1d8e37ec319b4c5,786df401f7fbea3841c9c130,2000,1,1,0,6.0805,6,-0.0805,14370,16170,1800,11970,11970,0,43.2435,28.4055,-14.838,296.86,371.908,75.048,90.3355,116.6955,26.36,80.6645,54.3045,-26.36,0.04126965901183,0.033925170068027,-0.007344488943803
E-add,archer,12000,spearman,B-A,35,50,786df401f7fbea3841c9c130,fc1cf691d9a15887601fbca3,2000,1,1,0,6,5.992,-0.008,16170,17970,1800,11970,11970,0,28.4055,19.295,-9.1105,371.908,416.1355,44.2275,116.6955,150.689,33.9935,54.3045,20.311,-33.9935,0.033925170068027,0.028198942682248,-0.005726227385779
E-add,archer,12000,spearman,B-A,50,100,fc1cf691d9a15887601fbca3,c6ad75fef5ff41d201b2633d,2000,1,1,0,5.992,5.02,-0.972,17970,23970,6000,11970,11970,0,19.295,4.546,-14.749,416.1355,437.7665,21.631,150.689,93.587,-57.102,20.311,77.412,57.101,0.028198942682248,0.01608093450146,-0.012118008180788
E-add,archer,120000,archer,A-B,0,5,00dd071ec3d5e4240f071c34,0dabb2fa7f1509548b46ae83,2000,1,1,0,2,2,0,119980,125980,6000,119980,119980,0,0,302.84,302.84,1714,2011.16,297.16,963.358,1007.077,43.719,750.642,706.923,-43.719,0.050003208868145,0.050007223368789,4.0145006440021E-6
E-add,archer,120000,archer,A-B,5,10,0dabb2fa7f1509548b46ae83,cbb3b5dcafd321d6d3ba4442,2000,1,1,0,2,2,0,125980,131980,6000,119980,119980,0,302.84,71.652,-231.188,2011.16,2842.104,830.944,1007.077,1048.3525,41.2755,706.923,665.6475,-41.2755,0.050007223368789,0.050015684194575,8.4608257859969E-6
E-add,archer,120000,archer,A-B,10,20,cbb3b5dcafd321d6d3ba4442,f1ce8012d633c16ae9df75a1,2000,1,1,0,2,2,0,131980,143980,12000,119980,119980,0,71.652,0,-71.652,2842.104,3811.623,969.519,1048.3525,1128.9485,80.596,665.6475,585.0515,-80.596,0.050015684194575,0.046316884289485,-0.00369879990509
E-add,archer,120000,archer,A-B,20,35,f1ce8012d633c16ae9df75a1,128cfe7ecb1eab017a3f2942,2000,1,1,0,2,2,0,143980,161980,18000,119980,119980,0,0,0,0,3811.623,4476.694,665.071,1128.9485,1238.1015,109.153,585.0515,475.8985,-109.153,0.046316884289485,0.037825410544512,-0.008491473744973
E-add,archer,120000,archer,A-B,35,50,128cfe7ecb1eab017a3f2942,fbffeae3c04c2292245bd72f,2000,1,1,0,2,2,0,161980,179980,18000,119980,119980,0,0,0,0,4476.694,4831.7205,355.0265,1238.1015,1387.1755,149.074,475.8985,326.8245,-149.074,0.037825410544512,0.031344677186354,-0.006480733358158
E-add,archer,120000,archer,A-B,50,100,fbffeae3c04c2292245bd72f,8ae5195c179114fdd0773917,2000,1,1,0,2,2,0,179980,239980,60000,119980,119980,0,0,0,0,4831.7205,5341.871,510.1505,1387.1755,1713.997,326.8215,326.8245,0.003,-326.8215,0.031344677186354,0.019486915576298,-0.011857761610056
E-add,archer,120000,archer,B-A,0,5,00dd071ec3d5e4240f071c34,0dabb2fa7f1509548b46ae83,2000,0,0,0,2,2.0035,0.0034999999999998,119980,125980,6000,119980,119980,0,963.591,898.8465,-64.7445,750.409,1415.1535,664.7445,0,61.8975,61.8975,1714,1652.1025,-61.8975,0.050052508751459,0.049947888553739,-0.00010462019772
E-add,archer,120000,archer,B-A,5,10,0dabb2fa7f1509548b46ae83,cbb3b5dcafd321d6d3ba4442,2000,0,0,0,2.0035,2,-0.0034999999999998,125980,131980,6000,119980,119980,0,898.8465,1203.7915,304.945,1415.1535,1709.8975,294.744,61.8975,128.6955,66.798,1652.1025,1585.3045,-66.798,0.049947888553739,0.05000556902561,5.7680471870998E-5
E-add,archer,120000,archer,B-A,10,20,cbb3b5dcafd321d6d3ba4442,f1ce8012d633c16ae9df75a1,2000,0,0.9995,0.9995,2,2.9995,0.9995,131980,143980,12000,119980,119980,0,1203.7915,2129.5235,925.732,1709.8975,1953.149,243.2515,128.6955,1713.2765,1584.581,1585.3045,0.7235,-1584.581,0.05000556902561,0.049596749548548,-0.000408819477062
E-add,archer,120000,archer,B-A,20,35,f1ce8012d633c16ae9df75a1,128cfe7ecb1eab017a3f2942,2000,0.9995,1,0.00049999999999994,2.9995,3,0.00050000000000017,143980,161980,18000,119980,119980,0,2129.5235,2067.5245,-61.999,1953.149,3085.4195,1132.2705,1713.2765,1714,0.72350000000006,0.7235,0,-0.7235,0.049596749548548,0.043581182862082,-0.006015566686466
E-add,archer,120000,archer,B-A,35,50,128cfe7ecb1eab017a3f2942,fbffeae3c04c2292245bd72f,2000,1,1,0,3,2.835,-0.165,161980,179980,18000,119980,119980,0,2067.5245,1623.186,-444.3385,3085.4195,3931.821,846.4015,1714,1533.8745,-180.1255,0,180.1255,180.1255,0.043581182862082,0.036020196688521,-0.007560986173561
E-add,archer,120000,archer,B-A,50,100,fbffeae3c04c2292245bd72f,8ae5195c179114fdd0773917,2000,1,1,0,2.835,2,-0.835,179980,239980,60000,119980,119980,0,1623.186,573.864,-1049.322,3931.821,4768.6365,836.8155,1533.8745,877.322,-656.5525,180.1255,836.678,656.5525,0.036020196688521,0.019478873239437,-0.016541323449084
E-add,archer,120000,knight,A-B,0,5,99c5d6612d7675c557dec1d9,6dbc87f6ba084225ed9799aa,2000,0,0.9995,0.9995,1,1.9995,0.9995,119980,125980,6000,119900,119900,0,762.9905,1525.397,762.4065,0,0,0,0,217.891,217.891,218,0.109,-217.891,0.022257001166861,0.033002460708049,0.010745459541188
E-add,archer,120000,knight,A-B,5,10,6dbc87f6ba084225ed9799aa,d1678f6a5e7101f84adc4e47,2000,0.9995,1,0.00049999999999994,1.9995,2,0.00049999999999994,125980,131980,6000,119900,119900,0,1525.397,1525.654,0.25700000000006,0,0,0,217.891,218,0.10900000000001,0.109,0,-0.109,0.033002460708049,0.026176428246704,-0.006826032461345
E-add,archer,120000,knight,A-B,10,20,d1678f6a5e7101f84adc4e47,4f166faa53b4401932974e56,2000,1,1,0,2,2,0,131980,143980,12000,119900,119900,0,1525.654,1525.5675,-0.086499999999887,0,0,0,218,218,0,0,0,0,0.026176428246704,0.018517155160439,-0.007659273086265
E-add,archer,120000,knight,A-B,20,35,4f166faa53b4401932974e56,97a3a7f3314d309a7a2784f3,2000,1,1,0,2,2,0,143980,161980,18000,119900,119900,0,1525.5675,1525.7265,0.15900000000011,0,0,0,218,218,0,0,0,0,0.018517155160439,0.012829238177553,-0.005687916982886
E-add,archer,120000,knight,A-B,35,50,97a3a7f3314d309a7a2784f3,12775f6d2896683911c9d5fd,2000,1,1,0,2,2,0,161980,179980,18000,119900,119900,0,1525.7265,1525.8945,0.16799999999967,0,0,0,218,218,0,0,0,0,0.012829238177553,0.0098344538282031,-0.0029947843493499
E-add,archer,120000,knight,A-B,50,100,12775f6d2896683911c9d5fd,43da42daf452e04d3112090f,2000,1,1,0,2,1.998,-0.002,179980,239980,60000,119900,119900,0,1525.8945,1493.089,-32.8055,0,0,0,218,217.7455,-0.25450000000001,0,0.2545,0.2545,0.0098344538282031,0.0054186182181848,-0.0044158356100183
E-add,archer,120000,knight,B-A,0,5,99c5d6612d7675c557dec1d9,6dbc87f6ba084225ed9799aa,2000,0,0.009,0.009,1,1.9995,0.9995,119980,125980,6000,119900,119900,0,762.9905,1525.397,762.4065,0,0,0,0,53.9155,53.9155,218,164.0845,-53.9155,0.022257001166861,0.033002460708049,0.010745459541188
E-add,archer,120000,knight,B-A,5,10,6dbc87f6ba084225ed9799aa,d1678f6a5e7101f84adc4e47,2000,0.009,0.971,0.962,1.9995,2,0.00049999999999994,125980,131980,6000,119900,119900,0,1525.397,1525.654,0.25700000000006,0,0,0,53.9155,181.1075,127.192,164.0845,36.8925,-127.192,0.033002460708049,0.026176428246704,-0.006826032461345
E-add,archer,120000,knight,B-A,10,20,d1678f6a5e7101f84adc4e47,4f166faa53b4401932974e56,2000,0.971,1,0.029,2,2,0,131980,143980,12000,119900,119900,0,1525.654,1525.817,0.16300000000001,0,0,0,181.1075,218,36.8925,36.8925,0,-36.8925,0.026176428246704,0.018517363522711,-0.007659064723993
E-add,archer,120000,knight,B-A,20,35,4f166faa53b4401932974e56,97a3a7f3314d309a7a2784f3,2000,1,1,0,2,2,0,143980,161980,18000,119900,119900,0,1525.817,1525.828,0.010999999999967,0,0,0,218,218,0,0,0,0,0.018517363522711,0.012830318557847,-0.005687044964864
E-add,archer,120000,knight,B-A,35,50,97a3a7f3314d309a7a2784f3,12775f6d2896683911c9d5fd,2000,1,1,0,2,2,0,161980,179980,18000,119900,119900,0,1525.828,1525.9405,0.11250000000018,0,0,0,218,218,0,0,0,0,0.012830318557847,0.0098347871985776,-0.0029955313592694
E-add,archer,120000,knight,B-A,50,100,12775f6d2896683911c9d5fd,43da42daf452e04d3112090f,2000,1,1,0,2,2,0,179980,239980,60000,119900,119900,0,1525.9405,1526.1385,0.19799999999987,0,0,0,218,218,0,0,0,0,0.0098347871985776,0.0055382531877656,-0.004296534010812
E-add,archer,120000,soldier,A-B,0,5,9ccf07e41dd0a9dc808dbda7,2dfa126709b5ef8942f23f02,2000,1,1,0,5,5,0,119980,125980,6000,120000,120000,0,0,88.0445,88.0445,1604.0945,1806.0985,202.004,5251.0175,5252.98,1.9624999999996,4496.6605,4557.112,60.4515,0.046750875145858,0.03894145896174,-0.007809416184118
E-add,archer,120000,soldier,A-B,5,10,2dfa126709b5ef8942f23f02,1749ccc2f2ced09bdcd1bce5,2000,1,1,0,5,5,0,125980,131980,6000,120000,120000,0,88.0445,78.052,-9.9925,1806.0985,2051.2775,245.179,5252.98,5258.8225,5.8425000000007,4557.112,4614.024,56.912,0.03894145896174,0.031889339293832,-0.007052119667908
E-add,archer,120000,soldier,A-B,10,20,1749ccc2f2ced09bdcd1bce5,90c6d7a0e5d6849ff07b2e3a,2000,1,1,0,5,5,0,131980,143980,12000,120000,120000,0,78.052,43.848,-34.204,2051.2775,2504.758,453.4805,5258.8225,5281.8015,22.978999999999,4614.024,4714.8505,100.8265,0.031889339293832,0.022855639672177,-0.009033699621655
E-add,archer,120000,soldier,A-B,20,35,90c6d7a0e5d6849ff07b2e3a,6eab11a78b07384f7f8ed60e,2000,1,1,0,5,5,0,143980,161980,18000,120000,120000,0,43.848,19.2325,-24.6155,2504.758,3031.209,526.451,5281.8015,5342.22,60.418500000001,4714.8505,4833.408,118.5575,0.022855639672177,0.016589239412273,-0.006266400259904
E-add,archer,120000,soldier,A-B,35,50,6eab11a78b07384f7f8ed60e,dddb1cd24da9949d49a67c9f,2000,1,1,0,5,5,0,161980,179980,18000,120000,120000,0,19.2325,9.8215,-9.411,3031.209,3406.092,374.883,5342.22,5431.54,89.32,4833.408,4914.9325,81.5245,0.016589239412273,0.013655239471052,-0.002933999941221
E-add,archer,120000,soldier,A-B,50,100,dddb1cd24da9949d49a67c9f,28b09e2b86b44f0f4fcd8177,2000,1,1,0,5,5,0,179980,239980,60000,120000,120000,0,9.8215,1.9805,-7.841,3406.092,4078.6425,672.5505,5431.54,5915.458,483.918,4914.9325,4936.738,21.8055,0.013655239471052,0.0096099049920827,-0.0040453344789693
E-add,archer,120000,soldier,B-A,0,5,9ccf07e41dd0a9dc808dbda7,2dfa126709b5ef8942f23f02,2000,1,1,0,8,8,0,119980,125980,6000,120000,120000,0,282.526,426.345,143.819,1425.6385,1819.479,393.8405,4530.462,4793.8305,263.3685,6530.4645,6344.5555,-185.909,0.049801341890315,0.04819304651532,-0.001608295374995
E-add,archer,120000,soldier,B-A,5,10,2dfa126709b5ef8942f23f02,1749ccc2f2ced09bdcd1bce5,2000,1,1,0,8,8,0,125980,131980,6000,120000,120000,0,426.345,458.6135,32.2685,1819.479,2222.95,403.471,4793.8305,5038.7165,244.886,6344.5555,6163.475,-181.0805,0.04819304651532,0.04432739809062,-0.0038656484247
E-add,archer,120000,soldier,B-A,10,20,1749ccc2f2ced09bdcd1bce5,90c6d7a0e5d6849ff07b2e3a,2000,1,1,0,8,7.9945,-0.0054999999999996,131980,143980,12000,120000,120000,0,458.6135,327.554,-131.0595,2222.95,3022.002,799.052,5038.7165,5530.3405,491.624,6163.475,5788.679,-374.796,0.04432739809062,0.035634428392832,-0.008692969697788
E-add,archer,120000,soldier,B-A,20,35,90c6d7a0e5d6849ff07b2e3a,6eab11a78b07384f7f8ed60e,2000,1,1,0,7.9945,7,-0.9945,143980,161980,18000,120000,120000,0,327.554,111.172,-216.382,3022.002,3774.918,752.916,5530.3405,4604.8675,-925.473,5788.679,6453.633,664.954,0.035634428392832,0.024359457957773,-0.011274970435059
E-add,archer,120000,soldier,B-A,35,50,6eab11a78b07384f7f8ed60e,dddb1cd24da9949d49a67c9f,2000,1,1,0,7,7,0,161980,179980,18000,120000,120000,0,111.172,58.259,-52.913,3774.918,4330.9765,556.0585,4604.8675,5213.6195,608.752,6453.633,6011.4045,-442.2285,0.024359457957773,0.019610123347039,-0.004749334610734
E-add,archer,120000,soldier,B-A,50,100,dddb1cd24da9949d49a67c9f,28b09e2b86b44f0f4fcd8177,2000,1,1,0,7,6,-1,179980,239980,60000,120000,120000,0,58.259,6.341,-51.918,4330.9765,4851.575,520.5985,5213.6195,5190.6685,-22.951,6011.4045,6022.493,11.088500000001,0.019610123347039,0.01179410784232,-0.007816015504719
E-add,archer,120000,spearman,A-B,0,5,c9ccdab244010a047fb9c9d4,0ab05ddb904db9fd2d77fb7c,2000,0,0.0035,0.0035,4,4.03,0.03,119980,125980,6000,119980,119980,0,936.7225,877.406,-59.3165,751.3315,1265.6765,514.345,0,70.7355,70.7355,1714,1643.2645,-70.7355,0.04928471411902,0.046086045404032,-0.003198668714988
E-add,archer,120000,spearman,A-B,5,10,0ab05ddb904db9fd2d77fb7c,2d56c1e6e4e1abd1d3268c8d,2000,0.0035,1,0.9965,4.03,5,0.97,125980,131980,6000,119980,119980,0,877.406,1292.4315,415.0255,1265.6765,1378.6975,113.021,70.7355,1062.287,991.5515,1643.2645,651.713,-991.5515,0.046086045404032,0.045854106682831,-0.000231938721201
E-add,archer,120000,spearman,A-B,10,20,2d56c1e6e4e1abd1d3268c8d,7dcfb7c703f634d94a1f01a4,2000,1,1,0,5,5,0,131980,143980,12000,119980,119980,0,1292.4315,1130.733,-161.6985,1378.6975,2072.4985,693.801,1062.287,1503.534,441.247,651.713,210.466,-441.247,0.045854106682831,0.038872655924434,-0.006981450758397
E-add,archer,120000,spearman,A-B,20,35,7dcfb7c703f634d94a1f01a4,f4c38446c88fde8270cf9d4b,2000,1,1,0,5,5,0,143980,161980,18000,119980,119980,0,1130.733,936.8025,-193.9305,2072.4985,2679.325,606.8265,1503.534,1713.9995,210.4655,210.466,0.0005,-210.4655,0.038872655924434,0.030581337202124,-0.00829131872231
E-add,archer,120000,spearman,A-B,35,50,f4c38446c88fde8270cf9d4b,0424ccc59d4c67d04cfdcab2,2000,1,1,0,5,4.932,-0.068,161980,179980,18000,119980,119980,0,936.8025,768.745,-168.0575,2679.325,3029.9615,350.6365,1713.9995,1639.729,-74.2705,0.0005,74.271,74.2705,0.030581337202124,0.024633292588065,-0.005948044614059
E-add,archer,120000,spearman,A-B,50,100,0424ccc59d4c67d04cfdcab2,d5db15d15ac717c712a18dd6,2000,1,1,0,4.932,4,-0.932,179980,239980,60000,119980,119980,0,768.745,371.851,-396.894,3029.9615,3316.9835,287.022,1639.729,1007.928,-631.801,74.271,706.072,631.801,0.024633292588065,0.013459996666389,-0.011173295921676
E-add,archer,120000,spearman,B-A,0,5,c9ccdab244010a047fb9c9d4,0ab05ddb904db9fd2d77fb7c,2000,1,1,0,7,7,0,119980,125980,6000,119980,119980,0,788.567,691.971,-96.596,923.32,1589.925,666.605,1119.2835,1636.6565,517.373,594.7165,77.3435,-517.373,0.049941073512252,0.049239998412446,-0.000701075099806
E-add,archer,120000,spearman,B-A,5,10,0ab05ddb904db9fd2d77fb7c,2d56c1e6e4e1abd1d3268c8d,2000,1,1,0,7,6.887,-0.113,125980,131980,6000,119980,119980,0,691.971,650.5115,-41.4595,1589.925,2120.1525,530.2275,1636.6565,1590.7235,-45.933,77.3435,123.2765,45.933,0.049239998412446,0.047493294438551,-0.001746703973895
E-add,archer,120000,spearman,B-A,10,20,2d56c1e6e4e1abd1d3268c8d,7dcfb7c703f634d94a1f01a4,2000,1,1,0,6.887,6,-0.887,131980,143980,12000,119980,119980,0,650.5115,425.906,-224.6055,2120.1525,2971.836,851.6835,1590.7235,807.37,-783.3535,123.2765,906.63,783.3535,0.047493294438551,0.041285109042923,-0.006208185395628
E-add,archer,120000,spearman,B-A,20,35,7dcfb7c703f634d94a1f01a4,f4c38446c88fde8270cf9d4b,2000,1,1,0,6,6,0,143980,161980,18000,119980,119980,0,425.906,287.5355,-138.3705,2971.836,3727.8615,756.0255,807.37,1167.9435,360.5735,906.63,546.0565,-360.5735,0.041285109042923,0.033915822941104,-0.007369286101819
E-add,archer,120000,spearman,B-A,35,50,f4c38446c88fde8270cf9d4b,0424ccc59d4c67d04cfdcab2,2000,1,1,0,6,6,0,161980,179980,18000,119980,119980,0,287.5355,195.557,-91.9785,3727.8615,4179.196,451.3345,1167.9435,1600.018,432.0745,546.0565,113.982,-432.0745,0.033915822941104,0.028366290698967,-0.005549532242137
E-add,archer,120000,spearman,B-A,50,100,0424ccc59d4c67d04cfdcab2,d5db15d15ac717c712a18dd6,2000,1,1,0,6,5,-1,179980,239980,60000,119980,119980,0,195.557,45.327,-150.23,4179.196,4381.8765,202.6805,1600.018,887.835,-712.183,113.982,826.165,712.183,0.028366290698967,0.0161703891991,-0.012195901499867
E-add,archer,360000,archer,A-B,0,5,398b90b52047c0941593a85d,f02aa132214745d307839c9a,2000,1,1,0,2,2,0,359940,377940,18000,359940,359940,0,0,908.855,908.855,5142,6033.145,891.145,2891.326,3022.734,131.408,2250.674,2119.266,-131.408,0.050010987942435,0.050016814838334,5.8268958990013E-6
E-add,archer,360000,archer,A-B,5,10,f02aa132214745d307839c9a,b792b1125940b701bebdbd11,2000,1,1,0,2,2,0,377940,395940,18000,359940,359940,0,908.855,206.858,-701.997,6033.145,8535.0895,2501.9445,3022.734,3149.122,126.388,2119.266,1992.878,-126.388,0.050016814838334,0.050021480527353,4.6656890190025E-6
E-add,archer,360000,archer,A-B,10,20,b792b1125940b701bebdbd11,2e9e2fda14a7f02c8ba0e740,2000,1,1,0,2,2,0,395940,431940,36000,359940,359940,0,206.858,0,-206.858,8535.0895,11435.331,2900.2415,3149.122,3390.313,241.191,1992.878,1751.687,-241.191,0.050021480527353,0.046361531694217,-0.003659948833136
E-add,archer,360000,archer,A-B,20,35,2e9e2fda14a7f02c8ba0e740,3ad6d13b0b552e3cc08126c5,2000,1,1,0,2,2,0,431940,485940,54000,359940,359940,0,0,0,0,11435.331,13431.806,1996.475,3390.313,3717.5075,327.1945,1751.687,1424.4925,-327.1945,0.046361531694217,0.037873451454912,-0.008488080239305
E-add,archer,360000,archer,A-B,35,50,3ad6d13b0b552e3cc08126c5,0dd2ab00935b12562e01d3c8,2000,1,1,0,2,2,0,485940,539940,54000,359940,359940,0,0,0,0,13431.806,14496.5355,1064.7295,3717.5075,4163.3755,445.868,1424.4925,978.6245,-445.868,0.037873451454912,0.031349566618513,-0.006523884836399
E-add,archer,360000,archer,A-B,50,100,0dd2ab00935b12562e01d3c8,bcc3f7fa0eb6acc4ec9cbe79,2000,1,1,0,2,2,0,539940,719940,180000,359940,359940,0,0,0,0,14496.5355,16027.0685,1530.533,4163.3755,5142,978.6245,978.6245,0,-978.6245,0.031349566618513,0.019485568241798,-0.011863998376715
E-add,archer,360000,archer,B-A,0,5,398b90b52047c0941593a85d,f02aa132214745d307839c9a,2000,0,0,0,2,2,0,359940,377940,18000,359940,359940,0,2891.325,2682.3175,-209.0075,2250.675,4259.6825,2009.0075,0,170.2625,170.2625,5142,4971.7375,-170.2625,0.050032866588876,0.050040218024025,7.3514351490028E-6
E-add,archer,360000,archer,B-A,5,10,f02aa132214745d307839c9a,b792b1125940b701bebdbd11,2000,0,0,0,2,2,0,377940,395940,18000,359940,359940,0,2682.3175,3617.689,935.3715,4259.6825,5124.26,864.5775,170.2625,385.9475,215.685,4971.7375,4756.0525,-215.685,0.050040218024025,0.050028969035712,-1.1248988312999E-5
E-add,archer,360000,archer,B-A,10,20,b792b1125940b701bebdbd11,2e9e2fda14a7f02c8ba0e740,2000,0,1,1,2,3,1,395940,431940,36000,359940,359940,0,3617.689,6390.187,2772.498,5124.26,5863.0205,738.7605,385.9475,5142,4756.0525,4756.0525,0,-4756.0525,0.050028969035712,0.049682270685743,-0.000346698349969
E-add,archer,360000,archer,B-A,20,35,2e9e2fda14a7f02c8ba0e740,3ad6d13b0b552e3cc08126c5,2000,1,1,0,3,3,0,431940,485940,54000,359940,359940,0,6390.187,6204.1565,-186.0305,5863.0205,9255.7045,3392.684,5142,5142,0,0,0,0,0.049682270685743,0.04359475449644,-0.006087516189303
E-add,archer,360000,archer,B-A,35,50,3ad6d13b0b552e3cc08126c5,0dd2ab00935b12562e01d3c8,2000,1,1,0,3,2.9565,-0.0435,485940,539940,54000,359940,359940,0,6204.1565,5160.6075,-1043.549,9255.7045,11800.1335,2544.429,5142,4997.8515,-144.1485,0,144.1485,144.1485,0.04359475449644,0.036671194947587,-0.006923559548853
E-add,archer,360000,archer,B-A,50,100,0dd2ab00935b12562e01d3c8,bcc3f7fa0eb6acc4ec9cbe79,2000,1,1,0,2.9565,2,-0.9565,539940,719940,180000,359940,359940,0,5160.6075,1721.797,-3438.8105,11800.1335,14306.3635,2506.23,4997.8515,2631.578,-2366.2735,144.1485,2510.422,2366.2735,0.036671194947587,0.019489068533489,-0.017182126414098
E-add,archer,360000,knight,A-B,0,5,b87b6dd2c0632336c0e9bbe4,31acb5205977da21373389a4,2000,0,1,1,1,2,1,359940,377940,18000,359700,359700,0,2289.009,4577.3725,2288.3635,0,0,0,0,654,654,654,0,-654,0.022297257876313,0.033000608562206,0.010703350685893
E-add,archer,360000,knight,A-B,5,10,31acb5205977da21373389a4,dfb27dfd70d33a53a890d27b,2000,1,1,0,2,2,0,377940,395940,18000,359700,359700,0,4577.3725,4577.6155,0.24299999999948,0,0,0,654,654,0,0,0,0,0.033000608562206,0.026213466686872,-0.006787141875334
E-add,archer,360000,knight,A-B,10,20,dfb27dfd70d33a53a890d27b,a12e801750e5d1ba9e7d4c04,2000,1,1,0,2,2,0,395940,431940,36000,359700,359700,0,4577.6155,4577.6455,0.029999999999745,0,0,0,654,654,0,0,0,0,0.026213466686872,0.018575785988795,-0.007637680698077
E-add,archer,360000,knight,A-B,20,35,a12e801750e5d1ba9e7d4c04,cd74e95539797160e6626043,2000,1,1,0,2,2,0,431940,485940,54000,359700,359700,0,4577.6455,4577.359,-0.28649999999925,0,0,0,654,654,0,0,0,0,0.018575785988795,0.012918230645759,-0.005657555343036
E-add,archer,360000,knight,A-B,35,50,cd74e95539797160e6626043,6696a984c243e4b2f6d9e225,2000,1,1,0,2,2,0,485940,539940,54000,359700,359700,0,4577.359,4577.545,0.18599999999969,0,0,0,654,654,0,0,0,0,0.012918230645759,0.0098977664184909,-0.0030204642272681
E-add,archer,360000,knight,A-B,50,100,6696a984c243e4b2f6d9e225,109c78e1f9ee94ab5bd69640,2000,1,1,0,2,2,0,539940,719940,180000,359700,359700,0,4577.545,4557.2895,-20.2555,0,0,0,654,654,0,0,0,0,0.0098977664184909,0.0055337458677112,-0.0043640205507797
E-add,archer,360000,knight,B-A,0,5,b87b6dd2c0632336c0e9bbe4,31acb5205977da21373389a4,2000,0,0,0,1,2,1,359940,377940,18000,359700,359700,0,2289.009,4577.3725,2288.3635,0,0,0,0,138.6165,138.6165,654,515.3835,-138.6165,0.022297257876313,0.033000608562206,0.010703350685893
E-add,archer,360000,knight,B-A,5,10,31acb5205977da21373389a4,dfb27dfd70d33a53a890d27b,2000,0,0.999,0.999,2,2,0,377940,395940,18000,359700,359700,0,4577.3725,4577.6155,0.24299999999948,0,0,0,138.6165,578.5225,439.906,515.3835,75.4775,-439.906,0.033000608562206,0.026213466686872,-0.006787141875334
E-add,archer,360000,knight,B-A,10,20,dfb27dfd70d33a53a890d27b,a12e801750e5d1ba9e7d4c04,2000,0.999,1,0.001,2,2,0,395940,431940,36000,359700,359700,0,4577.6155,4577.68,0.064500000000407,0,0,0,578.5225,654,75.4775,75.4775,0,-75.4775,0.026213466686872,0.018575392415613,-0.007638074271259
E-add,archer,360000,knight,B-A,20,35,a12e801750e5d1ba9e7d4c04,cd74e95539797160e6626043,2000,1,1,0,2,2,0,431940,485940,54000,359700,359700,0,4577.68,4577.4,-0.28000000000065,0,0,0,654,654,0,0,0,0,0.018575392415613,0.012917284026835,-0.005658108388778
E-add,archer,360000,knight,B-A,35,50,cd74e95539797160e6626043,6696a984c243e4b2f6d9e225,2000,1,1,0,2,2,0,485940,539940,54000,359700,359700,0,4577.4,4577.545,0.14500000000044,0,0,0,654,654,0,0,0,0,0.012917284026835,0.0098977664184909,-0.0030195176083441
E-add,archer,360000,knight,B-A,50,100,6696a984c243e4b2f6d9e225,109c78e1f9ee94ab5bd69640,2000,1,1,0,2,2,0,539940,719940,180000,359700,359700,0,4577.545,4577.6545,0.10950000000048,0,0,0,654,654,0,0,0,0,0.0098977664184909,0.0055562060727283,-0.0043415603457626
E-add,archer,360000,soldier,A-B,0,5,850240304cc7689b21861aca,54aca0f5619b42fc70f30663,2000,1,1,0,5,5,0,359940,377940,18000,360000,360000,0,0,263.5965,263.5965,4812.221,5417.917,605.696,15751.34,15756.9925,5.6525000000001,13492.402,13674.362,181.96,0.046805912096461,0.038945586601048,-0.007860325495413
E-add,archer,360000,soldier,A-B,5,10,54aca0f5619b42fc70f30663,beff18beb20d0e38d24e0894,2000,1,1,0,5,5,0,377940,395940,18000,360000,360000,0,263.5965,233.7435,-29.853,5417.917,6152.35,734.433,15756.9925,15774.641,17.648499999999,13674.362,13845.182,170.82,0.038945586601048,0.031865004798707,-0.007080581802341
E-add,archer,360000,soldier,A-B,10,20,beff18beb20d0e38d24e0894,396c40d221cb435ac350e444,2000,1,1,0,5,5,0,395940,431940,36000,360000,360000,0,233.7435,131.0725,-102.671,6152.35,7514.293,1361.943,15774.641,15842.8945,68.253500000001,13845.182,14148.411,303.229,0.031865004798707,0.022853127749224,-0.009011877049483
E-add,archer,360000,soldier,A-B,20,35,396c40d221cb435ac350e444,58247cfc7e192df99f79aaad,2000,1,1,0,5,5,0,431940,485940,54000,360000,360000,0,131.0725,57.6965,-73.376,7514.293,9093.2535,1578.9605,15842.8945,16024.387,181.4925,14148.411,14503.0175,354.6065,0.022853127749224,0.01658621434745,-0.006266913401774
E-add,archer,360000,soldier,A-B,35,50,58247cfc7e192df99f79aaad,1fd7c56033c3a5e628ef4d5e,2000,1,1,0,5,5,0,485940,539940,54000,360000,360000,0,57.6965,29.426,-28.2705,9093.2535,10217.9295,1124.676,16024.387,16293.8995,269.5125,14503.0175,14745.286,242.2685,0.01658621434745,0.013639932214691,-0.002946282132759
E-add,archer,360000,soldier,A-B,50,100,1fd7c56033c3a5e628ef4d5e,5cfe55b2f8bee9ecfc05bb33,2000,1,1,0,5,5,0,539940,719940,180000,360000,360000,0,29.426,5.9675,-23.4585,10217.9295,12235.915,2017.9855,16293.8995,17747.4445,1453.545,14745.286,14809.164,63.878000000001,0.013639932214691,0.0096064741506237,-0.0040334580640673
E-add,archer,360000,soldier,B-A,0,5,850240304cc7689b21861aca,54aca0f5619b42fc70f30663,2000,1,1,0,8,8,0,359940,377940,18000,360000,360000,0,847.5285,1278.851,431.3225,4277.1925,5458.397,1181.2045,13591.113,14379.4915,788.3785,19591.302,19035.86,-555.442,0.049841306884481,0.048184645710959,-0.001656661173522
E-add,archer,360000,soldier,B-A,5,10,54aca0f5619b42fc70f30663,beff18beb20d0e38d24e0894,2000,1,1,0,8,8,0,377940,395940,18000,360000,360000,0,1278.851,1375.751,96.9,5458.397,6667.9285,1209.5315,14379.4915,15114.33,734.8385,19035.86,18493.212,-542.648,0.048184645710959,0.044391877557206,-0.003792768153753
E-add,archer,360000,soldier,B-A,10,20,beff18beb20d0e38d24e0894,396c40d221cb435ac350e444,2000,1,1,0,8,8,0,395940,431940,36000,360000,360000,0,1375.751,983.6285,-392.1225,6667.9285,9065.647,2397.7185,15114.33,16615.329,1500.999,18493.212,17350.0095,-1143.2025,0.044391877557206,0.035659373987128,-0.008732503570078
E-add,archer,360000,soldier,B-A,20,35,396c40d221cb435ac350e444,58247cfc7e192df99f79aaad,2000,1,1,0,8,7,-1,431940,485940,54000,360000,360000,0,983.6285,334.0325,-649.596,9065.647,11325.632,2259.985,16615.329,13812.997,-2802.332,17350.0095,19362.8085,2012.799,0.035659373987128,0.024329906984401,-0.011329467002727
E-add,archer,360000,soldier,B-A,35,50,58247cfc7e192df99f79aaad,1fd7c56033c3a5e628ef4d5e,2000,1,1,0,7,7,0,485940,539940,54000,360000,360000,0,334.0325,175.2985,-158.734,11325.632,12990.909,1665.277,13812.997,15638.2175,1825.2205,19362.8085,18037.2995,-1325.509,0.024329906984401,0.019630894173427,-0.004699012810974
E-add,archer,360000,soldier,B-A,50,100,1fd7c56033c3a5e628ef4d5e,5cfe55b2f8bee9ecfc05bb33,2000,1,1,0,7,6,-1,539940,719940,180000,360000,360000,0,175.2985,19.135,-156.1635,12990.909,14553.0405,1562.1315,15638.2175,15570.7815,-67.436000000002,18037.2995,18069.123,31.823499999999,0.019630894173427,0.011775064588716,-0.007855829584711
E-add,archer,360000,spearman,A-B,0,5,b307f06eaa81875ba77a68f8,db3a5f9302f77e37db727903,2000,0,0,0,4,4.001,0.0010000000000003,359940,377940,18000,359940,359940,0,2810.0685,2583.4055,-226.663,2254.092,3836.2985,1582.2065,0,147.24,147.24,5142,4994.76,-147.24,0.049293271100739,0.046132454887019,-0.00316081621372
E-add,archer,360000,spearman,A-B,5,10,db3a5f9302f77e37db727903,d8011bf3f0dca395d4cf4e76,2000,0,1,1,4.001,5,0.999,377940,395940,18000,359940,359940,0,2583.4055,3877.971,1294.5655,3836.2985,4137.78,301.4815,147.24,3183.0345,3035.7945,4994.76,1958.9655,-3035.7945,0.046132454887019,0.045907220791029,-0.00022523409599001
E-add,archer,360000,spearman,A-B,10,20,d8011bf3f0dca395d4cf4e76,64eeec9a8ebb82564f51eef8,2000,1,1,0,5,5,0,395940,431940,36000,359940,359940,0,3877.971,3393.0535,-484.9175,4137.78,6217.8605,2080.0805,3183.0345,4513.2125,1330.178,1958.9655,628.7875,-1330.178,0.045907220791029,0.038961788674353,-0.006945432116676
E-add,archer,360000,spearman,A-B,20,35,64eeec9a8ebb82564f51eef8,8e784e08223f682bc07bcb86,2000,1,1,0,5,5,0,431940,485940,54000,359940,359940,0,3393.0535,2810.121,-582.9325,6217.8605,8040.6545,1822.794,4513.2125,5142,628.7875,628.7875,0,-628.7875,0.038961788674353,0.030586378976828,-0.008375409697525
E-add,archer,360000,spearman,A-B,35,50,8e784e08223f682bc07bcb86,5594f471c1192402bc96c758,2000,1,1,0,5,4.995,-0.0049999999999999,485940,539940,54000,359940,359940,0,2810.121,2345.0215,-465.0995,8040.6545,9128.0675,1087.413,5142,5125.4,-16.6,0,16.6,16.6,0.030586378976828,0.024819961477201,-0.005766417499627
E-add,archer,360000,spearman,A-B,50,100,5594f471c1192402bc96c758,8e4c01d92447f72657c9deba,2000,1,1,0,4.995,4,-0.995,539940,719940,180000,359940,359940,0,2345.0215,1115.3515,-1229.67,9128.0675,9951.554,823.4865,5125.4,3015.925,-2109.475,16.6,2126.075,2109.475,0.024819961477201,0.013462677445343,-0.011357284031858
E-add,archer,360000,spearman,B-A,0,5,b307f06eaa81875ba77a68f8,db3a5f9302f77e37db727903,2000,1,1,0,7,7,0,359940,377940,18000,359940,359940,0,2367.3995,2079.3775,-288.022,2768.595,4765.293,1996.698,3352.7625,4924.227,1571.4645,1789.2375,217.773,-1571.4645,0.050012252042007,0.049331243054453,-0.000681008987554
E-add,archer,360000,spearman,B-A,5,10,db3a5f9302f77e37db727903,d8011bf3f0dca395d4cf4e76,2000,1,1,0,7,6.9815,-0.0185,377940,395940,18000,359940,359940,0,2079.3775,1998.3395,-81.038,4765.293,6329.0165,1563.7235,4924.227,5080.684,156.457,217.773,61.316,-156.457,0.049331243054453,0.047620599080669,-0.001710643973784
E-add,archer,360000,spearman,B-A,10,20,d8011bf3f0dca395d4cf4e76,64eeec9a8ebb82564f51eef8,2000,1,1,0,6.9815,6,-0.9815,395940,431940,36000,359940,359940,0,1998.3395,1277.668,-720.6715,6329.0165,8916.7295,2587.713,5080.684,2421.862,-2658.822,61.316,2720.138,2658.822,0.047620599080669,0.041307160716766,-0.006313438363903
E-add,archer,360000,spearman,B-A,20,35,64eeec9a8ebb82564f51eef8,8e784e08223f682bc07bcb86,2000,1,1,0,6,6,0,431940,485940,54000,359940,359940,0,1277.668,862.6385,-415.0295,8916.7295,11183.4715,2266.742,2421.862,3507.468,1085.606,2720.138,1634.532,-1085.606,0.041307160716766,0.033961414989505,-0.007345745727261
E-add,archer,360000,spearman,B-A,35,50,8e784e08223f682bc07bcb86,5594f471c1192402bc96c758,2000,1,1,0,6,6,0,485940,539940,54000,359940,359940,0,862.6385,586.1545,-276.484,11183.4715,12539.4205,1355.949,3507.468,4825.105,1317.637,1634.532,316.895,-1317.637,0.033961414989505,0.028364003407786,-0.005597411581719
E-add,archer,360000,spearman,B-A,50,100,5594f471c1192402bc96c758,8e4c01d92447f72657c9deba,2000,1,1,0,6,5,-1,539940,719940,180000,359940,359940,0,586.1545,135.163,-450.9915,12539.4205,13147.468,608.0475,4825.105,2654.6595,-2170.4455,316.895,2487.3405,2170.4455,0.028364003407786,0.016149165208212,-0.012214838199574
E-add,knight,12000,archer,A-B,0,5,1c05a04d239ff4059522226b,1025b9ad700084530555d771,2000,0.999,0.9985,-0.00049999999999994,1.0015,1,-0.0015000000000001,11550,12150,600,11970,11970,0,0.0245,60,59.9755,20.9755,19.0605,-1.915,73.5515,73.418,-0.1335,0,0,0,0.049,0.044283127572016,-0.004716872427984
E-add,knight,12000,archer,A-B,5,10,1025b9ad700084530555d771,dca01241e54aed6e04ee89bc,2000,0.9985,1,0.0014999999999999,1,1.0015,0.0015000000000001,12150,12750,600,11970,11970,0,60,15.246,-44.754,19.0605,104.7815,85.721,73.418,73.5455,0.1275,0,0.0005,0.0005,0.044283127572016,0.0048764705882353,-0.039406656983781
E-add,knight,12000,archer,A-B,10,20,dca01241e54aed6e04ee89bc,027577fd2a761cbe9686ceca,2000,1,1,0,1.0015,1.0015,0,12750,13950,1200,11970,11970,0,15.246,0.0285,-15.2175,104.7815,239.965,135.1835,73.5455,73.5515,0.0060000000000002,0.0005,0.003,0.0025,0.0048764705882353,0.0086222222222222,0.0037457516339869
E-add,knight,12000,archer,A-B,20,35,027577fd2a761cbe9686ceca,21a4fd3d0f4ba4dc7a67b318,2000,1,1,0,1.0015,1.0015,0,13950,15750,1800,11970,11970,0,0.0285,0,-0.0285,239.965,284.852,44.887,73.5515,73.5515,0,0.003,0.005,0.002,0.0086222222222222,0.0090619047619048,0.0004396825396826
E-add,knight,12000,archer,A-B,35,50,21a4fd3d0f4ba4dc7a67b318,6bb113aea7afd20acb643fb9,2000,1,1,0,1.0015,1.0015,0,15750,17550,1800,11970,11970,0,0,0,0,284.852,288.9975,4.1455,73.5515,73.5515,0,0.005,0.0095,0.0045,0.0090619047619048,0.0082470085470085,-0.0008148962148963
E-add,knight,12000,archer,A-B,50,100,6bb113aea7afd20acb643fb9,2a50ac384c9700d7739f4ce1,2000,1,1,0,1.0015,1.0015,0,17550,23550,6000,11970,11970,0,0,0,0,288.9975,294,5.0025,73.5515,73.5515,0,0.0095,0.041,0.0315,0.0082470085470085,0.0062484076433121,-0.0019986009036964
E-add,knight,12000,archer,B-A,0,5,1c05a04d239ff4059522226b,1025b9ad700084530555d771,2000,0.9985,0.9985,0,1.0015,1,-0.0015000000000001,11550,12150,600,11970,11970,0,0.0315,60,59.9685,20.9685,20.9985,0.030000000000001,73.5515,73.418,-0.1335,0,0,0,0.048952380952381,0.049104115226337,0.000151734273956
E-add,knight,12000,archer,B-A,5,10,1025b9ad700084530555d771,dca01241e54aed6e04ee89bc,2000,0.9985,0.9985,0,1,1,0,12150,12750,600,11970,11970,0,60,119.1375,59.1375,20.9985,4.6405,-16.358,73.418,73.437,0.018999999999991,0,0,0,0.049104115226337,0.012020784313725,-0.037083330912612
E-add,knight,12000,archer,B-A,10,20,dca01241e54aed6e04ee89bc,027577fd2a761cbe9686ceca,2000,0.9985,1,0.0014999999999999,1,1.0015,0.0015000000000001,12750,13950,1200,11970,11970,0,119.1375,35.139,-83.9985,4.6405,204.8545,200.214,73.437,73.5515,0.11450000000001,0,0.002,0.002,0.012020784313725,0.0086430107526882,-0.0033777735610368
E-add,knight,12000,archer,B-A,20,35,027577fd2a761cbe9686ceca,21a4fd3d0f4ba4dc7a67b318,2000,1,1,0,1.0015,1.0015,0,13950,15750,1800,11970,11970,0,35.139,0.1785,-34.9605,204.8545,284.6755,79.821,73.5515,73.5515,0,0.002,0.005,0.003,0.0086430107526882,0.0090638095238095,0.0004207987711213
E-add,knight,12000,archer,B-A,35,50,21a4fd3d0f4ba4dc7a67b318,6bb113aea7afd20acb643fb9,2000,1,1,0,1.0015,1.0015,0,15750,17550,1800,11970,11970,0,0.1785,0.1235,-0.055,284.6755,288.8835,4.208,73.5515,73.5515,0,0.005,0.0095,0.0045,0.0090638095238095,0.0082478632478632,-0.0008159462759463
E-add,knight,12000,archer,B-A,50,100,6bb113aea7afd20acb643fb9,2a50ac384c9700d7739f4ce1,2000,1,1,0,1.0015,1.0015,0,17550,23550,6000,11970,11970,0,0.1235,0.0615,-0.062,288.8835,293.9425,5.059,73.5515,73.5515,0,0.0095,0.041,0.0315,0.0082478632478632,0.006247983014862,-0.0019998802330012
E-add,knight,12000,knight,A-B,0,5,f79585a97486e8049bd722f8,96f7c95805c808dd360c1c7a,2000,0.4355,0.7585,0.323,1.0655,1,-0.0655,11550,12150,600,11550,11550,0,11.595,54.1145,42.5195,9.405,18.2945,8.8895,11.589,10.4905,-1.0985,9.411,10.508,1.097,0.049071428571429,0.042697119341564,-0.006374309229865
E-add,knight,12000,knight,A-B,5,10,96f7c95805c808dd360c1c7a,0580d781429cbad62c53352c,2000,0.7585,0.772,0.0135,1,1.001,0.00099999999999989,12150,12750,600,11550,11550,0,54.1145,62.638,8.5235,18.2945,10.839,-7.4555,10.4905,10.4635,-0.027000000000001,10.508,10.5345,0.0265,0.042697119341564,0.024908235294118,-0.017788884047446
E-add,knight,12000,knight,A-B,10,20,0580d781429cbad62c53352c,524e433d7b975b1727c3cf9d,2000,0.772,1,0.228,1.001,1.2565,0.2555,12750,13950,1200,11550,11550,0,62.638,80.255,17.617,10.839,7.02,-3.819,10.4635,14.541,4.0775,10.5345,6.456,-4.0785,0.024908235294118,0.016035842293907,-0.008872393000211
E-add,knight,12000,knight,A-B,20,35,524e433d7b975b1727c3cf9d,a24aee4a5f125a6b7668b725,2000,1,1,0,1.2565,1.2485,-0.008,13950,15750,1800,11550,11550,0,80.255,82.9555,2.7005,7.02,4.2365,-2.7835,14.541,14.448,-0.093,6.456,6.5495,0.0935,0.016035842293907,0.0096066666666667,-0.0064291756272403
E-add,knight,12000,knight,A-B,35,50,a24aee4a5f125a6b7668b725,76e5c1c52e5f55bf95897364,2000,1,1,0,1.2485,1.249,0.00050000000000017,15750,17550,1800,11550,11550,0,82.9555,84.258,1.3025,4.2365,3.009,-1.2275,14.448,14.396,-0.052,6.5495,6.6,0.0505,0.0096066666666667,0.0068407407407407,-0.002765925925926
E-add,knight,12000,knight,A-B,50,100,76e5c1c52e5f55bf95897364,cf24d0030f6edebc1d6e91fa,2000,1,1,0,1.249,1,-0.249,17550,23550,6000,11550,11550,0,84.258,72.132,-12.126,3.009,1.273,-1.736,14.396,20.724,6.328,6.6,0.2755,-6.3245,0.0068407407407407,0.0028802547770701,-0.0039604859636706
E-add,knight,12000,knight,B-A,0,5,f79585a97486e8049bd722f8,96f7c95805c808dd360c1c7a,2000,0.5655,0.7585,0.193,1.0655,1,-0.0655,11550,12150,600,11550,11550,0,11.595,54.1145,42.5195,9.405,18.2945,8.8895,11.589,10.4905,-1.0985,9.411,10.508,1.097,0.049071428571429,0.042697119341564,-0.006374309229865
E-add,knight,12000,knight,B-A,5,10,96f7c95805c808dd360c1c7a,0580d781429cbad62c53352c,2000,0.7585,0.772,0.0135,1,1.001,0.00099999999999989,12150,12750,600,11550,11550,0,54.1145,62.638,8.5235,18.2945,10.839,-7.4555,10.4905,10.4635,-0.027000000000001,10.508,10.5345,0.0265,0.042697119341564,0.024908235294118,-0.017788884047446
E-add,knight,12000,knight,B-A,10,20,0580d781429cbad62c53352c,524e433d7b975b1727c3cf9d,2000,0.772,1,0.228,1.001,1.2565,0.2555,12750,13950,1200,11550,11550,0,62.638,80.255,17.617,10.839,7.02,-3.819,10.4635,14.541,4.0775,10.5345,6.456,-4.0785,0.024908235294118,0.016035842293907,-0.008872393000211
E-add,knight,12000,knight,B-A,20,35,524e433d7b975b1727c3cf9d,a24aee4a5f125a6b7668b725,2000,1,1,0,1.2565,1.2485,-0.008,13950,15750,1800,11550,11550,0,80.255,82.9555,2.7005,7.02,4.2365,-2.7835,14.541,14.448,-0.093,6.456,6.5495,0.0935,0.016035842293907,0.0096066666666667,-0.0064291756272403
E-add,knight,12000,knight,B-A,35,50,a24aee4a5f125a6b7668b725,76e5c1c52e5f55bf95897364,2000,1,1,0,1.2485,1.249,0.00050000000000017,15750,17550,1800,11550,11550,0,82.9555,84.258,1.3025,4.2365,3.009,-1.2275,14.448,14.396,-0.052,6.5495,6.6,0.0505,0.0096066666666667,0.0068407407407407,-0.002765925925926
E-add,knight,12000,knight,B-A,50,100,76e5c1c52e5f55bf95897364,cf24d0030f6edebc1d6e91fa,2000,1,1,0,1.249,1,-0.249,17550,23550,6000,11550,11550,0,84.258,72.132,-12.126,3.009,1.273,-1.736,14.396,20.724,6.328,6.6,0.2755,-6.3245,0.0068407407407407,0.0028802547770701,-0.0039604859636706
E-add,knight,12000,soldier,A-B,0,5,aa03d3c8f67f8ad197c5d24d,946b886a0e305cbda219663b,2000,0.889,0,-0.889,6.0335,2.9895,-3.044,11550,12150,600,12000,12000,0,2.9745,49.931,46.9565,18.0255,11.168,-6.8575,442.8445,219.826,-223.0185,0,14.6265,14.6265,0.049357142857143,0.0044432098765432,-0.0449139329806
E-add,knight,12000,soldier,A-B,5,10,946b886a0e305cbda219663b,607bff1ac41b496edfb70c89,2000,0,0.0005,0.0005,2.9895,4.753,1.7635,12150,12750,600,12000,12000,0,49.931,78.0665,28.1355,11.168,41.8865,30.7185,219.826,349.414,129.588,14.6265,42.341,27.7145,0.0044432098765432,0.0047254901960784,0.0002822803195352
E-add,knight,12000,soldier,A-B,10,20,607bff1ac41b496edfb70c89,72483ac5494d266fbc023891,2000,0.0005,1,0.9995,4.753,6.036,1.283,12750,13950,1200,12000,12000,0,78.0665,42.309,-35.7575,41.8865,186.393,144.5065,349.414,443.6345,94.2205,42.341,100.4885,58.1475,0.0047254901960784,0.0082745519713262,0.0035490617752478
E-add,knight,12000,soldier,A-B,20,35,72483ac5494d266fbc023891,99a36423b41cd68c389d3c37,2000,1,1,0,6.036,6.036,0,13950,15750,1800,12000,12000,0,42.309,12.1075,-30.2015,186.393,322.074,135.681,443.6345,443.6685,0.033999999999992,100.4885,171.727,71.2385,0.0082745519713262,0.010635238095238,0.0023606861239118
E-add,knight,12000,soldier,A-B,35,50,99a36423b41cd68c389d3c37,e14887100abec4b1b9af04b6,2000,1,1,0,6.036,6.034,-0.0019999999999998,15750,17550,1800,12000,12000,0,12.1075,4.874,-7.2335,322.074,391.5425,69.4685,443.6685,443.6425,-0.02600000000001,171.727,235.41,63.683,0.010635238095238,0.011324786324786,0.000689548229548
E-add,knight,12000,soldier,A-B,50,100,e14887100abec4b1b9af04b6,17698ec632fe92d4f1f3971d,2000,1,1,0,6.034,6.0285,-0.0054999999999996,17550,23550,6000,12000,12000,0,4.874,0.7295,-4.1445,391.5425,488.94,97.3975,443.6425,445.3585,1.716,235.41,404.727,169.317,0.011324786324786,0.01043821656051,-0.000886569764276
E-add,knight,12000,soldier,B-A,0,5,aa03d3c8f67f8ad197c5d24d,946b886a0e305cbda219663b,2000,0.889,0,-0.889,6.0335,2.9895,-3.044,11550,12150,600,12000,12000,0,2.9745,49.931,46.9565,18.0255,11.168,-6.8575,442.8445,219.826,-223.0185,0,14.6265,14.6265,0.049357142857143,0.0044432098765432,-0.0449139329806
E-add,knight,12000,soldier,B-A,5,10,946b886a0e305cbda219663b,607bff1ac41b496edfb70c89,2000,0,0.0005,0.0005,2.9895,4.753,1.7635,12150,12750,600,12000,12000,0,49.931,78.0665,28.1355,11.168,41.8865,30.7185,219.826,349.414,129.588,14.6265,42.341,27.7145,0.0044432098765432,0.0047254901960784,0.0002822803195352
E-add,knight,12000,soldier,B-A,10,20,607bff1ac41b496edfb70c89,72483ac5494d266fbc023891,2000,0.0005,1,0.9995,4.753,6.036,1.283,12750,13950,1200,12000,12000,0,78.0665,42.309,-35.7575,41.8865,186.393,144.5065,349.414,443.6345,94.2205,42.341,100.4885,58.1475,0.0047254901960784,0.0082745519713262,0.0035490617752478
E-add,knight,12000,soldier,B-A,20,35,72483ac5494d266fbc023891,99a36423b41cd68c389d3c37,2000,1,1,0,6.036,6.036,0,13950,15750,1800,12000,12000,0,42.309,12.1075,-30.2015,186.393,322.074,135.681,443.6345,443.6685,0.033999999999992,100.4885,171.727,71.2385,0.0082745519713262,0.010635238095238,0.0023606861239118
E-add,knight,12000,soldier,B-A,35,50,99a36423b41cd68c389d3c37,e14887100abec4b1b9af04b6,2000,1,1,0,6.036,6.034,-0.0019999999999998,15750,17550,1800,12000,12000,0,12.1075,4.874,-7.2335,322.074,391.5425,69.4685,443.6685,443.6425,-0.02600000000001,171.727,235.41,63.683,0.010635238095238,0.011324786324786,0.000689548229548
E-add,knight,12000,soldier,B-A,50,100,e14887100abec4b1b9af04b6,17698ec632fe92d4f1f3971d,2000,1,1,0,6.034,6.0285,-0.0054999999999996,17550,23550,6000,12000,12000,0,4.874,0.7295,-4.1445,391.5425,488.94,97.3975,443.6425,445.3585,1.716,235.41,404.727,169.317,0.011324786324786,0.01043821656051,-0.000886569764276
E-add,knight,12000,spearman,A-B,0,5,7372c551506e00920f970eb2,204f941ae94c3607225f3ead,2000,0,0,0,2,1.976,-0.024,11550,12150,600,11970,11970,0,21,59.4625,38.4625,0,21.0595,21.0595,31.5355,30.7345,-0.801,83.995,83.769,-0.226,0.05052380952381,0.04801975308642,-0.00250405643739
E-add,knight,12000,spearman,A-B,5,10,204f941ae94c3607225f3ead,36efc41fa6e2c310b23d8fae,2000,0,0.0395,0.0395,1.976,2.0395,0.0635,12150,12750,600,11970,11970,0,59.4625,65.7555,6.293,21.0595,56.9125,35.853,30.7345,33.2455,2.511,83.769,83.386,-0.38300000000001,0.04801975308642,0.028176470588235,-0.019843282498185
E-add,knight,12000,spearman,A-B,10,20,36efc41fa6e2c310b23d8fae,5d3705b1bac901d37a8e4559,2000,0.0395,0.998,0.9585,2.0395,3.0075,0.968,12750,13950,1200,11970,11970,0,65.7555,79.9375,14.182,56.9125,112.0815,55.169,33.2455,76.251,43.0055,83.386,68.439,-14.947,0.028176470588235,0.01985017921147,-0.008326291376765
E-add,knight,12000,spearman,A-B,20,35,5d3705b1bac901d37a8e4559,9d55bccf428717708727d9f3,2000,0.998,1,0.002,3.0075,3.0125,0.0050000000000003,13950,15750,1800,11970,11970,0,79.9375,52.9695,-26.968,112.0815,172.245,60.1635,76.251,76.281,0.030000000000001,68.439,68.762,0.32300000000001,0.01985017921147,0.011164126984127,-0.008686052227343
E-add,knight,12000,spearman,A-B,35,50,9d55bccf428717708727d9f3,5b1fbe9e901e3439e64fb02e,2000,1,1,0,3.0125,3.01,-0.0025000000000004,15750,17550,1800,11970,11970,0,52.9695,39.3355,-13.634,172.245,202.135,29.89,76.281,76.208,-0.073000000000008,68.762,68.7805,0.018500000000003,0.011164126984127,0.0088803418803419,-0.0022837851037851
E-add,knight,12000,spearman,A-B,50,100,5b1fbe9e901e3439e64fb02e,32827d099c461c36e50ceed4,2000,1,1,0,3.01,3.0095,-0.00049999999999972,17550,23550,6000,11970,11970,0,39.3355,21.3575,-17.978,202.135,242.0575,39.9225,76.208,76.228,0.019999999999996,68.7805,68.9845,0.20399999999999,0.0088803418803419,0.0059420382165605,-0.0029383036637814
E-add,knight,12000,spearman,B-A,0,5,7372c551506e00920f970eb2,204f941ae94c3607225f3ead,2000,0.237,0.554,0.317,3.0015,2.5595,-0.442,11550,12150,600,11970,11970,0,13.735,48.485,34.75,7.265,27.059,19.794,75.868,56.275,-19.593,68.8365,75.532,6.6955,0.048880952380952,0.037060905349794,-0.011820047031158
E-add,knight,12000,spearman,B-A,5,10,204f941ae94c3607225f3ead,36efc41fa6e2c310b23d8fae,2000,0.554,0.9995,0.4455,2.5595,3.0085,0.449,12150,12750,600,11970,11970,0,48.485,37.899,-10.586,27.059,85.186,58.127,56.275,76.3195,20.0445,75.532,68.4185,-7.1135,0.037060905349794,0.018574509803922,-0.018486395545872
E-add,knight,12000,spearman,B-A,10,20,36efc41fa6e2c310b23d8fae,5d3705b1bac901d37a8e4559,2000,0.9995,1,0.00049999999999994,3.0085,3.01,0.0014999999999996,12750,13950,1200,11970,11970,0,37.899,12.031,-25.868,85.186,169.137,83.951,76.3195,76.3465,0.027000000000001,68.4185,68.443,0.024500000000003,0.018574509803922,0.0085222222222222,-0.0100522875817
E-add,knight,12000,spearman,B-A,20,35,5d3705b1bac901d37a8e4559,9d55bccf428717708727d9f3,2000,1,1,0,3.01,3.0125,0.0025000000000004,13950,15750,1800,11970,11970,0,12.031,4.459,-7.572,169.137,215.7665,46.6295,76.3465,76.249,-0.097500000000011,68.443,68.825,0.38200000000001,0.0085222222222222,0.0073028571428571,-0.0012193650793651
E-add,knight,12000,spearman,B-A,35,50,9d55bccf428717708727d9f3,5b1fbe9e901e3439e64fb02e,2000,1,1,0,3.0125,3.01,-0.0025000000000004,15750,17550,1800,11970,11970,0,4.459,2.295,-2.164,215.7665,236.2085,20.442,76.249,76.1945,-0.05449999999999,68.825,68.8045,-0.020499999999998,0.0073028571428571,0.0069424501424501,-0.000360407000407
E-add,knight,12000,spearman,B-A,50,100,5b1fbe9e901e3439e64fb02e,32827d099c461c36e50ceed4,2000,1,1,0,3.01,3.0085,-0.0014999999999996,17550,23550,6000,11970,11970,0,2.295,0.575,-1.72,236.2085,262.014,25.8055,76.1945,76.156,-0.038499999999999,68.8045,69.066,0.2615,0.0069424501424501,0.0055912951167728,-0.0013511550256773
E-add,knight,120000,archer,A-B,0,5,6202c92b1cb8143ebcb0cfbf,132e959162381c76dfba1903,2000,1,1,0,1,1,0,119900,125900,6000,119980,119980,0,0,600,600,218,204.171,-13.829,763.067,763.067,0,0,0,0,0.049903669724771,0.04689316918189,-0.003010500542881
E-add,knight,120000,archer,A-B,5,10,132e959162381c76dfba1903,823596511a305545a0d9b217,2000,1,1,0,1,1,0,125900,131900,6000,119980,119980,0,600,137.1555,-462.8445,204.171,1062.8445,858.6735,763.067,763.067,0,0,0,0,0.04689316918189,0.0045608415466262,-0.042332327635264
E-add,knight,120000,archer,A-B,10,20,823596511a305545a0d9b217,7823491a78de97e27620f8c2,2000,1,1,0,1,1,0,131900,143900,12000,119980,119980,0,137.1555,0,-137.1555,1062.8445,2400,1337.1555,763.067,763.067,0,0,0,0,0.0045608415466262,0.0083543780403058,0.0037935364936796
E-add,knight,120000,archer,A-B,20,35,7823491a78de97e27620f8c2,39a5bf0a6ca21150f1464327,2000,1,1,0,1,1,0,143900,161900,18000,119980,119980,0,0,0,0,2400,2850.3125,450.3125,763.067,763.067,0,0,0,0,0.0083543780403058,0.0088268375540457,0.0004724595137399
E-add,knight,120000,archer,A-B,35,50,39a5bf0a6ca21150f1464327,1c2f718c5dc4b05a725272ca,2000,1,1,0,1,1,0,161900,179900,18000,119980,119980,0,0,0,0,2850.3125,2893.224,42.9115,763.067,763.067,0,0,0,0,0.0088268375540457,0.0080652306837132,-0.0007616068703325
E-add,knight,120000,archer,A-B,50,100,1c2f718c5dc4b05a725272ca,e19981ddc538dee8909f5951,2000,1,1,0,1,1,0,179900,239900,60000,119980,119980,0,0,0,0,2893.224,2944.919,51.695,763.067,763.067,0,0,0,0,0.0080652306837132,0.006154189245519,-0.0019110414381942
E-add,knight,120000,archer,B-A,0,5,6202c92b1cb8143ebcb0cfbf,132e959162381c76dfba1903,2000,1,1,0,1,1,0,119900,125900,6000,119980,119980,0,0,600,600,218,218,0,763.067,763.067,0,0,0,0,0.049903669724771,0.049903097696585,-5.7202818599944E-7
E-add,knight,120000,archer,B-A,5,10,132e959162381c76dfba1903,823596511a305545a0d9b217,2000,1,1,0,1,1,0,125900,131900,6000,119980,119980,0,600,1200,600,218,16.3225,-201.6775,763.067,763.067,0,0,0,0,0.049903097696585,0.0078834723275208,-0.042019625369064
E-add,knight,120000,archer,B-A,10,20,823596511a305545a0d9b217,7823491a78de97e27620f8c2,2000,1,1,0,1,1,0,131900,143900,12000,119980,119980,0,1200,348.712,-851.288,16.3225,2051.288,2034.9655,763.067,763.067,0,0,0,0,0.0078834723275208,0.0083618137595552,0.0004783414320344
E-add,knight,120000,archer,B-A,20,35,7823491a78de97e27620f8c2,39a5bf0a6ca21150f1464327,2000,1,1,0,1,1,0,143900,161900,18000,119980,119980,0,348.712,0,-348.712,2051.288,2850.3125,799.0245,763.067,763.067,0,0,0,0,0.0083618137595552,0.0088268375540457,0.0004650237944905
E-add,knight,120000,archer,B-A,35,50,39a5bf0a6ca21150f1464327,1c2f718c5dc4b05a725272ca,2000,1,1,0,1,1,0,161900,179900,18000,119980,119980,0,0,0,0,2850.3125,2893.224,42.9115,763.067,763.067,0,0,0,0,0.0088268375540457,0.0080652306837132,-0.0007616068703325
E-add,knight,120000,archer,B-A,50,100,1c2f718c5dc4b05a725272ca,e19981ddc538dee8909f5951,2000,1,1,0,1,1,0,179900,239900,60000,119980,119980,0,0,0,0,2893.224,2944.919,51.695,763.067,763.067,0,0,0,0,0.0080652306837132,0.006154189245519,-0.0019110414381942
E-add,knight,120000,knight,A-B,0,5,f500dc25fe52370e72ad9840,d0a88d4e5bae6e22c7b664a6,2000,0.4815,0.9835,0.502,1,1,0,119900,125900,6000,119900,119900,0,109.398,560.2435,450.8455,108.602,202.2955,93.6935,108.7785,108.76,-0.018499999999989,109.2215,109.24,0.018499999999989,0.050071100917431,0.046297577442415,-0.003773523475016
E-add,knight,120000,knight,A-B,5,10,d0a88d4e5bae6e22c7b664a6,586ae64cf846bac422594b01,2000,0.9835,0.9835,0,1,1,0,125900,131900,6000,119900,119900,0,560.2435,646.3535,86.11,202.2955,117.051,-85.2445,108.76,108.7745,0.014499999999998,109.24,109.2255,-0.014499999999998,0.046297577442415,0.026755193328279,-0.019542384114136
E-add,knight,120000,knight,A-B,10,20,586ae64cf846bac422594b01,07fc867e319e05a6982e66bd,2000,0.9835,1,0.0165,1,1.0165,0.0165,131900,143900,12000,119900,119900,0,646.3535,707.2945,60.941,117.051,64.109,-52.942,108.7745,111.1615,2.387,109.2255,106.837,-2.3885,0.026755193328279,0.014625364836692,-0.012129828491587
E-add,knight,120000,knight,A-B,20,35,07fc867e319e05a6982e66bd,07ff367071b13484930090de,2000,1,1,0,1.0165,1.0145,-0.002,143900,161900,18000,119900,119900,0,707.2945,732.7065,25.412,64.109,38.051,-26.058,111.1615,110.8775,-0.28400000000001,106.837,107.121,0.28399999999999,0.014625364836692,0.008622112415071,-0.006003252421621
E-add,knight,120000,knight,A-B,35,50,07ff367071b13484930090de,551927a8c60269701a4478c8,2000,1,1,0,1.0145,1.016,0.0015000000000001,161900,179900,18000,119900,119900,0,732.7065,744.314,11.6075,38.051,27.0555,-10.9955,110.8775,111.0675,0.19,107.121,106.9325,-0.18849999999999,0.008622112415071,0.0061575319622012,-0.0024645804528698
E-add,knight,120000,knight,A-B,50,100,551927a8c60269701a4478c8,a17cab477281f1211ee4ba44,2000,1,1,0,1.016,1,-0.016,179900,239900,60000,119900,119900,0,744.314,749.6915,5.3775000000001,27.0555,13.636,-13.4195,111.0675,218,106.9325,106.9325,0,-106.9325,0.0061575319622012,0.0030853480616924,-0.0030721839005088
E-add,knight,120000,knight,B-A,0,5,f500dc25fe52370e72ad9840,d0a88d4e5bae6e22c7b664a6,2000,0.502,0.9835,0.4815,1,1,0,119900,125900,6000,119900,119900,0,109.398,560.2435,450.8455,108.602,202.2955,93.6935,108.7785,108.76,-0.018499999999989,109.2215,109.24,0.018499999999989,0.050071100917431,0.046297577442415,-0.003773523475016
E-add,knight,120000,knight,B-A,5,10,d0a88d4e5bae6e22c7b664a6,586ae64cf846bac422594b01,2000,0.9835,0.9835,0,1,1,0,125900,131900,6000,119900,119900,0,560.2435,646.3535,86.11,202.2955,117.051,-85.2445,108.76,108.7745,0.014499999999998,109.24,109.2255,-0.014499999999998,0.046297577442415,0.026755193328279,-0.019542384114136
E-add,knight,120000,knight,B-A,10,20,586ae64cf846bac422594b01,07fc867e319e05a6982e66bd,2000,0.9835,1,0.0165,1,1.0165,0.0165,131900,143900,12000,119900,119900,0,646.3535,707.2945,60.941,117.051,64.109,-52.942,108.7745,111.1615,2.387,109.2255,106.837,-2.3885,0.026755193328279,0.014625364836692,-0.012129828491587
E-add,knight,120000,knight,B-A,20,35,07fc867e319e05a6982e66bd,07ff367071b13484930090de,2000,1,1,0,1.0165,1.0145,-0.002,143900,161900,18000,119900,119900,0,707.2945,732.7065,25.412,64.109,38.051,-26.058,111.1615,110.8775,-0.28400000000001,106.837,107.121,0.28399999999999,0.014625364836692,0.008622112415071,-0.006003252421621
E-add,knight,120000,knight,B-A,35,50,07ff367071b13484930090de,551927a8c60269701a4478c8,2000,1,1,0,1.0145,1.016,0.0015000000000001,161900,179900,18000,119900,119900,0,732.7065,744.314,11.6075,38.051,27.0555,-10.9955,110.8775,111.0675,0.19,107.121,106.9325,-0.18849999999999,0.008622112415071,0.0061575319622012,-0.0024645804528698
E-add,knight,120000,knight,B-A,50,100,551927a8c60269701a4478c8,a17cab477281f1211ee4ba44,2000,1,1,0,1.016,1,-0.016,179900,239900,60000,119900,119900,0,744.314,749.6915,5.3775000000001,27.0555,13.636,-13.4195,111.0675,218,106.9325,106.9325,0,-106.9325,0.0061575319622012,0.0030853480616924,-0.0030721839005088
E-add,knight,120000,soldier,A-B,0,5,794b28ce0e47672fcb7a3aed,5c0ab4d1e909b7a0add55cc7,2000,1,0,-1,6,3,-3,119900,125900,6000,120000,120000,0,0.7165,492.1305,491.414,217.2835,109.968,-107.3155,4578.632,2289.916,-2288.716,0,145.5685,145.5685,0.049910550458716,0.0026697378872121,-0.047240812571504
E-add,knight,120000,soldier,A-B,5,10,5c0ab4d1e909b7a0add55cc7,c362e0c9f0e377df15f70416,2000,0,0,0,3,4.994,1.994,125900,131900,6000,120000,120000,0,492.1305,857.6695,365.539,109.968,341.5585,231.5905,2289.916,3811.7365,1521.8205,145.5685,426.8615,281.293,0.0026697378872121,0.0042313115996967,0.0015615737124846
E-add,knight,120000,soldier,A-B,10,20,c362e0c9f0e377df15f70416,2f62ad40dea7391077d97b78,2000,0,1,1,4.994,6,1.006,131900,143900,12000,120000,120000,0,857.6695,400.5525,-457.117,341.5585,1879.5195,1537.961,3811.7365,4578.6985,766.962,426.8615,991.495,564.6335,0.0042313115996967,0.0079544822793607,0.003723170679664
E-add,knight,120000,soldier,A-B,20,35,2f62ad40dea7391077d97b78,9bf220e8fc7e3e488f893dd3,2000,1,1,0,6,6,0,143900,161900,18000,120000,120000,0,400.5525,113.9725,-286.58,1879.5195,3207.0425,1327.523,4578.6985,4579.019,0.32049999999981,991.495,1691.563,700.068,0.0079544822793607,0.010278134651019,0.0023236523716583
E-add,knight,120000,soldier,A-B,35,50,9bf220e8fc7e3e488f893dd3,b7cd5687ebdadbb65ab10703,2000,1,1,0,6,6,0,161900,179900,18000,120000,120000,0,113.9725,46.4355,-67.537,3207.0425,3885.782,678.7395,4579.019,4580.1685,1.1494999999995,1691.563,2314.8455,623.2825,0.010278134651019,0.010953752084491,0.000675617433472
E-add,knight,120000,soldier,A-B,50,100,b7cd5687ebdadbb65ab10703,a91ca0daa73e34840b196cf3,2000,1,1,0,6,6,0,179900,239900,60000,120000,120000,0,46.4355,7.1295,-39.306,3885.782,4842.1255,956.3435,4580.1685,4600.4395,20.271000000001,2314.8455,3979.87,1665.0245,0.010953752084491,0.010126448520217,-0.000827303564274
E-add,knight,120000,soldier,B-A,0,5,794b28ce0e47672fcb7a3aed,5c0ab4d1e909b7a0add55cc7,2000,1,0,-1,6,3,-3,119900,125900,6000,120000,120000,0,0.7165,492.1305,491.414,217.2835,109.968,-107.3155,4578.632,2289.916,-2288.716,0,145.5685,145.5685,0.049910550458716,0.0026697378872121,-0.047240812571504
E-add,knight,120000,soldier,B-A,5,10,5c0ab4d1e909b7a0add55cc7,c362e0c9f0e377df15f70416,2000,0,0,0,3,4.994,1.994,125900,131900,6000,120000,120000,0,492.1305,857.6695,365.539,109.968,341.5585,231.5905,2289.916,3811.7365,1521.8205,145.5685,426.8615,281.293,0.0026697378872121,0.0042313115996967,0.0015615737124846
E-add,knight,120000,soldier,B-A,10,20,c362e0c9f0e377df15f70416,2f62ad40dea7391077d97b78,2000,0,1,1,4.994,6,1.006,131900,143900,12000,120000,120000,0,857.6695,400.5525,-457.117,341.5585,1879.5195,1537.961,3811.7365,4578.6985,766.962,426.8615,991.495,564.6335,0.0042313115996967,0.0079544822793607,0.003723170679664
E-add,knight,120000,soldier,B-A,20,35,2f62ad40dea7391077d97b78,9bf220e8fc7e3e488f893dd3,2000,1,1,0,6,6,0,143900,161900,18000,120000,120000,0,400.5525,113.9725,-286.58,1879.5195,3207.0425,1327.523,4578.6985,4579.019,0.32049999999981,991.495,1691.563,700.068,0.0079544822793607,0.010278134651019,0.0023236523716583
E-add,knight,120000,soldier,B-A,35,50,9bf220e8fc7e3e488f893dd3,b7cd5687ebdadbb65ab10703,2000,1,1,0,6,6,0,161900,179900,18000,120000,120000,0,113.9725,46.4355,-67.537,3207.0425,3885.782,678.7395,4579.019,4580.1685,1.1494999999995,1691.563,2314.8455,623.2825,0.010278134651019,0.010953752084491,0.000675617433472
E-add,knight,120000,soldier,B-A,50,100,b7cd5687ebdadbb65ab10703,a91ca0daa73e34840b196cf3,2000,1,1,0,6,6,0,179900,239900,60000,120000,120000,0,46.4355,7.1295,-39.306,3885.782,4842.1255,956.3435,4580.1685,4600.4395,20.271000000001,2314.8455,3979.87,1665.0245,0.010953752084491,0.010126448520217,-0.000827303564274
E-add,knight,120000,spearman,A-B,0,5,8e6a165a497b2b01d8f605f3,b4cf865b49d7eee921cb4949,2000,0,0,0,2,2,0,119900,125900,6000,119980,119980,0,218,600.01,382.01,0,217.99,217.99,339.724,339.8105,0.086500000000001,846.3235,846.1065,-0.21699999999998,0.050334862385321,0.049903097696585,-0.000431764688736
E-add,knight,120000,spearman,A-B,5,10,b4cf865b49d7eee921cb4949,7703b329aa66e406be4e5960,2000,0,0,0,2,2,0,125900,131900,6000,119980,119980,0,600.01,630.9145,30.9045,217.99,593.794,375.804,339.8105,339.5635,-0.24700000000001,846.1065,846.5865,0.48000000000002,0.049903097696585,0.027794086429113,-0.022109011267472
E-add,knight,120000,spearman,A-B,10,20,7703b329aa66e406be4e5960,b452899912ae07ecab11bd59,2000,0,1,1,2,3,1,131900,143900,12000,119980,119980,0,630.9145,789.7205,158.806,593.794,1122.2935,528.4995,339.5635,809.74,470.1765,846.5865,669.2475,-177.339,0.027794086429113,0.020068971507992,-0.007725114921121
E-add,knight,120000,spearman,A-B,20,35,b452899912ae07ecab11bd59,6acf7eed1ee453bd40b58eaf,2000,1,1,0,3,3,0,143900,161900,18000,119980,119980,0,789.7205,522.457,-267.2635,1122.2935,1719.1515,596.858,809.74,809.577,-0.16300000000001,669.2475,669.6685,0.42100000000005,0.020068971507992,0.011384898085238,-0.008684073422754
E-add,knight,120000,spearman,A-B,35,50,6acf7eed1ee453bd40b58eaf,11c7117a5486f56c44ae50fa,2000,1,1,0,3,3,0,161900,179900,18000,119980,119980,0,522.457,389.216,-133.241,1719.1515,2015.188,296.0365,809.577,809.5245,-0.052500000000009,669.6685,669.791,0.12250000000006,0.011384898085238,0.0087549749861034,-0.0026299230991346
E-add,knight,120000,spearman,A-B,50,100,11c7117a5486f56c44ae50fa,ad6a4f5f10645b6d23505069,2000,1,1,0,3,3,0,179900,239900,60000,119980,119980,0,389.216,210.4925,-178.7235,2015.188,2412.3765,397.1885,809.5245,809.319,-0.20550000000003,669.791,670.1745,0.38349999999991,0.0087549749861034,0.0058848478532722,-0.0028701271328312
E-add,knight,120000,spearman,B-A,0,5,8e6a165a497b2b01d8f605f3,b4cf865b49d7eee921cb4949,2000,0.7125,0.7625,0.05,3,2.7625,-0.2375,119900,125900,6000,119980,119980,0,89,529.1175,440.1175,129,258.8545,129.8545,809.801,697.9725,-111.8285,669.238,711.57,42.332,0.049933486238532,0.04322045274027,-0.006713033498262
E-add,knight,120000,spearman,B-A,5,10,b4cf865b49d7eee921cb4949,7703b329aa66e406be4e5960,2000,0.7625,1,0.2375,2.7625,3,0.2375,125900,131900,6000,119980,119980,0,529.1175,366.6805,-162.437,258.8545,862.6715,603.817,697.9725,809.716,111.7435,711.57,669.292,-42.278,0.04322045274027,0.01820913570887,-0.0250113170314
E-add,knight,120000,spearman,B-A,10,20,7703b329aa66e406be4e5960,b452899912ae07ecab11bd59,2000,1,1,0,3,3,0,131900,143900,12000,119980,119980,0,366.6805,116.463,-250.2175,862.6715,1688.3855,825.714,809.716,809.8215,0.10550000000001,669.292,669.0825,-0.20950000000005,0.01820913570887,0.0082379430159833,-0.0099711926928867
E-add,knight,120000,spearman,B-A,20,35,b452899912ae07ecab11bd59,6acf7eed1ee453bd40b58eaf,2000,1,1,0,3,3,0,143900,161900,18000,119980,119980,0,116.463,42.6425,-73.8205,1688.3855,2148.911,460.5255,809.8215,809.5595,-0.26200000000006,669.0825,669.706,0.62350000000004,0.0082379430159833,0.007143421865349,-0.0010945211506343
E-add,knight,120000,spearman,B-A,35,50,6acf7eed1ee453bd40b58eaf,11c7117a5486f56c44ae50fa,2000,1,1,0,3,3,0,161900,179900,18000,119980,119980,0,42.6425,21.995,-20.6475,2148.911,2353.5725,204.6615,809.5595,809.611,0.051500000000033,669.706,669.618,-0.087999999999965,0.007143421865349,0.0067215675375208,-0.0004218543278282
E-add,knight,120000,spearman,B-A,50,100,11c7117a5486f56c44ae50fa,ad6a4f5f10645b6d23505069,2000,1,1,0,3,3,0,179900,239900,60000,119980,119980,0,21.995,5.7865,-16.2085,2353.5725,2608.7015,255.129,809.611,809.3665,-0.24450000000002,669.618,670.0945,0.47649999999999,0.0067215675375208,0.0054753855773239,-0.0012461819601969
E-add,knight,360000,archer,A-B,0,5,2e7d91b0bfb312cae574c25a,0e054bb7c0fc26acd2b99ec5,2000,1,1,0,1,1,0,359700,377700,18000,359940,359940,0,0,1800,1800,654,616.3705,-37.6295,2288.9915,2288.9915,0,0,0,0,0.049831804281346,0.047217791898332,-0.002614012383014
E-add,knight,360000,archer,A-B,5,10,0e054bb7c0fc26acd2b99ec5,01436be7471a2724492c746e,2000,1,1,0,1,1,0,377700,395700,18000,359940,359940,0,1800,412.888,-1387.112,616.3705,3187.112,2570.7415,2288.9915,2288.9915,0,0,0,0,0.047217791898332,0.0045573035127622,-0.04266048838557
E-add,knight,360000,archer,A-B,10,20,01436be7471a2724492c746e,4b0e8b2713c335cd41119be0,2000,1,1,0,1,1,0,395700,431700,36000,359940,359940,0,412.888,0,-412.888,3187.112,7200,4012.888,2288.9915,2288.9915,0,0,0,0,0.0045573035127622,0.0083520963632152,0.003794792850453
E-add,knight,360000,archer,A-B,20,35,4b0e8b2713c335cd41119be0,ab23a9d3dfff38e9c4d3c268,2000,1,1,0,1,1,0,431700,485700,54000,359940,359940,0,0,0,0,7200,8552.5795,1352.5795,2288.9915,2288.9915,0,0,0,0,0.0083520963632152,0.0088152872143298,0.0004631908511146
E-add,knight,360000,archer,A-B,35,50,ab23a9d3dfff38e9c4d3c268,979644244ed7e41b510fa734,2000,1,1,0,1,1,0,485700,539700,54000,359940,359940,0,0,0,0,8552.5795,8681.244,128.6645,2288.9915,2288.9915,0,0,0,0,0.0088152872143298,0.0080516397998888,-0.000763647414441
E-add,knight,360000,archer,A-B,50,100,979644244ed7e41b510fa734,ba23bc933ed8cba9f3b4b286,2000,1,1,0,1,1,0,539700,719700,180000,359940,359940,0,0,0,0,8681.244,8835.587,154.343,2288.9915,2288.9915,0,0,0,0,0.0080516397998888,0.0061458593858552,-0.0019057804140336
E-add,knight,360000,archer,B-A,0,5,2e7d91b0bfb312cae574c25a,0e054bb7c0fc26acd2b99ec5,2000,1,1,0,1,1,0,359700,377700,18000,359940,359940,0,0,1800,1800,654,654,0,2288.9915,2288.9915,0,0,0,0,0.049831804281346,0.049844016415144,1.2212133797998E-5
E-add,knight,360000,archer,B-A,5,10,0e054bb7c0fc26acd2b99ec5,01436be7471a2724492c746e,2000,1,1,0,1,1,0,377700,395700,18000,359940,359940,0,1800,3600,1800,654,47.5575,-606.4425,2288.9915,2288.9915,0,0,0,0,0.049844016415144,0.0078033484963356,-0.042040667918808
E-add,knight,360000,archer,B-A,10,20,01436be7471a2724492c746e,4b0e8b2713c335cd41119be0,2000,1,1,0,1,1,0,395700,431700,36000,359940,359940,0,3600,1046.9345,-2553.0655,47.5575,6153.0655,6105.508,2288.9915,2288.9915,0,0,0,0,0.0078033484963356,0.0083498610145935,0.0005465125182579
E-add,knight,360000,archer,B-A,20,35,4b0e8b2713c335cd41119be0,ab23a9d3dfff38e9c4d3c268,2000,1,1,0,1,1,0,431700,485700,54000,359940,359940,0,1046.9345,0,-1046.9345,6153.0655,8552.5795,2399.514,2288.9915,2288.9915,0,0,0,0,0.0083498610145935,0.0088152872143298,0.0004654261997363
E-add,knight,360000,archer,B-A,35,50,ab23a9d3dfff38e9c4d3c268,979644244ed7e41b510fa734,2000,1,1,0,1,1,0,485700,539700,54000,359940,359940,0,0,0,0,8552.5795,8681.244,128.6645,2288.9915,2288.9915,0,0,0,0,0.0088152872143298,0.0080516397998888,-0.000763647414441
E-add,knight,360000,archer,B-A,50,100,979644244ed7e41b510fa734,ba23bc933ed8cba9f3b4b286,2000,1,1,0,1,1,0,539700,719700,180000,359940,359940,0,0,0,0,8681.244,8835.587,154.343,2288.9915,2288.9915,0,0,0,0,0.0080516397998888,0.0061458593858552,-0.0019057804140336
E-add,knight,360000,knight,A-B,0,5,070bd0d19d9d35e280abdae1,05d08956b8e155efd62bfc66,2000,0.493,1,0.507,1,1,0,359700,377700,18000,359700,359700,0,327.812,1680.1585,1352.3465,326.188,609.3065,283.1185,327.23,327.23,0,326.77,326.77,0,0.050105504587156,0.046470677786603,-0.003634826800553
E-add,knight,360000,knight,A-B,5,10,05d08956b8e155efd62bfc66,c0cc1bc49db1af192cf906ba,2000,1,1,0,1,1,0,377700,395700,18000,359700,359700,0,1680.1585,1938.109,257.9505,609.3065,351.5445,-257.762,327.23,327.23,0,326.77,326.77,0,0.046470677786603,0.02684695476371,-0.019623723022893
E-add,knight,360000,knight,A-B,10,20,c0cc1bc49db1af192cf906ba,b14a71c52094b9931e749992,2000,1,1,0,1,1,0,395700,431700,36000,359700,359700,0,1938.109,2099.0545,160.9455,351.5445,190.675,-160.8695,327.23,327.241,0.010999999999967,326.77,326.759,-0.010999999999967,0.02684695476371,0.014536205698402,-0.012310749065308
E-add,knight,360000,knight,A-B,20,35,b14a71c52094b9931e749992,d8de8805362d74b13b99426a,2000,1,1,0,1,1,0,431700,485700,54000,359700,359700,0,2099.0545,2176.325,77.2705,190.675,113.107,-77.568,327.241,327.171,-0.069999999999993,326.759,326.8275,0.068499999999972,0.014536205698402,0.0086292361540045,-0.0059069695443975
E-add,knight,360000,knight,A-B,35,50,d8de8805362d74b13b99426a,0d1e68b42b8c8de9de96455e,2000,1,1,0,1,1,0,485700,539700,54000,359700,359700,0,2176.325,2209.2595,32.9345,113.107,80.175,-32.932,327.171,327.2115,0.040500000000009,326.8275,326.7885,-0.038999999999987,0.0086292361540045,0.0061229571984436,-0.0025062789555609
E-add,knight,360000,knight,A-B,50,100,0d1e68b42b8c8de9de96455e,6097fdfba5019029d9079c3b,2000,1,1,0,1,1,0,539700,719700,180000,359700,359700,0,2209.2595,2248.6545,39.395,80.175,40.766,-39.409,327.2115,654,326.7885,326.7885,0,-326.7885,0.0061229571984436,0.0030980547450327,-0.0030249024534109
E-add,knight,360000,knight,B-A,0,5,070bd0d19d9d35e280abdae1,05d08956b8e155efd62bfc66,2000,0.5015,1,0.4985,1,1,0,359700,377700,18000,359700,359700,0,327.812,1680.1585,1352.3465,326.188,609.3065,283.1185,327.23,327.23,0,326.77,326.77,0,0.050105504587156,0.046470677786603,-0.003634826800553
E-add,knight,360000,knight,B-A,5,10,05d08956b8e155efd62bfc66,c0cc1bc49db1af192cf906ba,2000,1,1,0,1,1,0,377700,395700,18000,359700,359700,0,1680.1585,1938.109,257.9505,609.3065,351.5445,-257.762,327.23,327.23,0,326.77,326.77,0,0.046470677786603,0.02684695476371,-0.019623723022893
E-add,knight,360000,knight,B-A,10,20,c0cc1bc49db1af192cf906ba,b14a71c52094b9931e749992,2000,1,1,0,1,1,0,395700,431700,36000,359700,359700,0,1938.109,2099.0545,160.9455,351.5445,190.675,-160.8695,327.23,327.241,0.010999999999967,326.77,326.759,-0.010999999999967,0.02684695476371,0.014536205698402,-0.012310749065308
E-add,knight,360000,knight,B-A,20,35,b14a71c52094b9931e749992,d8de8805362d74b13b99426a,2000,1,1,0,1,1,0,431700,485700,54000,359700,359700,0,2099.0545,2176.325,77.2705,190.675,113.107,-77.568,327.241,327.171,-0.069999999999993,326.759,326.8275,0.068499999999972,0.014536205698402,0.0086292361540045,-0.0059069695443975
E-add,knight,360000,knight,B-A,35,50,d8de8805362d74b13b99426a,0d1e68b42b8c8de9de96455e,2000,1,1,0,1,1,0,485700,539700,54000,359700,359700,0,2176.325,2209.2595,32.9345,113.107,80.175,-32.932,327.171,327.2115,0.040500000000009,326.8275,326.7885,-0.038999999999987,0.0086292361540045,0.0061229571984436,-0.0025062789555609
E-add,knight,360000,knight,B-A,50,100,0d1e68b42b8c8de9de96455e,6097fdfba5019029d9079c3b,2000,1,1,0,1,1,0,539700,719700,180000,359700,359700,0,2209.2595,2248.6545,39.395,80.175,40.766,-39.409,327.2115,654,326.7885,326.7885,0,-326.7885,0.0061229571984436,0.0030980547450327,-0.0030249024534109
E-add,knight,360000,soldier,A-B,0,5,2efabebacbed162837707c81,622880addc5b5b01db80fef8,2000,1,0,-1,6,3,-3,359700,377700,18000,360000,360000,0,0.844,1476.9545,1476.1105,653.156,328.432,-324.724,13735.3595,6868.863,-6866.4965,0,436.48,436.48,0.049871559633028,0.0026453534551231,-0.047226206177905
E-add,knight,360000,soldier,A-B,5,10,622880addc5b5b01db80fef8,44052e2f700764f4caa873de,2000,0,0,0,3,5,2,377700,395700,18000,360000,360000,0,1476.9545,2581.227,1104.2725,328.432,1017.041,688.609,6868.863,11447.601,4578.738,436.48,1281.2325,844.7525,0.0026453534551231,0.0042470432145565,0.0016016897594334
E-add,knight,360000,soldier,A-B,10,20,44052e2f700764f4caa873de,833028faa9fd16f92bf149a4,2000,0,1,1,5,6,1,395700,431700,36000,360000,360000,0,2581.227,1201.0735,-1380.1535,1017.041,5638.7395,4621.6985,11447.601,13735.466,2287.865,1281.2325,2975.766,1694.5335,0.0042470432145565,0.0079337155432013,0.0036866723286448
E-add,knight,360000,soldier,A-B,20,35,833028faa9fd16f92bf149a4,015f857e34963505b543925f,2000,1,1,0,6,6,0,431700,485700,54000,360000,360000,0,1201.0735,342.477,-858.5965,5638.7395,9620.0385,3981.299,13735.466,13736.4615,0.99549999999908,2975.766,5074.9555,2099.1895,0.0079337155432013,0.010268849083797,0.0023351335405957
E-add,knight,360000,soldier,A-B,35,50,015f857e34963505b543925f,eb3aa4c14a3dadb82559b698,2000,1,1,0,6,6,0,485700,539700,54000,360000,360000,0,342.477,140.098,-202.379,9620.0385,11656.105,2036.0665,13736.4615,13739.865,3.4035000000003,5074.9555,6944.7585,1869.803,0.010268849083797,0.010938178617751,0.000669329533954
E-add,knight,360000,soldier,A-B,50,100,eb3aa4c14a3dadb82559b698,1da6364a7538de74330a278b,2000,1,1,0,6,6,0,539700,719700,180000,360000,360000,0,140.098,21.5345,-118.5635,11656.105,14525.5315,2869.4265,13739.865,13800.8395,60.9745,6944.7585,11940.3565,4995.598,0.010938178617751,0.010116527719883,-0.000821650897868
E-add,knight,360000,soldier,B-A,0,5,2efabebacbed162837707c81,622880addc5b5b01db80fef8,2000,1,0,-1,6,3,-3,359700,377700,18000,360000,360000,0,0.844,1476.9545,1476.1105,653.156,328.432,-324.724,13735.3595,6868.863,-6866.4965,0,436.48,436.48,0.049871559633028,0.0026453534551231,-0.047226206177905
E-add,knight,360000,soldier,B-A,5,10,622880addc5b5b01db80fef8,44052e2f700764f4caa873de,2000,0,0,0,3,5,2,377700,395700,18000,360000,360000,0,1476.9545,2581.227,1104.2725,328.432,1017.041,688.609,6868.863,11447.601,4578.738,436.48,1281.2325,844.7525,0.0026453534551231,0.0042470432145565,0.0016016897594334
E-add,knight,360000,soldier,B-A,10,20,44052e2f700764f4caa873de,833028faa9fd16f92bf149a4,2000,0,1,1,5,6,1,395700,431700,36000,360000,360000,0,2581.227,1201.0735,-1380.1535,1017.041,5638.7395,4621.6985,11447.601,13735.466,2287.865,1281.2325,2975.766,1694.5335,0.0042470432145565,0.0079337155432013,0.0036866723286448
E-add,knight,360000,soldier,B-A,20,35,833028faa9fd16f92bf149a4,015f857e34963505b543925f,2000,1,1,0,6,6,0,431700,485700,54000,360000,360000,0,1201.0735,342.477,-858.5965,5638.7395,9620.0385,3981.299,13735.466,13736.4615,0.99549999999908,2975.766,5074.9555,2099.1895,0.0079337155432013,0.010268849083797,0.0023351335405957
E-add,knight,360000,soldier,B-A,35,50,015f857e34963505b543925f,eb3aa4c14a3dadb82559b698,2000,1,1,0,6,6,0,485700,539700,54000,360000,360000,0,342.477,140.098,-202.379,9620.0385,11656.105,2036.0665,13736.4615,13739.865,3.4035000000003,5074.9555,6944.7585,1869.803,0.010268849083797,0.010938178617751,0.000669329533954
E-add,knight,360000,soldier,B-A,50,100,eb3aa4c14a3dadb82559b698,1da6364a7538de74330a278b,2000,1,1,0,6,6,0,539700,719700,180000,360000,360000,0,140.098,21.5345,-118.5635,11656.105,14525.5315,2869.4265,13739.865,13800.8395,60.9745,6944.7585,11940.3565,4995.598,0.010938178617751,0.010116527719883,-0.000821650897868
E-add,knight,360000,spearman,A-B,0,5,bef22a0e1e847471952eb629,ffa26585d98eefd6b6dd8fe6,2000,0,0,0,2,2,0,359700,377700,18000,359940,359940,0,654,1800,1146,0,654,654,1018.969,1019.2415,0.27249999999992,2539.683,2539.067,-0.61599999999999,0.050091743119266,0.049844016415144,-0.000247726704122
E-add,knight,360000,spearman,A-B,5,10,ffa26585d98eefd6b6dd8fe6,19216cc7f283eb54d20c0069,2000,0,0,0,2,2,0,377700,395700,18000,359940,359940,0,1800,1892.675,92.675,654,1780.4825,1126.4825,1019.2415,1019.09,-0.15149999999994,2539.067,2539.4325,0.36549999999988,0.049844016415144,0.027680414455395,-0.022163601959749
E-add,knight,360000,spearman,A-B,10,20,19216cc7f283eb54d20c0069,83adf0e829b8f9bb3d2da494,2000,0,1,1,2,3,1,395700,431700,36000,359940,359940,0,1892.675,2369.8035,477.1285,1780.4825,3365.8545,1585.372,1019.09,2428.9255,1409.8355,2539.4325,2008.67,-530.7625,0.027680414455395,0.020258918230252,-0.007421496225143
E-add,knight,360000,spearman,A-B,20,35,83adf0e829b8f9bb3d2da494,8d3b11c7cc9b4dd64ef24911,2000,1,1,0,3,3,0,431700,485700,54000,359940,359940,0,2369.8035,1567.5815,-802.222,3365.8545,5157.023,1791.1685,2428.9255,2429.084,0.1585,2008.67,2008.433,-0.23700000000008,0.020258918230252,0.011470372658019,-0.008788545572233
E-add,knight,360000,spearman,A-B,35,50,8d3b11c7cc9b4dd64ef24911,e195a02693f4c6d744f2ba52,2000,1,1,0,3,3,0,485700,539700,54000,359940,359940,0,1567.5815,1168.278,-399.3035,5157.023,6044.0365,887.0135,2429.084,2428.4665,-0.61749999999984,2008.433,2009.6695,1.2365,0.011470372658019,0.0087883731702798,-0.0026819994877392
E-add,knight,360000,spearman,A-B,50,100,e195a02693f4c6d744f2ba52,80f2dc345fe1c98ef1d46251,2000,1,1,0,3,3,0,539700,719700,180000,359940,359940,0,1168.278,631.8585,-536.4195,6044.0365,7236.6155,1192.579,2428.4665,2428.041,-0.42549999999983,2009.6695,2010.5155,0.846,0.0087883731702798,0.0058925038210365,-0.0028958693492433
E-add,knight,360000,spearman,B-A,0,5,bef22a0e1e847471952eb629,ffa26585d98eefd6b6dd8fe6,2000,0.84,0.8835,0.0435,3,2.8835,-0.1165,359700,377700,18000,359940,359940,0,264.8265,1692.6655,1427.839,389.1735,717.8615,328.688,2429.058,2265.3065,-163.7515,2008.4865,2069.426,60.9395,0.050112385321101,0.046504328832407,-0.003608056488694
E-add,knight,360000,spearman,B-A,5,10,ffa26585d98eefd6b6dd8fe6,19216cc7f283eb54d20c0069,2000,0.8835,1,0.1165,2.8835,3,0.1165,377700,395700,18000,359940,359940,0,1692.6655,1100.199,-592.4665,717.8615,2586.698,1868.8365,2265.3065,2428.831,163.5245,2069.426,2008.835,-60.591,0.046504328832407,0.018305913570887,-0.02819841526152
E-add,knight,360000,spearman,B-A,10,20,19216cc7f283eb54d20c0069,83adf0e829b8f9bb3d2da494,2000,1,1,0,3,3,0,395700,431700,36000,359940,359940,0,1100.199,349.639,-750.56,2586.698,5064.2605,2477.5625,2428.831,2429.177,0.346,2008.835,2008.185,-0.65000000000009,0.018305913570887,0.0082831132731063,-0.010022800297781
E-add,knight,360000,spearman,B-A,20,35,83adf0e829b8f9bb3d2da494,8d3b11c7cc9b4dd64ef24911,2000,1,1,0,3,3,0,431700,485700,54000,359940,359940,0,349.639,127.467,-222.172,5064.2605,6446.981,1382.7205,2429.177,2429.151,-0.026000000000295,2008.185,2008.299,0.11400000000003,0.0082831132731063,0.0071162343010089,-0.0011668789720974
E-add,knight,360000,spearman,B-A,35,50,8d3b11c7cc9b4dd64ef24911,e195a02693f4c6d744f2ba52,2000,1,1,0,3,3,0,485700,539700,54000,359940,359940,0,127.467,65.5685,-61.8985,6446.981,7060.764,613.783,2429.151,2428.5465,-0.60449999999992,2008.299,2009.5095,1.2104999999999,0.0071162343010089,0.0067277005743932,-0.0003885337266157
E-add,knight,360000,spearman,B-A,50,100,e195a02693f4c6d744f2ba52,80f2dc345fe1c98ef1d46251,2000,1,1,0,3,3,0,539700,719700,180000,359940,359940,0,65.5685,17.164,-48.4045,7060.764,7825.7405,764.9765,2428.5465,2427.912,-0.63450000000012,2009.5095,2010.7705,1.2610000000002,0.0067277005743932,0.0054680700291788,-0.0012596305452144
E-add,spearman,12000,archer,A-B,0,5,425418f730169494e3adc880,9f88295b0e1a3ed9c09ed49a,2000,0.0985,0.995,0.8965,6.973,6.9095,-0.063499999999999,11970,12570,600,11970,11970,0,110.3685,93.067,-17.3015,60.6315,137.933,77.3015,78.1895,87.9865,9.797,92.4505,82.6245,-9.826,0.050269005847953,0.050070405727924,-0.000198600120029
E-add,spearman,12000,archer,A-B,5,10,9f88295b0e1a3ed9c09ed49a,15d07c1fd73dd99f41740658,2000,0.995,0,-0.995,6.9095,3.0655,-3.844,12570,13170,600,11970,11970,0,93.067,115.8425,22.7755,137.933,170.027,32.094,87.9865,0.9535,-87.033,82.6245,159.5025,76.878,0.050070405727924,0.048563401670463,-0.001507004057461
E-add,spearman,12000,archer,A-B,10,20,15d07c1fd73dd99f41740658,8168f288ba946d5d27beb974,2000,0,0,0,3.0655,4,0.9345,13170,14370,1200,11970,11970,0,115.8425,188.2205,72.378,170.027,185.555,15.528,0.9535,14.3405,13.387,159.5025,152.374,-7.1285,0.048563401670463,0.040854210160056,-0.007709191510407
E-add,spearman,12000,archer,A-B,20,35,8168f288ba946d5d27beb974,dfa17c0247a88fee8c0836e7,2000,0,0.9515,0.9515,4,5.0005,1.0005,14370,16170,1800,11970,11970,0,188.2205,225.5855,37.365,185.555,276.1075,90.5525,14.3405,75.646,61.3055,152.374,94.2625,-58.1115,0.040854210160056,0.032650278293135,-0.008203931866921
E-add,spearman,12000,archer,A-B,35,50,dfa17c0247a88fee8c0836e7,e0aa194aa71d008f96bcf655,2000,0.9515,1,0.0485,5.0005,4.9155,-0.085,16170,17970,1800,11970,11970,0,225.5855,157.8885,-67.697,276.1075,427.27,151.1625,75.646,106.928,31.282,94.2625,63.3775,-30.885,0.032650278293135,0.023821925431274,-0.008828352861861
E-add,spearman,12000,archer,A-B,50,100,e0aa194aa71d008f96bcf655,d4b588188a4fa2292fe59f4c,2000,1,1,0,4.9155,4,-0.9155,17970,23970,6000,11970,11970,0,157.8885,36.819,-121.0695,427.27,699.7125,272.4425,106.928,113.635,6.707,63.3775,57.0355,-6.342,0.023821925431274,0.016110763454318,-0.007711161976956
E-add,spearman,12000,archer,B-A,0,5,425418f730169494e3adc880,9f88295b0e1a3ed9c09ed49a,2000,1,1,0,3.999,3.9875,-0.0115,11970,12570,600,11970,11970,0,0.059,60.713,60.654,170.9405,170.287,-0.65349999999998,93.5465,98.9595,5.413,74.55,69.1775,-5.3725,0.049997076023392,0.050015115354018,1.8039330626003E-5
E-add,spearman,12000,archer,B-A,5,10,9f88295b0e1a3ed9c09ed49a,15d07c1fd73dd99f41740658,2000,1,0.003,-0.997,3.9875,2.0345,-1.953,12570,13170,600,11970,11970,0,60.713,116.6305,55.9175,170.287,170.2735,-0.013499999999993,98.9595,9.6085,-89.351,69.1775,134.631,65.4535,0.050015115354018,0.04896013667426,-0.001054978679758
E-add,spearman,12000,archer,B-A,10,20,15d07c1fd73dd99f41740658,8168f288ba946d5d27beb974,2000,0.003,0.6725,0.6695,2.0345,2.8995,0.865,13170,14370,1200,11970,11970,0,116.6305,209.175,92.5445,170.2735,174.497,4.2235,9.6085,60.4665,50.858,134.631,99.8655,-34.7655,0.04896013667426,0.044229297146834,-0.004730839527426
E-add,spearman,12000,archer,B-A,20,35,8168f288ba946d5d27beb974,dfa17c0247a88fee8c0836e7,2000,0.6725,0.9995,0.327,2.8995,3,0.1005,14370,16170,1800,11970,11970,0,209.175,217.38,8.205,174.497,242.08,67.583,60.4665,88.89,28.4235,99.8655,75.696,-24.1695,0.044229297146834,0.030639455782313,-0.013589841364521
E-add,spearman,12000,archer,B-A,35,50,dfa17c0247a88fee8c0836e7,e0aa194aa71d008f96bcf655,2000,0.9995,1,0.00049999999999994,3,2.999,-0.00099999999999989,16170,17970,1800,11970,11970,0,217.38,189.4455,-27.9345,242.08,317.847,75.767,88.89,108.2555,19.3655,75.696,58.351,-17.345,0.030639455782313,0.023176683361157,-0.007462772421156
E-add,spearman,12000,archer,B-A,50,100,e0aa194aa71d008f96bcf655,d4b588188a4fa2292fe59f4c,2000,1,1,0,2.999,2.6805,-0.3185,17970,23970,6000,11970,11970,0,189.4455,101.1935,-88.252,317.847,458.64,140.793,108.2555,113.1455,4.89,58.351,52.637,-5.714,0.023176683361157,0.013493950771798,-0.009682732589359
E-add,spearman,12000,knight,A-B,0,5,13c17edd7184e78626efe0e6,0aed417ba5c84cd4ad0109c0,2000,0.777,0.959,0.182,3.002,3,-0.0019999999999998,11970,12570,600,11550,11550,0,75.4865,93.5585,18.072,69.2155,76.3005,7.085,13.732,15.6925,1.9605,7.268,5.3075,-1.9605,0.042640350877193,0.036813046937152,-0.005827303940041
E-add,spearman,12000,knight,A-B,5,10,0aed417ba5c84cd4ad0109c0,6c169e4720b9b18f3b3303d0,2000,0.959,0.9945,0.0355,3,3,0,12570,13170,600,11550,11550,0,93.5585,110.223,16.6645,76.3005,75.3015,-0.999,15.6925,18.0885,2.396,5.3075,2.9115,-2.396,0.036813046937152,0.03186940015186,-0.004943646785292
E-add,spearman,12000,knight,A-B,10,20,6c169e4720b9b18f3b3303d0,4ec1b7b6a54dc2e53f1b87d4,2000,0.9945,1,0.0054999999999999,3,3.0005,0.00050000000000017,13170,14370,1200,11550,11550,0,110.223,135.17,24.947,75.3015,65.9645,-9.337,18.0885,20.6465,2.558,2.9115,0.3535,-2.558,0.03186940015186,0.024487473903967,-0.007381926247893
E-add,spearman,12000,knight,A-B,20,35,4ec1b7b6a54dc2e53f1b87d4,fa95df6f3fc2dcf684fdebbf,2000,1,1,0,3.0005,2.9995,-0.0010000000000003,14370,16170,1800,11550,11550,0,135.17,157.454,22.284,65.9645,51.972,-13.9925,20.6465,20.9835,0.337,0.3535,0.0165,-0.337,0.024487473903967,0.017822820037106,-0.006664653866861
E-add,spearman,12000,knight,A-B,35,50,fa95df6f3fc2dcf684fdebbf,bf3c13737a719e5e8fe787ad,2000,1,1,0,2.9995,2.979,-0.0205,16170,17970,1800,11550,11550,0,157.454,167.3145,9.8605,51.972,41.5635,-10.4085,20.9835,20.751,-0.2325,0.0165,0.249,0.2325,0.017822820037106,0.013681135225376,-0.00414168481173
E-add,spearman,12000,knight,A-B,50,100,bf3c13737a719e5e8fe787ad,5ed8118634cb8b7f2c2600c5,2000,1,1,0,2.979,2.016,-0.963,17970,23970,6000,11550,11550,0,167.3145,129.303,-38.0115,41.5635,17.857,-23.7065,20.751,18.439,-2.312,0.249,2.561,2.312,0.013681135225376,0.0053898623279099,-0.0082912728974661
E-add,spearman,12000,knight,B-A,0,5,13c17edd7184e78626efe0e6,0aed417ba5c84cd4ad0109c0,2000,1,1,0,2,1.9995,-0.00049999999999994,11970,12570,600,11550,11550,0,31.4585,51.7745,20.316,83.8665,75.548,-8.3185,21,20.9935,-0.0064999999999991,0,0.0065,0.0065,0.033719298245614,0.027527048528242,-0.006192249717372
E-add,spearman,12000,knight,B-A,5,10,0aed417ba5c84cd4ad0109c0,6c169e4720b9b18f3b3303d0,2000,1,1,0,1.9995,1.999,-0.00049999999999994,12570,13170,600,11550,11550,0,51.7745,67.4385,15.664,75.548,66.581,-8.967,20.9935,20.987,-0.0065000000000026,0.0065,0.013,0.0065,0.027527048528242,0.023196279422931,-0.004330769105311
E-add,spearman,12000,knight,B-A,10,20,6c169e4720b9b18f3b3303d0,4ec1b7b6a54dc2e53f1b87d4,2000,1,1,0,1.999,1.9995,0.00049999999999994,13170,14370,1200,11550,11550,0,67.4385,87.744,20.3055,66.581,52.1305,-14.4505,20.987,20.9935,0.0065000000000026,0.013,0.0065,-0.0065,0.023196279422931,0.017138830897704,-0.006057448525227
E-add,spearman,12000,knight,B-A,20,35,4ec1b7b6a54dc2e53f1b87d4,fa95df6f3fc2dcf684fdebbf,2000,1,1,0,1.9995,1.9995,0,14370,16170,1800,11550,11550,0,87.744,104.7285,16.9845,52.1305,38.3745,-13.756,20.9935,20.9945,0.00099999999999767,0.0065,0.0055,-0.001,0.017138830897704,0.012199443413729,-0.004939387483975
E-add,spearman,12000,knight,B-A,35,50,fa95df6f3fc2dcf684fdebbf,bf3c13737a719e5e8fe787ad,2000,1,1,0,1.9995,1.9995,0,16170,17970,1800,11550,11550,0,104.7285,114.122,9.3935,38.3745,30.2875,-8.087,20.9945,20.9935,-0.00099999999999767,0.0055,0.0065,0.001,0.012199443413729,0.0093842515303283,-0.0028151918834007
E-add,spearman,12000,knight,B-A,50,100,bf3c13737a719e5e8fe787ad,5ed8118634cb8b7f2c2600c5,2000,1,1,0,1.9995,1.8945,-0.105,17970,23970,6000,11550,11550,0,114.122,116.2635,2.1415,30.2875,16.069,-14.2185,20.9935,19.8735,-1.12,0.0065,1.1265,1.12,0.0093842515303283,0.0048216520650814,-0.0045625994652469
E-add,spearman,12000,soldier,A-B,0,5,35a66253027fbcf944d803b3,d3bd63e93400db6f9d60a3c4,2000,0.5025,0.836,0.3335,19.9975,19.9905,-0.0069999999999979,11970,12570,600,12000,12000,0,47.2695,74.6685,27.399,123.7175,156.24,32.5225,327.7245,354.4755,26.751,695.3,682.9395,-12.3605,0.050245614035088,0.050282816229117,3.7202194028994E-5
E-add,spearman,12000,soldier,A-B,5,10,d3bd63e93400db6f9d60a3c4,157f68fa1c525e61ec6174d5,2000,0.836,0,-0.836,19.9905,11.9395,-8.051,12570,13170,600,12000,12000,0,74.6685,106.287,31.6185,156.24,162.917,6.677,354.4755,119.103,-235.3725,682.9395,712.9835,30.044,0.050282816229117,0.044180334092635,-0.006102482136482
E-add,spearman,12000,soldier,A-B,10,20,157f68fa1c525e61ec6174d5,ea7e51f55cf799f2826e7f82,2000,0,0,0,11.9395,13.339,1.3995,13170,14370,1200,12000,12000,0,106.287,153.992,47.705,162.917,193.507,30.59,119.103,200.1065,81.0035,712.9835,728.0675,15.084,0.044180334092635,0.03439074460682,-0.009789589485815
E-add,spearman,12000,soldier,A-B,20,35,ea7e51f55cf799f2826e7f82,a5eeb8db76549e7b7211b44c,2000,0,0.999,0.999,13.339,16.573,3.234,14370,16170,1800,12000,12000,0,153.992,175.703,21.711,193.507,304.7445,111.2375,200.1065,448.4565,248.35,728.0675,629.2985,-98.769,0.03439074460682,0.028199443413729,-0.006191301193091
E-add,spearman,12000,soldier,A-B,35,50,a5eeb8db76549e7b7211b44c,63b654dd9e9a493589a0bf37,2000,0.999,1,0.001,16.573,14.6895,-1.8835,16170,17970,1800,12000,12000,0,175.703,88.9235,-86.7795,304.7445,474.679,169.9345,448.4565,457.2225,8.766,629.2985,625.952,-3.3465,0.028199443413729,0.019968836950473,-0.008230606463256
E-add,spearman,12000,soldier,A-B,50,100,63b654dd9e9a493589a0bf37,a720012e4b26a8e4f5a50d6b,2000,1,1,0,14.6895,11.018,-3.6715,17970,23970,6000,12000,12000,0,88.9235,9.8745,-79.049,474.679,709.0825,234.4035,457.2225,459.7165,2.494,625.952,636.3255,10.3735,0.019968836950473,0.015262411347518,-0.004706425602955
E-add,spearman,12000,soldier,B-A,0,5,35a66253027fbcf944d803b3,d3bd63e93400db6f9d60a3c4,2000,1,1,0,13.0255,12.6825,-0.343,11970,12570,600,12000,12000,0,0.0305,56.852,56.8215,169.8555,165.7445,-4.111,446.7965,453.0495,6.253,442.6945,440.4275,-2.267,0.04966081871345,0.047721161495625,-0.001939657217825
E-add,spearman,12000,soldier,B-A,5,10,d3bd63e93400db6f9d60a3c4,157f68fa1c525e61ec6174d5,2000,1,0.978,-0.022,12.6825,11.9935,-0.689,12570,13170,600,12000,12000,0,56.852,93.6445,36.7925,165.7445,159.1355,-6.609,453.0495,446.9745,-6.075,440.4275,442.9965,2.569,0.047721161495625,0.040001138952164,-0.007720022543461
E-add,spearman,12000,soldier,B-A,10,20,157f68fa1c525e61ec6174d5,ea7e51f55cf799f2826e7f82,2000,0.978,1,0.022,11.9935,10.9765,-1.017,13170,14370,1200,12000,12000,0,93.6445,80.414,-13.2305,159.1355,209.002,49.8665,446.9745,455.747,8.7725,442.9965,443.5695,0.57299999999998,0.040001138952164,0.022188239387613,-0.017812899564551
E-add,spearman,12000,soldier,B-A,20,35,ea7e51f55cf799f2826e7f82,a5eeb8db76549e7b7211b44c,2000,1,1,0,10.9765,9.906,-1.0705,14370,16170,1800,12000,12000,0,80.414,36.042,-44.372,209.002,340.19,131.188,455.747,467.178,11.431,443.5695,450.0335,6.464,0.022188239387613,0.014427025355597,-0.007761214032016
E-add,spearman,12000,soldier,B-A,35,50,a5eeb8db76549e7b7211b44c,63b654dd9e9a493589a0bf37,2000,1,1,0,9.906,8.9985,-0.9075,16170,17970,1800,12000,12000,0,36.042,15.1155,-20.9265,340.19,431.148,90.958,467.178,462.8265,-4.3515,450.0335,463.888,13.8545,0.014427025355597,0.013210907067334,-0.001216118288263
E-add,spearman,12000,soldier,B-A,50,100,63b654dd9e9a493589a0bf37,a720012e4b26a8e4f5a50d6b,2000,1,1,0,8.9985,7.227,-1.7715,17970,23970,6000,12000,12000,0,15.1155,1.4135,-13.702,431.148,529.4205,98.2725,462.8265,456.5885,-6.238,463.888,509.832,45.944,0.013210907067334,0.011159991656237,-0.002050915411097
E-add,spearman,12000,spearman,A-B,0,5,62db35f9f62df083f31642e7,3b801c7a5cb5ba4dcd062e29,2000,0,0,0,6.9895,6.938,-0.0515,11970,12570,600,11970,11970,0,84.766,97.541,12.775,83.9585,123.399,39.4405,0.0005,0.031,0.0305,149.592,153.705,4.113,0.049862573099415,0.047414081145585,-0.00244849195383
E-add,spearman,12000,spearman,A-B,5,10,3b801c7a5cb5ba4dcd062e29,35c568725383cbf710117800,2000,0,0,0,6.938,6.6475,-0.2905,12570,13170,600,11970,11970,0,97.541,115.563,18.022,123.399,142.8905,19.4915,0.031,0.054,0.023,153.705,153.8105,0.10549999999998,0.047414081145585,0.042184510250569,-0.005229570895016
E-add,spearman,12000,spearman,A-B,10,20,35c568725383cbf710117800,dd6c8a523eb6c9d53dff08d2,2000,0,0,0,6.6475,7.007,0.3595,13170,14370,1200,11970,11970,0,115.563,159.855,44.292,142.8905,168.7905,25.9,0.054,0.203,0.149,153.8105,161.7825,7.972,0.042184510250569,0.034027835768963,-0.008156674481606
E-add,spearman,12000,spearman,A-B,20,35,dd6c8a523eb6c9d53dff08d2,92b0fe46a8aa19b3ab8219c1,2000,0,0,0,7.007,8.5185,1.5115,14370,16170,1800,11970,11970,0,159.855,226.8265,66.9715,168.7905,221.407,52.6165,0.203,3.2645,3.0615,161.7825,165.96,4.1775,0.034027835768963,0.029679653679654,-0.004348182089309
E-add,spearman,12000,spearman,A-B,35,50,92b0fe46a8aa19b3ab8219c1,9334ac1a245d01c9528a51e7,2000,0,0.1345,0.1345,8.5185,10.2815,1.763,16170,17970,1800,11970,11970,0,226.8265,287.052,60.2255,221.407,283.048,61.641,3.2645,36.9105,33.646,165.96,133.8625,-32.0975,0.029679653679654,0.028356149137451,-0.001323504542203
E-add,spearman,12000,spearman,A-B,50,100,9334ac1a245d01c9528a51e7,a1756e038b5206e02490997f,2000,0.1345,1,0.8655,10.2815,8.9975,-1.284,17970,23970,6000,11970,11970,0,287.052,171.722,-115.33,283.048,458.6355,175.5875,36.9105,92.227,55.3165,133.8625,78.7495,-55.113,0.028356149137451,0.01625719649562,-0.012098952641831
E-add,spearman,12000,spearman,B-A,0,5,62db35f9f62df083f31642e7,3b801c7a5cb5ba4dcd062e29,2000,1,1,0,6.994,6.986,-0.008,11970,12570,600,11970,11970,0,0.0005,40.231,40.2305,149.773,133.4575,-16.3155,85.124,84.9125,-0.2115,83.743,84.182,0.43900000000001,0.04390350877193,0.034396579156722,-0.009506929615208
E-add,spearman,12000,spearman,B-A,5,10,3b801c7a5cb5ba4dcd062e29,35c568725383cbf710117800,2000,1,1,0,6.986,6.9895,0.0034999999999998,12570,13170,600,11970,11970,0,40.231,56.4565,16.2255,133.4575,138.1915,4.734,84.9125,85.5925,0.68000000000001,84.182,83.728,-0.45400000000001,0.034396579156722,0.0258523158694,-0.008544263287322
E-add,spearman,12000,spearman,B-A,10,20,35c568725383cbf710117800,dd6c8a523eb6c9d53dff08d2,2000,1,1,0,6.9895,6.9665,-0.023,13170,14370,1200,11970,11970,0,56.4565,54.859,-1.5975,138.1915,190.2395,52.048,85.5925,89.0155,3.423,83.728,80.774,-2.954,0.0258523158694,0.016853514265832,-0.008998801603568
E-add,spearman,12000,spearman,B-A,20,35,dd6c8a523eb6c9d53dff08d2,92b0fe46a8aa19b3ab8219c1,2000,1,1,0,6.9665,6.7825,-0.184,14370,16170,1800,11970,11970,0,54.859,37.0475,-17.8115,190.2395,276.0915,85.852,89.0155,95.494,6.4785,80.774,74.5245,-6.2495,0.016853514265832,0.012468769325912,-0.00438474493992
E-add,spearman,12000,spearman,B-A,35,50,92b0fe46a8aa19b3ab8219c1,9334ac1a245d01c9528a51e7,2000,1,1,0,6.7825,6.1875,-0.595,16170,17970,1800,11970,11970,0,37.0475,21.0045,-16.043,276.0915,329.1195,53.028,95.494,80.011,-15.483,74.5245,89.8715,15.347,0.012468769325912,0.010813021702838,-0.001655747623074
E-add,spearman,12000,spearman,B-A,50,100,9334ac1a245d01c9528a51e7,a1756e038b5206e02490997f,2000,1,1,0,6.1875,5.68,-0.5075,17970,23970,6000,11970,11970,0,21.0045,6.127,-14.8775,329.1195,405.092,75.9725,80.011,106.263,26.252,89.8715,64.253,-25.6185,0.010813021702838,0.0086912807676262,-0.0021217409352118
E-add,spearman,120000,archer,A-B,0,5,12fb134e3b9e69cb8830ba03,add9016ad194b87e81ad3f46,2000,0,1,1,7,7,0,119980,125980,6000,119980,119980,0,1117.74,962.4205,-155.3195,596.26,1351.5795,755.3195,790.8055,918.9775,128.172,921.065,793.4445,-127.6205,0.050101516919487,0.050059295126211,-4.2221793276002E-5
E-add,spearman,120000,archer,A-B,5,10,add9016ad194b87e81ad3f46,d965798b39291b6f6d30c2a4,2000,1,0,-1,7,3,-4,125980,131980,6000,119980,119980,0,962.4205,1195.744,233.3235,1351.5795,1715.429,363.8495,918.9775,5.133,-913.8445,793.4445,1601.1885,807.744,0.050059295126211,0.049972874677982,-8.6420448228999E-5
E-add,spearman,120000,archer,A-B,10,20,d965798b39291b6f6d30c2a4,31cb8d11a8c90c999555dfc4,2000,0,0,0,3,4,1,131980,143980,12000,119980,119980,0,1195.744,1895.101,699.357,1715.429,1854.8905,139.4615,5.133,142.946,137.813,1601.1885,1532.1765,-69.012,0.049972874677982,0.040829177663564,-0.009143697014418
E-add,spearman,120000,archer,A-B,20,35,31cb8d11a8c90c999555dfc4,24a63d84a373a49d0dee520e,2000,0,1,1,4,5,1,143980,161980,18000,119980,119980,0,1895.101,2271.821,376.72,1854.8905,2750.882,895.9915,142.946,756.0245,613.0785,1532.1765,951.1345,-581.042,0.040829177663564,0.032709161624892,-0.008120016038672
E-add,spearman,120000,archer,A-B,35,50,24a63d84a373a49d0dee520e,cd37d1a8cb94a34fa23a39bc,2000,1,1,0,5,5,0,161980,179980,18000,119980,119980,0,2271.821,1638.409,-633.412,2750.882,4255.1785,1504.2965,756.0245,1124.5165,368.492,951.1345,587.108,-364.0265,0.032709161624892,0.024189604400489,-0.008519557224403
E-add,spearman,120000,archer,A-B,50,100,cd37d1a8cb94a34fa23a39bc,bd1b8e4e975988c31b3253e8,2000,1,1,0,5,4,-1,179980,239980,60000,119980,119980,0,1638.409,372.0775,-1266.3315,4255.1785,7007.8375,2752.659,1124.5165,1137.69,13.1735,587.108,574.835,-12.273,0.024189604400489,0.01606846403867,-0.008121140361819
E-add,spearman,120000,archer,B-A,0,5,12fb134e3b9e69cb8830ba03,add9016ad194b87e81ad3f46,2000,1,1,0,4,4,0,119980,125980,6000,119980,119980,0,0,604.97,604.97,1714,1709.03,-4.97,936.737,1001.2285,64.4915,751.2665,690.3935,-60.873,0.05003821470245,0.050032624226068,-5.5904763819961E-6
E-add,spearman,120000,archer,B-A,5,10,add9016ad194b87e81ad3f46,d965798b39291b6f6d30c2a4,2000,1,0,-1,4,2,-2,125980,131980,6000,119980,119980,0,604.97,1196.8395,591.8695,1709.03,1714.9975,5.9675000000002,1001.2285,81.729,-919.4995,690.3935,1358.974,668.5805,0.050032624226068,0.049999469616609,-3.3154609459005E-5
E-add,spearman,120000,archer,B-A,10,20,d965798b39291b6f6d30c2a4,31cb8d11a8c90c999555dfc4,2000,0,0.9805,0.9805,2,2.9995,0.9995,131980,143980,12000,119980,119980,0,1196.8395,2183.2125,986.373,1714.9975,1766.079,51.0815,81.729,655.2835,573.5545,1358.974,972.931,-386.043,0.049999469616609,0.046261703014308,-0.003737766602301
E-add,spearman,120000,archer,B-A,20,35,31cb8d11a8c90c999555dfc4,24a63d84a373a49d0dee520e,2000,0.9805,1,0.0195,2.9995,3,0.00050000000000017,143980,161980,18000,119980,119980,0,2183.2125,2181.0365,-2.1759999999999,1766.079,2423.1515,657.0725,655.2835,889.003,233.7195,972.931,765.7355,-207.1955,0.046261703014308,0.030723515248796,-0.015538187765512
E-add,spearman,120000,archer,B-A,35,50,24a63d84a373a49d0dee520e,cd37d1a8cb94a34fa23a39bc,2000,1,1,0,3,3,0,161980,179980,18000,119980,119980,0,2181.0365,1902.357,-278.6795,2423.1515,3180.9225,757.771,889.003,1081.6235,192.6205,765.7355,596.5235,-169.212,0.030723515248796,0.023171269029892,-0.007552246218904
E-add,spearman,120000,archer,B-A,50,100,cd37d1a8cb94a34fa23a39bc,bd1b8e4e975988c31b3253e8,2000,1,1,0,3,2.9455,-0.0545,179980,239980,60000,119980,119980,0,1902.357,1170.196,-732.161,3180.9225,4737.4715,1556.549,1081.6235,1347.795,266.1715,596.5235,355.3105,-241.213,0.023171269029892,0.014416097174765,-0.008755171855127
E-add,spearman,120000,knight,A-B,0,5,2e55cb04674afb04ce6d78fd,1e2258b53410cb3329588d27,2000,0.31,0.9925,0.6825,3,3,0,119980,125980,6000,119900,119900,0,809.241,991.566,182.325,669.8635,758.3865,88.523,89.1425,131.385,42.2425,128.8575,86.615,-42.2425,0.043211493582264,0.037883989522146,-0.005327504060118
E-add,spearman,120000,knight,A-B,5,10,1e2258b53410cb3329588d27,5ba72a87861dcf42b0d40c25,2000,0.9925,1,0.0075,3,3,0,125980,131980,6000,119900,119900,0,991.566,1159.5605,167.9945,758.3865,759.727,1.3405,131.385,179.076,47.691,86.615,38.924,-47.691,0.037883989522146,0.032940293983937,-0.004943695538209
E-add,spearman,120000,knight,A-B,10,20,5ba72a87861dcf42b0d40c25,80f96102749266830bae3bda,2000,1,1,0,3,3,0,131980,143980,12000,119900,119900,0,1159.5605,1416.5415,256.981,759.727,676.869,-82.858,179.076,217.9705,38.8945,38.924,0.0295,-38.8945,0.032940293983937,0.025462772607307,-0.00747752137663
E-add,spearman,120000,knight,A-B,20,35,80f96102749266830bae3bda,80c4648061e521b4742ba187,2000,1,1,0,3,3,0,143980,161980,18000,119900,119900,0,1416.5415,1652.952,236.4105,676.869,540.1345,-136.7345,217.9705,218,0.029500000000013,0.0295,0,-0.0295,0.025462772607307,0.018509013458452,-0.006953759148855
E-add,spearman,120000,knight,A-B,35,50,80c4648061e521b4742ba187,80526f123caeff6439fef84e,2000,1,1,0,3,3,0,161980,179980,18000,119900,119900,0,1652.952,1792.2835,139.3315,540.1345,440.576,-99.5585,218,218,0,0,0,0,0.018509013458452,0.01446824647183,-0.004040766986622
E-add,spearman,120000,knight,A-B,50,100,80526f123caeff6439fef84e,1c33a000813fb4184b9d9482,2000,1,1,0,3,2.0015,-0.9985,179980,239980,60000,119900,119900,0,1792.2835,1336.9445,-455.339,440.576,184.101,-256.475,218,170.515,-47.485,0,47.485,47.485,0.01446824647183,0.0055488165680473,-0.0089194299037827
E-add,spearman,120000,knight,B-A,0,5,2e55cb04674afb04ce6d78fd,1e2258b53410cb3329588d27,2000,1,1,0,2,2,0,119980,125980,6000,119900,119900,0,339.2895,546.2005,206.911,846.863,775.8755,-70.9875,218,218,0,0,0,0,0.03468698949825,0.02861470074615,-0.0060722887521
E-add,spearman,120000,knight,B-A,5,10,1e2258b53410cb3329588d27,5ba72a87861dcf42b0d40c25,2000,1,1,0,2,2,0,125980,131980,6000,119900,119900,0,546.2005,706.041,159.8405,775.8755,688.145,-87.7305,218,218,0,0,0,0,0.02861470074615,0.023941241097136,-0.004673459649014
E-add,spearman,120000,knight,B-A,10,20,5ba72a87861dcf42b0d40c25,80f96102749266830bae3bda,2000,1,1,0,2,2,0,131980,143980,12000,119900,119900,0,706.041,918.2275,212.1865,688.145,541.714,-146.431,218,218,0,0,0,0,0.023941241097136,0.0176699541603,-0.006271286936836
E-add,spearman,120000,knight,B-A,20,35,80f96102749266830bae3bda,80c4648061e521b4742ba187,2000,1,1,0,2,2,0,143980,161980,18000,119900,119900,0,918.2275,1093.2535,175.026,541.714,400.8125,-140.9015,218,218,0,0,0,0,0.0176699541603,0.012588220767996,-0.005081733392304
E-add,spearman,120000,knight,B-A,35,50,80c4648061e521b4742ba187,80526f123caeff6439fef84e,2000,1,1,0,2,2,0,161980,179980,18000,119900,119900,0,1093.2535,1191.3115,98.058,400.8125,316.2725,-84.54,218,218,0,0,0,0,0.012588220767996,0.0097387209689966,-0.0028494997989994
E-add,spearman,120000,knight,B-A,50,100,80526f123caeff6439fef84e,1c33a000813fb4184b9d9482,2000,1,1,0,2,2,0,179980,239980,60000,119900,119900,0,1191.3115,1333.2845,141.973,316.2725,183.594,-132.6785,218,218,0,0,0,0,0.0097387209689966,0.0055331485957163,-0.0042055723732803
E-add,spearman,120000,soldier,A-B,0,5,434aec90af86a3e2d037dbae,608212830fda1337f9ea890c,2000,0.6025,0.999,0.3965,20,20,0,119980,125980,6000,120000,120000,0,462.353,746.4285,284.0755,1251.589,1567.1765,315.5875,3298.391,3568.3145,269.9235,6942.1845,6815.094,-127.0905,0.050072637106184,0.050035759644388,-3.6877461796002E-5
E-add,spearman,120000,soldier,A-B,5,10,608212830fda1337f9ea890c,ce9afff655ce3b40a3e07753,2000,0.999,0,-0.999,20,12.005,-7.995,125980,131980,6000,120000,120000,0,746.4285,1057.8605,311.432,1567.1765,1651.6165,84.44,3568.3145,1207.023,-2361.2915,6815.094,7154.8015,339.7075,0.050035759644388,0.044529171086528,-0.00550658855786
E-add,spearman,120000,soldier,A-B,10,20,ce9afff655ce3b40a3e07753,6f15e19bc1ee378f53f2591d,2000,0,0,0,12.005,13.2275,1.2225,131980,143980,12000,120000,120000,0,1057.8605,1510.255,452.3945,1651.6165,1949.702,298.0855,1207.023,1971.3025,764.2795,7154.8015,7284.18,129.3785,0.044529171086528,0.0337795874427,-0.010749583643828
E-add,spearman,120000,soldier,A-B,20,35,6f15e19bc1ee378f53f2591d,1876d292f6083da0863bb1e5,2000,0,1,1,13.2275,16.6,3.3725,143980,161980,18000,120000,120000,0,1510.255,1753.6795,243.4245,1949.702,3051.291,1101.589,1971.3025,4519.3785,2548.076,7284.18,6270.6505,-1013.5295,0.0337795874427,0.028118471416224,-0.005661116026476
E-add,spearman,120000,soldier,A-B,35,50,1876d292f6083da0863bb1e5,20ddf24df09f80ced266cc07,2000,1,1,0,16.6,14.884,-1.716,161980,179980,18000,120000,120000,0,1753.6795,911.5325,-842.147,3051.291,4742.819,1691.528,4519.3785,4720.6145,201.236,6270.6505,6166.2875,-104.363,0.028118471416224,0.02004625513946,-0.008072216276764
E-add,spearman,120000,soldier,A-B,50,100,20ddf24df09f80ced266cc07,030858558507259aa0a015d2,2000,1,1,0,14.884,11,-3.884,179980,239980,60000,120000,120000,0,911.5325,98.705,-812.8275,4742.819,7078.476,2335.657,4720.6145,4593.8925,-126.722,6166.2875,6365.6005,199.313,0.02004625513946,0.015151054254521,-0.004895200884939
E-add,spearman,120000,soldier,B-A,0,5,434aec90af86a3e2d037dbae,608212830fda1337f9ea890c,2000,1,1,0,13,12.8635,-0.1365,119980,125980,6000,120000,120000,0,0.0015,572.431,572.4295,1705.4755,1662.038,-43.4375,4469.8465,4655.5375,185.691,4428.4435,4372.622,-55.8215,0.049777129521587,0.047823186220035,-0.001953943301552
E-add,spearman,120000,soldier,B-A,5,10,608212830fda1337f9ea890c,ce9afff655ce3b40a3e07753,2000,1,1,0,12.8635,12,-0.8635,125980,131980,6000,120000,120000,0,572.431,932.6705,360.2395,1662.038,1596.5255,-65.5125,4655.5375,4491.4035,-164.134,4372.622,4423.892,51.27,0.047823186220035,0.039882671616912,-0.007940514603123
E-add,spearman,120000,soldier,B-A,10,20,ce9afff655ce3b40a3e07753,6f15e19bc1ee378f53f2591d,2000,1,1,0,12,11,-1,131980,143980,12000,120000,120000,0,932.6705,803.054,-129.6165,1596.5255,2091.685,495.1595,4491.4035,4586.7885,95.384999999999,4423.892,4432.9335,9.0415000000003,0.039882671616912,0.021995346575913,-0.017887325040999
E-add,spearman,120000,soldier,B-A,20,35,6f15e19bc1ee378f53f2591d,1876d292f6083da0863bb1e5,2000,1,1,0,11,10,-1,143980,161980,18000,120000,120000,0,803.054,366.8495,-436.2045,2091.685,3403.9825,1312.2975,4586.7885,4756.708,169.9195,4432.9335,4483.622,50.6885,0.021995346575913,0.014442369428324,-0.007552977147589
E-add,spearman,120000,soldier,B-A,35,50,1876d292f6083da0863bb1e5,20ddf24df09f80ced266cc07,2000,1,1,0,10,9,-1,161980,179980,18000,120000,120000,0,366.8495,150.632,-216.2175,3403.9825,4309.3135,905.331,4756.708,4639.214,-117.494,4483.622,4641.6255,158.0035,0.014442369428324,0.013141543504834,-0.00130082592349
E-add,spearman,120000,soldier,B-A,50,100,20ddf24df09f80ced266cc07,030858558507259aa0a015d2,2000,1,1,0,9,7.006,-1.994,179980,239980,60000,120000,120000,0,150.632,12.67,-137.962,4309.3135,5203.5685,894.255,4639.214,4341.2745,-297.9395,4641.6255,5178.8705,537.245,0.013141543504834,0.010910784232019,-0.002230759272815
E-add,spearman,120000,spearman,A-B,0,5,ec04c5121a7d52ddc9756d30,58fad8a604973304cc2b6f12,2000,0,0,0,7,7,0,119980,125980,6000,119980,119980,0,852.6135,993.68,141.0665,843.76,1228.2905,384.5305,0,0.0625,0.0625,1500.666,1550.1805,49.5145,0.04956796966161,0.047584695983489,-0.001983273678121
E-add,spearman,120000,spearman,A-B,5,10,58fad8a604973304cc2b6f12,d82ae9b18e6671e5da9abc0a,2000,0,0,0,7,6.9025,-0.0975,125980,131980,6000,119980,119980,0,993.68,1211.909,218.229,1228.2905,1429.338,201.0475,0.0625,0.1245,0.062,1550.1805,1571.88,21.6995,0.047584695983489,0.043333042885286,-0.004251653098203
E-add,spearman,120000,spearman,A-B,10,20,d82ae9b18e6671e5da9abc0a,d6d3e167b21e4a98fe716499,2000,0,0,0,6.9025,7,0.0975,131980,143980,12000,119980,119980,0,1211.909,1595.5365,383.6275,1429.338,1696.8735,267.5355,0.1245,0.353,0.2285,1571.88,1628.3505,56.4705,0.043333042885286,0.03408459508265,-0.009248447802636
E-add,spearman,120000,spearman,A-B,20,35,d6d3e167b21e4a98fe716499,e02f1542efcbe2211dd13e38,2000,0,0,0,7,8.541,1.541,143980,161980,18000,119980,119980,0,1595.5365,2283.7985,688.262,1696.8735,2217.1225,520.249,0.353,26.806,26.453,1628.3505,1674.1245,45.774,0.03408459508265,0.029977713297938,-0.004106881784712
E-add,spearman,120000,spearman,A-B,35,50,e02f1542efcbe2211dd13e38,93f2eb935c8f65c0f53c9ca9,2000,0,0.006,0.006,8.541,10.0245,1.4835,161980,179980,18000,119980,119980,0,2283.7985,2789.8885,506.09,2217.1225,2846.452,629.3295,26.806,295.1965,268.3905,1674.1245,1417.409,-256.7155,0.029977713297938,0.027508695410601,-0.002469017887337
E-add,spearman,120000,spearman,A-B,50,100,93f2eb935c8f65c0f53c9ca9,7ceddd17f17e05b7345c5537,2000,0.006,1,0.994,10.0245,9,-1.0245,179980,239980,60000,119980,119980,0,2789.8885,1726.54,-1063.3485,2846.452,4597.0085,1750.5565,295.1965,911.3685,616.172,1417.409,802.552,-614.857,0.027508695410601,0.016281044253688,-0.011227651156913
E-add,spearman,120000,spearman,B-A,0,5,ec04c5121a7d52ddc9756d30,58fad8a604973304cc2b6f12,2000,1,1,0,7,7,0,119980,125980,6000,119980,119980,0,0,403.805,403.805,1501.7705,1340.889,-160.8815,853.05,853.956,0.90600000000006,843.0905,844.9325,1.842,0.043873978996499,0.034396015240514,-0.009477963755985
E-add,spearman,120000,spearman,B-A,5,10,58fad8a604973304cc2b6f12,d82ae9b18e6671e5da9abc0a,2000,1,1,0,7,7,0,125980,131980,6000,119980,119980,0,403.805,567.732,163.927,1340.889,1386.1065,45.2175,853.956,859.357,5.401,844.9325,842.639,-2.2935,0.034396015240514,0.025843309592362,-0.008552705648152
E-add,spearman,120000,spearman,B-A,10,20,d82ae9b18e6671e5da9abc0a,d6d3e167b21e4a98fe716499,2000,1,1,0,7,7,0,131980,143980,12000,119980,119980,0,567.732,555.198,-12.534,1386.1065,1903.4515,517.345,859.357,901.109,41.752,842.639,805.6965,-36.9425,0.025843309592362,0.016781809973607,-0.009061499618755
E-add,spearman,120000,spearman,B-A,20,35,d6d3e167b21e4a98fe716499,e02f1542efcbe2211dd13e38,2000,1,1,0,7,6.9935,-0.0065,143980,161980,18000,119980,119980,0,555.198,393.342,-161.856,1903.4515,2782.7105,879.259,901.109,1057.6155,156.5065,805.6965,653.227,-152.4695,0.016781809973607,0.012806704531424,-0.003975105442183
E-add,spearman,120000,spearman,B-A,35,50,e02f1542efcbe2211dd13e38,93f2eb935c8f65c0f53c9ca9,2000,1,1,0,6.9935,6.0035,-0.99,161980,179980,18000,119980,119980,0,393.342,195.529,-197.813,2782.7105,3264.348,481.6375,1057.6155,675.55,-382.0655,653.227,1030.609,377.382,0.012806704531424,0.01056920213357,-0.002237502397854
E-add,spearman,120000,spearman,B-A,50,100,93f2eb935c8f65c0f53c9ca9,7ceddd17f17e05b7345c5537,2000,1,1,0,6.0035,5.9495,-0.054,179980,239980,60000,119980,119980,0,195.529,68.2065,-127.3225,3264.348,4156.7105,892.3625,675.55,1248.9385,573.3885,1030.609,464.0405,-566.5685,0.01056920213357,0.008942953579465,-0.001626248554105
E-add,spearman,360000,archer,A-B,0,5,91a281d9a049b950bd802b34,ac686f06905d4ce0768f6542,2000,0,1,1,7,7,0,359940,377940,18000,359940,359940,0,3349.5485,2888.0685,-461.48,1792.4515,4053.9315,2261.48,2371.3945,2756.268,384.8735,2764.6595,2381.9175,-382.742,0.050049397121743,0.050016510557231,-3.2886564512002E-5
E-add,spearman,360000,archer,A-B,5,10,ac686f06905d4ce0768f6542,88e6018dd2b0ae5075453d2c,2000,1,0,-1,7,3,-4,377940,395940,18000,359940,359940,0,2888.0685,3599.024,710.9555,4053.9315,5142.6405,1088.709,2756.268,15.1985,-2741.0695,2381.9175,4802.9065,2420.989,0.050016510557231,0.050009761580037,-6.7489771940002E-6
E-add,spearman,360000,archer,A-B,10,20,88e6018dd2b0ae5075453d2c,986d09d288f4ce323395886e,2000,0,0,0,3,4,1,395940,431940,36000,359940,359940,0,3599.024,5684.822,2085.798,5142.6405,5566.024,423.3835,15.1985,428.835,413.6365,4802.9065,4596.231,-206.6755,0.050009761580037,0.040817231559939,-0.009192530020098
E-add,spearman,360000,archer,A-B,20,35,986d09d288f4ce323395886e,f1739ffc0ff55616848f34ad,2000,0,1,1,4,5,1,431940,485940,54000,359940,359940,0,5684.822,6817.961,1133.139,5566.024,8250.9905,2684.9665,428.835,2268.2995,1839.4645,4596.231,2854.5605,-1741.6705,0.040817231559939,0.032689714779602,-0.008127516780337
E-add,spearman,360000,archer,A-B,35,50,f1739ffc0ff55616848f34ad,8bb10ee6426b22609ab7fa41,2000,1,1,0,5,5,0,485940,539940,54000,359940,359940,0,6817.961,4916.7425,-1901.2185,8250.9905,12764.195,4513.2045,2268.2995,3376.159,1107.8595,2854.5605,1760.867,-1093.6935,0.032689714779602,0.024194104900545,-0.008495609879057
E-add,spearman,360000,archer,A-B,50,100,8bb10ee6426b22609ab7fa41,c67090721ef1575bb355c586,2000,1,1,0,5,4,-1,539940,719940,180000,359940,359940,0,4916.7425,1116.6235,-3800.119,12764.195,21022.6435,8258.4485,3376.159,3412.401,36.242,1760.867,1726.513,-34.354,0.024194104900545,0.016052504375365,-0.00814160052518
E-add,spearman,360000,archer,B-A,0,5,91a281d9a049b950bd802b34,ac686f06905d4ce0768f6542,2000,1,1,0,4,4,0,359940,377940,18000,359940,359940,0,0,1813.897,1813.897,5142,5128.103,-13.897,2810.717,3004.6015,193.8845,2253.8105,2071.4915,-182.319,0.050006417736289,0.04999548870191,-1.0929034378999E-5
E-add,spearman,360000,archer,B-A,5,10,ac686f06905d4ce0768f6542,88e6018dd2b0ae5075453d2c,2000,1,0,-1,4,2,-2,377940,395940,18000,359940,359940,0,1813.897,3599.33,1785.433,5128.103,5142.39,14.287,3004.6015,246.424,-2758.1775,2071.4915,4076.1795,2004.688,0.04999548870191,0.050012173561651,1.6684859740997E-5
E-add,spearman,360000,archer,B-A,10,20,88e6018dd2b0ae5075453d2c,986d09d288f4ce323395886e,2000,0,1,1,2,3,1,395940,431940,36000,359940,359940,0,3599.33,6551.57,2952.24,5142.39,5303.8345,161.4445,246.424,1965.1235,1718.6995,4076.1795,2920.4335,-1155.746,0.050012173561651,0.046230356067972,-0.003781817493679
E-add,spearman,360000,archer,B-A,20,35,986d09d288f4ce323395886e,f1739ffc0ff55616848f34ad,2000,1,1,0,3,3,0,431940,485940,54000,359940,359940,0,6551.57,6543.534,-8.0360000000001,5303.8345,7270.894,1967.0595,1965.1235,2666.6655,701.542,2920.4335,2297.106,-623.3275,0.046230356067972,0.030717207885747,-0.015513148182225
E-add,spearman,360000,archer,B-A,35,50,f1739ffc0ff55616848f34ad,8bb10ee6426b22609ab7fa41,2000,1,1,0,3,3,0,485940,539940,54000,359940,359940,0,6543.534,5707.2385,-836.2955,7270.894,9544.7505,2273.8565,2666.6655,3245.1065,578.441,2297.106,1790.024,-507.082,0.030717207885747,0.023199309182502,-0.007517898703245
E-add,spearman,360000,archer,B-A,50,100,8bb10ee6426b22609ab7fa41,c67090721ef1575bb355c586,2000,1,1,0,3,2.9985,-0.0015000000000001,539940,719940,180000,359940,359940,0,5707.2385,3606.2895,-2100.949,9544.7505,14302.246,4757.4955,3245.1065,4166.958,921.8515,1790.024,967.565,-822.459,0.023199309182502,0.014591222879684,-0.008608086302818
E-add,spearman,360000,knight,A-B,0,5,c45381ea256809e530a34a5d,fb72e89d7cfe9fac954a24c4,2000,0.183,1,0.817,3,3,0,359940,377940,18000,359700,359700,0,2428.6265,2976.6075,547.981,2009.1395,2274.2815,265.142,264.8825,398.2895,133.407,389.1175,255.7105,-133.407,0.043178626993388,0.037851616658729,-0.005327010334659
E-add,spearman,360000,knight,A-B,5,10,fb72e89d7cfe9fac954a24c4,b5169aecebb4aaea9643e44a,2000,1,1,0,3,3,0,377940,395940,18000,359700,359700,0,2976.6075,3479.758,503.1505,2274.2815,2278.893,4.6115,398.2895,554.6845,156.395,255.7105,99.3155,-156.395,0.037851616658729,0.032967924432995,-0.004883692225734
E-add,spearman,360000,knight,A-B,10,20,b5169aecebb4aaea9643e44a,f98908c56b7a368bdaeb8a48,2000,1,1,0,3,3,0,395940,431940,36000,359700,359700,0,3479.758,4250.897,771.139,2278.893,2029.8365,-249.0565,554.6845,654,99.3155,99.3155,0,-99.3155,0.032967924432995,0.025492279020234,-0.007475645412761
E-add,spearman,360000,knight,A-B,20,35,f98908c56b7a368bdaeb8a48,0d262c54fde9aa38c45c64f6,2000,1,1,0,3,3,0,431940,485940,54000,359700,359700,0,4250.897,4959.9905,709.0935,2029.8365,1622.1975,-407.639,654,654,0,0,0,0,0.025492279020234,0.018570183561757,-0.006922095458477
E-add,spearman,360000,knight,A-B,35,50,0d262c54fde9aa38c45c64f6,a1114d0dc7fe2789dc368bbb,2000,1,1,0,3,3,0,485940,539940,54000,359700,359700,0,4959.9905,5377.606,417.6155,1622.1975,1323.39,-298.8075,654,654,0,0,0,0,0.018570183561757,0.014503268881728,-0.004066914680029
E-add,spearman,360000,knight,A-B,50,100,a1114d0dc7fe2789dc368bbb,496906ed637a60fea87ab04d,2000,1,1,0,3,2,-1,539940,719940,180000,359700,359700,0,5377.606,4008.2815,-1369.3245,1323.39,552.903,-770.487,654,513.0595,-140.9405,0,140.9405,140.9405,0.014503268881728,0.0055359335500181,-0.0089673353317099
E-add,spearman,360000,knight,B-A,0,5,c45381ea256809e530a34a5d,fb72e89d7cfe9fac954a24c4,2000,1,1,0,2,2,0,359940,377940,18000,359700,359700,0,1018.6605,1639.5695,620.909,2540.053,2327.07,-212.983,654,654,0,0,0,0,0.034626507195644,0.028616301529343,-0.006010205666301
E-add,spearman,360000,knight,B-A,5,10,fb72e89d7cfe9fac954a24c4,b5169aecebb4aaea9643e44a,2000,1,1,0,2,2,0,377940,395940,18000,359700,359700,0,1639.5695,2118.348,478.7785,2327.07,2064.499,-262.571,654,654,0,0,0,0,0.028616301529343,0.023949828256807,-0.004666473272536
E-add,spearman,360000,knight,B-A,10,20,b5169aecebb4aaea9643e44a,f98908c56b7a368bdaeb8a48,2000,1,1,0,2,2,0,395940,431940,36000,359700,359700,0,2118.348,2754.514,636.166,2064.499,1625.656,-438.843,654,654,0,0,0,0,0.023949828256807,0.017766043894985,-0.006183784361822
E-add,spearman,360000,knight,B-A,20,35,f98908c56b7a368bdaeb8a48,0d262c54fde9aa38c45c64f6,2000,1,1,0,2,2,0,431940,485940,54000,359700,359700,0,2754.514,3279.5265,525.0125,1625.656,1204.6525,-421.0035,654,654,0,0,0,0,0.017766043894985,0.012635572292876,-0.005130471602109
E-add,spearman,360000,knight,B-A,35,50,0d262c54fde9aa38c45c64f6,a1114d0dc7fe2789dc368bbb,2000,1,1,0,2,2,0,485940,539940,54000,359700,359700,0,3279.5265,3573.054,293.5275,1204.6525,950.113,-254.5395,654,654,0,0,0,0,0.012635572292876,0.0097852353965255,-0.0028503368963505
E-add,spearman,360000,knight,B-A,50,100,a1114d0dc7fe2789dc368bbb,496906ed637a60fea87ab04d,2000,1,1,0,2,2,0,539940,719940,180000,359700,359700,0,3573.054,4007.9965,434.9425,950.113,552.866,-397.247,654,654,0,0,0,0,0.0097852353965255,0.0055354960135567,-0.0042497393829688
E-add,spearman,360000,soldier,A-B,0,5,622a2253c3746b18433c41e5,b031fce08132b515642c0acb,2000,0.6715,1,0.3285,20,20,0,359940,377940,18000,360000,360000,0,1386.3335,2239.086,852.7525,3755.559,4702.0495,946.4905,9896.245,10706.08,809.835,20824.683,20443.7425,-380.9405,0.050015947102295,0.049996110493729,-1.9836608565998E-5
E-add,spearman,360000,soldier,A-B,5,10,b031fce08132b515642c0acb,35822d63f6dc686ed88e5df3,2000,1,0,-1,20,12.001,-7.999,377940,395940,18000,360000,360000,0,2239.086,3172.8385,933.7525,4702.0495,4956.178,254.1285,10706.08,3616.745,-7089.335,20443.7425,21466.894,1023.1515,0.049996110493729,0.044489354447644,-0.005506756046085
E-add,spearman,360000,soldier,A-B,10,20,35822d63f6dc686ed88e5df3,bf07e8fd1a132c5970586859,2000,0,0,0,12.001,13.1045,1.1035,395940,431940,36000,360000,360000,0,3172.8385,4456.6595,1283.821,4956.178,5870.0595,913.8815,3616.745,5791.316,2174.571,21466.894,21859.544,392.65,0.044489354447644,0.033317706162893,-0.011171648284751
E-add,spearman,360000,soldier,A-B,20,35,bf07e8fd1a132c5970586859,38b0c60d9604635d95c6a8bf,2000,0,1,1,13.1045,16.6785,3.574,431940,485940,54000,360000,360000,0,4456.6595,5305.337,848.6775,5870.0595,9131.0945,3261.035,5791.316,13691.863,7900.547,21859.544,18729.4995,-3130.0445,0.033317706162893,0.028238784623616,-0.005078921539277
E-add,spearman,360000,soldier,A-B,35,50,38b0c60d9604635d95c6a8bf,06085ddada4f9428eb818b9b,2000,1,1,0,16.6785,14.9825,-1.696,485940,539940,54000,360000,360000,0,5305.337,2772.4705,-2532.8665,9131.0945,14222.894,5091.7995,13691.863,14360.634,668.771,18729.4995,18376.4305,-353.069,0.028238784623616,0.020148210912324,-0.008090573711292
E-add,spearman,360000,soldier,A-B,50,100,06085ddada4f9428eb818b9b,2f9326f346490c2f3ed486ad,2000,1,1,0,14.9825,11,-3.9825,539940,719940,180000,360000,360000,0,2772.4705,295.614,-2476.8565,14222.894,21233.9425,7011.0485,14360.634,13785.0975,-575.5365,18376.4305,19094.851,718.4205,0.020148210912324,0.015139032419368,-0.005009178492956
E-add,spearman,360000,soldier,B-A,0,5,622a2253c3746b18433c41e5,b031fce08132b515642c0acb,2000,1,1,0,13,12.975,-0.025,359940,377940,18000,360000,360000,0,0,1721.3765,1721.3765,5116.7555,4994.8335,-121.922,13411.287,14166.726,755.439,13283.3105,13065.609,-217.7015,0.049749805523143,0.047915171720379,-0.001834633802764
E-add,spearman,360000,soldier,B-A,5,10,b031fce08132b515642c0acb,35822d63f6dc686ed88e5df3,2000,1,1,0,12.975,12,-0.975,377940,395940,18000,360000,360000,0,1721.3765,2797.9325,1076.556,4994.8335,4790.169,-204.6645,14166.726,13476.6505,-690.0755,13065.609,13268.6805,203.0715,0.047915171720379,0.039847805223014,-0.008067366497365
E-add,spearman,360000,soldier,B-A,10,20,35822d63f6dc686ed88e5df3,bf07e8fd1a132c5970586859,2000,1,1,0,12,11,-1,395940,431940,36000,360000,360000,0,2797.9325,2408.703,-389.2295,4790.169,6275.57,1485.401,13476.6505,13762.27,285.6195,13268.6805,13299.3955,30.715,0.039847805223014,0.022026369403158,-0.017821435819856
E-add,spearman,360000,soldier,B-A,20,35,bf07e8fd1a132c5970586859,38b0c60d9604635d95c6a8bf,2000,1,1,0,11,10,-1,431940,485940,54000,360000,360000,0,2408.703,1099.9775,-1308.7255,6275.57,10211.962,3936.392,13762.27,14272.733,510.463,13299.3955,13450.178,150.7825,0.022026369403158,0.014404957402148,-0.00762141200101
E-add,spearman,360000,soldier,B-A,35,50,38b0c60d9604635d95c6a8bf,06085ddada4f9428eb818b9b,2000,1,1,0,10,9,-1,485940,539940,54000,360000,360000,0,1099.9775,452.124,-647.8535,10211.962,12926.3175,2714.3555,14272.733,13919.4145,-353.3185,13450.178,13924.714,474.536,0.014404957402148,0.013123735970663,-0.001281221431485
E-add,spearman,360000,soldier,B-A,50,100,06085ddada4f9428eb818b9b,2f9326f346490c2f3ed486ad,2000,1,1,0,9,7,-2,539940,719940,180000,360000,360000,0,452.124,38.3655,-413.7585,12926.3175,15603.293,2676.9755,13919.4145,13006.4645,-912.95,13924.714,15543.9145,1619.2005,0.013123735970663,0.010897915104036,-0.002225820866627
E-add,spearman,360000,spearman,A-B,0,5,bc729ce861a1e4e74ac8c3b7,10369ec46c8c095ce20643b7,2000,0,0,0,7,7,0,359940,377940,18000,359940,359940,0,2557.2425,2982.2215,424.979,2532.149,3683.0175,1150.8685,0,0.0745,0.0745,4502.943,4651.6975,148.7545,0.049523531699728,0.047527610202678,-0.00199592149705
E-add,spearman,360000,spearman,A-B,5,10,10369ec46c8c095ce20643b7,d8e7b0b1c7cd3d66441d2a11,2000,0,0,0,7,6.987,-0.013,377940,395940,18000,359940,359940,0,2982.2215,3696.928,714.7065,3683.0175,4278.4,595.3825,0.0745,0.1655,0.091,4651.6975,4744.2325,92.535,0.047527610202678,0.043728999343335,-0.003798610859343
E-add,spearman,360000,spearman,A-B,10,20,d8e7b0b1c7cd3d66441d2a11,6b65e3edb9fc3a3e734a88b3,2000,0,0,0,6.987,7,0.013,395940,431940,36000,359940,359940,0,3696.928,4787.856,1090.928,4278.4,5088.896,810.496,0.1655,0.4595,0.294,4744.2325,4884.7915,140.559,0.043728999343335,0.03408388896606,-0.009645110377275
E-add,spearman,360000,spearman,A-B,20,35,6b65e3edb9fc3a3e734a88b3,71ae0e8dd5bfff9d79c9e983,2000,0,0,0,7,8.5635,1.5635,431940,485940,54000,359940,359940,0,4787.856,6877.156,2089.3,5088.896,6649.6995,1560.8035,0.4595,83.7115,83.252,4884.7915,5020.8705,136.079,0.03408388896606,0.030066139852657,-0.004017749113403
E-add,spearman,360000,spearman,A-B,35,50,71ae0e8dd5bfff9d79c9e983,9c036e7ef84e66cf6cdfbbdc,2000,0,0,0,8.5635,10.0005,1.437,485940,539940,54000,359940,359940,0,6877.156,8342.602,1465.446,6649.6995,8544.0085,1894.309,83.7115,866.1835,782.472,5020.8705,4272.4675,-748.403,0.030066139852657,0.027449957402674,-0.002616182449983
E-add,spearman,360000,spearman,A-B,50,100,9c036e7ef84e66cf6cdfbbdc,0ccb03b676b321523803920b,2000,0,1,1,10.0005,9,-1.0005,539940,719940,180000,359940,359940,0,8342.602,5181.541,-3161.061,8544.0085,13790.287,5246.2785,866.1835,2731.2395,1865.056,4272.4675,2410.583,-1861.8845,0.027449957402674,0.016273883934772,-0.011176073467902
E-add,spearman,360000,spearman,B-A,0,5,bc729ce861a1e4e74ac8c3b7,10369ec46c8c095ce20643b7,2000,1,1,0,7,7,0,359940,377940,18000,359940,359940,0,0,1212.364,1212.364,4503.942,4020.8805,-483.0615,2558.4835,2561.0625,2.5790000000002,2529.849,2536.589,6.7399999999998,0.043788895371451,0.034397748319839,-0.009391147051612
E-add,spearman,360000,spearman,B-A,5,10,10369ec46c8c095ce20643b7,d8e7b0b1c7cd3d66441d2a11,2000,1,1,0,7,7,0,377940,395940,18000,359940,359940,0,1212.364,1703.559,491.195,4020.8805,4157.149,136.2685,2561.0625,2577.368,16.3055,2536.589,2529.741,-6.848,0.034397748319839,0.025845923624792,-0.008551824695047
E-add,spearman,360000,spearman,B-A,10,20,d8e7b0b1c7cd3d66441d2a11,6b65e3edb9fc3a3e734a88b3,2000,1,1,0,7,7,0,395940,431940,36000,359940,359940,0,1703.559,1665.897,-37.662,4157.149,5709.9675,1552.8185,2577.368,2702.743,125.375,2529.741,2419.481,-110.26,0.025845923624792,0.016812450803352,-0.00903347282144
E-add,spearman,360000,spearman,B-A,20,35,6b65e3edb9fc3a3e734a88b3,71ae0e8dd5bfff9d79c9e983,2000,1,1,0,7,7,0,431940,485940,54000,359940,359940,0,1665.897,1181.7135,-484.1835,5709.9675,8349.995,2640.0275,2702.743,3181.9345,479.1915,2419.481,1953.1175,-466.3635,0.016812450803352,0.012780230069556,-0.004032220733796
E-add,spearman,360000,spearman,B-A,35,50,71ae0e8dd5bfff9d79c9e983,9c036e7ef84e66cf6cdfbbdc,2000,1,1,0,7,6,-1,485940,539940,54000,359940,359940,0,1181.7135,585.3375,-596.376,8349.995,9791.684,1441.689,3181.9345,2020.0935,-1161.841,1953.1175,3100.033,1146.9155,0.012780230069556,0.010549570322628,-0.002230659746928
E-add,spearman,360000,spearman,B-A,50,100,9c036e7ef84e66cf6cdfbbdc,0ccb03b676b321523803920b,2000,1,1,0,6,5.998,-0.0019999999999998,539940,719940,180000,359940,359940,0,585.3375,207.544,-377.7935,9791.684,12526.071,2734.387,2020.0935,3850.0645,1829.971,3100.033,1290.7675,-1809.2655,0.010549570322628,0.0089785884934856,-0.0015709818291424
E-replace,archer,12000,archer,A-B,0,5,dc76c060ad79c1858b143732,c52f285c29dac12acfd50b02,2000,1,1,0,2.008,2.087,0.079,11970,11940,-30,11970,11970,0,0.8695,38.9,38.0305,170.1305,183.099,12.9685,97.458,89.469,-7.989,73.542,81.5195,7.9775,0.049804093567251,0.050006700167504,0.000202606600253
E-replace,archer,12000,archer,A-B,5,10,c52f285c29dac12acfd50b02,7f04aab635100385d9b38155,2000,1,1,0,2.087,2.28,0.193,11940,11980,40,11970,11970,0,38.9,44.522,5.622,183.099,229.3535,46.2545,89.469,100.871,11.402,81.5195,70.1235,-11.396,0.050006700167504,0.049785893155259,-0.000220807012245
E-replace,archer,12000,archer,A-B,10,20,7f04aab635100385d9b38155,f297edf9061e8d80b0c0b060,2000,1,1,0,2.28,2.8375,0.5575,11980,11990,10,11970,11970,0,44.522,73.955,29.433,229.3535,294.415,65.0615,100.871,153.8775,53.0065,70.1235,17.122,-53.0015,0.049785893155259,0.048746455379483,-0.001039437775776
E-replace,archer,12000,archer,A-B,20,35,f297edf9061e8d80b0c0b060,6a021f45cdae4fd8a21640d6,2000,1,1,0,2.8375,3,0.1625,11990,11970,-20,11970,11970,0,73.955,65.4715,-8.4835,294.415,413.9955,119.5805,153.8775,140.312,-13.5655,17.122,30.6695,13.5475,0.048746455379483,0.045010442773601,-0.003736012605882
E-replace,archer,12000,archer,A-B,35,50,6a021f45cdae4fd8a21640d6,008c6dca3d94495af297718b,2000,1,1,0,3,3.0105,0.0105,11970,11950,-20,11970,11970,0,65.4715,50.1805,-15.291,413.9955,512.023,98.0275,140.312,89.0235,-51.2885,30.6695,81.157,50.4875,0.045010442773601,0.040976987447699,-0.004033455325902
E-replace,archer,12000,archer,A-B,50,65,008c6dca3d94495af297718b,cde42ae71b081c3a8bbfcaae,2000,1,1,0,3.0105,3.9785,0.968,11950,12000,50,11970,11970,0,50.1805,87.772,37.5915,512.023,589.997,77.974,89.0235,117.9705,28.947,81.157,52.08,-29.077,0.040976987447699,0.040202916666667,-0.000774070781032
E-replace,archer,12000,archer,A-B,65,80,cde42ae71b081c3a8bbfcaae,cc3af51b162c4efecf4157b4,2000,1,1,0,3.9785,4.94,0.9615,12000,11980,-20,11970,11970,0,87.772,134.402,46.63,589.997,670.9345,80.9375,117.9705,95.8605,-22.11,52.08,73.5875,21.5075,0.040202916666667,0.040584307178631,0.000381390511964
E-replace,archer,12000,archer,A-B,80,90,cc3af51b162c4efecf4157b4,9eb6951b14dc4b4418d6439d,2000,1,1,0,4.94,6.0785,1.1385,11980,11990,10,11970,11970,0,134.402,217.809,83.407,670.9345,711.348,40.4135,95.8605,76.6275,-19.233,73.5875,93.1655,19.578,0.040584307178631,0.042349874895746,0.001765567717115
E-replace,archer,12000,archer,A-B,90,100,9eb6951b14dc4b4418d6439d,0b0d813b67f8095be2fb9e5c,2000,1,0.009,-0.991,6.0785,8.0845,2.006,11990,12000,10,11970,11970,0,217.809,459.804,241.995,711.348,647.534,-63.814,76.6275,31.169,-45.4585,93.1655,139.0925,45.927,0.042349874895746,0.039724166666667,-0.002625708229079
E-replace,archer,12000,archer,B-A,0,5,dc76c060ad79c1858b143732,c52f285c29dac12acfd50b02,2000,0,0.0005,0.0005,2.0075,2.0275,0.02,11970,11940,-30,11970,11970,0,97.39,102.0625,4.6725,73.61,119.9355,46.3255,0.8195,7.2985,6.479,170.1805,163.691,-6.4895,0.050093567251462,0.050369346733668,0.00027577948220599
E-replace,archer,12000,archer,B-A,5,10,c52f285c29dac12acfd50b02,7f04aab635100385d9b38155,2000,0.0005,0,-0.0005,2.0275,2,-0.0275,11940,11980,40,11970,11970,0,102.0625,124.522,22.4595,119.9355,149.312,29.3765,7.2985,7.5155,0.217,163.691,163.479,-0.21199999999999,0.050369346733668,0.049817195325543,-0.000552151408125
E-replace,archer,12000,archer,B-A,10,20,7f04aab635100385d9b38155,f297edf9061e8d80b0c0b060,2000,0,0.0805,0.0805,2,2.083,0.083,11980,11990,10,11970,11970,0,124.522,161.234,36.712,149.312,200.6685,51.3565,7.5155,14.3875,6.872,163.479,156.602,-6.877,0.049817195325543,0.047064637197665,-0.002752558127878
E-replace,archer,12000,archer,B-A,20,35,f297edf9061e8d80b0c0b060,6a021f45cdae4fd8a21640d6,2000,0.0805,0.0515,-0.029,2.083,3,0.917,11990,11970,-20,11970,11970,0,161.234,286.6455,125.4115,200.6685,218.0885,17.42,14.3875,40.088,25.7005,156.602,130.8895,-25.7125,0.047064637197665,0.046395989974937,-0.000668647222728
E-replace,archer,12000,archer,B-A,35,50,6a021f45cdae4fd8a21640d6,008c6dca3d94495af297718b,2000,0.0515,0.0335,-0.018,3,3.0345,0.0345,11970,11950,-20,11970,11970,0,286.6455,275.211,-11.4345,218.0885,308.505,90.4165,40.088,8.6435,-31.4445,130.8895,161.4985,30.609,0.046395989974937,0.040170292887029,-0.006225697087908
E-replace,archer,12000,archer,B-A,50,65,008c6dca3d94495af297718b,cde42ae71b081c3a8bbfcaae,2000,0.0335,0.002,-0.0315,3.0345,3.9995,0.965,11950,12000,50,11970,11970,0,275.211,413.3435,138.1325,308.505,320.7655,12.2605,8.6435,35.7025,27.059,161.4985,133.3515,-28.147,0.040170292887029,0.040825,0.000654707112971
E-replace,archer,12000,archer,B-A,65,80,cde42ae71b081c3a8bbfcaae,cc3af51b162c4efecf4157b4,2000,0.002,0,-0.002,3.9995,4.0245,0.025,12000,11980,-20,11970,11970,0,413.3435,388.027,-25.3165,320.7655,407.194,86.4285,35.7025,13.3215,-22.381,133.3515,149.0115,15.66,0.040825,0.036108514190317,-0.004716485809683
E-replace,archer,12000,archer,B-A,80,90,cc3af51b162c4efecf4157b4,9eb6951b14dc4b4418d6439d,2000,0,0,0,4.0245,4.8665,0.842,11980,11990,10,11970,11970,0,388.027,519.352,131.325,407.194,399.0975,-8.0965,13.3215,14.372,1.0505,149.0115,147.864,-1.1475,0.036108514190317,0.037925354462052,0.001816840271735
E-replace,archer,12000,archer,B-A,90,100,9eb6951b14dc4b4418d6439d,0b0d813b67f8095be2fb9e5c,2000,0,0,0,4.8665,5,0.1335,11990,12000,10,11970,11970,0,519.352,522.2335,2.8815000000001,399.0975,450.8755,51.778,14.372,0,-14.372,147.864,160.1375,12.2735,0.037925354462052,0.0360275,-0.001897854462052
E-replace,archer,12000,knight,A-B,0,5,4978011e89a97396e14c8bef,2568eef46542909f54903af0,2000,0.003,0.797,0.794,1.003,1.797,0.794,11970,11940,-30,11550,11550,0,73.7485,131.8815,58.133,0,0,0,0.063,16.7385,16.6755,20.937,4.2615,-16.6755,0.021663742690058,0.0298094639866,0.008145721296542
E-replace,archer,12000,knight,A-B,5,10,2568eef46542909f54903af0,6962bb6fa21c8bf215a86ba3,2000,0.797,1,0.203,1.797,2,0.203,11940,11980,40,11550,11550,0,131.8815,146.908,15.0265,0,0,0,16.7385,21,4.2615,4.2615,0,-4.2615,0.0298094639866,0.026968697829716,-0.002840766156884
E-replace,archer,12000,knight,A-B,10,20,6962bb6fa21c8bf215a86ba3,af0221289ad298759c2a07b7,2000,1,1,0,2,2,0,11980,11990,10,11550,11550,0,146.908,146.804,-0.10400000000001,0,0,0,21,20.9975,-0.0025000000000013,0,0.0025,0.0025,0.026968697829716,0.019769391159299,-0.007199306670417
E-replace,archer,12000,knight,A-B,20,35,af0221289ad298759c2a07b7,c45256160e93e55dc24dae2e,2000,1,1,0,2,2.0215,0.0215,11990,11970,-20,11550,11550,0,146.804,148.0155,1.2115,0,0,0,20.9975,19.22,-1.7775,0.0025,1.78,1.7775,0.019769391159299,0.014141186299081,-0.005628204860218
E-replace,archer,12000,knight,A-B,35,50,c45256160e93e55dc24dae2e,cd262876375705859c517195,2000,1,1,0,2.0215,2.805,0.7835,11970,11950,-20,11550,11550,0,148.0155,198.3215,50.306,0,0,0,19.22,18.982,-0.238,1.78,2.018,0.238,0.014141186299081,0.014707531380753,0.000566345081672
E-replace,archer,12000,knight,A-B,50,65,cd262876375705859c517195,e5bb238495b81abc118ee60e,2000,1,1,0,2.805,3.0105,0.2055,11950,12000,50,11550,11550,0,198.3215,220.166,21.8445,0,0,0,18.982,19.358,0.376,2.018,1.642,-0.376,0.014707531380753,0.013136666666667,-0.001570864714086
E-replace,archer,12000,knight,A-B,65,80,e5bb238495b81abc118ee60e,62874ab07c06f086f5820251,2000,1,1,0,3.0105,3.9995,0.989,12000,11980,-20,11550,11550,0,220.166,289.338,69.172,0,0,0,19.358,19.2475,-0.1105,1.642,1.7525,0.1105,0.013136666666667,0.014615191986644,0.001478525319977
E-replace,archer,12000,knight,A-B,80,90,62874ab07c06f086f5820251,fca4551ea21553f9327d6694,2000,1,1,0,3.9995,4.9655,0.966,11980,11990,10,11550,11550,0,289.338,355.797,66.459,0,0,0,19.2475,17.615,-1.6325,1.7525,3.385,1.6325,0.014615191986644,0.016248123436197,0.001632931449553
E-replace,archer,12000,knight,A-B,90,100,fca4551ea21553f9327d6694,397711b4a7d6737052eb7b1f,2000,1,0.102,-0.898,4.9655,6.037,1.0715,11990,12000,10,11550,11550,0,355.797,442.797,87,0,0,0,17.615,2.8075,-14.8075,3.385,18.1925,14.8075,0.016248123436197,0.018445,0.002196876563803
E-replace,archer,12000,knight,B-A,0,5,4978011e89a97396e14c8bef,2568eef46542909f54903af0,2000,0.001,0.0905,0.0895,1.003,1.797,0.794,11970,11940,-30,11550,11550,0,73.7485,131.962,58.2135,0,0,0,0.041,5.2465,5.2055,20.959,15.7535,-5.2055,0.021663742690058,0.029832914572864,0.008169171882806
E-replace,archer,12000,knight,B-A,5,10,2568eef46542909f54903af0,6962bb6fa21c8bf215a86ba3,2000,0.0905,0.1455,0.055,1.797,2,0.203,11940,11980,40,11550,11550,0,131.962,146.916,14.954,0,0,0,5.2465,5.966,0.7195,15.7535,15.034,-0.7195,0.029832914572864,0.026965776293823,-0.002867138279041
E-replace,archer,12000,knight,B-A,10,20,6962bb6fa21c8bf215a86ba3,af0221289ad298759c2a07b7,2000,0.1455,0.1025,-0.043,2,2.0095,0.0095000000000001,11980,11990,10,11550,11550,0,146.916,147.4835,0.5675,0,0,0,5.966,3.1115,-2.8545,15.034,17.8885,2.8545,0.026965776293823,0.019839449541284,-0.007126326752539
E-replace,archer,12000,knight,B-A,20,35,af0221289ad298759c2a07b7,c45256160e93e55dc24dae2e,2000,0.1025,1,0.8975,2.0095,2.9965,0.987,11990,11970,-20,11550,11550,0,147.4835,217.95,70.4665,0,0,0,3.1115,20.9365,17.825,17.8885,0.0635,-17.825,0.019839449541284,0.02083918128655,0.000999731745266
E-replace,archer,12000,knight,B-A,35,50,c45256160e93e55dc24dae2e,cd262876375705859c517195,2000,1,0.999,-0.001,2.9965,3.0485,0.052,11970,11950,-20,11550,11550,0,217.95,222.721,4.771,0,0,0,20.9365,17.0735,-3.863,0.0635,3.9265,3.863,0.02083918128655,0.016483263598326,-0.004355917688224
E-replace,archer,12000,knight,B-A,50,65,cd262876375705859c517195,e5bb238495b81abc118ee60e,2000,0.999,1,0.001,3.0485,3.955,0.9065,11950,12000,50,11550,11550,0,222.721,282.8485,60.1275,0,0,0,17.0735,20.3745,3.301,3.9265,0.6255,-3.301,0.016483263598326,0.016971666666667,0.000488403068341
E-replace,archer,12000,knight,B-A,65,80,e5bb238495b81abc118ee60e,62874ab07c06f086f5820251,2000,1,0.9995,-0.00049999999999994,3.955,4.679,0.724,12000,11980,-20,11550,11550,0,282.8485,333.9425,51.094,0,0,0,20.3745,17.449,-2.9255,0.6255,3.551,2.9255,0.016971666666667,0.016890651085142,-8.1015581524999E-5
E-replace,archer,12000,knight,B-A,80,90,62874ab07c06f086f5820251,fca4551ea21553f9327d6694,2000,0.9995,0.971,-0.0285,4.679,5.388,0.709,11980,11990,10,11550,11550,0,333.9425,387.7165,53.774,0,0,0,17.449,14.965,-2.484,3.551,6.035,2.484,0.016890651085142,0.017723102585488,0.000832451500346
E-replace,archer,12000,knight,B-A,90,100,fca4551ea21553f9327d6694,397711b4a7d6737052eb7b1f,2000,0.971,0.102,-0.869,5.388,6.037,0.649,11990,12000,10,11550,11550,0,387.7165,442.797,55.0805,0,0,0,14.965,2.8075,-12.1575,6.035,18.1925,12.1575,0.017723102585488,0.018445,0.000721897414512
E-replace,archer,12000,soldier,A-B,0,5,d0f67b1cf3273001866b3b20,491515ba4b8012674ebd6d49,2000,1,1,0,5,5.003,0.0030000000000001,11970,11940,-30,12000,12000,0,0,10.6935,10.6935,160.2085,177.744,17.5355,523.1665,476.77,-46.3965,450.1985,472.1515,21.953,0.046751461988304,0.040548157453936,-0.006203304534368
E-replace,archer,12000,soldier,A-B,5,10,491515ba4b8012674ebd6d49,d42d4337d3b4ca30c6256442,2000,1,1,0,5.003,5.2025,0.1995,11940,11980,40,12000,12000,0,10.6935,12.211,1.5175,177.744,204.652,26.908,476.77,470.6585,-6.1115,472.1515,476.5635,4.412,0.040548157453936,0.035325542570952,-0.005222614882984
E-replace,archer,12000,soldier,A-B,10,20,d42d4337d3b4ca30c6256442,d5ced1da5e54ca2604d6f6b0,2000,1,1,0,5.2025,5.999,0.7965,11980,11990,10,12000,12000,0,12.211,14.0785,1.8675,204.652,269.397,64.745,470.6585,497.4495,26.791,476.5635,481.429,4.8655,0.035325542570952,0.030522935779817,-0.004802606791135
E-replace,archer,12000,soldier,A-B,20,35,d5ced1da5e54ca2604d6f6b0,c190fcc10b4b39b95dc33fe9,2000,1,1,0,5.999,7.0045,1.0055,11990,11970,-20,12000,12000,0,14.0785,14.4455,0.367,269.397,367.9195,98.5225,497.4495,468.939,-28.5105,481.429,513.8455,32.4165,0.030522935779817,0.027884711779449,-0.002638224000368
E-replace,archer,12000,soldier,A-B,35,50,c190fcc10b4b39b95dc33fe9,d77bbd31886ed7e4bbcfb7ac,2000,1,1,0,7.0045,8.861,1.8565,11970,11950,-20,12000,12000,0,14.4455,21.5885,7.143,367.9195,480.3245,112.405,468.939,483.5015,14.5625,513.8455,535.226,21.3805,0.027884711779449,0.029717573221757,0.001832861442308
E-replace,archer,12000,soldier,A-B,50,65,d77bbd31886ed7e4bbcfb7ac,fc07393a0133e3b5dc4ebb93,2000,1,1,0,8.861,11.0125,2.1515,11950,12000,50,12000,12000,0,21.5885,32.7485,11.16,480.3245,600.172,119.8475,483.5015,458.455,-25.0465,535.226,580.8525,45.6265,0.029717573221757,0.032749583333333,0.003032010111576
E-replace,archer,12000,soldier,A-B,65,80,fc07393a0133e3b5dc4ebb93,e3fab0372b79d60ba1dcfc58,2000,1,1,0,11.0125,15.014,4.0015,12000,11980,-20,12000,12000,0,32.7485,69.539,36.7905,600.172,738.626,138.454,458.455,450.4135,-8.0415,580.8525,627.948,47.0955,0.032749583333333,0.037933639398998,0.005184056065665
E-replace,archer,12000,soldier,A-B,80,90,e3fab0372b79d60ba1dcfc58,8cc58e89a8121010aec2fa56,2000,1,1,0,15.014,19.6695,4.6555,11980,11990,10,12000,12000,0,69.539,140.1715,70.6325,738.626,816.383,77.757,450.4135,442.289,-8.1245,627.948,669.018,41.07,0.037933639398998,0.042427022518766,0.004493383119768
E-replace,archer,12000,soldier,A-B,90,100,8cc58e89a8121010aec2fa56,87982bc49a7f59efdf278c83,2000,1,0.4805,-0.5195,19.6695,20,0.3305,11990,12000,10,12000,12000,0,140.1715,159.737,19.5655,816.383,894.538,78.155,442.289,159.5675,-282.7215,669.018,894.4675,225.4495,0.042427022518766,0.0394925,-0.002934522518766
E-replace,archer,12000,soldier,B-A,0,5,d0f67b1cf3273001866b3b20,491515ba4b8012674ebd6d49,2000,0.993,1,0.007,8.068,8.486,0.418,11970,11940,-30,12000,12000,0,30.6745,56.49,25.8155,139.5535,161.8125,22.259,458.9585,483.3485,24.39,648.382,628.042,-20.34,0.049678362573099,0.04882202680067,-0.000856335772429
E-replace,archer,12000,soldier,B-A,5,10,491515ba4b8012674ebd6d49,d42d4337d3b4ca30c6256442,2000,1,1,0,8.486,8.891,0.405,11940,11980,40,12000,12000,0,56.49,70.9025,14.4125,161.8125,192.9135,31.101,483.3485,507.4385,24.09,628.042,609.8735,-18.1685,0.04882202680067,0.04710225375626,-0.00171977304441
E-replace,archer,12000,soldier,B-A,10,20,d42d4337d3b4ca30c6256442,d5ced1da5e54ca2604d6f6b0,2000,1,1,0,8.891,9.0465,0.1555,11980,11990,10,12000,12000,0,70.9025,66.4625,-4.44,192.9135,274.783,81.8695,507.4385,459.9505,-47.488,609.8735,638.713,28.8395,0.04710225375626,0.041901584653878,-0.005200669102382
E-replace,archer,12000,soldier,B-A,20,35,d5ced1da5e54ca2604d6f6b0,c190fcc10b4b39b95dc33fe9,2000,1,1,0,9.0465,10.041,0.9945,11990,11970,-20,12000,12000,0,66.4625,58.783,-7.6795,274.783,394.525,119.742,459.9505,459.5025,-0.44799999999998,638.713,632.2925,-6.4204999999999,0.041901584653878,0.037091896407686,-0.004809688246192
E-replace,archer,12000,soldier,B-A,35,50,c190fcc10b4b39b95dc33fe9,d77bbd31886ed7e4bbcfb7ac,2000,1,1,0,10.041,11.3375,1.2965,11970,11950,-20,12000,12000,0,58.783,56.738,-2.045,394.525,509.4135,114.8885,459.5025,458.4885,-1.014,632.2925,627.666,-4.6265,0.037091896407686,0.035639330543933,-0.001452565863753
E-replace,archer,12000,soldier,B-A,50,65,d77bbd31886ed7e4bbcfb7ac,fc07393a0133e3b5dc4ebb93,2000,1,1,0,11.3375,13.0605,1.723,11950,12000,50,12000,12000,0,56.738,62.473,5.735,509.4135,624.039,114.6255,458.4885,454.2895,-4.199,627.666,631.07,3.404,0.035639330543933,0.036535416666667,0.000896086122734
E-replace,archer,12000,soldier,B-A,65,80,fc07393a0133e3b5dc4ebb93,e3fab0372b79d60ba1dcfc58,2000,1,1,0,13.0605,16.165,3.1045,12000,11980,-20,12000,12000,0,62.473,90.997,28.524,624.039,743.607,119.568,454.2895,448.459,-5.8305,631.07,646.392,15.322,0.036535416666667,0.039543823038397,0.00300840637173
E-replace,archer,12000,soldier,B-A,80,90,e3fab0372b79d60ba1dcfc58,8cc58e89a8121010aec2fa56,2000,1,1,0,16.165,19.9375,3.7725,11980,11990,10,12000,12000,0,90.997,148.429,57.432,743.607,814.398,70.791,448.459,432.2905,-16.1685,646.392,680.355,33.963,0.039543823038397,0.042746455379483,0.003202632341086
E-replace,archer,12000,soldier,B-A,90,100,8cc58e89a8121010aec2fa56,87982bc49a7f59efdf278c83,2000,1,0.5025,-0.4975,19.9375,20,0.0625,11990,12000,10,12000,12000,0,148.429,159.737,11.308,814.398,894.538,80.14,432.2905,159.5675,-272.723,680.355,894.4675,214.1125,0.042746455379483,0.039685416666667,-0.003061038712816
E-replace,archer,12000,spearman,A-B,0,5,9f364768337c73c6111ac5b3,6e8cf3a086f5bb51c8f7698e,2000,0,0.001,0.001,4.0005,4.0505,0.050000000000001,11970,11940,-30,11970,11970,0,93.5225,94.2915,0.76900000000002,74.645,114.1715,39.5265,0.0845,6.0565,5.972,170.9155,164.934,-5.9815,0.049213450292398,0.047286432160804,-0.001927018131594
E-replace,archer,12000,spearman,A-B,5,10,6e8cf3a086f5bb51c8f7698e,56ce0f5a23f2301461b6911b,2000,0.001,0.091,0.09,4.0505,4.712,0.6615,11940,11980,40,11970,11970,0,94.2915,127.8765,33.585,114.1715,124.1575,9.986,6.0565,36.175,30.1185,164.934,134.8235,-30.1105,0.047286432160804,0.04574040066778,-0.001546031493024
E-replace,archer,12000,spearman,A-B,10,20,56ce0f5a23f2301461b6911b,874c842999c42352170181e1,2000,0.091,0.3805,0.2895,4.712,5.374,0.662,11980,11990,10,11970,11970,0,127.8765,151.2355,23.359,124.1575,169.6275,45.47,36.175,59.5725,23.3975,134.8235,111.427,-23.3965,0.04574040066778,0.041927856547123,-0.003812544120657
E-replace,archer,12000,spearman,A-B,20,35,874c842999c42352170181e1,2b91962b2573864bff949359,2000,0.3805,0.9505,0.57,5.374,6.93,1.556,11990,11970,-20,11970,11970,0,151.2355,207.2275,55.992,169.6275,221.4755,51.848,59.5725,108.316,48.7435,111.427,62.681,-48.746,0.041927856547123,0.040093149540518,-0.001834707006605
E-replace,archer,12000,spearman,A-B,35,50,2b91962b2573864bff949359,c1abc4f7c2950fdd662cf676,2000,0.9505,0.9875,0.037,6.93,7.9975,1.0675,11970,11950,-20,11970,11970,0,207.2275,243.668,36.4405,221.4755,278.0135,56.538,108.316,94.0825,-14.2335,62.681,76.8815,14.2005,0.040093149540518,0.037894979079498,-0.00219817046102
E-replace,archer,12000,spearman,A-B,50,65,c1abc4f7c2950fdd662cf676,a36f30b02405f2dc4c90bef4,2000,0.9875,0.942,-0.0455,7.9975,9.595,1.5975,11950,12000,50,11970,11970,0,243.668,297.7145,54.0465,278.0135,328.6585,50.645,94.0825,81.185,-12.8975,76.8815,89.727,12.8455,0.037894979079498,0.036961666666667,-0.000933312412831
E-replace,archer,12000,spearman,A-B,65,80,a36f30b02405f2dc4c90bef4,0c70be6b5674ad27b0625ff0,2000,0.942,0.082,-0.86,9.595,11.217,1.622,12000,11980,-20,11970,11970,0,297.7145,369.689,71.9745,328.6585,375.16,46.5015,81.185,38.559,-42.626,89.727,132.0825,42.3555,0.036961666666667,0.034095993322204,-0.002865673344463
E-replace,archer,12000,spearman,A-B,80,90,0c70be6b5674ad27b0625ff0,27e29572e5ce962a4f1e4681,2000,0.082,0,-0.082,11.217,12.0905,0.8735,11980,11990,10,11970,11970,0,369.689,408.7745,39.0855,375.16,409.011,33.851,38.559,12.2605,-26.2985,132.0825,158.0035,25.921,0.034095993322204,0.033186405337781,-0.000909587984423
E-replace,archer,12000,spearman,A-B,90,100,27e29572e5ce962a4f1e4681,6fbb074c413fdde0bd456b4c,2000,0,0,0,12.0905,13.038,0.9475,11990,12000,10,11970,11970,0,408.7745,447.59,38.8155,409.011,442.67,33.659,12.2605,0.0385,-12.222,158.0035,169.846,11.8425,0.033186405337781,0.032676666666667,-0.000509738671114
E-replace,archer,12000,spearman,B-A,0,5,9f364768337c73c6111ac5b3,6e8cf3a086f5bb51c8f7698e,2000,0.8985,0.9985,0.1,6.972,7.002,0.029999999999999,11970,11940,-30,11970,11970,0,77.6065,78.7515,1.145,93.048,141.0795,48.0315,111.0755,104.724,-6.3515,59.9245,66.276,6.3515,0.049865497076023,0.049613065326633,-0.00025243174939
E-replace,archer,12000,spearman,B-A,5,10,6e8cf3a086f5bb51c8f7698e,56ce0f5a23f2301461b6911b,2000,0.9985,0.9985,0,7.002,7.024,0.022,11940,11980,40,11970,11970,0,78.7515,82.1865,3.435,141.0795,183.6525,42.573,104.724,92.628,-12.096,66.276,78.372,12.096,0.049613065326633,0.048234557595993,-0.00137850773064
E-replace,archer,12000,spearman,B-A,10,20,56ce0f5a23f2301461b6911b,874c842999c42352170181e1,2000,0.9985,1,0.0014999999999999,7.024,7.6805,0.6565,11980,11990,10,11970,11970,0,82.1865,92.17,9.9835,183.6525,253.813,70.1605,92.628,115.205,22.577,78.372,55.795,-22.577,0.048234557595993,0.045822768974145,-0.002411788621848
E-replace,archer,12000,spearman,B-A,20,35,874c842999c42352170181e1,2b91962b2573864bff949359,2000,1,1,0,7.6805,8.7455,1.065,11990,11970,-20,11970,11970,0,92.17,99.5915,7.4215,253.813,351.431,97.618,115.205,113.4345,-1.7705,55.795,57.5635,1.7685,0.045822768974145,0.042281954887218,-0.003540814086927
E-replace,archer,12000,spearman,B-A,35,50,2b91962b2573864bff949359,c1abc4f7c2950fdd662cf676,2000,1,1,0,8.7455,9.977,1.2315,11970,11950,-20,11970,11970,0,99.5915,109.247,9.6555,351.431,441.6615,90.2305,113.4345,99.2105,-14.224,57.5635,71.783,14.2195,0.042281954887218,0.0401589958159,-0.002122959071318
E-replace,archer,12000,spearman,B-A,50,65,c1abc4f7c2950fdd662cf676,a36f30b02405f2dc4c90bef4,2000,1,1,0,9.977,11.207,1.23,11950,12000,50,11970,11970,0,109.247,116.5015,7.2545,441.6615,528.3305,86.669,99.2105,79.3815,-19.829,71.783,91.607,19.824,0.0401589958159,0.038269583333333,-0.001889412482567
E-replace,archer,12000,spearman,B-A,65,80,a36f30b02405f2dc4c90bef4,0c70be6b5674ad27b0625ff0,2000,1,1,0,11.207,13.998,2.791,12000,11980,-20,11970,11970,0,116.5015,164.676,48.1745,528.3305,614.126,85.7955,79.3815,76.5855,-2.796,91.607,94.3965,2.7895,0.038269583333333,0.03916694490818,0.000897361574847
E-replace,archer,12000,spearman,B-A,80,90,0c70be6b5674ad27b0625ff0,27e29572e5ce962a4f1e4681,2000,1,1,0,13.998,16.8895,2.8915,11980,11990,10,11970,11970,0,164.676,230.954,66.278,614.126,663.0955,48.9695,76.5855,73.3015,-3.284,94.3965,97.6825,3.286,0.03916694490818,0.040663469557965,0.001496524649785
E-replace,archer,12000,spearman,B-A,90,100,27e29572e5ce962a4f1e4681,6fbb074c413fdde0bd456b4c,2000,1,0.5045,-0.4955,16.8895,19.9985,3.109,11990,12000,10,11970,11970,0,230.954,328.353,97.399,663.0955,694.2915,31.196,73.3015,47.3695,-25.932,97.6825,123.616,25.9335,0.040663469557965,0.039314166666667,-0.001349302891298
E-replace,archer,120000,archer,A-B,0,5,5feacc2188c05a019a642231,f2d515ddb8de1fb9dc4049de,2000,1,1,0,2,2,0,119980,119960,-20,119980,119980,0,0,343.634,343.634,1714,1884.366,170.366,963.358,802.815,-160.543,750.642,911.185,160.543,0.050003208868145,0.04998891297099,-1.4295897155001E-5
E-replace,archer,120000,archer,A-B,5,10,f2d515ddb8de1fb9dc4049de,454183610f3b9ce6065bac1a,2000,1,1,0,2,2.032,0.032,119960,119940,-20,119980,119980,0,343.634,238.692,-104.942,1884.366,2503.307,618.941,802.815,713.7145,-89.1005,911.185,1000.2855,89.1005,0.04998891297099,0.049968734367184,-2.0178603806001E-5
E-replace,archer,120000,archer,A-B,10,20,454183610f3b9ce6065bac1a,bffe4e555a8d8d627d5321a2,2000,1,1,0,2.032,3,0.968,119940,119970,30,119980,119980,0,238.692,864.708,626.016,2503.307,2838.5115,335.2045,713.7145,1714,1000.2855,1000.2855,0,-1000.2855,0.049968734367184,0.04906464116029,-0.000904093206894
E-replace,archer,120000,archer,A-B,20,35,bffe4e555a8d8d627d5321a2,53692ab92d5ae2f9618c1b24,2000,1,1,0,3,3,0,119970,119980,10,119980,119980,0,864.708,664.238,-200.47,2838.5115,4142.206,1303.6945,1714,1399.8875,-314.1125,0,314.1125,314.1125,0.04906464116029,0.045241748624771,-0.003822892535519
E-replace,archer,120000,archer,A-B,35,50,53692ab92d5ae2f9618c1b24,bebaac7a488425cbf856f602,2000,1,1,0,3,3,0,119980,119990,10,119980,119980,0,664.238,501.7935,-162.4445,4142.206,5134.1185,991.9125,1399.8875,882.6005,-517.287,314.1125,828.0915,513.979,0.045241748624771,0.041127510625885,-0.004114237998886
E-replace,archer,120000,archer,A-B,50,65,bebaac7a488425cbf856f602,66116d1f9dddb8e2e044174a,2000,1,1,0,3,4,1,119990,120000,10,119980,119980,0,501.7935,897.113,395.3195,5134.1185,5902.6225,768.504,882.6005,1200.5025,317.902,828.0915,509.689,-318.4025,0.041127510625885,0.040486291666667,-0.000641218959218
E-replace,archer,120000,archer,A-B,65,80,66116d1f9dddb8e2e044174a,55d649cc6a70be0e17d9230b,2000,1,1,0,4,5,1,120000,119940,-60,119980,119980,0,897.113,1382.677,485.564,5902.6225,6713.8115,811.189,1200.5025,993.4255,-207.077,509.689,709.9315,200.2425,0.040486291666667,0.040746539936635,0.000260248269968
E-replace,archer,120000,archer,A-B,80,90,55d649cc6a70be0e17d9230b,938f383bca59f8ae4e407f3d,2000,1,1,0,5,6,1,119940,119970,30,119980,119980,0,1382.677,2131.133,748.456,6713.8115,7141.251,427.4395,993.4255,734.234,-259.1915,709.9315,969.153,259.2215,0.040746539936635,0.042299824956239,0.001553285019604
E-replace,archer,120000,archer,A-B,90,100,938f383bca59f8ae4e407f3d,1fa1c1b11f6d1deb4a7bf1bd,2000,1,0,-1,6,8,2,119970,120000,30,119980,119980,0,2131.133,4527.6625,2396.5295,7141.251,6532.627,-608.624,734.234,282.31,-451.924,969.153,1425.8725,456.7195,0.042299824956239,0.039618666666667,-0.002681158289572
E-replace,archer,120000,archer,B-A,0,5,5feacc2188c05a019a642231,f2d515ddb8de1fb9dc4049de,2000,0,0,0,2,2,0,119980,119960,-20,119980,119980,0,963.591,984.997,21.406,750.409,1243.003,492.594,0,43.089,43.089,1714,1670.911,-43.089,0.050052508751459,0.049937687562521,-0.000114821188938
E-replace,archer,120000,archer,B-A,5,10,f2d515ddb8de1fb9dc4049de,454183610f3b9ce6065bac1a,2000,0,0,0,2,2,0,119960,119940,-20,119980,119980,0,984.997,1252.2505,267.2535,1243.003,1489.7485,246.7455,43.089,73.394,30.305,1670.911,1640.606,-30.305,0.049937687562521,0.050018259129565,8.0571567043997E-5
E-replace,archer,120000,archer,B-A,10,20,454183610f3b9ce6065bac1a,bffe4e555a8d8d627d5321a2,2000,0,0,0,2,2,0,119940,119970,30,119980,119980,0,1252.2505,1517.7295,265.479,1489.7485,2095.676,605.9275,73.394,71.698,-1.696,1640.606,1642.302,1.6959999999999,0.050018259129565,0.047097732766525,-0.00292052636304
E-replace,archer,120000,archer,B-A,20,35,bffe4e555a8d8d627d5321a2,53692ab92d5ae2f9618c1b24,2000,0,0,0,2,3,1,119970,119980,10,119980,119980,0,1517.7295,2881.3545,1363.625,2095.676,2178.4495,82.7735,71.698,385.597,313.899,1642.302,1328.403,-313.899,0.047097732766525,0.046531130188365,-0.00056660257816
E-replace,archer,120000,archer,B-A,35,50,53692ab92d5ae2f9618c1b24,bebaac7a488425cbf856f602,2000,0,0,0,3,3,0,119980,119990,10,119980,119980,0,2881.3545,2699.4195,-181.935,2178.4495,3126.713,948.2635,385.597,39.9975,-345.5995,1328.403,1670.31,341.907,0.046531130188365,0.04009179931661,-0.006439330871755
E-replace,archer,120000,archer,B-A,50,65,bebaac7a488425cbf856f602,66116d1f9dddb8e2e044174a,2000,0,0,0,3,4,1,119990,120000,10,119980,119980,0,2699.4195,4157.372,1457.9525,3126.713,3197.301,70.588,39.9975,353.623,313.6255,1670.31,1343.865,-326.445,0.04009179931661,0.041155416666667,0.001063617350057
E-replace,archer,120000,archer,B-A,65,80,66116d1f9dddb8e2e044174a,55d649cc6a70be0e17d9230b,2000,0,0,0,4,4,0,120000,119940,-60,119980,119980,0,4157.372,3854.4225,-302.9495,3197.301,4093.1125,895.8115,353.623,126.9665,-226.6565,1343.865,1499.9355,156.0705,0.041155416666667,0.036175962981491,-0.004979453685176
E-replace,archer,120000,archer,B-A,80,90,55d649cc6a70be0e17d9230b,938f383bca59f8ae4e407f3d,2000,0,0,0,4,4.9995,0.9995,119940,119970,30,119980,119980,0,3854.4225,5455.1075,1600.685,4093.1125,3891.296,-201.8165,126.9665,159.417,32.4505,1499.9355,1475.532,-24.4035,0.036175962981491,0.03886650829374,0.002690545312249
E-replace,archer,120000,archer,B-A,90,100,938f383bca59f8ae4e407f3d,1fa1c1b11f6d1deb4a7bf1bd,2000,0,0,0,4.9995,5,0.00049999999999972,119970,120000,30,119980,119980,0,5455.1075,5247.1365,-207.971,3891.296,4500.8935,609.5975,159.417,0,-159.417,1475.532,1603.9715,128.4395,0.03886650829374,0.036187291666667,-0.002679216627073
E-replace,archer,120000,knight,A-B,0,5,a4494cb8317e1b5ce276377a,10bf29f7ab9d433a1e030f53,2000,0,0.8645,0.8645,1,1.8645,0.8645,119980,119960,-20,119900,119900,0,762.9905,1422.243,659.2525,0,0,0,0,188.461,188.461,218,29.539,-188.461,0.022257001166861,0.031908261087029,0.009651259920168
E-replace,archer,120000,knight,A-B,5,10,10bf29f7ab9d433a1e030f53,5d0af48916d4a34b39c36218,2000,0.8645,1,0.1355,1.8645,2,0.1355,119960,119940,-20,119900,119900,0,1422.243,1525.721,103.478,0,0,0,188.461,218,29.539,29.539,0,-29.539,0.031908261087029,0.027782683008171,-0.004125578078858
E-replace,archer,120000,knight,A-B,10,20,5d0af48916d4a34b39c36218,8ca1b48ad2835737244904b8,2000,1,1,0,2,2,0,119940,119970,30,119900,119900,0,1525.721,1525.761,0.039999999999964,0,0,0,218,218,0,0,0,0,0.027782683008171,0.020195632241394,-0.007587050766777
E-replace,archer,120000,knight,A-B,20,35,8ca1b48ad2835737244904b8,d304b4601e83a7a4e4dc7941,2000,1,1,0,2,2.0005,0.00050000000000017,119970,119980,10,119900,119900,0,1525.761,1526.238,0.47700000000009,0,0,0,218,191.133,-26.867,0,26.867,26.867,0.020195632241394,0.01429317386231,-0.005902458379084
E-replace,archer,120000,knight,A-B,35,50,d304b4601e83a7a4e4dc7941,2ee693c00faf7ca2b204af0d,2000,1,1,0,2.0005,3,0.9995,119980,119990,10,119900,119900,0,1526.238,2281.7165,755.4785,0,0,0,191.133,218,26.867,26.867,0,-26.867,0.01429317386231,0.016596508042337,0.002303334180027
E-replace,archer,120000,knight,A-B,50,65,2ee693c00faf7ca2b204af0d,35492cf502a2010ccba08745,2000,1,1,0,3,3,0,119990,120000,10,119900,119900,0,2281.7165,2289.034,7.3175000000001,0,0,0,218,193.1165,-24.8835,0,24.8835,24.8835,0.016596508042337,0.013601458333333,-0.002995049709004
E-replace,archer,120000,knight,A-B,65,80,35492cf502a2010ccba08745,bcc8910f6e291f93a3235d24,2000,1,1,0,3,4,1,120000,119940,-60,119900,119900,0,2289.034,3050.7425,761.7085,0,0,0,193.1165,191.441,-1.6755,24.8835,26.559,1.6755,0.013601458333333,0.015340753710188,0.001739295376855
E-replace,archer,120000,knight,A-B,80,90,bcc8910f6e291f93a3235d24,d6da4aea715cfdab9367d899,2000,1,0.999,-0.001,4,5.0005,1.0005,119940,119970,30,119900,119900,0,3050.7425,3802.124,751.3815,0,0,0,191.441,155.4945,-35.9465,26.559,62.5055,35.9465,0.015340753710188,0.017369675752271,0.002028922042083
E-replace,archer,120000,knight,A-B,90,100,d6da4aea715cfdab9367d899,f7f63efe2c9c6c893563d3d5,2000,0.999,0,-0.999,5.0005,6,0.9995,119970,120000,30,119900,119900,0,3802.124,4578.001,775.877,0,0,0,155.4945,0.805,-154.6895,62.5055,217.195,154.6895,0.017369675752271,0.019100375,0.001730699247729
E-replace,archer,120000,knight,B-A,0,5,a4494cb8317e1b5ce276377a,10bf29f7ab9d433a1e030f53,2000,0,0,0,1,1.8645,0.8645,119980,119960,-20,119900,119900,0,762.9905,1422.243,659.2525,0,0,0,0,4.7625,4.7625,218,213.2375,-4.7625,0.022257001166861,0.031908261087029,0.009651259920168
E-replace,archer,120000,knight,B-A,5,10,10bf29f7ab9d433a1e030f53,5d0af48916d4a34b39c36218,2000,0,0,0,1.8645,2,0.1355,119960,119940,-20,119900,119900,0,1422.243,1525.721,103.478,0,0,0,4.7625,4.3545,-0.408,213.2375,213.6455,0.40799999999999,0.031908261087029,0.027782683008171,-0.004125578078858
E-replace,archer,120000,knight,B-A,10,20,5d0af48916d4a34b39c36218,8ca1b48ad2835737244904b8,2000,0,0,0,2,2,0,119940,119970,30,119900,119900,0,1525.721,1525.773,0.052000000000135,0,0,0,4.3545,2.0645,-2.29,213.6455,215.9355,2.29,0.027782683008171,0.020194548637159,-0.007588134371012
E-replace,archer,120000,knight,B-A,20,35,8ca1b48ad2835737244904b8,d304b4601e83a7a4e4dc7941,2000,0,1,1,2,3,1,119970,119980,10,119900,119900,0,1525.773,2288.354,762.581,0,0,0,2.0645,218,215.9355,215.9355,0,-215.9355,0.020194548637159,0.02154096516086,0.001346416523701
E-replace,archer,120000,knight,B-A,35,50,d304b4601e83a7a4e4dc7941,2ee693c00faf7ca2b204af0d,2000,1,1,0,3,3.0595,0.0595,119980,119990,10,119900,119900,0,2288.354,2321.384,33.03,0,0,0,218,136.1245,-81.8755,0,81.8755,81.8755,0.02154096516086,0.016875989665805,-0.004664975495055
E-replace,archer,120000,knight,B-A,50,65,2ee693c00faf7ca2b204af0d,35492cf502a2010ccba08745,2000,1,1,0,3.0595,4,0.9405,119990,120000,10,119900,119900,0,2321.384,3048.697,727.313,0,0,0,136.1245,218,81.8755,81.8755,0,-81.8755,0.016875989665805,0.018103,0.001227010334195
E-replace,archer,120000,knight,B-A,65,80,35492cf502a2010ccba08745,bcc8910f6e291f93a3235d24,2000,1,1,0,4,5,1,120000,119940,-60,119900,119900,0,3048.697,3775.3005,726.6035,0,0,0,218,217.9715,-0.028500000000008,0,0.0285,0.0285,0.018103,0.018972486243122,0.000869486243122
E-replace,archer,120000,knight,B-A,80,90,bcc8910f6e291f93a3235d24,d6da4aea715cfdab9367d899,2000,1,0.783,-0.217,5,5.7825,0.7825,119940,119970,30,119900,119900,0,3775.3005,4358.0915,582.791,0,0,0,217.9715,174.2315,-43.74,0.0285,43.7685,43.74,0.018972486243122,0.019914645327999,0.000942159084877
E-replace,archer,120000,knight,B-A,90,100,d6da4aea715cfdab9367d899,f7f63efe2c9c6c893563d3d5,2000,0.783,0,-0.783,5.7825,6,0.2175,119970,120000,30,119900,119900,0,4358.0915,4578.001,219.9095,0,0,0,174.2315,0.805,-173.4265,43.7685,217.195,173.4265,0.019914645327999,0.019100375,-0.000814270327999
E-replace,archer,120000,soldier,A-B,0,5,12f9cd46a5d34ad285ffa518,6e8f39c2bc7205747235322e,2000,1,1,0,5,5,0,119980,119960,-20,120000,120000,0,0,104.241,104.241,1604.0945,1779.8985,175.804,5251.0175,4801.959,-449.0585,4496.6605,4714.0965,217.436,0.046750875145858,0.040409719906636,-0.006341155239222
E-replace,archer,120000,soldier,A-B,5,10,6e8f39c2bc7205747235322e,3928778279058135c97a81fe,2000,1,1,0,5,5.003,0.0030000000000001,119960,119940,-20,120000,120000,0,104.241,105.2215,0.98050000000001,1779.8985,2032.1885,252.29,4801.959,4376.806,-425.153,4714.0965,4910.2995,196.203,0.040409719906636,0.03465315991329,-0.005756559993346
E-replace,archer,120000,soldier,A-B,10,20,3928778279058135c97a81fe,bcaa06de8f8856be62347c3c,2000,1,1,0,5.003,6,0.997,119940,119970,30,120000,120000,0,105.2215,141.3115,36.09,2032.1885,2691.797,659.6085,4376.806,4982.0835,605.2775,4910.2995,4809.61,-100.6895,0.03465315991329,0.030607985329666,-0.004045174583624
E-replace,archer,120000,soldier,A-B,20,35,bcaa06de8f8856be62347c3c,8b3d5274fa3aab4b898de7b8,2000,1,1,0,6,7,1,119970,119980,10,120000,120000,0,141.3115,144.819,3.5075,2691.797,3675.3585,983.5615,4982.0835,4709.035,-273.0485,4809.61,5135.589,325.979,0.030607985329666,0.027915360893482,-0.002692624436184
E-replace,archer,120000,soldier,A-B,35,50,8b3d5274fa3aab4b898de7b8,0f0fa45dd27e7eeb87d4ad96,2000,1,1,0,7,8.995,1.995,119980,119990,10,120000,120000,0,144.819,223.6345,78.8155,3675.3585,4814.229,1138.8705,4709.035,5028.0445,319.0095,5135.589,5266.146,130.557,0.027915360893482,0.029926952246021,0.002011591352539
E-replace,archer,120000,soldier,A-B,50,65,0f0fa45dd27e7eeb87d4ad96,93c833d37552850dbed006bb,2000,1,1,0,8.995,11,2.005,119990,120000,10,120000,120000,0,223.6345,326.4805,102.846,4814.229,5998.2815,1184.0525,5028.0445,4572.828,-455.2165,5266.146,5818.66,552.514,0.029926952246021,0.0326985,0.002771547753979
E-replace,archer,120000,soldier,A-B,65,80,93c833d37552850dbed006bb,c8880b6bd307f241c7a99164,2000,1,1,0,11,15,4,120000,119940,-60,120000,120000,0,326.4805,691.957,365.4765,5998.2815,7381.085,1382.8035,4572.828,4525.5055,-47.3225,5818.66,6268.5775,449.9175,0.0326985,0.037928672669668,0.005230172669668
E-replace,archer,120000,soldier,A-B,80,90,c8880b6bd307f241c7a99164,04a1c1328c195a4f9c1a0b0e,2000,1,1,0,15,19.8575,4.8575,119940,119970,30,120000,120000,0,691.957,1425.425,733.468,7381.085,8159.0215,777.9365,4525.5055,4535.74,10.2345,6268.5775,6610.781,342.2035,0.037928672669668,0.042592481453697,0.004663808784029
E-replace,archer,120000,soldier,A-B,90,100,04a1c1328c195a4f9c1a0b0e,abca63f68f362c7686c849bd,2000,1,0.4955,-0.5045,19.8575,20,0.1425,119970,120000,30,120000,120000,0,1425.425,1595.908,170.483,8159.0215,8945.168,786.1465,4535.74,1595.5725,-2940.1675,6610.781,8944.2845,2333.5035,0.042592481453697,0.039481541666667,-0.00311093978703
E-replace,archer,120000,soldier,B-A,0,5,12f9cd46a5d34ad285ffa518,6e8f39c2bc7205747235322e,2000,1,1,0,8,8.213,0.213,119980,119960,-20,120000,120000,0,282.526,513.8995,231.3735,1425.6385,1672.783,247.1445,4530.462,4531.027,0.5649999999996,6530.4645,6497.022,-33.4425,0.049801341890315,0.04886153717906,-0.000939804711255
E-replace,archer,120000,soldier,B-A,5,10,6e8f39c2bc7205747235322e,3928778279058135c97a81fe,2000,1,1,0,8.213,9,0.787,119960,119940,-20,120000,120000,0,513.8995,723.3205,209.421,1672.783,1921.2815,248.4985,4531.027,5227.9525,696.9255,6497.022,5991.5285,-505.4935,0.04886153717906,0.04739032016008,-0.00147121701898
E-replace,archer,120000,soldier,B-A,10,20,3928778279058135c97a81fe,bcaa06de8f8856be62347c3c,2000,1,1,0,9,9,0,119940,119970,30,120000,120000,0,723.3205,656.0535,-67.267,1921.2815,2751.4975,830.216,5227.9525,4545.545,-682.4075,5991.5285,6426.787,435.2585,0.04739032016008,0.041775610569309,-0.005614709590771
E-replace,archer,120000,soldier,B-A,20,35,bcaa06de8f8856be62347c3c,8b3d5274fa3aab4b898de7b8,2000,1,1,0,9,10,1,119970,119980,10,120000,120000,0,656.0535,578.021,-78.0325,2751.4975,3947.4855,1195.988,4545.545,4582.581,37.036,6426.787,6336.318,-90.469,0.041775610569309,0.037066261043507,-0.004709349525802
E-replace,archer,120000,soldier,B-A,35,50,8b3d5274fa3aab4b898de7b8,0f0fa45dd27e7eeb87d4ad96,2000,1,1,0,10,11.0185,1.0185,119980,119990,10,120000,120000,0,578.021,523.828,-54.193,3947.4855,5088.835,1141.3495,4582.581,4351.1165,-231.4645,6336.318,6432.014,95.696,0.037066261043507,0.035245228769064,-0.001821032274443
E-replace,archer,120000,soldier,B-A,50,65,0f0fa45dd27e7eeb87d4ad96,93c833d37552850dbed006bb,2000,1,1,0,11.0185,13,1.9815,119990,120000,10,120000,120000,0,523.828,615.3795,91.5515,5088.835,6238.8735,1150.0385,4351.1165,4496.1915,145.075,6432.014,6340.023,-91.991,0.035245228769064,0.036416916666667,0.001171687897603
E-replace,archer,120000,soldier,B-A,65,80,93c833d37552850dbed006bb,c8880b6bd307f241c7a99164,2000,1,1,0,13,16.001,3.001,120000,119940,-60,120000,120000,0,615.3795,885.5145,270.135,6238.8735,7432.7815,1193.908,4496.1915,4412.075,-84.1165,6340.023,6513.7175,173.6945,0.036416916666667,0.039339544772386,0.002922628105719
E-replace,archer,120000,soldier,B-A,80,90,c8880b6bd307f241c7a99164,04a1c1328c195a4f9c1a0b0e,2000,1,1,0,16.001,20,3.999,119940,119970,30,120000,120000,0,885.5145,1491.111,605.5965,7432.7815,8142.4665,709.685,4412.075,4372.909,-39.166,6513.7175,6766.281,252.5635,0.039339544772386,0.042845669750771,0.003506124978385
E-replace,archer,120000,soldier,B-A,90,100,04a1c1328c195a4f9c1a0b0e,abca63f68f362c7686c849bd,2000,1,0.4985,-0.5015,20,20,0,119970,120000,30,120000,120000,0,1491.111,1595.908,104.797,8142.4665,8945.168,802.7015,4372.909,1595.5725,-2777.3365,6766.281,8944.2845,2178.0035,0.042845669750771,0.039508041666667,-0.003337628084104
E-replace,archer,120000,spearman,A-B,0,5,ae78cf3097ea26ca734af437,7c0a42d93f61e7b7265bcaec,2000,0,0,0,4,4,0,119980,119960,-20,119980,119980,0,936.7225,911.179,-25.5435,751.3315,1176.5015,425.17,0,28.0285,28.0285,1714,1685.9715,-28.0285,0.04928471411902,0.046679893297766,-0.002604820821254
E-replace,archer,120000,spearman,A-B,5,10,7c0a42d93f61e7b7265bcaec,97bfa10e2cec76440fcdccc6,2000,0,0,0,4,4.971,0.971,119960,119940,-20,119980,119980,0,911.179,1416.2155,505.0365,1176.5015,1161.2195,-15.282,28.0285,455.2105,427.182,1685.9715,1258.7895,-427.182,0.046679893297766,0.046680465232616,5.7193485000079E-7
E-replace,archer,120000,spearman,A-B,10,20,97bfa10e2cec76440fcdccc6,c0e11b1c92735b45ccd5d9c2,2000,0,0.158,0.158,4.971,5.158,0.187,119940,119970,30,119980,119980,0,1416.2155,1421.398,5.1824999999999,1161.2195,1748.208,586.9885,455.2105,420.1355,-35.075,1258.7895,1293.8645,35.075,0.046680465232616,0.041232849879136,-0.00544761535348
E-replace,archer,120000,spearman,A-B,20,35,c0e11b1c92735b45ccd5d9c2,cc3ff26eb325c1e04d353198,2000,0.158,1,0.842,5.158,7,1.842,119970,119980,10,119980,119980,0,1421.398,2132.795,711.397,1748.208,2199.017,450.809,420.1355,1132.343,712.2075,1293.8645,581.657,-712.2075,0.041232849879136,0.040728704784131,-0.000504145095005
E-replace,archer,120000,spearman,A-B,35,50,cc3ff26eb325c1e04d353198,53bc6affd25d788a4b0bb5f3,2000,1,1,0,7,8,1,119980,119990,10,119980,119980,0,2132.795,2468.0995,335.3045,2199.017,2780.849,581.832,1132.343,942.662,-189.681,581.657,771.2395,189.5825,0.040728704784131,0.038318776564714,-0.002409928219417
E-replace,archer,120000,spearman,A-B,50,65,53bc6affd25d788a4b0bb5f3,20e629b95a54fad164c921a1,2000,1,1,0,8,9.963,1.963,119990,120000,10,119980,119980,0,2468.0995,3134.576,666.4765,2780.849,3247.936,467.087,942.662,954.0455,11.3835,771.2395,759.6775,-11.562,0.038318776564714,0.038019958333333,-0.000298818231381
E-replace,archer,120000,spearman,A-B,65,80,20e629b95a54fad164c921a1,1e146cc3a65e207ff637b23a,2000,1,0,-1,9.963,11.003,1.04,120000,119940,-60,119980,119980,0,3134.576,3612.1635,477.5875,3247.936,3780.8785,532.9425,954.0455,338.4,-615.6455,759.6775,1373.1645,613.487,0.038019958333333,0.03365115891279,-0.004368799420543
E-replace,archer,120000,spearman,A-B,80,90,1e146cc3a65e207ff637b23a,7e0fd0ad63f4ce040c559712,2000,0,0,0,11.003,12,0.997,119940,119970,30,119980,119980,0,3612.1635,4058.4535,446.29,3780.8785,4099.5665,318.688,338.4,112.646,-225.754,1373.1645,1595.435,222.2705,0.03365115891279,0.03323168292073,-0.00041947599206
E-replace,archer,120000,spearman,A-B,90,100,7e0fd0ad63f4ce040c559712,5d2fc3e3fd07dafd12170519,2000,0,0,0,12,13,1,119970,120000,30,119980,119980,0,4058.4535,4471.004,412.5505,4099.5665,4426.4855,326.919,112.646,0.0035,-112.6425,1595.435,1705.5605,110.1255,0.03323168292073,0.032694083333333,-0.000537599587397
E-replace,archer,120000,spearman,B-A,0,5,ae78cf3097ea26ca734af437,7c0a42d93f61e7b7265bcaec,2000,1,1,0,7,7,0,119980,119960,-20,119980,119980,0,788.567,787.717,-0.85000000000002,923.32,1420.1375,496.8175,1119.2835,1065.606,-53.6775,594.7165,648.394,53.6775,0.049941073512252,0.049422724241414,-0.000518349270838
E-replace,archer,120000,spearman,B-A,5,10,7c0a42d93f61e7b7265bcaec,97bfa10e2cec76440fcdccc6,2000,1,1,0,7,7,0,119960,119940,-20,119980,119980,0,787.717,824.5065,36.7895,1420.1375,1836.74,416.6025,1065.606,893.5725,-172.0335,648.394,820.4275,172.0335,0.049422724241414,0.048474779056195,-0.000947945185219
E-replace,archer,120000,spearman,B-A,10,20,97bfa10e2cec76440fcdccc6,c0e11b1c92735b45ccd5d9c2,2000,1,1,0,7,7.962,0.962,119940,119970,30,119980,119980,0,824.5065,984.4855,159.979,1836.74,2502.1105,665.3705,893.5725,1402.27,508.6975,820.4275,311.73,-508.6975,0.048474779056195,0.046243269150621,-0.002231509905574
E-replace,archer,120000,spearman,B-A,20,35,c0e11b1c92735b45ccd5d9c2,cc3ff26eb325c1e04d353198,2000,1,1,0,7.962,8.9955,1.0335,119970,119980,10,119980,119980,0,984.4855,1064.057,79.5715,2502.1105,3496.3705,994.26,1402.27,1348.1035,-54.1665,311.73,365.8965,54.1665,0.046243269150621,0.042890356726121,-0.0033529124245
E-replace,archer,120000,spearman,B-A,35,50,cc3ff26eb325c1e04d353198,53bc6affd25d788a4b0bb5f3,2000,1,1,0,8.9955,10,1.0045,119980,119990,10,119980,119980,0,1064.057,1117.503,53.446,3496.3705,4419.9415,923.571,1348.1035,998.58,-349.5235,365.8965,715.4065,349.51,0.042890356726121,0.040411992666056,-0.002478364060065
E-replace,archer,120000,spearman,B-A,50,65,53bc6affd25d788a4b0bb5f3,20e629b95a54fad164c921a1,2000,1,1,0,10,11.0525,1.0525,119990,120000,10,119980,119980,0,1117.503,1146.036,28.533,4419.9415,5288.565,868.6235,998.58,688.881,-309.699,715.4065,1025.0175,309.611,0.040411992666056,0.038348,-0.002063992666056
E-replace,archer,120000,spearman,B-A,65,80,20e629b95a54fad164c921a1,1e146cc3a65e207ff637b23a,2000,1,1,0,11.0525,14,2.9475,120000,119940,-60,119980,119980,0,1146.036,1654.8565,508.8205,5288.565,6147.634,859.069,688.881,760.021,71.14,1025.0175,953.874,-71.1435,0.038348,0.039278430882108,0.000930430882108
E-replace,archer,120000,spearman,B-A,80,90,1e146cc3a65e207ff637b23a,7e0fd0ad63f4ce040c559712,2000,1,1,0,14,17,3,119940,119970,30,119980,119980,0,1654.8565,2349.014,694.1575,6147.634,6628.994,481.36,760.021,751.014,-9.0069999999999,953.874,962.935,9.0609999999999,0.039278430882108,0.040951196132366,0.001672765250258
E-replace,archer,120000,spearman,B-A,90,100,7e0fd0ad63f4ce040c559712,5d2fc3e3fd07dafd12170519,2000,1,0.3975,-0.6025,17,20,3,119970,120000,30,119980,119980,0,2349.014,3299.9845,950.9705,6628.994,6938.9465,309.9525,751.014,462.703,-288.311,962.935,1251.2375,288.3025,0.040951196132366,0.038560458333333,-0.002390737799033
E-replace,archer,360000,archer,A-B,0,5,99f70c12a266555e71e99ecf,90445729a57ad4c8fbbb99d4,2000,1,1,0,2,2,0,359940,359950,10,359940,359940,0,0,1030.958,1030.958,5142,5654.042,512.042,2891.326,2412.8375,-478.4885,2250.674,2729.1625,478.4885,0.050010987942435,0.050015849423531,4.8614810960051E-6
E-replace,archer,360000,archer,A-B,5,10,90445729a57ad4c8fbbb99d4,2389991b569d5681bfe4839d,2000,1,1,0,2,2,0,359950,359960,10,359940,359940,0,1030.958,641.592,-389.366,5654.042,7586.408,1932.366,2412.8375,2038.174,-374.6635,2729.1625,3103.826,374.6635,0.050015849423531,0.050047699744416,3.1850320884999E-5
E-replace,archer,360000,archer,A-B,10,20,2389991b569d5681bfe4839d,4bce9123e3ecc0086bc42da3,2000,1,1,0,2,3,1,359960,359980,20,359940,359940,0,641.592,2590.7155,1949.1235,7586.408,8519.275,932.867,2038.174,5142,3103.826,3103.826,0,-3103.826,0.050047699744416,0.04912189566087,-0.000925804083546
E-replace,archer,360000,archer,A-B,20,35,4bce9123e3ecc0086bc42da3,031142b68f32c84dc3136b6a,2000,1,1,0,3,3,0,359980,359930,-50,359940,359940,0,2590.7155,1992.6715,-598.044,8519.275,12426.2965,3907.0215,5142,4183.5995,-958.4005,0,958.4005,958.4005,0.04912189566087,0.045258161309143,-0.003863734351727
E-replace,archer,360000,archer,A-B,35,50,031142b68f32c84dc3136b6a,f330722e566c2ab2445bfdd6,2000,1,1,0,3,3,0,359930,359970,40,359940,359940,0,1992.6715,1506.2455,-486.426,12426.2965,15401.5945,2975.298,4183.5995,2644.342,-1539.2575,958.4005,2490.26,1531.8595,0.045258161309143,0.041113453898936,-0.004144707410207
E-replace,archer,360000,archer,A-B,50,65,f330722e566c2ab2445bfdd6,b6d81896b105ffdc1a507797,2000,1,1,0,3,4,1,359970,359930,-40,359940,359940,0,1506.2455,2693.213,1186.9675,15401.5945,17705.7995,2304.205,2644.342,3600.4955,956.1535,2490.26,1533.007,-957.253,0.041113453898936,0.040494068291057,-0.000619385607879
E-replace,archer,360000,archer,A-B,65,80,b6d81896b105ffdc1a507797,6fed73d65337db76e6ed267e,2000,1,1,0,4,5,1,359930,359960,30,359940,359940,0,2693.213,4145.1465,1451.9335,17705.7995,20140.9075,2435.108,3600.4955,2993.22,-607.2755,1533.007,2117.613,584.606,0.040494068291057,0.040719135459496,0.000225067168439
E-replace,archer,360000,archer,A-B,80,90,6fed73d65337db76e6ed267e,bf90a836ea5578b8fba22981,2000,1,1,0,5,6,1,359960,359980,20,359940,359940,0,4145.1465,6392.5235,2247.377,20140.9075,21423.197,1282.2895,2993.22,2207.667,-785.553,2117.613,2902.1985,784.5855,0.040719135459496,0.042280154453025,0.001561018993529
E-replace,archer,360000,archer,A-B,90,100,bf90a836ea5578b8fba22981,55bc71d8fe3795ec5ce5b448,2000,1,0,-1,6,8,2,359980,360000,20,359940,359940,0,6392.5235,13585.641,7193.1175,21423.197,19596.4255,-1826.7715,2207.667,847.792,-1359.875,2902.1985,4276.8505,1374.652,0.042280154453025,0.039586,-0.002694154453025
E-replace,archer,360000,archer,B-A,0,5,99f70c12a266555e71e99ecf,90445729a57ad4c8fbbb99d4,2000,0,0,0,2,2,0,359940,359950,10,359940,359940,0,2891.325,2956.0635,64.7385,2250.675,3728.9365,1478.2615,0,129.2925,129.2925,5142,5012.7075,-129.2925,0.050032866588876,0.05005136824559,1.8501656714E-5
E-replace,archer,360000,archer,B-A,5,10,90445729a57ad4c8fbbb99d4,2389991b569d5681bfe4839d,2000,0,0,0,2,2,0,359950,359960,10,359940,359940,0,2956.0635,3756.033,799.9695,3728.9365,4471.967,743.0305,129.2925,219.94,90.6475,5012.7075,4922.06,-90.6475,0.05005136824559,0.050017710301145,-3.3657944445001E-5
E-replace,archer,360000,archer,B-A,10,20,2389991b569d5681bfe4839d,4bce9123e3ecc0086bc42da3,2000,0,0,0,2,2,0,359960,359980,20,359940,359940,0,3756.033,4553.9195,797.8865,4471.967,6286.486,1814.519,219.94,214.7925,-5.1475,4922.06,4927.2075,5.1475,0.050017710301145,0.047164259125507,-0.002853451175638
E-replace,archer,360000,archer,B-A,20,35,4bce9123e3ecc0086bc42da3,031142b68f32c84dc3136b6a,2000,0,0,0,2,3,1,359980,359930,-50,359940,359940,0,4553.9195,8648.288,4094.3685,6286.486,6531.737,245.251,214.7925,1160.1375,945.345,4927.2075,3981.8625,-945.345,0.047164259125507,0.046536798821993,-0.000627460303514
E-replace,archer,360000,archer,B-A,35,50,031142b68f32c84dc3136b6a,f330722e566c2ab2445bfdd6,2000,0,0,0,3,3,0,359930,359970,40,359940,359940,0,8648.288,8098.203,-550.085,6531.737,9381.2965,2849.5595,1160.1375,119.545,-1040.5925,3981.8625,5013.774,1031.9115,0.046536798821993,0.040136261355113,-0.00640053746688
E-replace,archer,360000,archer,B-A,50,65,f330722e566c2ab2445bfdd6,b6d81896b105ffdc1a507797,2000,0,0,0,3,4,1,359970,359930,-40,359940,359940,0,8098.203,12475.5075,4377.3045,9381.2965,9588.2335,206.937,119.545,1060.361,940.816,5013.774,4032.496,-981.278,0.040136261355113,0.041116800488984,0.000980539133871
E-replace,archer,360000,archer,B-A,65,80,b6d81896b105ffdc1a507797,6fed73d65337db76e6ed267e,2000,0,0,0,4,4,0,359930,359960,30,359940,359940,0,12475.5075,11562.897,-912.6105,9588.2335,12280.846,2692.6125,1060.361,382.363,-677.998,4032.496,4499.508,467.012,0.041116800488984,0.036159101011223,-0.004957699477761
E-replace,archer,360000,archer,B-A,80,90,6fed73d65337db76e6ed267e,bf90a836ea5578b8fba22981,2000,0,0,0,4,5,1,359960,359980,20,359940,359940,0,11562.897,16367.093,4804.196,12280.846,11674.548,-606.298,382.363,480.758,98.395,4499.508,4425.1685,-74.3395,0.036159101011223,0.038866548141563,0.00270744713034
E-replace,archer,360000,archer,B-A,90,100,bf90a836ea5578b8fba22981,55bc71d8fe3795ec5ce5b448,2000,0,0,0,5,5,0,359980,360000,20,359940,359940,0,16367.093,15743.9995,-623.0935,11674.548,13499.7895,1825.2415,480.758,0,-480.758,4425.1685,4812.233,387.0645,0.038866548141563,0.036148791666667,-0.002717756474896
E-replace,archer,360000,knight,A-B,0,5,f0eda22f3b11a685074c2778,393162932826414247001eea,2000,0,0.974,0.974,1,1.974,0.974,359940,359950,10,359700,359700,0,2289.009,4517.906,2228.897,0,0,0,0,636.996,636.996,654,17.004,-636.996,0.022297257876313,0.033831393249062,0.011534135372749
E-replace,archer,360000,knight,A-B,5,10,393162932826414247001eea,58cacefa6b102834b22c9bc6,2000,0.974,1,0.026,1.974,2,0.026,359950,359960,10,359700,359700,0,4517.906,4577.4695,59.5635,0,0,0,636.996,654,17.004,17.004,0,-17.004,0.033831393249062,0.027836523502611,-0.005994869746451
E-replace,archer,360000,knight,A-B,10,20,58cacefa6b102834b22c9bc6,c261dd2dc79e4134c5c6f3b5,2000,1,1,0,2,2,0,359960,359980,20,359700,359700,0,4577.4695,4577.3525,-0.11700000000019,0,0,0,654,654,0,0,0,0,0.027836523502611,0.020249041613423,-0.007587481889188
E-replace,archer,360000,knight,A-B,20,35,c261dd2dc79e4134c5c6f3b5,bdd7dbd73b8590cd41e601ff,2000,1,1,0,2,2,0,359980,359930,-50,359700,359700,0,4577.3525,4577.936,0.58349999999973,0,0,0,654,594.526,-59.474,0,59.474,59.474,0.020249041613423,0.014375281304698,-0.005873760308725
E-replace,archer,360000,knight,A-B,35,50,bdd7dbd73b8590cd41e601ff,3c8cf07e28e93e76b3c5a3c4,2000,1,1,0,2,3,1,359930,359970,40,359700,359700,0,4577.936,6861.1885,2283.2525,0,0,0,594.526,654,59.474,59.474,0,-59.474,0.014375281304698,0.016686751673751,0.002311470369053
E-replace,archer,360000,knight,A-B,50,65,3c8cf07e28e93e76b3c5a3c4,365788af7388534aa567e440,2000,1,1,0,3,3,0,359970,359930,-40,359700,359700,0,6861.1885,6867.0845,5.8959999999997,0,0,0,654,598.2605,-55.7395,0,55.7395,55.7395,0.016686751673751,0.013624218598061,-0.00306253307569
E-replace,archer,360000,knight,A-B,65,80,365788af7388534aa567e440,88ab5abfdd00750acb2c88c5,2000,1,1,0,3,4,1,359930,359960,30,359700,359700,0,6867.0845,9155.6975,2288.613,0,0,0,598.2605,602.942,4.6815,55.7395,51.058,-4.6815,0.013624218598061,0.015329981109012,0.001705762510951
E-replace,archer,360000,knight,A-B,80,90,88ab5abfdd00750acb2c88c5,3d0f8aef4131fa64b1d0898c,2000,1,1,0,4,5,1,359960,359980,20,359700,359700,0,9155.6975,11420.5585,2264.861,0,0,0,602.942,467.8865,-135.0555,51.058,186.1135,135.0555,0.015329981109012,0.017344435801989,0.002014454692977
E-replace,archer,360000,knight,A-B,90,100,3d0f8aef4131fa64b1d0898c,a5e16e2cbf0b5a6ccf781ae0,2000,1,0,-1,5,6,1,359980,360000,20,359700,359700,0,11420.5585,13734.0145,2313.456,0,0,0,467.8865,0.881,-467.0055,186.1135,653.119,467.0055,0.017344435801989,0.019087388888889,0.0017429530869
E-replace,archer,360000,knight,B-A,0,5,f0eda22f3b11a685074c2778,393162932826414247001eea,2000,0,0,0,1,1.974,0.974,359940,359950,10,359700,359700,0,2289.009,4517.906,2228.897,0,0,0,0,7.0705,7.0705,654,646.9295,-7.0705,0.022297257876313,0.033831393249062,0.011534135372749
E-replace,archer,360000,knight,B-A,5,10,393162932826414247001eea,58cacefa6b102834b22c9bc6,2000,0,0,0,1.974,2,0.026,359950,359960,10,359700,359700,0,4517.906,4577.4695,59.5635,0,0,0,7.0705,6.919,-0.1515,646.9295,647.081,0.15150000000006,0.033831393249062,0.027836523502611,-0.005994869746451
E-replace,archer,360000,knight,B-A,10,20,58cacefa6b102834b22c9bc6,c261dd2dc79e4134c5c6f3b5,2000,0,0,0,2,2,0,359960,359980,20,359700,359700,0,4577.4695,4577.3525,-0.11700000000019,0,0,0,6.919,2.33,-4.589,647.081,651.67,4.5889999999999,0.027836523502611,0.020249041613423,-0.007587481889188
E-replace,archer,360000,knight,B-A,20,35,c261dd2dc79e4134c5c6f3b5,bdd7dbd73b8590cd41e601ff,2000,0,1,1,2,3,1,359980,359930,-50,359700,359700,0,4577.3525,6866.471,2289.1185,0,0,0,2.33,654,651.67,651.67,0,-651.67,0.020249041613423,0.02157952935293,0.001330487739507
E-replace,archer,360000,knight,B-A,35,50,bdd7dbd73b8590cd41e601ff,3c8cf07e28e93e76b3c5a3c4,2000,1,1,0,3,3.008,0.008,359930,359970,40,359700,359700,0,6866.471,6878.7865,12.315500000001,0,0,0,654,378.1455,-275.8545,0,275.8545,275.8545,0.02157952935293,0.016723893657805,-0.004855635695125
E-replace,archer,360000,knight,B-A,50,65,3c8cf07e28e93e76b3c5a3c4,365788af7388534aa567e440,2000,1,1,0,3.008,4,0.992,359970,359930,-40,359700,359700,0,6878.7865,9154.1295,2275.343,0,0,0,378.1455,654,275.8545,275.8545,0,-275.8545,0.016723893657805,0.018175381324146,0.001451487666341
E-replace,archer,360000,knight,B-A,65,80,365788af7388534aa567e440,88ab5abfdd00750acb2c88c5,2000,1,1,0,4,5,1,359930,359960,30,359700,359700,0,9154.1295,11354.349,2200.2195,0,0,0,654,654,0,0,0,0,0.018175381324146,0.0190187243027,0.000843342978554
E-replace,archer,360000,knight,B-A,80,90,88ab5abfdd00750acb2c88c5,3d0f8aef4131fa64b1d0898c,2000,1,0.8985,-0.1015,5,5.8985,0.8985,359960,359980,20,359700,359700,0,11354.349,13370.1135,2015.7645,0,0,0,654,591.527,-62.473,0,62.473,62.473,0.0190187243027,0.020297183176843,0.001278458874143
E-replace,archer,360000,knight,B-A,90,100,3d0f8aef4131fa64b1d0898c,a5e16e2cbf0b5a6ccf781ae0,2000,0.8985,0,-0.8985,5.8985,6,0.1015,359980,360000,20,359700,359700,0,13370.1135,13734.0145,363.901,0,0,0,591.527,0.881,-590.646,62.473,653.119,590.646,0.020297183176843,0.019087388888889,-0.001209794287954
E-replace,archer,360000,soldier,A-B,0,5,b88cbe95b60d4730889d7808,3dae4b091c91338fe99ab9c9,2000,1,1,0,5,5,0,359940,359950,10,360000,360000,0,0,311.788,311.788,4812.221,5340.5885,528.3675,15751.34,14408.9755,-1342.3645,13492.402,14143.459,651.057,0.046805912096461,0.040494165856369,-0.006311746240092
E-replace,archer,360000,soldier,A-B,5,10,3dae4b091c91338fe99ab9c9,aaeb2818527307d9ed114321,2000,1,1,0,5,5,0,359950,359960,10,360000,360000,0,311.788,314.1945,2.4065,5340.5885,6096.0075,755.419,14408.9755,13123.584,-1285.3915,14143.459,14737.025,593.566,0.040494165856369,0.034651322369152,-0.005842843487217
E-replace,archer,360000,soldier,A-B,10,20,aaeb2818527307d9ed114321,7a326dcaba6213e5680d861e,2000,1,1,0,5,6,1,359960,359980,20,360000,360000,0,314.1945,422.8425,108.648,6096.0075,8077.2725,1981.265,13123.584,14953.003,1829.419,14737.025,14423.8525,-313.1725,0.034651322369152,0.030613728540474,-0.004037593828678
E-replace,archer,360000,soldier,A-B,20,35,7a326dcaba6213e5680d861e,8ecba259241983f43f93f3d2,2000,1,1,0,6,7,1,359980,359930,-50,360000,360000,0,422.8425,434.51,11.6675,8077.2725,11026.582,2949.3095,14953.003,14125.819,-827.184,14423.8525,15405.949,982.0965,0.030613728540474,0.027930542049843,-0.002683186490631
E-replace,archer,360000,soldier,A-B,35,50,8ecba259241983f43f93f3d2,ab886d9ddcb17296fb464ffe,2000,1,1,0,7,9,2,359930,359970,40,360000,360000,0,434.51,672.0445,237.5345,11026.582,14443.4485,3416.8665,14125.819,15098.8155,972.9965,15405.949,15791.739,385.79,0.027930542049843,0.029941022863016,0.002010480813173
E-replace,archer,360000,soldier,A-B,50,65,ab886d9ddcb17296fb464ffe,ed9445389a2faa41a6aecbea,2000,1,1,0,9,11,2,359970,359930,-40,360000,360000,0,672.0445,979.8295,307.785,14443.4485,17994.457,3551.0085,15098.8155,13708.3975,-1390.418,15791.739,17461.8075,1670.0685,0.029941022863016,0.032693732114578,0.002752709251562
E-replace,archer,360000,soldier,A-B,65,80,ed9445389a2faa41a6aecbea,d094a797a313d2a0e2edc187,2000,1,1,0,11,15,4,359930,359960,30,360000,360000,0,979.8295,2072.705,1092.8755,17994.457,22142.571,4148.114,13708.3975,13607.639,-100.7585,17461.8075,18784.798,1322.9905,0.032693732114578,0.037922755306145,0.005229023191567
E-replace,archer,360000,soldier,A-B,80,90,d094a797a313d2a0e2edc187,c258e321de257d6bafc33e25,2000,1,1,0,15,19.9545,4.9545,359960,359980,20,360000,360000,0,2072.705,4317.3335,2244.6285,22142.571,24469.5655,2326.9945,13607.639,13768.544,160.905,18784.798,19722.337,937.539,0.037922755306145,0.042601130618368,0.004678375312223
E-replace,archer,360000,soldier,A-B,90,100,c258e321de257d6bafc33e25,9a2a5368319c50a482aa6d99,2000,1,0.4875,-0.5125,19.9545,20,0.045500000000001,359980,360000,20,360000,360000,0,4317.3335,4787.778,470.4445,24469.5655,26835.376,2365.8105,13768.544,4786.2715,-8982.2725,19722.337,26836.0315,7113.6945,0.042601130618368,0.039369263888889,-0.003231866729479
E-replace,archer,360000,soldier,B-A,0,5,b88cbe95b60d4730889d7808,3dae4b091c91338fe99ab9c9,2000,1,1,0,8,8.075,0.074999999999999,359940,359950,10,360000,360000,0,847.5285,1479.205,631.6765,4277.1925,5073.7585,796.566,13591.113,13053.4805,-537.6325,19591.302,19880.005,288.703,0.049841306884481,0.04876350882067,-0.001077798063811
E-replace,archer,360000,soldier,B-A,5,10,3dae4b091c91338fe99ab9c9,aaeb2818527307d9ed114321,2000,1,1,0,8.075,9,0.925,359950,359960,10,360000,360000,0,1479.205,2167.501,688.296,5073.7585,5767.3215,693.563,13053.4805,15698.2935,2644.813,19880.005,17964.542,-1915.463,0.04876350882067,0.047414921102345,-0.001348587718325
E-replace,archer,360000,soldier,B-A,10,20,aaeb2818527307d9ed114321,7a326dcaba6213e5680d861e,2000,1,1,0,9,9,0,359960,359980,20,360000,360000,0,2167.501,1966.6475,-200.8535,5767.3215,8255.7825,2488.461,15698.2935,13643.3675,-2054.926,17964.542,19277.289,1312.747,0.047414921102345,0.04182840713373,-0.005586513968615
E-replace,archer,360000,soldier,B-A,20,35,7a326dcaba6213e5680d861e,8ecba259241983f43f93f3d2,2000,1,1,0,9,10,1,359980,359930,-50,360000,360000,0,1966.6475,1734.0145,-232.633,8255.7825,11841.407,3585.6245,13643.3675,13746.9215,103.554,19277.289,19009.086,-268.203,0.04182840713373,0.037046147862084,-0.004782259271646
E-replace,archer,360000,soldier,B-A,35,50,8ecba259241983f43f93f3d2,ab886d9ddcb17296fb464ffe,2000,1,1,0,10,11,1,359930,359970,40,360000,360000,0,1734.0145,1563.973,-170.0415,11841.407,15265.4775,3424.0705,13746.9215,13002.558,-744.3635,19009.086,19330.308,321.222,0.037046147862084,0.035205808817401,-0.001840339044683
E-replace,archer,360000,soldier,B-A,50,65,ab886d9ddcb17296fb464ffe,ed9445389a2faa41a6aecbea,2000,1,1,0,11,13,2,359970,359930,-40,360000,360000,0,1563.973,1846.2125,282.2395,15265.4775,18714.71,3449.2325,13002.558,13479.0655,476.5075,19330.308,19027.433,-302.875,0.035205808817401,0.036426152307393,0.001220343489992
E-replace,archer,360000,soldier,B-A,65,80,ed9445389a2faa41a6aecbea,d094a797a313d2a0e2edc187,2000,1,1,0,13,16,3,359930,359960,30,360000,360000,0,1846.2125,2653.3755,807.163,18714.71,22298.991,3584.281,13479.0655,13260.7235,-218.342,19027.433,19525.5645,498.1315,0.036426152307393,0.039334676075119,0.002908523767726
E-replace,archer,360000,soldier,B-A,80,90,d094a797a313d2a0e2edc187,c258e321de257d6bafc33e25,2000,1,1,0,16,20,4,359960,359980,20,360000,360000,0,2653.3755,4469.3815,1816.006,22298.991,24430.71,2131.719,13260.7235,13139.2485,-121.475,19525.5645,20284.8315,759.267,0.039334676075119,0.042802252902939,0.00346757682782
E-replace,archer,360000,soldier,B-A,90,100,c258e321de257d6bafc33e25,9a2a5368319c50a482aa6d99,2000,1,0.4935,-0.5065,20,20,0,359980,360000,20,360000,360000,0,4469.3815,4787.778,318.3965,24430.71,26835.376,2404.666,13139.2485,4786.2715,-8352.977,20284.8315,26836.0315,6551.2,0.042802252902939,0.039423944444444,-0.003378308458495
E-replace,archer,360000,spearman,A-B,0,5,ec14eda745d0ae404a0784a1,871802de74a79e3083eade19,2000,0,0,0,4,4,0,359940,359950,10,359940,359940,0,2810.0685,2732.541,-77.5275,2254.092,3532.2145,1278.1225,0,82.8395,82.8395,5142,5059.1605,-82.8395,0.049293271100739,0.046757257952493,-0.002536013148246
E-replace,archer,360000,spearman,A-B,5,10,871802de74a79e3083eade19,e394939deed56c78b83f21f0,2000,0,0,0,4,4.9995,0.9995,359950,359960,10,359940,359940,0,2732.541,4291.2415,1558.7005,3532.2145,3460.636,-71.5785,82.8395,1403.836,1320.9965,5059.1605,3738.164,-1320.9965,0.046757257952493,0.046892196355151,0.00013493840265801
E-replace,archer,360000,spearman,A-B,10,20,e394939deed56c78b83f21f0,c39f7a8a90c5775d324e7aa0,2000,0,0.0465,0.0465,4.9995,5.0465,0.047,359960,359980,20,359940,359940,0,4291.2415,4111.7605,-179.481,3460.636,5326.294,1865.658,1403.836,1011.88,-391.956,3738.164,4130.12,391.956,0.046892196355151,0.040921106728152,-0.005971089626999
E-replace,archer,360000,spearman,A-B,20,35,c39f7a8a90c5775d324e7aa0,e6295496b10837d4fb4df6ce,2000,0.0465,1,0.9535,5.0465,7,1.9535,359980,359930,-50,359940,359940,0,4111.7605,6403.401,2291.6405,5326.294,6595.443,1269.149,1011.88,3402.6865,2390.8065,4130.12,1739.3135,-2390.8065,0.040921106728152,0.040782763315089,-0.000138343413063
E-replace,archer,360000,spearman,A-B,35,50,e6295496b10837d4fb4df6ce,b14a0c8bf20479068d2ace50,2000,1,1,0,7,8,1,359930,359970,40,359940,359940,0,6403.401,7407.328,1003.927,6595.443,8343.211,1747.768,3402.6865,2817.0455,-585.641,1739.3135,2324.801,585.4875,0.040782763315089,0.038273022751896,-0.002509740563193
E-replace,archer,360000,spearman,A-B,50,65,b14a0c8bf20479068d2ace50,2d5116de3151017ed3397407,2000,1,1,0,8,10,2,359970,359930,-40,359940,359940,0,7407.328,9448.6055,2041.2775,8343.211,9730.23,1387.019,2817.0455,2902.5945,85.549,2324.801,2238.8425,-85.9585,0.038273022751896,0.038058191870642,-0.000214830881254
E-replace,archer,360000,spearman,A-B,65,80,2d5116de3151017ed3397407,5cd2b91ce0d68d35cebb7441,2000,1,0,-1,10,11,1,359930,359960,30,359940,359940,0,9448.6055,10827.9385,1379.333,9730.23,11344.567,1614.337,2902.5945,1022.1355,-1880.459,2238.8425,4113.1365,1874.294,0.038058191870642,0.033621430158907,-0.004436761711735
E-replace,archer,360000,spearman,A-B,80,90,5cd2b91ce0d68d35cebb7441,d6835bf8da3910559aeefbf0,2000,0,0,0,11,12,1,359960,359980,20,359940,359940,0,10827.9385,12173.716,1345.7775,11344.567,12300.8625,956.2955,1022.1355,340.61,-681.5255,4113.1365,4783.8905,670.754,0.033621430158907,0.033205983665759,-0.000415446493148
E-replace,archer,360000,spearman,A-B,90,100,d6835bf8da3910559aeefbf0,745435b3295fc9540c87ad33,2000,0,0,0,12,13,1,359980,360000,20,359940,359940,0,12173.716,13412.643,1238.927,12300.8625,13281.8495,980.987,340.61,0,-340.61,4783.8905,5116.9925,333.102,0.033205983665759,0.032674027777778,-0.00053195588798099
E-replace,archer,360000,spearman,B-A,0,5,ec14eda745d0ae404a0784a1,871802de74a79e3083eade19,2000,1,1,0,7,7,0,359940,359950,10,359940,359940,0,2367.3995,2364.864,-2.5355,2768.595,4258.855,1490.26,3352.7625,3199.012,-153.7505,1789.2375,1942.988,153.7505,0.050012252042007,0.049547242672593,-0.000465009369414
E-replace,archer,360000,spearman,B-A,5,10,871802de74a79e3083eade19,e394939deed56c78b83f21f0,2000,1,1,0,7,7,0,359950,359960,10,359940,359940,0,2364.864,2473.29,108.426,4258.855,5511.3205,1252.4655,3199.012,2687.903,-511.109,1942.988,2454.097,511.109,0.049547242672593,0.048521655183909,-0.001025587488684
E-replace,archer,360000,spearman,B-A,10,20,e394939deed56c78b83f21f0,c39f7a8a90c5775d324e7aa0,2000,1,1,0,7,7.999,0.999,359960,359980,20,359940,359940,0,2473.29,2973.651,500.361,5511.3205,7496.221,1984.9005,2687.903,4313.566,1625.663,2454.097,828.434,-1625.663,0.048521655183909,0.046278279348853,-0.002243375835056
E-replace,archer,360000,spearman,B-A,20,35,c39f7a8a90c5775d324e7aa0,e6295496b10837d4fb4df6ce,2000,1,1,0,7.999,9,1.001,359980,359930,-50,359940,359940,0,2973.651,3199.662,226.011,7496.221,10486.496,2990.275,4313.566,4056.254,-257.312,828.434,1085.746,257.312,0.046278279348853,0.042967285305476,-0.003310994043377
E-replace,archer,360000,spearman,B-A,35,50,e6295496b10837d4fb4df6ce,b14a0c8bf20479068d2ace50,2000,1,1,0,9,10,1,359930,359970,40,359940,359940,0,3199.662,3357.458,157.796,10486.496,13259.3505,2772.8545,4056.254,2981.126,-1075.128,1085.746,2160.8405,1075.0945,0.042967285305476,0.040390254743451,-0.002577030562025
E-replace,archer,360000,spearman,B-A,50,65,b14a0c8bf20479068d2ace50,2d5116de3151017ed3397407,2000,1,1,0,10,11.002,1.002,359970,359930,-40,359940,359940,0,3357.458,3411.7735,54.3155,13259.3505,15865.397,2606.0465,2981.126,1980.3125,-1000.8135,2160.8405,3161.438,1000.5975,0.040390254743451,0.038264982079849,-0.002125272663602
E-replace,archer,360000,spearman,B-A,65,80,2d5116de3151017ed3397407,5cd2b91ce0d68d35cebb7441,2000,1,1,0,11.002,14,2.998,359930,359960,30,359940,359940,0,3411.7735,4960.624,1548.8505,15865.397,18445.2305,2579.8335,1980.3125,2292.603,312.2905,3161.438,2849.174,-312.264,0.038264982079849,0.039260195577286,0.000995213497437
E-replace,archer,360000,spearman,B-A,80,90,5cd2b91ce0d68d35cebb7441,d6835bf8da3910559aeefbf0,2000,1,1,0,14,17,3,359960,359980,20,359940,359940,0,4960.624,7044.316,2083.692,18445.2305,19888.5235,1443.293,2292.603,2264.4705,-28.1325,2849.174,2877.408,28.234,0.039260195577286,0.04092573198511,0.001665536407824
E-replace,archer,360000,spearman,B-A,90,100,d6835bf8da3910559aeefbf0,745435b3295fc9540c87ad33,2000,1,0.3355,-0.6645,17,20,3,359980,360000,20,359940,359940,0,7044.316,9898.754,2854.438,19888.5235,20819.7665,931.243,2264.4705,1386.0605,-878.41,2877.408,3755.8385,878.4305,0.04092573198511,0.038085333333333,-0.002840398651777
E-replace,knight,12000,archer,A-B,0,5,8aed57feedf5e831df679f0d,5f1dcccec2e187be3bd9481d,2000,0.999,0.9915,-0.0075,1.0015,1,-0.0015000000000001,11550,11600,50,11970,11970,0,0.0245,60,59.9755,20.9755,18.925,-2.0505,73.5515,69.965,-3.5865,0,0,0,0.049,0.046287931034483,-0.002712068965517
E-replace,knight,12000,archer,A-B,5,10,5f1dcccec2e187be3bd9481d,592df75a424e187f4ee952d9,2000,0.9915,1,0.0085,1,1.06,0.06,11600,11650,50,11970,11970,0,60,24.549,-35.451,18.925,96.5725,77.6475,69.965,70.415,0.45,0,0.02,0.02,0.046287931034483,0.0077600858369099,-0.038527845197573
E-replace,knight,12000,archer,A-B,10,20,592df75a424e187f4ee952d9,8be3c3c40741f68d0f481029,2000,1,1,0,1.06,1.491,0.431,11650,11750,100,11970,11970,0,24.549,14.832,-9.717,96.5725,225.173,128.6005,70.415,88.715,18.3,0.02,0.8335,0.8135,0.0077600858369099,0.010285531914894,0.0025254460779841
E-replace,knight,12000,archer,A-B,20,35,8be3c3c40741f68d0f481029,fc22df5ca91b0906fe253dc9,2000,1,1,0,1.491,1.9975,0.5065,11750,11900,150,11970,11970,0,14.832,0,-14.832,225.173,353.441,128.268,88.715,97.9355,9.2205,0.8335,6.2405,5.407,0.010285531914894,0.014860504201681,0.004574972286787
E-replace,knight,12000,archer,A-B,35,50,fc22df5ca91b0906fe253dc9,3885cb05513a090de831131f,2000,1,1,0,1.9975,2.014,0.0165,11900,11500,-400,11970,11970,0,0,0.521,0.521,353.441,413.5815,60.1405,97.9355,70.4775,-27.458,6.2405,15.9075,9.667,0.014860504201681,0.018046086956522,0.003185582754841
E-replace,knight,12000,archer,A-B,50,65,3885cb05513a090de831131f,472648e3b618dac960600727,2000,1,1,0,2.014,2.9995,0.9855,11500,11650,150,11970,11970,0,0.521,26.1885,25.6675,413.5815,516.0155,102.434,70.4775,73.3515,2.874,15.9075,55.02,39.1125,0.018046086956522,0.023321030042918,0.005274943086396
E-replace,knight,12000,archer,A-B,65,80,472648e3b618dac960600727,b791a1af0fd1c7c1ab4ee758,2000,1,1,0,2.9995,4.8195,1.82,11650,11800,150,11970,11970,0,26.1885,104.433,78.2445,516.0155,637.78,121.7645,73.3515,67.498,-5.8535,55.02,97.3345,42.3145,0.023321030042918,0.031599152542373,0.008278122499455
E-replace,knight,12000,archer,A-B,80,90,b791a1af0fd1c7c1ab4ee758,cabcdbcaae5f92e6d0c9f997,2000,1,0.9985,-0.0014999999999999,4.8195,7.6015,2.782,11800,11900,100,11970,11970,0,104.433,327.5255,223.0925,637.78,636.1735,-1.6065,67.498,74.0045,6.5065,97.3345,96.408,-0.9265,0.031599152542373,0.040761764705882,0.009162612163509
E-replace,knight,12000,archer,A-B,90,100,cabcdbcaae5f92e6d0c9f997,4ad535e53b439d96800f0127,2000,0.9985,0.009,-0.9895,7.6015,8.0845,0.483,11900,12000,100,11970,11970,0,327.5255,459.804,132.2785,636.1735,647.534,11.3605,74.0045,31.169,-42.8355,96.408,139.0925,42.6845,0.040761764705882,0.039724166666667,-0.001037598039215
E-replace,knight,12000,archer,B-A,0,5,8aed57feedf5e831df679f0d,5f1dcccec2e187be3bd9481d,2000,0.9985,0.9915,-0.007,1.0015,1,-0.0015000000000001,11550,11600,50,11970,11970,0,0.0315,60,59.9685,20.9685,19.999,-0.9695,73.5515,69.965,-3.5865,0,0,0,0.048952380952381,0.049322413793103,0.00037003284072201
E-replace,knight,12000,archer,B-A,5,10,5f1dcccec2e187be3bd9481d,592df75a424e187f4ee952d9,2000,0.9915,0.94,-0.0515,1,1,0,11600,11650,50,11970,11970,0,60,119.512,59.512,19.999,6.1945,-13.8045,69.965,66.448,-3.517,0,0,0,0.049322413793103,0.018070815450644,-0.031251598342459
E-replace,knight,12000,archer,B-A,10,20,592df75a424e187f4ee952d9,8be3c3c40741f68d0f481029,2000,0.94,1,0.06,1,1.491,0.491,11650,11750,100,11970,11970,0,119.512,129.3355,9.8235,6.1945,111.0725,104.878,66.448,88.714,22.266,0,0.698,0.698,0.018070815450644,0.010991489361702,-0.007079326088942
E-replace,knight,12000,archer,B-A,20,35,8be3c3c40741f68d0f481029,fc22df5ca91b0906fe253dc9,2000,1,1,0,1.491,1.9975,0.5065,11750,11900,150,11970,11970,0,129.3355,142.191,12.8555,111.0725,211.362,100.2895,88.714,97.9355,9.2215,0.698,6.2405,5.5425,0.010991489361702,0.014897058823529,0.003905569461827
E-replace,knight,12000,archer,B-A,35,50,fc22df5ca91b0906fe253dc9,3885cb05513a090de831131f,2000,1,1,0,1.9975,2.014,0.0165,11900,11500,-400,11970,11970,0,142.191,116.616,-25.575,211.362,297.894,86.532,97.9355,70.4775,-27.458,6.2405,15.85,9.6095,0.014897058823529,0.018045217391304,0.003148158567775
E-replace,knight,12000,archer,B-A,50,65,3885cb05513a090de831131f,472648e3b618dac960600727,2000,1,1,0,2.014,2.9995,0.9855,11500,11650,150,11970,11970,0,116.616,207.022,90.406,297.894,347.4185,49.5245,70.4775,73.352,2.8745,15.85,51.162,35.312,0.018045217391304,0.023961802575107,0.005916585183803
E-replace,knight,12000,archer,B-A,65,80,472648e3b618dac960600727,b791a1af0fd1c7c1ab4ee758,2000,1,0.6295,-0.3705,2.9995,4.602,1.6025,11650,11800,150,11970,11970,0,207.022,399.7655,192.7435,347.4185,366.8035,19.385,73.352,64.443,-8.909,51.162,92.026,40.864,0.023961802575107,0.031322033898305,0.007360231323198
E-replace,knight,12000,archer,B-A,80,90,b791a1af0fd1c7c1ab4ee758,cabcdbcaae5f92e6d0c9f997,2000,0.6295,0,-0.6295,4.602,4.992,0.39,11800,11900,100,11970,11970,0,399.7655,484.1285,84.363,366.8035,399.7425,32.939,64.443,34.975,-29.468,92.026,125.0035,32.9775,0.031322033898305,0.033236134453782,0.001914100555477
E-replace,knight,12000,archer,B-A,90,100,cabcdbcaae5f92e6d0c9f997,4ad535e53b439d96800f0127,2000,0,0,0,4.992,5,0.008,11900,12000,100,11970,11970,0,484.1285,522.2335,38.105,399.7425,450.8755,51.133,34.975,0,-34.975,125.0035,160.1375,35.134,0.033236134453782,0.0360275,0.002791365546218
E-replace,knight,12000,knight,A-B,0,5,fbcf16111faf64121c06f54b,9ebc3471ad49c9444cc1085e,2000,0.4355,0.5035,0.068,1.0655,1,-0.0655,11550,11600,50,11550,11550,0,11.595,54.688,43.093,9.405,17.549,8.144,11.589,7.7415,-3.8475,9.411,13.257,3.846,0.049071428571429,0.043344827586207,-0.005726600985222
E-replace,knight,12000,knight,A-B,5,10,9ebc3471ad49c9444cc1085e,c0ddee513d4d5fc8c1c22c3c,2000,0.5035,0.25,-0.2535,1,1.0005,0.00049999999999994,11600,11650,50,11550,11550,0,54.688,63.523,8.835,17.549,9.954,-7.595,7.7415,5.318,-2.4235,13.257,15.6795,2.4225,0.043344827586207,0.025123605150215,-0.018221222435992
E-replace,knight,12000,knight,A-B,10,20,c0ddee513d4d5fc8c1c22c3c,6e000b88ce83dab6bd92f93a,2000,0.25,1,0.75,1.0005,1.9895,0.989,11650,11750,100,11550,11550,0,63.523,130.3575,66.8345,9.954,9.335,-0.619,5.318,20.874,15.556,15.6795,0.1255,-15.554,0.025123605150215,0.026710212765957,0.001586607615742
E-replace,knight,12000,knight,A-B,20,35,6e000b88ce83dab6bd92f93a,414885de64b62eaac003877f,2000,1,1,0,1.9895,2,0.0105,11750,11900,150,11550,11550,0,130.3575,140.864,10.5065,9.335,4.767,-4.568,20.874,20.8725,-0.0015000000000001,0.1255,0.1275,0.002,0.026710212765957,0.016415966386555,-0.010294246379402
E-replace,knight,12000,knight,A-B,35,50,414885de64b62eaac003877f,c8dec0e441c7b3fb70ae49bb,2000,1,1,0,2,2.0025,0.0024999999999999,11900,11500,-400,11550,11550,0,140.864,144.264,3.4,4.767,2.426,-2.341,20.8725,17.803,-3.0695,0.1275,3.187,3.0595,0.016415966386555,0.011731739130435,-0.00468422725612
E-replace,knight,12000,knight,A-B,50,65,c8dec0e441c7b3fb70ae49bb,383ab6936aee09bc98d04483,2000,1,1,0,2.0025,2.55,0.5475,11500,11650,150,11550,11550,0,144.264,175.551,31.287,2.426,1.6145,-0.8115,17.803,15.6125,-2.1905,3.187,5.348,2.161,0.011731739130435,0.011002145922747,-0.000729593207688
E-replace,knight,12000,knight,A-B,65,80,383ab6936aee09bc98d04483,0b4e07789d2cfa34c8092bc4,2000,1,1,0,2.55,3.2865,0.7365,11650,11800,150,11550,11550,0,175.551,233.088,57.537,1.6145,0.982,-0.6325,15.6125,13.914,-1.6985,5.348,7.0845,1.7365,0.011002145922747,0.011747033898305,0.000744887975558
E-replace,knight,12000,knight,A-B,80,90,0b4e07789d2cfa34c8092bc4,e5285151d16a450cb2500828,2000,1,1,0,3.2865,4.0495,0.763,11800,11900,100,11550,11550,0,233.088,281.1185,48.0305,0.982,0.515,-0.467,13.914,11.631,-2.283,7.0845,9.369,2.2845,0.011747033898305,0.01269243697479,0.000945403076485
E-replace,knight,12000,knight,A-B,90,100,e5285151d16a450cb2500828,e790eeaa747d1cbac4c0f817,2000,1,0.102,-0.898,4.0495,6.037,1.9875,11900,12000,100,11550,11550,0,281.1185,442.797,161.6785,0.515,0,-0.515,11.631,2.8075,-8.8235,9.369,18.1925,8.8235,0.01269243697479,0.018445,0.00575256302521
E-replace,knight,12000,knight,B-A,0,5,fbcf16111faf64121c06f54b,9ebc3471ad49c9444cc1085e,2000,0.5655,0.5035,-0.062,1.0655,1,-0.0655,11550,11600,50,11550,11550,0,11.595,54.688,43.093,9.405,17.549,8.144,11.589,7.7415,-3.8475,9.411,13.257,3.846,0.049071428571429,0.043344827586207,-0.005726600985222
E-replace,knight,12000,knight,B-A,5,10,9ebc3471ad49c9444cc1085e,c0ddee513d4d5fc8c1c22c3c,2000,0.5035,0.25,-0.2535,1,1.0005,0.00049999999999994,11600,11650,50,11550,11550,0,54.688,63.523,8.835,17.549,9.954,-7.595,7.7415,5.318,-2.4235,13.257,15.6795,2.4225,0.043344827586207,0.025123605150215,-0.018221222435992
E-replace,knight,12000,knight,B-A,10,20,c0ddee513d4d5fc8c1c22c3c,6e000b88ce83dab6bd92f93a,2000,0.25,1,0.75,1.0005,1.9895,0.989,11650,11750,100,11550,11550,0,63.523,130.3575,66.8345,9.954,9.335,-0.619,5.318,20.874,15.556,15.6795,0.1255,-15.554,0.025123605150215,0.026710212765957,0.001586607615742
E-replace,knight,12000,knight,B-A,20,35,6e000b88ce83dab6bd92f93a,414885de64b62eaac003877f,2000,1,1,0,1.9895,2,0.0105,11750,11900,150,11550,11550,0,130.3575,140.864,10.5065,9.335,4.767,-4.568,20.874,20.8725,-0.0015000000000001,0.1255,0.1275,0.002,0.026710212765957,0.016415966386555,-0.010294246379402
E-replace,knight,12000,knight,B-A,35,50,414885de64b62eaac003877f,c8dec0e441c7b3fb70ae49bb,2000,1,1,0,2,2.0025,0.0024999999999999,11900,11500,-400,11550,11550,0,140.864,144.264,3.4,4.767,2.426,-2.341,20.8725,17.803,-3.0695,0.1275,3.187,3.0595,0.016415966386555,0.011731739130435,-0.00468422725612
E-replace,knight,12000,knight,B-A,50,65,c8dec0e441c7b3fb70ae49bb,383ab6936aee09bc98d04483,2000,1,1,0,2.0025,2.55,0.5475,11500,11650,150,11550,11550,0,144.264,175.551,31.287,2.426,1.6145,-0.8115,17.803,15.6125,-2.1905,3.187,5.348,2.161,0.011731739130435,0.011002145922747,-0.000729593207688
E-replace,knight,12000,knight,B-A,65,80,383ab6936aee09bc98d04483,0b4e07789d2cfa34c8092bc4,2000,1,1,0,2.55,3.2865,0.7365,11650,11800,150,11550,11550,0,175.551,233.088,57.537,1.6145,0.982,-0.6325,15.6125,13.914,-1.6985,5.348,7.0845,1.7365,0.011002145922747,0.011747033898305,0.000744887975558
E-replace,knight,12000,knight,B-A,80,90,0b4e07789d2cfa34c8092bc4,e5285151d16a450cb2500828,2000,1,1,0,3.2865,4.0495,0.763,11800,11900,100,11550,11550,0,233.088,281.1185,48.0305,0.982,0.515,-0.467,13.914,11.631,-2.283,7.0845,9.369,2.2845,0.011747033898305,0.01269243697479,0.000945403076485
E-replace,knight,12000,knight,B-A,90,100,e5285151d16a450cb2500828,e790eeaa747d1cbac4c0f817,2000,1,0.102,-0.898,4.0495,6.037,1.9875,11900,12000,100,11550,11550,0,281.1185,442.797,161.6785,0.515,0,-0.515,11.631,2.8075,-8.8235,9.369,18.1925,8.8235,0.01269243697479,0.018445,0.00575256302521
E-replace,knight,12000,soldier,A-B,0,5,4da22d2bf411e7d45c33b572,031c6ce8cd3bf5d55d2639d5,2000,0.889,0,-0.889,6.0335,2.9705,-3.063,11550,11600,50,12000,12000,0,2.9745,50.891,47.9165,18.0255,10.5385,-7.487,442.8445,208.0955,-234.749,0,14.606,14.606,0.049357142857143,0.0056262931034483,-0.043730849753695
E-replace,knight,12000,soldier,A-B,5,10,031c6ce8cd3bf5d55d2639d5,a62f4d1d2c70cb84181e7a0a,2000,0,0,0,2.9705,4.571,1.6005,11600,11650,50,12000,12000,0,50.891,76.073,25.182,10.5385,43.887,33.3485,208.0955,304.1585,96.063,14.606,42.525,27.919,0.0056262931034483,0.0052128755364807,-0.0004134175669676
E-replace,knight,12000,soldier,A-B,10,20,a62f4d1d2c70cb84181e7a0a,c953fcc239d8df963e850a9e,2000,0,0.9135,0.9135,4.571,7.5065,2.9355,11650,11750,100,12000,12000,0,76.073,92.8405,16.7675,43.887,143.035,99.148,304.1585,446.9385,142.78,42.525,116.943,74.418,0.0052128755364807,0.010256170212766,0.0050432946762853
E-replace,knight,12000,soldier,A-B,20,35,c953fcc239d8df963e850a9e,2693044b45b3e9deddebe570,2000,0.9135,1,0.0865,7.5065,9.0265,1.52,11750,11900,150,12000,12000,0,92.8405,59.67,-33.1705,143.035,323.79,180.755,446.9385,442.7285,-4.21,116.943,238.945,122.002,0.010256170212766,0.016253781512605,0.005997611299839
E-replace,knight,12000,soldier,A-B,35,50,2693044b45b3e9deddebe570,944944314c6841ec20d8ab40,2000,1,1,0,9.0265,12.355,3.3285,11900,11500,-400,12000,12000,0,59.67,84.625,24.955,323.79,454.1425,130.3525,442.7285,436.369,-6.3595,238.945,400.4805,161.5355,0.016253781512605,0.023501304347826,0.007247522835221
E-replace,knight,12000,soldier,A-B,50,65,944944314c6841ec20d8ab40,fd48e0c00642c4850276d6a4,2000,1,1,0,12.355,16.6175,4.2625,11500,11650,150,12000,12000,0,84.625,131.5315,46.9065,454.1425,574.765,120.6225,436.369,435.2735,-1.0955,400.4805,549.477,148.9965,0.023501304347826,0.030367381974249,0.006866077626423
E-replace,knight,12000,soldier,A-B,65,80,fd48e0c00642c4850276d6a4,35b28704c721a7dadb34c0c8,2000,1,1,0,16.6175,20,3.3825,11650,11800,150,12000,12000,0,131.5315,177.5375,46.006,574.765,696.1805,121.4155,435.2735,371.6595,-63.614,549.477,683.626,134.149,0.030367381974249,0.037178389830508,0.006811007856259
E-replace,knight,12000,soldier,A-B,80,90,35b28704c721a7dadb34c0c8,71846bbc2f3f6fef8f6ee0fa,2000,1,1,0,20,20,0,11800,11900,100,12000,12000,0,177.5375,167.8085,-9.729,696.1805,797.3475,101.167,371.6595,263.5335,-108.126,683.626,790.69,107.064,0.037178389830508,0.040736134453782,0.003557744623274
E-replace,knight,12000,soldier,A-B,90,100,71846bbc2f3f6fef8f6ee0fa,cf9333b4c7dd16906611e0a5,2000,1,0.4805,-0.5195,20,20,0,11900,12000,100,12000,12000,0,167.8085,159.737,-8.0715,797.3475,894.538,97.1905,263.5335,159.5675,-103.966,790.69,894.4675,103.7775,0.040736134453782,0.0394925,-0.001243634453782
E-replace,knight,12000,soldier,B-A,0,5,4da22d2bf411e7d45c33b572,031c6ce8cd3bf5d55d2639d5,2000,0.889,0,-0.889,6.0335,2.9705,-3.063,11550,11600,50,12000,12000,0,2.9745,50.891,47.9165,18.0255,10.5385,-7.487,442.8445,208.0955,-234.749,0,14.606,14.606,0.049357142857143,0.0056262931034483,-0.043730849753695
E-replace,knight,12000,soldier,B-A,5,10,031c6ce8cd3bf5d55d2639d5,a62f4d1d2c70cb84181e7a0a,2000,0,0,0,2.9705,4.571,1.6005,11600,11650,50,12000,12000,0,50.891,76.073,25.182,10.5385,43.887,33.3485,208.0955,304.1585,96.063,14.606,42.525,27.919,0.0056262931034483,0.0052128755364807,-0.0004134175669676
E-replace,knight,12000,soldier,B-A,10,20,a62f4d1d2c70cb84181e7a0a,c953fcc239d8df963e850a9e,2000,0,0.9135,0.9135,4.571,7.5065,2.9355,11650,11750,100,12000,12000,0,76.073,92.8405,16.7675,43.887,143.035,99.148,304.1585,446.9385,142.78,42.525,116.943,74.418,0.0052128755364807,0.010256170212766,0.0050432946762853
E-replace,knight,12000,soldier,B-A,20,35,c953fcc239d8df963e850a9e,2693044b45b3e9deddebe570,2000,0.9135,1,0.0865,7.5065,9.0265,1.52,11750,11900,150,12000,12000,0,92.8405,59.67,-33.1705,143.035,323.79,180.755,446.9385,442.7285,-4.21,116.943,238.945,122.002,0.010256170212766,0.016253781512605,0.005997611299839
E-replace,knight,12000,soldier,B-A,35,50,2693044b45b3e9deddebe570,944944314c6841ec20d8ab40,2000,1,1,0,9.0265,12.355,3.3285,11900,11500,-400,12000,12000,0,59.67,84.625,24.955,323.79,454.1425,130.3525,442.7285,436.369,-6.3595,238.945,400.4805,161.5355,0.016253781512605,0.023501304347826,0.007247522835221
E-replace,knight,12000,soldier,B-A,50,65,944944314c6841ec20d8ab40,fd48e0c00642c4850276d6a4,2000,1,1,0,12.355,16.6175,4.2625,11500,11650,150,12000,12000,0,84.625,131.5315,46.9065,454.1425,574.765,120.6225,436.369,435.2735,-1.0955,400.4805,549.477,148.9965,0.023501304347826,0.030367381974249,0.006866077626423
E-replace,knight,12000,soldier,B-A,65,80,fd48e0c00642c4850276d6a4,35b28704c721a7dadb34c0c8,2000,1,1,0,16.6175,20,3.3825,11650,11800,150,12000,12000,0,131.5315,177.5375,46.006,574.765,696.1805,121.4155,435.2735,371.6595,-63.614,549.477,683.626,134.149,0.030367381974249,0.037178389830508,0.006811007856259
E-replace,knight,12000,soldier,B-A,80,90,35b28704c721a7dadb34c0c8,71846bbc2f3f6fef8f6ee0fa,2000,1,1,0,20,20,0,11800,11900,100,12000,12000,0,177.5375,167.8085,-9.729,696.1805,797.3475,101.167,371.6595,263.5335,-108.126,683.626,790.69,107.064,0.037178389830508,0.040736134453782,0.003557744623274
E-replace,knight,12000,soldier,B-A,90,100,71846bbc2f3f6fef8f6ee0fa,cf9333b4c7dd16906611e0a5,2000,1,0.5025,-0.4975,20,20,0,11900,12000,100,12000,12000,0,167.8085,159.737,-8.0715,797.3475,894.538,97.1905,263.5335,159.5675,-103.966,790.69,894.4675,103.7775,0.040736134453782,0.039685416666667,-0.001050717787115
E-replace,knight,12000,spearman,A-B,0,5,c615f0e5b0a8caec306eb3cc,ddbf855ed4adfa8c8034639a,2000,0,0,0,2,1.9525,-0.0475,11550,11600,50,11970,11970,0,21,58.8105,37.8105,0,20.3415,20.3415,31.5355,27.1855,-4.35,83.995,82.2655,-1.7295,0.05052380952381,0.046947844827586,-0.003575964696224
E-replace,knight,12000,spearman,A-B,5,10,ddbf855ed4adfa8c8034639a,0309a0af062a05260d70ab78,2000,0,0.012,0.012,1.9525,2.0145,0.062,11600,11650,50,11970,11970,0,58.8105,66.228,7.4175,20.3415,55.9915,35.65,27.1855,26.4295,-0.756,82.2655,81.074,-1.1915,0.046947844827586,0.027993991416309,-0.018953853411277
E-replace,knight,12000,spearman,A-B,10,20,0309a0af062a05260d70ab78,e7bc6ab1c1206df7d4c5ac70,2000,0.012,0.723,0.711,2.0145,3.6375,1.623,11650,11750,100,11970,11970,0,66.228,113.7345,47.5065,55.9915,96.9035,40.912,26.4295,75.7235,49.294,81.074,64.961,-16.113,0.027993991416309,0.026737872340426,-0.001256119075883
E-replace,knight,12000,spearman,A-B,20,35,e7bc6ab1c1206df7d4c5ac70,7309af8ac521bb6a3c08d7fe,2000,0.723,1,0.277,3.6375,4.2735,0.636,11750,11900,150,11970,11970,0,113.7345,105.835,-7.8995,96.9035,177.772,80.8685,75.7235,72.1245,-3.599,64.961,65.3135,0.35250000000001,0.026737872340426,0.019424369747899,-0.007313502592527
E-replace,knight,12000,spearman,A-B,35,50,7309af8ac521bb6a3c08d7fe,60ea6b0364f3cf6da7155aae,2000,1,1,0,4.2735,5.9125,1.639,11900,11500,-400,11970,11970,0,105.835,145.946,40.111,177.772,242.9295,65.1575,72.1245,71.5505,-0.574,65.3135,68.416,3.1025,0.019424369747899,0.02195652173913,0.002532151991231
E-replace,knight,12000,spearman,A-B,50,65,60ea6b0364f3cf6da7155aae,6a702599a3f7ccb8df19c83b,2000,1,1,0,5.9125,8.004,2.0915,11500,11650,150,11970,11970,0,145.946,209.2225,63.2765,242.9295,307.425,64.4955,71.5505,67.8825,-3.668,68.416,85.487,17.071,0.02195652173913,0.025928326180258,0.003971804441128
E-replace,knight,12000,spearman,A-B,65,80,6a702599a3f7ccb8df19c83b,9d125987b52b7d40615d65e2,2000,1,0.983,-0.017,8.004,10.7115,2.7075,11650,11800,150,11970,11970,0,209.2225,315.9505,106.728,307.425,366.4595,59.0345,67.8825,68.832,0.9495,85.487,97.623,12.136,0.025928326180258,0.031372881355932,0.005444555175674
E-replace,knight,12000,spearman,A-B,80,90,9d125987b52b7d40615d65e2,9516c5b3f2bbb5c073e51cc8,2000,0.983,0.4775,-0.5055,10.7115,12.448,1.7365,11800,11900,100,11970,11970,0,315.9505,394.829,78.8785,366.4595,400.94,34.4805,68.832,57.752,-11.08,97.623,111.6535,14.0305,0.031372881355932,0.03271512605042,0.001342244694488
E-replace,knight,12000,spearman,A-B,90,100,9516c5b3f2bbb5c073e51cc8,a53fd2c94e9e8f36093335ad,2000,0.4775,0,-0.4775,12.448,13.038,0.59,11900,12000,100,11970,11970,0,394.829,447.59,52.761,400.94,442.67,41.73,57.752,0.0385,-57.7135,111.6535,169.846,58.1925,0.03271512605042,0.032676666666667,-3.8459383752999E-5
E-replace,knight,12000,spearman,B-A,0,5,c615f0e5b0a8caec306eb3cc,ddbf855ed4adfa8c8034639a,2000,0.237,0.421,0.184,3.0015,2.451,-0.5505,11550,11600,50,11970,11970,0,13.735,45.755,32.02,7.265,28.1735,20.9085,75.868,47.0085,-28.8595,68.8365,77.5015,8.665,0.048880952380952,0.035302155172414,-0.013578797208538
E-replace,knight,12000,spearman,B-A,5,10,ddbf855ed4adfa8c8034639a,0309a0af062a05260d70ab78,2000,0.421,0.948,0.527,2.451,3.23,0.779,11600,11650,50,11970,11970,0,45.755,49.754,3.999,28.1735,75.362,47.1885,47.0085,73.956,26.9475,77.5015,66.7915,-10.71,0.035302155172414,0.023485407725322,-0.011816747447092
E-replace,knight,12000,spearman,B-A,10,20,0309a0af062a05260d70ab78,e7bc6ab1c1206df7d4c5ac70,2000,0.948,1,0.052,3.23,3.918,0.688,11650,11750,100,11970,11970,0,49.754,31.2675,-18.4865,75.362,169.975,94.613,73.956,86.2975,12.3415,66.7915,60.4675,-6.324,0.023485407725322,0.013274042553191,-0.010211365172131
E-replace,knight,12000,spearman,B-A,20,35,e7bc6ab1c1206df7d4c5ac70,7309af8ac521bb6a3c08d7fe,2000,1,1,0,3.918,4.2715,0.3535,11750,11900,150,11970,11970,0,31.2675,18.2925,-12.975,169.975,253.685,83.71,86.2975,72.022,-14.2755,60.4675,65.471,5.0035,0.013274042553191,0.012785714285714,-0.000488328267477
E-replace,knight,12000,spearman,B-A,35,50,7309af8ac521bb6a3c08d7fe,60ea6b0364f3cf6da7155aae,2000,1,1,0,4.2715,5.9085,1.637,11900,11500,-400,11970,11970,0,18.2925,27.8705,9.578,253.685,344.8945,91.2095,72.022,71.5165,-0.50550000000001,65.471,69.453,3.982,0.012785714285714,0.017417826086957,0.004632111801243
E-replace,knight,12000,spearman,B-A,50,65,60ea6b0364f3cf6da7155aae,6a702599a3f7ccb8df19c83b,2000,1,1,0,5.9085,7.971,2.0625,11500,11650,150,11970,11970,0,27.8705,44.452,16.5815,344.8945,447.4985,102.604,71.5165,68.5355,-2.981,69.453,88.383,18.93,0.017417826086957,0.022009871244635,0.004592045157678
E-replace,knight,12000,spearman,B-A,65,80,6a702599a3f7ccb8df19c83b,9d125987b52b7d40615d65e2,2000,1,1,0,7.971,10.207,2.236,11650,11800,150,11970,11970,0,44.452,69.874,25.422,447.4985,559.882,112.3835,68.5355,70.7075,2.172,88.383,97.258,8.875,0.022009871244635,0.027185169491525,0.00517529824689
E-replace,knight,12000,spearman,B-A,80,90,9d125987b52b7d40615d65e2,9516c5b3f2bbb5c073e51cc8,2000,1,1,0,10.207,12.1785,1.9715,11800,11900,100,11970,11970,0,69.874,97.0425,27.1685,559.882,639.4665,79.5845,70.7075,66.3985,-4.309,97.258,103.95,6.692,0.027185169491525,0.031473109243697,0.004287939752172
E-replace,knight,12000,spearman,B-A,90,100,9516c5b3f2bbb5c073e51cc8,a53fd2c94e9e8f36093335ad,2000,1,0.5045,-0.4955,12.1785,19.9985,7.82,11900,12000,100,11970,11970,0,97.0425,328.353,231.3105,639.4665,694.2915,54.825,66.3985,47.3695,-19.029,103.95,123.616,19.666,0.031473109243697,0.039314166666667,0.00784105742297
E-replace,knight,120000,archer,A-B,0,5,ae0ae3aa59cdcc145bb620d4,8cf84938c558eeae27c557fe,2000,1,1,0,1,1,0,119900,119850,-50,119980,119980,0,0,600,600,218,203.473,-14.527,763.067,724.3835,-38.6835,0,0,0,0.049903669724771,0.049196078431373,-0.000707591293398
E-replace,knight,120000,archer,A-B,5,10,8cf84938c558eeae27c557fe,76d7d8af3f70f918416f06b7,2000,1,1,0,1,1,0,119850,119800,-50,119980,119980,0,600,177.253,-422.747,203.473,1022.747,819.274,724.3835,686.1045,-38.279,0,0,0,0.049196078431373,0.0050292153589316,-0.044166863072441
E-replace,knight,120000,archer,A-B,10,20,76d7d8af3f70f918416f06b7,bff1d0aec51e0a1738b24fc1,2000,1,1,0,1,1.2335,0.2335,119800,119700,-100,119980,119980,0,177.253,70.1645,-107.0885,1022.747,2329.8355,1307.0885,686.1045,751.3125,65.208,0,3.577,3.577,0.0050292153589316,0.010053007518797,0.0050237921598654
E-replace,knight,120000,archer,A-B,20,35,bff1d0aec51e0a1738b24fc1,fd9e284aaed515393cfeb75d,2000,1,1,0,1.2335,2,0.7665,119700,119550,-150,119980,119980,0,70.1645,0,-70.1645,2329.8355,3540.042,1210.2065,751.3125,987.104,235.7915,3.577,61.2435,57.6665,0.010053007518797,0.014842618151401,0.004789610632604
E-replace,knight,120000,archer,A-B,35,50,fd9e284aaed515393cfeb75d,06c703d6abc82d8078075cb8,2000,1,1,0,2,2,0,119550,119950,400,119980,119980,0,0,0,0,3540.042,4111.1975,571.1555,987.104,762.883,-224.221,61.2435,149.744,88.5005,0.014842618151401,0.017175239683201,0.0023326215318
E-replace,knight,120000,archer,A-B,50,65,06c703d6abc82d8078075cb8,d5b7972bd2d5893ace67da21,2000,1,1,0,2,3,1,119950,119800,-150,119980,119980,0,0,250.9845,250.9845,4111.1975,5133.879,1022.6815,762.883,797.9,35.017,149.744,529.0995,379.3555,0.017175239683201,0.022518322203673,0.005343082520472
E-replace,knight,120000,archer,A-B,65,80,d5b7972bd2d5893ace67da21,cb9d888fb4c66d8be4a065bf,2000,1,1,0,3,4.4475,1.4475,119800,119650,-150,119980,119980,0,250.9845,826.559,575.5745,5133.879,6338.9135,1205.0345,797.9,668.9285,-128.9715,529.0995,954.169,425.0695,0.022518322203673,0.029993898871709,0.007475576668036
E-replace,knight,120000,archer,A-B,80,90,cb9d888fb4c66d8be4a065bf,9b82cc49c86f2a93eb69a43b,2000,1,1,0,4.4475,7.353,2.9055,119650,119550,-100,119980,119980,0,826.559,3019.5895,2193.0305,6338.9135,6515.425,176.5115,668.9285,703.5935,34.665,954.169,1006.096,51.927,0.029993898871709,0.040013759933082,0.010019861061373
E-replace,knight,120000,archer,A-B,90,100,9b82cc49c86f2a93eb69a43b,f7e76f02189acad138862fa9,2000,1,0,-1,7.353,8,0.647,119550,120000,450,119980,119980,0,3019.5895,4527.6625,1508.073,6515.425,6532.627,17.202,703.5935,282.31,-421.2835,1006.096,1425.8725,419.7765,0.040013759933082,0.039618666666667,-0.000395093266415
E-replace,knight,120000,archer,B-A,0,5,ae0ae3aa59cdcc145bb620d4,8cf84938c558eeae27c557fe,2000,1,1,0,1,1,0,119900,119850,-50,119980,119980,0,0,600,600,218,207,-11,763.067,724.3835,-38.6835,0,0,0,0.049903669724771,0.050051939924906,0.000148270200135
E-replace,knight,120000,archer,B-A,5,10,8cf84938c558eeae27c557fe,76d7d8af3f70f918416f06b7,2000,1,1,0,1,1,0,119850,119800,-50,119980,119980,0,600,1200,600,207,32.007,-174.993,724.3835,686.1045,-38.279,0,0,0,0.050051939924906,0.012217070116861,-0.037834869808045
E-replace,knight,120000,archer,B-A,10,20,76d7d8af3f70f918416f06b7,bff1d0aec51e0a1738b24fc1,2000,1,1,0,1,1.2335,0.2335,119800,119700,-100,119980,119980,0,1200,817.6855,-382.3145,32.007,1582.5255,1550.5185,686.1045,751.312,65.2075,0,2.9755,2.9755,0.012217070116861,0.010091687552214,-0.002125382564647
E-replace,knight,120000,archer,B-A,20,35,bff1d0aec51e0a1738b24fc1,fd9e284aaed515393cfeb75d,2000,1,1,0,1.2335,2,0.7665,119700,119550,-150,119980,119980,0,817.6855,1427.84,610.1545,1582.5255,2111.9165,529.391,751.312,987.104,235.792,2.9755,61.2435,58.268,0.010091687552214,0.014831200334588,0.004739512782374
E-replace,knight,120000,archer,B-A,35,50,fd9e284aaed515393cfeb75d,06c703d6abc82d8078075cb8,2000,1,1,0,2,2,0,119550,119950,400,119980,119980,0,1427.84,1124.9755,-302.8645,2111.9165,2986.1525,874.236,987.104,762.883,-224.221,61.2435,149.744,88.5005,0.014831200334588,0.01718628595248,0.002355085617892
E-replace,knight,120000,archer,B-A,50,65,06c703d6abc82d8078075cb8,d5b7972bd2d5893ace67da21,2000,1,1,0,2,3,1,119950,119800,-150,119980,119980,0,1124.9755,2022.3165,897.341,2986.1525,3480.5245,494.372,762.883,797.9,35.017,149.744,491.769,342.025,0.01718628595248,0.023016193656093,0.005829907703613
E-replace,knight,120000,archer,B-A,65,80,d5b7972bd2d5893ace67da21,cb9d888fb4c66d8be4a065bf,2000,1,0.9985,-0.0014999999999999,3,4.446,1.446,119800,119650,-150,119980,119980,0,2022.3165,3733.2135,1710.897,3480.5245,3772.2325,291.708,797.9,668.705,-129.195,491.769,895.6855,403.9165,0.023016193656093,0.031544546594233,0.00852835293814
E-replace,knight,120000,archer,B-A,80,90,cb9d888fb4c66d8be4a065bf,9b82cc49c86f2a93eb69a43b,2000,0.9985,0,-0.9985,4.446,5,0.554,119650,119550,-100,119980,119980,0,3733.2135,4840.9925,1107.779,3772.2325,3997.797,225.5645,668.705,367.612,-301.093,895.6855,1239.539,343.8535,0.031544546594233,0.033098285236303,0.00155373864207
E-replace,knight,120000,archer,B-A,90,100,9b82cc49c86f2a93eb69a43b,f7e76f02189acad138862fa9,2000,0,0,0,5,5,0,119550,120000,450,119980,119980,0,4840.9925,5247.1365,406.144,3997.797,4500.8935,503.0965,367.612,0,-367.612,1239.539,1603.9715,364.4325,0.033098285236303,0.036187291666667,0.003089006430364
E-replace,knight,120000,knight,A-B,0,5,1757b2d045faeaf4c559560b,d00d26fb40ba5a4b78cfeddd,2000,0.4815,0.341,-0.1405,1,1,0,119900,119850,-50,119900,119900,0,109.398,567.7455,458.3475,108.602,194.312,85.71,108.7785,70.673,-38.1055,109.2215,147.327,38.1055,0.050071100917431,0.046940342094285,-0.003130758823146
E-replace,knight,120000,knight,A-B,5,10,d00d26fb40ba5a4b78cfeddd,d842574cdeb2382f9acd14ed,2000,0.341,0,-0.341,1,1,0,119850,119800,-50,119900,119900,0,567.7455,656.504,88.7585,194.312,106.9585,-87.3535,70.673,34.04,-36.633,147.327,183.96,36.633,0.046940342094285,0.027239774624374,-0.019700567469911
E-replace,knight,120000,knight,A-B,10,20,d842574cdeb2382f9acd14ed,63b196c72ab122b167bf4d76,2000,0,1,1,1,2,1,119800,119700,-100,119900,119900,0,656.504,1399.726,743.222,106.9585,101.3785,-5.58,34.04,218,183.96,183.96,0,-183.96,0.027239774624374,0.029091562238931,0.001851787614557
E-replace,knight,120000,knight,A-B,20,35,63b196c72ab122b167bf4d76,e34605f3b98e7f1b840e644d,2000,1,1,0,2,2,0,119700,119550,-150,119900,119900,0,1399.726,1471.2895,71.5635,101.3785,49.393,-51.9855,218,218,0,0,0,0,0.029091562238931,0.017325135926391,-0.01176642631254
E-replace,knight,120000,knight,A-B,35,50,e34605f3b98e7f1b840e644d,07754f15a1f745cbd55e2d79,2000,1,1,0,2,2,0,119550,119950,400,119900,119900,0,1471.2895,1497.1175,25.828,49.393,27.18,-22.213,218,213.495,-4.505,0,4.505,4.505,0.017325135926391,0.012405960817007,-0.004919175109384
E-replace,knight,120000,knight,A-B,50,65,07754f15a1f745cbd55e2d79,cd6314c193abdb1f4bc648b9,2000,1,1,0,2,2.2345,0.2345,119950,119800,-150,119900,119900,0,1497.1175,1630.8735,133.756,27.18,15.9,-11.28,213.495,119.631,-93.864,4.505,98.3605,93.8555,0.012405960817007,0.010283388981636,-0.002122571835371
E-replace,knight,120000,knight,A-B,65,80,cd6314c193abdb1f4bc648b9,a643da23c1cd2853b6503010,2000,1,1,0,2.2345,3.4525,1.218,119800,119650,-150,119900,119900,0,1630.8735,2512.922,882.0485,15.9,11.243,-4.657,119.631,145.681,26.05,98.3605,72.319,-26.0415,0.010283388981636,0.013061262014208,0.002777873032572
E-replace,knight,120000,knight,A-B,80,90,a643da23c1cd2853b6503010,be488fbfe681059753a01128,2000,1,1,0,3.4525,3.9995,0.547,119650,119550,-100,119900,119900,0,2512.922,2894.958,382.036,11.243,5.623,-5.62,145.681,105.438,-40.243,72.319,112.562,40.243,0.013061262014208,0.013350020911752,0.000288758897544
E-replace,knight,120000,knight,A-B,90,100,be488fbfe681059753a01128,470873acec0b28b2ba31c854,2000,1,0,-1,3.9995,6,2.0005,119550,120000,450,119900,119900,0,2894.958,4578.001,1683.043,5.623,0,-5.623,105.438,0.805,-104.633,112.562,217.195,104.633,0.013350020911752,0.019100375,0.005750354088248
E-replace,knight,120000,knight,B-A,0,5,1757b2d045faeaf4c559560b,d00d26fb40ba5a4b78cfeddd,2000,0.502,0.341,-0.161,1,1,0,119900,119850,-50,119900,119900,0,109.398,567.7455,458.3475,108.602,194.312,85.71,108.7785,70.673,-38.1055,109.2215,147.327,38.1055,0.050071100917431,0.046940342094285,-0.003130758823146
E-replace,knight,120000,knight,B-A,5,10,d00d26fb40ba5a4b78cfeddd,d842574cdeb2382f9acd14ed,2000,0.341,0,-0.341,1,1,0,119850,119800,-50,119900,119900,0,567.7455,656.504,88.7585,194.312,106.9585,-87.3535,70.673,34.04,-36.633,147.327,183.96,36.633,0.046940342094285,0.027239774624374,-0.019700567469911
E-replace,knight,120000,knight,B-A,10,20,d842574cdeb2382f9acd14ed,63b196c72ab122b167bf4d76,2000,0,1,1,1,2,1,119800,119700,-100,119900,119900,0,656.504,1399.726,743.222,106.9585,101.3785,-5.58,34.04,218,183.96,183.96,0,-183.96,0.027239774624374,0.029091562238931,0.001851787614557
E-replace,knight,120000,knight,B-A,20,35,63b196c72ab122b167bf4d76,e34605f3b98e7f1b840e644d,2000,1,1,0,2,2,0,119700,119550,-150,119900,119900,0,1399.726,1471.2895,71.5635,101.3785,49.393,-51.9855,218,218,0,0,0,0,0.029091562238931,0.017325135926391,-0.01176642631254
E-replace,knight,120000,knight,B-A,35,50,e34605f3b98e7f1b840e644d,07754f15a1f745cbd55e2d79,2000,1,1,0,2,2,0,119550,119950,400,119900,119900,0,1471.2895,1497.1175,25.828,49.393,27.18,-22.213,218,213.495,-4.505,0,4.505,4.505,0.017325135926391,0.012405960817007,-0.004919175109384
E-replace,knight,120000,knight,B-A,50,65,07754f15a1f745cbd55e2d79,cd6314c193abdb1f4bc648b9,2000,1,1,0,2,2.2345,0.2345,119950,119800,-150,119900,119900,0,1497.1175,1630.8735,133.756,27.18,15.9,-11.28,213.495,119.631,-93.864,4.505,98.3605,93.8555,0.012405960817007,0.010283388981636,-0.002122571835371
E-replace,knight,120000,knight,B-A,65,80,cd6314c193abdb1f4bc648b9,a643da23c1cd2853b6503010,2000,1,1,0,2.2345,3.4525,1.218,119800,119650,-150,119900,119900,0,1630.8735,2512.922,882.0485,15.9,11.243,-4.657,119.631,145.681,26.05,98.3605,72.319,-26.0415,0.010283388981636,0.013061262014208,0.002777873032572
E-replace,knight,120000,knight,B-A,80,90,a643da23c1cd2853b6503010,be488fbfe681059753a01128,2000,1,1,0,3.4525,3.9995,0.547,119650,119550,-100,119900,119900,0,2512.922,2894.958,382.036,11.243,5.623,-5.62,145.681,105.438,-40.243,72.319,112.562,40.243,0.013061262014208,0.013350020911752,0.000288758897544
E-replace,knight,120000,knight,B-A,90,100,be488fbfe681059753a01128,470873acec0b28b2ba31c854,2000,1,0,-1,3.9995,6,2.0005,119550,120000,450,119900,119900,0,2894.958,4578.001,1683.043,5.623,0,-5.623,105.438,0.805,-104.633,112.562,217.195,104.633,0.013350020911752,0.019100375,0.005750354088248
E-replace,knight,120000,soldier,A-B,0,5,47707f4f8a43af474973623f,11014cac18c378c6e01a7019,2000,1,0,-1,6,3,-3,119900,119850,-50,120000,120000,0,0.7165,510.768,510.0515,217.2835,94.083,-123.2005,4578.632,2174.563,-2404.069,0,145.85,145.85,0.049910550458716,0.0034129745515227,-0.046497575907193
E-replace,knight,120000,soldier,A-B,5,10,11014cac18c378c6e01a7019,def7f86f369c232ed6a1a972,2000,0,0,0,3,4.841,1.841,119850,119800,-50,120000,120000,0,510.768,869.805,359.037,94.083,329.438,235.355,2174.563,3322.106,1147.543,145.85,431.227,285.377,0.0034129745515227,0.0046818447412354,0.0012688701897127
E-replace,knight,120000,soldier,A-B,10,20,def7f86f369c232ed6a1a972,802e09dc7aefa523f21bf239,2000,0,1,1,4.841,7.038,2.197,119800,119700,-100,120000,120000,0,869.805,766.758,-103.047,329.438,1577.3535,1247.9155,3322.106,4286.3845,964.2785,431.227,1144.4205,713.1935,0.0046818447412354,0.0098801587301587,0.0051983139889233
E-replace,knight,120000,soldier,A-B,20,35,802e09dc7aefa523f21bf239,9002e9abdb1e7c5e05ed9369,2000,1,1,0,7.038,9,1.962,119700,119550,-150,120000,120000,0,766.758,588.709,-178.049,1577.3535,3241.1825,1663.829,4286.3845,4444.6055,158.221,1144.4205,2388.188,1243.7675,0.0098801587301587,0.016080803011292,0.0062006442811333
E-replace,knight,120000,soldier,A-B,35,50,9002e9abdb1e7c5e05ed9369,f3b73555a8624c3ad29685ca,2000,1,1,0,9,11.264,2.264,119550,119950,400,120000,120000,0,588.709,625.288,36.579,3241.1825,4612.578,1371.3955,4444.6055,4325.402,-119.2035,2388.188,3803.145,1414.957,0.016080803011292,0.02188645268862,0.005805649677328
E-replace,knight,120000,soldier,A-B,50,65,f3b73555a8624c3ad29685ca,4e2356c23a84405202f0f64b,2000,1,1,0,11.264,15.5625,4.2985,119950,119800,-150,120000,120000,0,625.288,1063.866,438.578,4612.578,5857.1965,1244.6185,4325.402,4373.775,48.373,3803.145,5343.7065,1540.5615,0.02188645268862,0.028962353923205,0.007075901234585
E-replace,knight,120000,soldier,A-B,65,80,4e2356c23a84405202f0f64b,c21b1f0ee6968cb9485feb61,2000,1,1,0,15.5625,20,4.4375,119800,119650,-150,120000,120000,0,1063.866,1722.8655,658.9995,5857.1965,6987.4575,1130.261,4373.775,3945.594,-428.181,5343.7065,6675.426,1331.7195,0.028962353923205,0.036511993313832,0.007549639390627
E-replace,knight,120000,soldier,A-B,80,90,c21b1f0ee6968cb9485feb61,0d2da3b4b58a3a14c197c11e,2000,1,1,0,20,20,0,119650,119550,-100,120000,120000,0,1722.8655,1660.0995,-62.766,6987.4575,7980.2265,992.769,3945.594,2713.3195,-1232.2745,6675.426,7849.467,1174.041,0.036511993313832,0.04040008364701,0.003888090333178
E-replace,knight,120000,soldier,A-B,90,100,0d2da3b4b58a3a14c197c11e,f5b9d2009faa8e0b85353070,2000,1,0.4955,-0.5045,20,20,0,119550,120000,450,120000,120000,0,1660.0995,1595.908,-64.1915,7980.2265,8945.168,964.9415,2713.3195,1595.5725,-1117.747,7849.467,8944.2845,1094.8175,0.04040008364701,0.039481541666667,-0.000918541980343
E-replace,knight,120000,soldier,B-A,0,5,47707f4f8a43af474973623f,11014cac18c378c6e01a7019,2000,1,0,-1,6,3,-3,119900,119850,-50,120000,120000,0,0.7165,510.768,510.0515,217.2835,94.083,-123.2005,4578.632,2174.563,-2404.069,0,145.85,145.85,0.049910550458716,0.0034129745515227,-0.046497575907193
E-replace,knight,120000,soldier,B-A,5,10,11014cac18c378c6e01a7019,def7f86f369c232ed6a1a972,2000,0,0,0,3,4.841,1.841,119850,119800,-50,120000,120000,0,510.768,869.805,359.037,94.083,329.438,235.355,2174.563,3322.106,1147.543,145.85,431.227,285.377,0.0034129745515227,0.0046818447412354,0.0012688701897127
E-replace,knight,120000,soldier,B-A,10,20,def7f86f369c232ed6a1a972,802e09dc7aefa523f21bf239,2000,0,1,1,4.841,7.038,2.197,119800,119700,-100,120000,120000,0,869.805,766.758,-103.047,329.438,1577.3535,1247.9155,3322.106,4286.3845,964.2785,431.227,1144.4205,713.1935,0.0046818447412354,0.0098801587301587,0.0051983139889233
E-replace,knight,120000,soldier,B-A,20,35,802e09dc7aefa523f21bf239,9002e9abdb1e7c5e05ed9369,2000,1,1,0,7.038,9,1.962,119700,119550,-150,120000,120000,0,766.758,588.709,-178.049,1577.3535,3241.1825,1663.829,4286.3845,4444.6055,158.221,1144.4205,2388.188,1243.7675,0.0098801587301587,0.016080803011292,0.0062006442811333
E-replace,knight,120000,soldier,B-A,35,50,9002e9abdb1e7c5e05ed9369,f3b73555a8624c3ad29685ca,2000,1,1,0,9,11.264,2.264,119550,119950,400,120000,120000,0,588.709,625.288,36.579,3241.1825,4612.578,1371.3955,4444.6055,4325.402,-119.2035,2388.188,3803.145,1414.957,0.016080803011292,0.02188645268862,0.005805649677328
E-replace,knight,120000,soldier,B-A,50,65,f3b73555a8624c3ad29685ca,4e2356c23a84405202f0f64b,2000,1,1,0,11.264,15.5625,4.2985,119950,119800,-150,120000,120000,0,625.288,1063.866,438.578,4612.578,5857.1965,1244.6185,4325.402,4373.775,48.373,3803.145,5343.7065,1540.5615,0.02188645268862,0.028962353923205,0.007075901234585
E-replace,knight,120000,soldier,B-A,65,80,4e2356c23a84405202f0f64b,c21b1f0ee6968cb9485feb61,2000,1,1,0,15.5625,20,4.4375,119800,119650,-150,120000,120000,0,1063.866,1722.8655,658.9995,5857.1965,6987.4575,1130.261,4373.775,3945.594,-428.181,5343.7065,6675.426,1331.7195,0.028962353923205,0.036511993313832,0.007549639390627
E-replace,knight,120000,soldier,B-A,80,90,c21b1f0ee6968cb9485feb61,0d2da3b4b58a3a14c197c11e,2000,1,1,0,20,20,0,119650,119550,-100,120000,120000,0,1722.8655,1660.0995,-62.766,6987.4575,7980.2265,992.769,3945.594,2713.3195,-1232.2745,6675.426,7849.467,1174.041,0.036511993313832,0.04040008364701,0.003888090333178
E-replace,knight,120000,soldier,B-A,90,100,0d2da3b4b58a3a14c197c11e,f5b9d2009faa8e0b85353070,2000,1,0.4985,-0.5015,20,20,0,119550,120000,450,120000,120000,0,1660.0995,1595.908,-64.1915,7980.2265,8945.168,964.9415,2713.3195,1595.5725,-1117.747,7849.467,8944.2845,1094.8175,0.04040008364701,0.039508041666667,-0.000892041980343
E-replace,knight,120000,spearman,A-B,0,5,c184c825c852554100efe052,15160d861cdeeff75943b68b,2000,0,0,0,2,2,0,119900,119850,-50,119980,119980,0,218,600.0205,382.0205,0,206.9795,206.9795,339.724,306.152,-33.572,846.3235,836.209,-10.1145,0.050334862385321,0.050054234459741,-0.00028062792558
E-replace,knight,120000,spearman,A-B,5,10,15160d861cdeeff75943b68b,ade113ba6e50771f645ea52a,2000,0,0,0,2,2,0,119850,119800,-50,119980,119980,0,600.0205,651.079,51.0585,206.9795,572.6555,365.676,306.152,274.671,-31.481,836.209,822.262,-13.947,0.050054234459741,0.028715484140234,-0.021338750319507
E-replace,knight,120000,spearman,A-B,10,20,ade113ba6e50771f645ea52a,2f2d5ae5b951460ff5f8e5de,2000,0,0.964,0.964,2,3.964,1.964,119800,119700,-100,119980,119980,0,651.079,1265.959,614.88,572.6555,917.537,344.8815,274.671,911.942,637.271,822.262,590.0475,-232.2145,0.028715484140234,0.029838972431078,0.001123488290844
E-replace,knight,120000,spearman,A-B,20,35,2f2d5ae5b951460ff5f8e5de,a0cea62593da8e318561e6d7,2000,0.964,1,0.036,3.964,4.0205,0.0565,119700,119550,-150,119980,119980,0,1265.959,966.106,-299.853,917.537,1794.9775,877.4405,911.942,644.9065,-267.0355,590.0475,695.682,105.6345,0.029838972431078,0.018736846507737,-0.011102125923341
E-replace,knight,120000,spearman,A-B,35,50,a0cea62593da8e318561e6d7,8470d7aa4b7a8a35f9a0e440,2000,1,1,0,4.0205,5.266,1.2455,119550,119950,400,119980,119980,0,966.106,1203.2135,237.1075,1794.9775,2419.1355,624.158,644.9065,674.915,30.0085,695.682,689.206,-6.476,0.018736846507737,0.019971779908295,0.001234933400558
E-replace,knight,120000,spearman,A-B,50,65,8470d7aa4b7a8a35f9a0e440,cacda9bbbd2dc7bcaead17fa,2000,1,1,0,5.266,7.409,2.143,119950,119800,-150,119980,119980,0,1203.2135,1829.5775,626.364,2419.1355,3082.183,663.0475,674.915,674.556,-0.35899999999992,689.206,834.198,144.992,0.019971779908295,0.02446143572621,0.004489655817915
E-replace,knight,120000,spearman,A-B,65,80,cacda9bbbd2dc7bcaead17fa,3c05c455fba3d43416e82495,2000,1,1,0,7.409,10.221,2.812,119800,119650,-150,119980,119980,0,1829.5775,2925.8365,1096.259,3082.183,3704.6335,622.4505,674.556,661.1635,-13.3925,834.198,998.8435,164.6455,0.02446143572621,0.030552611784371,0.006091176058161
E-replace,knight,120000,spearman,A-B,80,90,3c05c455fba3d43416e82495,db37bec83d5388bfbf1c035f,2000,1,0.701,-0.299,10.221,12.6915,2.4705,119650,119550,-100,119980,119980,0,2925.8365,4035.9865,1110.15,3704.6335,3987.3105,282.677,661.1635,631.682,-29.4815,998.8435,1071.23,72.3865,0.030552611784371,0.034131283981598,0.003578672197227
E-replace,knight,120000,spearman,A-B,90,100,db37bec83d5388bfbf1c035f,ca5b04c4b643775f38057d6f,2000,0.701,0,-0.701,12.6915,13,0.3085,119550,120000,450,119980,119980,0,4035.9865,4471.004,435.0175,3987.3105,4426.4855,439.175,631.682,0.0035,-631.6785,1071.23,1705.5605,634.3305,0.034131283981598,0.032694083333333,-0.001437200648265
E-replace,knight,120000,spearman,B-A,0,5,c184c825c852554100efe052,15160d861cdeeff75943b68b,2000,0.7125,0.49,-0.2225,3,2.49,-0.51,119900,119850,-50,119980,119980,0,89,448.357,359.357,129,301.4405,172.4405,809.801,516.94,-292.861,669.238,769.465,100.227,0.049933486238532,0.036670254484773,-0.013263231753759
E-replace,knight,120000,spearman,B-A,5,10,15160d861cdeeff75943b68b,ade113ba6e50771f645ea52a,2000,0.49,1,0.51,2.49,3.0005,0.5105,119850,119800,-50,119980,119980,0,448.357,402.7055,-45.6515,301.4405,831.901,530.4605,516.94,667.0615,150.1215,769.465,723.8885,-45.5765,0.036670254484773,0.019856051752922,-0.016814202731851
E-replace,knight,120000,spearman,B-A,10,20,ade113ba6e50771f645ea52a,2f2d5ae5b951460ff5f8e5de,2000,1,1,0,3.0005,4,0.9995,119800,119700,-100,119980,119980,0,402.7055,322.542,-80.1635,831.901,1701.0215,869.1205,667.0615,926.1355,259.074,723.8885,583.655,-140.2335,0.019856051752922,0.013723558897243,-0.006132492855679
E-replace,knight,120000,spearman,B-A,20,35,2f2d5ae5b951460ff5f8e5de,a0cea62593da8e318561e6d7,2000,1,1,0,4,4.019,0.019,119700,119550,-150,119980,119980,0,322.542,151.0015,-171.5405,1701.0215,2506.2155,805.194,926.1355,644.545,-281.5905,583.655,696.0645,112.4095,0.013723558897243,0.012243496445002,-0.001480062452241
E-replace,knight,120000,spearman,B-A,35,50,a0cea62593da8e318561e6d7,8470d7aa4b7a8a35f9a0e440,2000,1,1,0,4.019,5.261,1.242,119550,119950,400,119980,119980,0,151.0015,200.1575,49.156,2506.2155,3295.1575,788.942,644.545,673.745,29.2,696.0645,695.709,-0.35550000000001,0.012243496445002,0.015392830345977,0.003149333900975
E-replace,knight,120000,spearman,B-A,50,65,8470d7aa4b7a8a35f9a0e440,cacda9bbbd2dc7bcaead17fa,2000,1,1,0,5.261,7.376,2.115,119950,119800,-150,119980,119980,0,200.1575,358.3695,158.212,3295.1575,4341.537,1046.3795,673.745,674.8345,1.0895,695.709,861.9675,166.2585,0.015392830345977,0.020403171953255,0.005010341607278
E-replace,knight,120000,spearman,B-A,65,80,cacda9bbbd2dc7bcaead17fa,3c05c455fba3d43416e82495,2000,1,1,0,7.376,10,2.624,119800,119650,-150,119980,119980,0,358.3695,653.6075,295.238,4341.537,5560.088,1218.551,674.8345,719.0195,44.185,861.9675,967.065,105.0975,0.020403171953255,0.026642039281237,0.006238867327982
E-replace,knight,120000,spearman,B-A,80,90,3c05c455fba3d43416e82495,db37bec83d5388bfbf1c035f,2000,1,1,0,10,11.9985,1.9985,119650,119550,-100,119980,119980,0,653.6075,934.456,280.8485,5560.088,6385.389,825.301,719.0195,670.001,-49.0185,967.065,1040.4165,73.3515,0.026642039281237,0.031034337097449,0.004392297816212
E-replace,knight,120000,spearman,B-A,90,100,db37bec83d5388bfbf1c035f,ca5b04c4b643775f38057d6f,2000,1,0.3975,-0.6025,11.9985,20,8.0015,119550,120000,450,119980,119980,0,934.456,3299.9845,2365.5285,6385.389,6938.9465,553.5575,670.001,462.703,-207.298,1040.4165,1251.2375,210.821,0.031034337097449,0.038560458333333,0.007526121235884
E-replace,knight,360000,archer,A-B,0,5,b3ff8548f0c7aaf0c4a177de,8d6145b717b20046bf574729,2000,1,1,0,1,1,0,359700,359550,-150,359940,359940,0,0,1800,1800,654,616.41,-37.59,2288.9915,2173.5565,-115.435,0,0,0,0.049831804281346,0.04953249895703,-0.000299305324316
E-replace,knight,360000,archer,A-B,5,10,8d6145b717b20046bf574729,78af9defeb126b04d5785918,2000,1,1,0,1,1,0,359550,359950,400,359940,359940,0,1800,531.0985,-1268.9015,616.41,3068.9015,2452.4915,2173.5565,2061.536,-112.0205,0,0,0,0.04953249895703,0.0050116127239894,-0.044520886233041
E-replace,knight,360000,archer,A-B,10,20,78af9defeb126b04d5785918,5ba2a76eb42be1138da657c9,2000,1,1,0,1,1.087,0.087,359950,359650,-300,359940,359940,0,531.0985,78.6265,-452.472,3068.9015,7121.3735,4052.472,2061.536,1989.704,-71.832,0,3.911,3.911,0.0050116127239894,0.010026539691367,0.0050149269673776
E-replace,knight,360000,archer,A-B,20,35,5ba2a76eb42be1138da657c9,bae915fe9bf13ae9b723e6bd,2000,1,1,0,1.087,2,0.913,359650,359740,90,359940,359940,0,78.6265,0,-78.6265,7121.3735,10616.608,3495.2345,1989.704,2974.837,985.133,3.911,183.1395,179.2285,0.010026539691367,0.014769124923556,0.004742585232189
E-replace,knight,360000,archer,A-B,35,50,bae915fe9bf13ae9b723e6bd,51278e90b7f835e3758040f4,2000,1,1,0,2,2,0,359740,359850,110,359940,359940,0,0,0,0,10616.608,12333.902,1717.294,2974.837,2288.7005,-686.1365,183.1395,449.2415,266.102,0.014769124923556,0.017152619146867,0.002383494223311
E-replace,knight,360000,archer,A-B,50,65,51278e90b7f835e3758040f4,47f6237f430a2580719e07b7,2000,1,1,0,2,3,1,359850,359950,100,359940,359940,0,0,750.487,750.487,12333.902,15395.867,3061.965,2288.7005,2404.4435,115.743,449.2415,1583.461,1134.2195,0.017152619146867,0.022448159466593,0.005295540319726
E-replace,knight,360000,archer,A-B,65,80,47f6237f430a2580719e07b7,d0e9fb7a5d2e9b235b7f7276,2000,1,1,0,3,4.191,1.191,359950,359500,-450,359940,359940,0,750.487,2091.6255,1341.1385,15395.867,18938.582,3542.715,2404.4435,1906.2885,-498.155,1583.461,2885.748,1302.287,0.022448159466593,0.02928488178025,0.006836722313657
E-replace,knight,360000,archer,A-B,80,90,d0e9fb7a5d2e9b235b7f7276,d90da8c39ac77b2fe6e0c0d8,2000,1,1,0,4.191,7.021,2.83,359500,359750,250,359940,359940,0,2091.6255,8140.3795,6048.754,18938.582,20077.8505,1139.2685,1906.2885,1894.844,-11.4445,2885.748,3232.3175,346.5695,0.02928488178025,0.039308283530229,0.010023401749979
E-replace,knight,360000,archer,A-B,90,100,d90da8c39ac77b2fe6e0c0d8,8f03b75d24b9d440b7d52be5,2000,1,0,-1,7.021,8,0.979,359750,360000,250,359940,359940,0,8140.3795,13585.641,5445.2615,20077.8505,19596.4255,-481.425,1894.844,847.792,-1047.052,3232.3175,4276.8505,1044.533,0.039308283530229,0.039586,0.000277716469771
E-replace,knight,360000,archer,B-A,0,5,b3ff8548f0c7aaf0c4a177de,8d6145b717b20046bf574729,2000,1,1,0,1,1,0,359700,359550,-150,359940,359940,0,0,1800,1800,654,621,-33,2288.9915,2173.5565,-115.435,0,0,0,0.049831804281346,0.049880503407037,4.8699125690999E-5
E-replace,knight,360000,archer,B-A,5,10,8d6145b717b20046bf574729,78af9defeb126b04d5785918,2000,1,1,0,1,1,0,359550,359950,400,359940,359940,0,1800,3600,1800,621,83.4235,-537.5765,2173.5565,2061.536,-112.0205,0,0,0,0.049880503407037,0.011357021808585,-0.038523481598452
E-replace,knight,360000,archer,B-A,10,20,78af9defeb126b04d5785918,5ba2a76eb42be1138da657c9,2000,1,1,0,1,1.087,0.087,359950,359650,-300,359940,359940,0,3600,1656.0315,-1943.9685,83.4235,5544.048,5460.6245,2061.536,1989.704,-71.832,0,3.268,3.268,0.011357021808585,0.010031836507716,-0.001325185300869
E-replace,knight,360000,archer,B-A,20,35,5ba2a76eb42be1138da657c9,bae915fe9bf13ae9b723e6bd,2000,1,1,0,1.087,2,0.913,359650,359740,90,359940,359940,0,1656.0315,4274.895,2618.8635,5544.048,6340.861,796.813,1989.704,2974.837,985.133,3.268,183.1395,179.8715,0.010031836507716,0.014778729082115,0.004746892574399
E-replace,knight,360000,archer,B-A,35,50,bae915fe9bf13ae9b723e6bd,51278e90b7f835e3758040f4,2000,1,1,0,2,2,0,359740,359850,110,359940,359940,0,4274.895,3374.1845,-900.7105,6340.861,8959.133,2618.272,2974.837,2288.7005,-686.1365,183.1395,449.2415,266.102,0.014778729082115,0.017157162706683,0.002378433624568
E-replace,knight,360000,archer,B-A,50,65,51278e90b7f835e3758040f4,47f6237f430a2580719e07b7,2000,1,1,0,2,3,1,359850,359950,100,359940,359940,0,3374.1845,6056.858,2682.6735,8959.133,10443.1565,1484.0235,2288.7005,2404.4435,115.743,449.2415,1471.671,1022.4295,0.017157162706683,0.022943825531324,0.005786662824641
E-replace,knight,360000,archer,B-A,65,80,47f6237f430a2580719e07b7,d0e9fb7a5d2e9b235b7f7276,2000,1,1,0,3,4.191,1.191,359950,359500,-450,359940,359940,0,6056.858,10245.1245,4188.2665,10443.1565,11687.758,1244.6015,2404.4435,1906.289,-498.1545,1471.671,2706.4155,1234.7445,0.022943825531324,0.030628692628651,0.007684867097327
E-replace,knight,360000,archer,B-A,80,90,d0e9fb7a5d2e9b235b7f7276,d90da8c39ac77b2fe6e0c0d8,2000,1,0,-1,4.191,5,0.809,359500,359750,250,359940,359940,0,10245.1245,14448.896,4203.7715,11687.758,12019.121,331.363,1906.289,1137.7265,-768.5625,2706.4155,3692.124,985.7085,0.030628692628651,0.032926268241835,0.002297575613184
E-replace,knight,360000,archer,B-A,90,100,d90da8c39ac77b2fe6e0c0d8,8f03b75d24b9d440b7d52be5,2000,0,0,0,5,5,0,359750,360000,250,359940,359940,0,14448.896,15743.9995,1295.1035,12019.121,13499.7895,1480.6685,1137.7265,0,-1137.7265,3692.124,4812.233,1120.109,0.032926268241835,0.036148791666667,0.003222523424832
E-replace,knight,360000,knight,A-B,0,5,7b7068f553b1a513735c821b,889ad49c1fe1539e5bc7c67b,2000,0.493,0.246,-0.247,1,1,0,359700,359550,-150,359700,359700,0,327.812,1702.9775,1375.1655,326.188,586.1355,259.9475,327.23,211.586,-115.644,326.77,442.414,115.644,0.050105504587156,0.047147837574746,-0.00295766701241
E-replace,knight,360000,knight,A-B,5,10,889ad49c1fe1539e5bc7c67b,071f204a5cebd1b1e039b1cc,2000,0.246,0,-0.246,1,1,0,359550,359950,400,359700,359700,0,1702.9775,1968.1485,265.171,586.1355,321.6475,-264.488,211.586,100.1035,-111.4825,442.414,553.8965,111.4825,0.047147837574746,0.027241186275872,-0.019906651298874
E-replace,knight,360000,knight,A-B,10,20,071f204a5cebd1b1e039b1cc,10dac2498fa254d8a6fc72bb,2000,0,1,1,1,2,1,359950,359650,-300,359700,359700,0,1968.1485,4205.977,2237.8285,321.6475,305.529,-16.1185,100.1035,654,553.8965,553.8965,0,-553.8965,0.027241186275872,0.029115681912971,0.001874495637099
E-replace,knight,360000,knight,A-B,20,35,10dac2498fa254d8a6fc72bb,9f4edd5533d86abc9e4c1dbd,2000,1,1,0,2,2,0,359650,359740,90,359700,359700,0,4205.977,4413.466,207.489,305.529,148.7355,-156.7935,654,654,0,0,0,0,0.029115681912971,0.017484766776005,-0.011630915136966
E-replace,knight,360000,knight,A-B,35,50,9f4edd5533d86abc9e4c1dbd,35424ac54e589441a7f6dd91,2000,1,1,0,2,2,0,359740,359850,110,359700,359700,0,4413.466,4491.0125,77.546499999999,148.7355,81.4855,-67.25,654,649.88,-4.12,0,4.12,4.12,0.017484766776005,0.012471265805197,-0.005013500970808
E-replace,knight,360000,knight,A-B,50,65,35424ac54e589441a7f6dd91,3c6d490a220932b0389fd604,2000,1,1,0,2,2.055,0.055,359850,359950,100,359700,359700,0,4491.0125,4613.4335,122.421,81.4855,45.2035,-36.282,649.88,285.188,-364.692,4.12,368.812,364.692,0.012471265805197,0.0097812890679261,-0.0026899767372709
E-replace,knight,360000,knight,A-B,65,80,3c6d490a220932b0389fd604,4d36f9d7a8f1f51f5d8cb141,2000,1,1,0,2.055,3.4455,1.3905,359950,359500,-450,359700,359700,0,4613.4335,7514.356,2900.9225,45.2035,33.9915,-11.212,285.188,426.8795,141.6915,368.812,227.1205,-141.6915,0.0097812890679261,0.013016995827538,0.0032357067596119
E-replace,knight,360000,knight,A-B,80,90,4d36f9d7a8f1f51f5d8cb141,7f5226ad64b78af19908ef04,2000,1,1,0,3.4455,4,0.5545,359500,359750,250,359700,359700,0,7514.356,8647.0255,1132.6695,33.9915,17.3485,-16.643,426.8795,333.9015,-92.978,227.1205,320.0985,92.978,0.013016995827538,0.013321876302988,0.00030488047545
E-replace,knight,360000,knight,A-B,90,100,7f5226ad64b78af19908ef04,a26026f437f9f1fac3cd2c65,2000,1,0,-1,4,6,2,359750,360000,250,359700,359700,0,8647.0255,13734.0145,5086.989,17.3485,0,-17.3485,333.9015,0.881,-333.0205,320.0985,653.119,333.0205,0.013321876302988,0.019087388888889,0.005765512585901
E-replace,knight,360000,knight,B-A,0,5,7b7068f553b1a513735c821b,889ad49c1fe1539e5bc7c67b,2000,0.5015,0.246,-0.2555,1,1,0,359700,359550,-150,359700,359700,0,327.812,1702.9775,1375.1655,326.188,586.1355,259.9475,327.23,211.586,-115.644,326.77,442.414,115.644,0.050105504587156,0.047147837574746,-0.00295766701241
E-replace,knight,360000,knight,B-A,5,10,889ad49c1fe1539e5bc7c67b,071f204a5cebd1b1e039b1cc,2000,0.246,0,-0.246,1,1,0,359550,359950,400,359700,359700,0,1702.9775,1968.1485,265.171,586.1355,321.6475,-264.488,211.586,100.1035,-111.4825,442.414,553.8965,111.4825,0.047147837574746,0.027241186275872,-0.019906651298874
E-replace,knight,360000,knight,B-A,10,20,071f204a5cebd1b1e039b1cc,10dac2498fa254d8a6fc72bb,2000,0,1,1,1,2,1,359950,359650,-300,359700,359700,0,1968.1485,4205.977,2237.8285,321.6475,305.529,-16.1185,100.1035,654,553.8965,553.8965,0,-553.8965,0.027241186275872,0.029115681912971,0.001874495637099
E-replace,knight,360000,knight,B-A,20,35,10dac2498fa254d8a6fc72bb,9f4edd5533d86abc9e4c1dbd,2000,1,1,0,2,2,0,359650,359740,90,359700,359700,0,4205.977,4413.466,207.489,305.529,148.7355,-156.7935,654,654,0,0,0,0,0.029115681912971,0.017484766776005,-0.011630915136966
E-replace,knight,360000,knight,B-A,35,50,9f4edd5533d86abc9e4c1dbd,35424ac54e589441a7f6dd91,2000,1,1,0,2,2,0,359740,359850,110,359700,359700,0,4413.466,4491.0125,77.546499999999,148.7355,81.4855,-67.25,654,649.88,-4.12,0,4.12,4.12,0.017484766776005,0.012471265805197,-0.005013500970808
E-replace,knight,360000,knight,B-A,50,65,35424ac54e589441a7f6dd91,3c6d490a220932b0389fd604,2000,1,1,0,2,2.055,0.055,359850,359950,100,359700,359700,0,4491.0125,4613.4335,122.421,81.4855,45.2035,-36.282,649.88,285.188,-364.692,4.12,368.812,364.692,0.012471265805197,0.0097812890679261,-0.0026899767372709
E-replace,knight,360000,knight,B-A,65,80,3c6d490a220932b0389fd604,4d36f9d7a8f1f51f5d8cb141,2000,1,1,0,2.055,3.4455,1.3905,359950,359500,-450,359700,359700,0,4613.4335,7514.356,2900.9225,45.2035,33.9915,-11.212,285.188,426.8795,141.6915,368.812,227.1205,-141.6915,0.0097812890679261,0.013016995827538,0.0032357067596119
E-replace,knight,360000,knight,B-A,80,90,4d36f9d7a8f1f51f5d8cb141,7f5226ad64b78af19908ef04,2000,1,1,0,3.4455,4,0.5545,359500,359750,250,359700,359700,0,7514.356,8647.0255,1132.6695,33.9915,17.3485,-16.643,426.8795,333.9015,-92.978,227.1205,320.0985,92.978,0.013016995827538,0.013321876302988,0.00030488047545
E-replace,knight,360000,knight,B-A,90,100,7f5226ad64b78af19908ef04,a26026f437f9f1fac3cd2c65,2000,1,0,-1,4,6,2,359750,360000,250,359700,359700,0,8647.0255,13734.0145,5086.989,17.3485,0,-17.3485,333.9015,0.881,-333.0205,320.0985,653.119,333.0205,0.013321876302988,0.019087388888889,0.005765512585901
E-replace,knight,360000,soldier,A-B,0,5,6cb76eab41a7d7490a67b33b,75c463dcd91c8fb6131d4cec,2000,1,0,-1,6,3,-3,359700,359550,-150,360000,360000,0,0.844,1532.222,1531.378,653.156,281.715,-371.441,13735.3595,6522.1465,-7213.213,0,437.0335,437.0335,0.049871559633028,0.0034438464747601,-0.046427713158268
E-replace,knight,360000,soldier,A-B,5,10,75c463dcd91c8fb6131d4cec,75e5e3e2d6794cf99796d342,2000,0,0,0,3,4.963,1.963,359550,359950,400,360000,360000,0,1532.222,2787.737,1255.515,281.715,811.104,529.389,6522.1465,10233.2485,3711.102,437.0335,1305.1975,868.164,0.0034438464747601,0.0047392137796916,0.0012953673049315
E-replace,knight,360000,soldier,A-B,10,20,75e5e3e2d6794cf99796d342,a84aaaa8cf65f5339e26ee77,2000,0,1,1,4.963,7,2.037,359950,359650,-300,360000,360000,0,2787.737,2263.5825,-524.1545,811.104,4765.125,3954.021,10233.2485,12814.336,2581.0875,1305.1975,3427.9075,2122.71,0.0047392137796916,0.009852815237036,0.0051136014573444
E-replace,knight,360000,soldier,A-B,20,35,a84aaaa8cf65f5339e26ee77,8e2f0e9e2c4873b7e8b8562d,2000,1,1,0,7,9,2,359650,359740,90,360000,360000,0,2263.5825,1760.827,-502.7555,4765.125,9723.237,4958.112,12814.336,13396.646,582.31,3427.9075,7150.8905,3722.983,0.009852815237036,0.016012203257908,0.006159388020872
E-replace,knight,360000,soldier,A-B,35,50,8e2f0e9e2c4873b7e8b8562d,977b53c25d2ffb5708717a15,2000,1,1,0,9,11.1475,2.1475,359740,359850,110,360000,360000,0,1760.827,1821.8305,61.0035,9723.237,13850.801,4127.564,13396.646,12838.1745,-558.4715,7150.8905,11387.3735,4236.483,0.016012203257908,0.021823023482006,0.005810820224098
E-replace,knight,360000,soldier,A-B,50,65,977b53c25d2ffb5708717a15,e5cb094b77a5f3368c078025,2000,1,1,0,11.1475,15.306,4.1585,359850,359950,100,360000,360000,0,1821.8305,3052.715,1230.8845,13850.801,17620.8025,3770.0015,12838.1745,12930.0535,91.879000000001,11387.3735,16024.8335,4637.46,0.021823023482006,0.028772037783025,0.006949014301019
E-replace,knight,360000,soldier,A-B,65,80,e5cb094b77a5f3368c078025,9442affee855bdcc40ec019c,2000,1,1,0,15.306,20,4.694,359950,359500,-450,360000,360000,0,3052.715,5150.736,2098.021,17620.8025,20972.192,3351.3895,12930.0535,11914.2305,-1015.823,16024.8335,19970.677,3945.8435,0.028772037783025,0.036399958275382,0.007627920492357
E-replace,knight,360000,soldier,A-B,80,90,9442affee855bdcc40ec019c,19dd10c54ecfef3c603c7a07,2000,1,1,0,20,20,0,359500,359750,250,360000,360000,0,5150.736,4946.551,-204.185,20972.192,23955.3415,2983.1495,11914.2305,8293.149,-3621.0815,19970.677,23438.111,3467.434,0.036399958275382,0.040216316886727,0.003816358611345
E-replace,knight,360000,soldier,A-B,90,100,19dd10c54ecfef3c603c7a07,c7b2d81c75cd90ce4dba13ba,2000,1,0.4875,-0.5125,20,20,0,359750,360000,250,360000,360000,0,4946.551,4787.778,-158.773,23955.3415,26835.376,2880.0345,8293.149,4786.2715,-3506.8775,23438.111,26836.0315,3397.9205,0.040216316886727,0.039369263888889,-0.000847052997838
E-replace,knight,360000,soldier,B-A,0,5,6cb76eab41a7d7490a67b33b,75c463dcd91c8fb6131d4cec,2000,1,0,-1,6,3,-3,359700,359550,-150,360000,360000,0,0.844,1532.222,1531.378,653.156,281.715,-371.441,13735.3595,6522.1465,-7213.213,0,437.0335,437.0335,0.049871559633028,0.0034438464747601,-0.046427713158268
E-replace,knight,360000,soldier,B-A,5,10,75c463dcd91c8fb6131d4cec,75e5e3e2d6794cf99796d342,2000,0,0,0,3,4.963,1.963,359550,359950,400,360000,360000,0,1532.222,2787.737,1255.515,281.715,811.104,529.389,6522.1465,10233.2485,3711.102,437.0335,1305.1975,868.164,0.0034438464747601,0.0047392137796916,0.0012953673049315
E-replace,knight,360000,soldier,B-A,10,20,75e5e3e2d6794cf99796d342,a84aaaa8cf65f5339e26ee77,2000,0,1,1,4.963,7,2.037,359950,359650,-300,360000,360000,0,2787.737,2263.5825,-524.1545,811.104,4765.125,3954.021,10233.2485,12814.336,2581.0875,1305.1975,3427.9075,2122.71,0.0047392137796916,0.009852815237036,0.0051136014573444
E-replace,knight,360000,soldier,B-A,20,35,a84aaaa8cf65f5339e26ee77,8e2f0e9e2c4873b7e8b8562d,2000,1,1,0,7,9,2,359650,359740,90,360000,360000,0,2263.5825,1760.827,-502.7555,4765.125,9723.237,4958.112,12814.336,13396.646,582.31,3427.9075,7150.8905,3722.983,0.009852815237036,0.016012203257908,0.006159388020872
E-replace,knight,360000,soldier,B-A,35,50,8e2f0e9e2c4873b7e8b8562d,977b53c25d2ffb5708717a15,2000,1,1,0,9,11.1475,2.1475,359740,359850,110,360000,360000,0,1760.827,1821.8305,61.0035,9723.237,13850.801,4127.564,13396.646,12838.1745,-558.4715,7150.8905,11387.3735,4236.483,0.016012203257908,0.021823023482006,0.005810820224098
E-replace,knight,360000,soldier,B-A,50,65,977b53c25d2ffb5708717a15,e5cb094b77a5f3368c078025,2000,1,1,0,11.1475,15.306,4.1585,359850,359950,100,360000,360000,0,1821.8305,3052.715,1230.8845,13850.801,17620.8025,3770.0015,12838.1745,12930.0535,91.879000000001,11387.3735,16024.8335,4637.46,0.021823023482006,0.028772037783025,0.006949014301019
E-replace,knight,360000,soldier,B-A,65,80,e5cb094b77a5f3368c078025,9442affee855bdcc40ec019c,2000,1,1,0,15.306,20,4.694,359950,359500,-450,360000,360000,0,3052.715,5150.736,2098.021,17620.8025,20972.192,3351.3895,12930.0535,11914.2305,-1015.823,16024.8335,19970.677,3945.8435,0.028772037783025,0.036399958275382,0.007627920492357
E-replace,knight,360000,soldier,B-A,80,90,9442affee855bdcc40ec019c,19dd10c54ecfef3c603c7a07,2000,1,1,0,20,20,0,359500,359750,250,360000,360000,0,5150.736,4946.551,-204.185,20972.192,23955.3415,2983.1495,11914.2305,8293.149,-3621.0815,19970.677,23438.111,3467.434,0.036399958275382,0.040216316886727,0.003816358611345
E-replace,knight,360000,soldier,B-A,90,100,19dd10c54ecfef3c603c7a07,c7b2d81c75cd90ce4dba13ba,2000,1,0.4935,-0.5065,20,20,0,359750,360000,250,360000,360000,0,4946.551,4787.778,-158.773,23955.3415,26835.376,2880.0345,8293.149,4786.2715,-3506.8775,23438.111,26836.0315,3397.9205,0.040216316886727,0.039423944444444,-0.000792372442283
E-replace,knight,360000,spearman,A-B,0,5,5ca59af42f4cd5f25641027b,2046fd29f9e61d29b4103157,2000,0,0,0,2,2,0,359700,359550,-150,359940,359940,0,654,1800,1146,0,621,621,1018.969,918.4425,-100.5265,2539.683,2509.5395,-30.1435,0.050091743119266,0.049880503407037,-0.000211239712229
E-replace,knight,360000,spearman,A-B,5,10,2046fd29f9e61d29b4103157,6eef64c8e36d8fd14bd1c732,2000,0,0,0,2,2,0,359550,359950,400,359940,359940,0,1800,1951.824,151.824,621,1718.4685,1097.4685,918.4425,826.49,-91.9525,2509.5395,2469.4795,-40.06,0.049880503407037,0.028530407000972,-0.021350096406065
E-replace,knight,360000,spearman,A-B,10,20,6eef64c8e36d8fd14bd1c732,b2fdbe21d8a1015ba78ef66e,2000,0,1,1,2,4,2,359950,359650,-300,359940,359940,0,1951.824,3838.929,1887.105,1718.4685,2736.79,1018.3215,826.49,2787.4995,1961.0095,2469.4795,1746.362,-723.1175,0.028530407000972,0.03010005560962,0.001569648608648
E-replace,knight,360000,spearman,A-B,20,35,b2fdbe21d8a1015ba78ef66e,c2d15c6dcfc228c8180f0e15,2000,1,1,0,4,4,0,359650,359740,90,359940,359940,0,3838.929,2871.1765,-967.7525,2736.79,5388.4025,2651.6125,2787.4995,1931.1,-856.3995,1746.362,2091.6295,345.2675,0.03010005560962,0.018826763773837,-0.011273291835783
E-replace,knight,360000,spearman,A-B,35,50,c2d15c6dcfc228c8180f0e15,d96c298137b1e8069d4ed235,2000,1,1,0,4,5.134,1.134,359740,359850,110,359940,359940,0,2871.1765,3479.491,608.3145,5388.4025,7251.0135,1862.611,1931.1,1931.2235,0.12350000000015,2091.6295,2098.1545,6.5250000000001,0.018826763773837,0.019632763651521,0.000805999877684
E-replace,knight,360000,spearman,A-B,50,65,d96c298137b1e8069d4ed235,b7c7c9d3d203b0ebe3fb20b3,2000,1,1,0,5.134,7.234,2.1,359850,359950,100,359940,359940,0,3479.491,5300.7375,1821.2465,7251.0135,9247.21,1996.1965,1931.2235,1946.004,14.7805,2098.1545,2527.421,429.2665,0.019632763651521,0.024052312821225,0.004419549169704
E-replace,knight,360000,spearman,A-B,65,80,b7c7c9d3d203b0ebe3fb20b3,bda9eef0ed31b85d1b366818,2000,1,1,0,7.234,10.025,2.791,359950,359500,-450,359940,359940,0,5300.7375,8542.3165,3241.579,9247.21,11152.955,1905.745,1946.004,1889.8085,-56.1955,2527.421,3073.995,546.574,0.024052312821225,0.030233810848401,0.006181498027176
E-replace,knight,360000,spearman,A-B,80,90,bda9eef0ed31b85d1b366818,401f984343bf17b0b50dc0f5,2000,1,0.9335,-0.0665,10.025,12.928,2.903,359500,359750,250,359940,359940,0,8542.3165,12321.622,3779.3055,11152.955,11908.211,755.256,1889.8085,2050.54,160.7315,3073.995,3066.806,-7.1889999999999,0.030233810848401,0.035242751911049,0.005008941062648
E-replace,knight,360000,spearman,A-B,90,100,401f984343bf17b0b50dc0f5,56655803de58d0c88a529b40,2000,0.9335,0,-0.9335,12.928,13,0.071999999999999,359750,360000,250,359940,359940,0,12321.622,13412.643,1091.021,11908.211,13281.8495,1373.6385,2050.54,0,-2050.54,3066.806,5116.9925,2050.1865,0.035242751911049,0.032674027777778,-0.002568724133271
E-replace,knight,360000,spearman,B-A,0,5,5ca59af42f4cd5f25641027b,2046fd29f9e61d29b4103157,2000,0.84,0.4685,-0.3715,3,2.4685,-0.5315,359700,359550,-150,359940,359940,0,264.8265,1312.8165,1047.99,389.1735,932.189,543.0155,2429.058,1523.219,-905.839,2008.4865,2318.2175,309.731,0.050112385321101,0.036211277986372,-0.013901107334729
E-replace,knight,360000,spearman,B-A,5,10,2046fd29f9e61d29b4103157,6eef64c8e36d8fd14bd1c732,2000,0.4685,1,0.5315,2.4685,3,0.5315,359550,359950,400,359940,359940,0,1312.8165,1205.8985,-106.918,932.189,2496.782,1564.593,1523.219,2006.2065,482.9875,2318.2175,2171.4405,-146.777,0.036211277986372,0.020045270176413,-0.016166007809959
E-replace,knight,360000,spearman,B-A,10,20,6eef64c8e36d8fd14bd1c732,b2fdbe21d8a1015ba78ef66e,2000,1,1,0,3,4,1,359950,359650,-300,359940,359940,0,1205.8985,965.983,-239.9155,2496.782,5103.2875,2606.5055,2006.2065,2787.4015,781.195,2171.4405,1746.7295,-424.711,0.020045270176413,0.013713944112331,-0.006331326064082
E-replace,knight,360000,spearman,B-A,20,35,b2fdbe21d8a1015ba78ef66e,c2d15c6dcfc228c8180f0e15,2000,1,1,0,4,4,0,359650,359740,90,359940,359940,0,965.983,444.5485,-521.4345,5103.2875,7508.5735,2405.286,2787.4015,1930.9585,-856.443,1746.7295,2092.9415,346.212,0.013713944112331,0.012172819258353,-0.001541124853978
E-replace,knight,360000,spearman,B-A,35,50,c2d15c6dcfc228c8180f0e15,d96c298137b1e8069d4ed235,2000,1,1,0,4,5.1275,1.1275,359740,359850,110,359940,359940,0,444.5485,558.951,114.4025,7508.5735,9808.141,2299.5675,1930.9585,1926.5985,-4.3599999999999,2092.9415,2116.0775,23.136,0.012172819258353,0.015149062109212,0.002976242850859
E-replace,knight,360000,spearman,B-A,50,65,d96c298137b1e8069d4ed235,b7c7c9d3d203b0ebe3fb20b3,2000,1,1,0,5.1275,7.179,2.0515,359850,359950,100,359940,359940,0,558.951,1006.0775,447.1265,9808.141,12914.432,3106.291,1926.5985,1928.7355,2.1369999999999,2116.0775,2620.14,504.0625,0.015149062109212,0.020077649673566,0.004928587564354
E-replace,knight,360000,spearman,B-A,65,80,b7c7c9d3d203b0ebe3fb20b3,bda9eef0ed31b85d1b366818,2000,1,1,0,7.179,10,2.821,359950,359500,-450,359940,359940,0,1006.0775,1954.981,948.9035,12914.432,16671.6105,3757.1785,1928.7355,2180.606,251.8705,2620.14,2879.325,259.185,0.020077649673566,0.026568386648122,0.006490736974556
E-replace,knight,360000,spearman,B-A,80,90,bda9eef0ed31b85d1b366818,401f984343bf17b0b50dc0f5,2000,1,1,0,10,12,2,359500,359750,250,359940,359940,0,1954.981,2782.7255,827.7445,16671.6105,19137.7925,2466.182,2180.606,2076.4715,-104.1345,2879.325,3057.036,177.711,0.026568386648122,0.030887977762335,0.004319591114213
E-replace,knight,360000,spearman,B-A,90,100,401f984343bf17b0b50dc0f5,56655803de58d0c88a529b40,2000,1,0.3355,-0.6645,12,20,8,359750,360000,250,359940,359940,0,2782.7255,9898.754,7116.0285,19137.7925,20819.7665,1681.974,2076.4715,1386.0605,-690.411,3057.036,3755.8385,698.8025,0.030887977762335,0.038085333333333,0.007197355570998
E-replace,spearman,12000,archer,A-B,0,5,26b36fe60cae3487b3c3dbcc,746a080246b1a0ef9955a3d9,2000,0.0985,0.407,0.3085,6.973,6.882,-0.091,11970,11940,-30,11970,11970,0,110.3685,122.2255,11.857,60.6315,99.7745,39.143,78.1895,70.0005,-8.189,92.4505,100.3825,7.932,0.050269005847953,0.050047738693467,-0.000221267154486
E-replace,spearman,12000,archer,A-B,5,10,746a080246b1a0ef9955a3d9,26301a26a7c48f6cdf6ed953,2000,0.407,0,-0.407,6.882,3,-3.882,11940,11980,40,11970,11970,0,122.2255,118.6505,-3.575,99.7745,154.4655,54.691,70.0005,0.4465,-69.554,100.3825,154.091,53.7085,0.050047738693467,0.049837646076795,-0.000210092616672
E-replace,spearman,12000,archer,A-B,10,20,26301a26a7c48f6cdf6ed953,52174fe4dd118fc93c56f0d8,2000,0,0,0,3,3.7865,0.7865,11980,11990,10,11970,11970,0,118.6505,200.031,81.3805,154.4655,150.9945,-3.471,0.4465,5.583,5.1365,154.091,151.612,-2.479,0.049837646076795,0.042105504587156,-0.007732141489639
E-replace,spearman,12000,archer,A-B,20,35,52174fe4dd118fc93c56f0d8,ca8fa6cf8ad7f3496df9cbf6,2000,0,0,0,3.7865,4.4425,0.656,11990,11970,-20,11970,11970,0,200.031,244.2235,44.1925,150.9945,232.112,81.1175,5.583,15.0675,9.4845,151.612,141.5925,-10.0195,0.042105504587156,0.034370927318296,-0.00773457726886
E-replace,spearman,12000,archer,A-B,35,50,ca8fa6cf8ad7f3496df9cbf6,c33c6acb735e6a9562329bbf,2000,0,0,0,4.4425,5.1805,0.738,11970,11950,-20,11970,11970,0,244.2235,277.9895,33.766,232.112,337.438,105.326,15.0675,23.1215,8.054,141.5925,135.8575,-5.735,0.034370927318296,0.03275230125523,-0.001618626063066
E-replace,spearman,12000,archer,A-B,50,65,c33c6acb735e6a9562329bbf,b82dee7b4819196a47594d76,2000,0,0.0335,0.0335,5.1805,6.092,0.9115,11950,12000,50,11970,11970,0,277.9895,329.5165,51.527,337.438,432.5495,95.1115,23.1215,33.5185,10.397,135.8575,130.3375,-5.52,0.03275230125523,0.034173333333333,0.001421032078103
E-replace,spearman,12000,archer,A-B,65,80,b82dee7b4819196a47594d76,5801c7d79b67e41d9f0a06e1,2000,0.0335,0.0685,0.035,6.092,7.048,0.956,12000,11980,-20,11970,11970,0,329.5165,384.636,55.1195,432.5495,524.731,92.1815,33.5185,45.328,11.8095,130.3375,122.7215,-7.616,0.034173333333333,0.03664774624374,0.002474412910407
E-replace,spearman,12000,archer,A-B,80,90,5801c7d79b67e41d9f0a06e1,30f8ef74b883994cc5c09046,2000,0.0685,0.17,0.1015,7.048,7.9695,0.9215,11980,11990,10,11970,11970,0,384.636,455.341,70.705,524.731,561.7255,36.9945,45.328,54.627,9.299,122.7215,115.2675,-7.454,0.03664774624374,0.039750208507089,0.003102462263349
E-replace,spearman,12000,archer,A-B,90,100,30f8ef74b883994cc5c09046,2ada73e47faf64e8b8151368,2000,0.17,0.009,-0.161,7.9695,8.0845,0.115,11990,12000,10,11970,11970,0,455.341,459.804,4.463,561.7255,647.534,85.8085,54.627,31.169,-23.458,115.2675,139.0925,23.825,0.039750208507089,0.039724166666667,-2.6041840422E-5
E-replace,spearman,12000,archer,B-A,0,5,26b36fe60cae3487b3c3dbcc,746a080246b1a0ef9955a3d9,2000,1,1,0,3.999,4.0015,0.0024999999999999,11970,11940,-30,11970,11970,0,0.059,61.543,61.484,170.9405,160.457,-10.4835,93.5465,87.0025,-6.544,74.55,79.8945,5.3445,0.049997076023392,0.050212311557789,0.000215235534397
E-replace,spearman,12000,archer,B-A,5,10,746a080246b1a0ef9955a3d9,26301a26a7c48f6cdf6ed953,2000,1,0,-1,4.0015,2.0005,-2.001,11940,11980,40,11970,11970,0,61.543,119.017,57.474,160.457,154.2295,-6.2275,87.0025,6.507,-80.4955,79.8945,128.3995,48.505,0.050212311557789,0.049904841402337,-0.000307470155452
E-replace,spearman,12000,archer,B-A,10,20,26301a26a7c48f6cdf6ed953,52174fe4dd118fc93c56f0d8,2000,0,0,0,2.0005,2.083,0.0825,11980,11990,10,11970,11970,0,119.017,159.8275,40.8105,154.2295,161.007,6.7775,6.507,12.8295,6.3225,128.3995,114.9365,-13.463,0.049904841402337,0.035297331109258,-0.014607510293079
E-replace,spearman,12000,archer,B-A,20,35,52174fe4dd118fc93c56f0d8,ca8fa6cf8ad7f3496df9cbf6,2000,0,0.0005,0.0005,2.083,3,0.917,11990,11970,-20,11970,11970,0,159.8275,278.513,118.6855,161.007,191.5085,30.5015,12.8295,37.4165,24.587,114.9365,101.637,-13.2995,0.035297331109258,0.036984962406015,0.001687631296757
E-replace,spearman,12000,archer,B-A,35,50,ca8fa6cf8ad7f3496df9cbf6,c33c6acb735e6a9562329bbf,2000,0.0005,0.0265,0.026,3,3.08,0.08,11970,11950,-20,11970,11970,0,278.513,272.9245,-5.5885,191.5085,274.3115,82.803,37.4165,30.312,-7.1045,101.637,100.0295,-1.6075,0.036984962406015,0.030412133891213,-0.006572828514802
E-replace,spearman,12000,archer,B-A,50,65,c33c6acb735e6a9562329bbf,b82dee7b4819196a47594d76,2000,0.0265,0,-0.0265,3.08,4,0.92,11950,12000,50,11970,11970,0,272.9245,393.2855,120.361,274.3115,308.122,33.8105,30.312,34.951,4.639,100.0295,108.1245,8.095,0.030412133891213,0.03425875,0.003846616108787
E-replace,spearman,12000,archer,B-A,65,80,b82dee7b4819196a47594d76,5801c7d79b67e41d9f0a06e1,2000,0,0,0,4,4.0595,0.0595,12000,11980,-20,11970,11970,0,393.2855,386.7855,-6.5,308.122,393.16,85.038,34.951,17.253,-17.698,108.1245,125.9305,17.806,0.03425875,0.032326377295492,-0.001932372704508
E-replace,spearman,12000,archer,B-A,80,90,5801c7d79b67e41d9f0a06e1,30f8ef74b883994cc5c09046,2000,0,0,0,4.0595,4.889,0.8295,11980,11990,10,11970,11970,0,386.7855,517.1285,130.343,393.16,394.265,1.105,17.253,15.698,-1.555,125.9305,139.3215,13.391,0.032326377295492,0.036193077564637,0.003866700269145
E-replace,spearman,12000,archer,B-A,90,100,30f8ef74b883994cc5c09046,2ada73e47faf64e8b8151368,2000,0,0,0,4.889,5,0.111,11990,12000,10,11970,11970,0,517.1285,522.2335,5.105,394.265,450.8755,56.6105,15.698,0,-15.698,139.3215,160.1375,20.816,0.036193077564637,0.0360275,-0.000165577564637
E-replace,spearman,12000,knight,A-B,0,5,42aee27ab4fee39c7b4737de,2a8590d2d6f8aba6ca832f68,2000,0.777,0.7135,-0.0635,3.002,3.0005,-0.0014999999999996,11970,11940,-30,11550,11550,0,75.4865,96.66,21.1735,69.2155,71.807,2.5915,13.732,10.082,-3.65,7.268,10.918,3.65,0.042640350877193,0.038183835845896,-0.004456515031297
E-replace,spearman,12000,knight,A-B,5,10,2a8590d2d6f8aba6ca832f68,d7aca06feeda3d79631cf5d7,2000,0.7135,0.653,-0.0605,3.0005,3.001,0.00049999999999972,11940,11980,40,11550,11550,0,96.66,116.134,19.474,71.807,68.8265,-2.9805,10.082,9.0775,-1.0045,10.918,11.9225,1.0045,0.038183835845896,0.033645242070117,-0.004538593775779
E-replace,spearman,12000,knight,A-B,10,20,d7aca06feeda3d79631cf5d7,24c3ede097d77843a79b5cb6,2000,0.653,0.2345,-0.4185,3.001,3.0165,0.0155,11980,11990,10,11550,11550,0,116.134,147.426,31.292,68.8265,55.8865,-12.94,9.0775,5.4085,-3.669,11.9225,15.591,3.6685,0.033645242070117,0.026893661384487,-0.00675158068563
E-replace,spearman,12000,knight,A-B,20,35,24c3ede097d77843a79b5cb6,79d53e8423f6fae7bc7d0c9c,2000,0.2345,0.882,0.6475,3.0165,3.8755,0.859,11990,11970,-20,11550,11550,0,147.426,224.1175,76.6915,55.8865,41.963,-13.9235,5.4085,16.995,11.5865,15.591,4.005,-11.586,0.026893661384487,0.025167919799499,-0.001725741584988
E-replace,spearman,12000,knight,A-B,35,50,79d53e8423f6fae7bc7d0c9c,6047c9f75772bafe481dade3,2000,0.882,0.8885,0.0065,3.8755,4.0025,0.127,11970,11950,-20,11550,11550,0,224.1175,256.4755,32.358,41.963,28.644,-13.319,16.995,12.1555,-4.8395,4.005,8.8445,4.8395,0.025167919799499,0.021008786610879,-0.00415913318862
E-replace,spearman,12000,knight,A-B,50,65,6047c9f75772bafe481dade3,bd33c69f8bea28b1302b5303,2000,0.8885,0.984,0.0955,4.0025,4.879,0.8765,11950,12000,50,11550,11550,0,256.4755,322.128,65.6525,28.644,19.589,-9.055,12.1555,18.376,6.2205,8.8445,2.624,-6.2205,0.021008786610879,0.02045,-0.000558786610879
E-replace,spearman,12000,knight,A-B,65,80,bd33c69f8bea28b1302b5303,89415d6169c9d03594cb3e0b,2000,0.984,0.82,-0.164,4.879,5.06,0.181,12000,11980,-20,11550,11550,0,322.128,354.794,32.666,19.589,10.326,-9.263,18.376,11.3005,-7.0755,2.624,9.6995,7.0755,0.02045,0.018463689482471,-0.001986310517529
E-replace,spearman,12000,knight,A-B,80,90,89415d6169c9d03594cb3e0b,c03de28eb43781a31437cf4e,2000,0.82,0.9665,0.1465,5.06,5.9145,0.8545,11980,11990,10,11550,11550,0,354.794,415.9915,61.1975,10.326,5.261,-5.065,11.3005,14.9305,3.63,9.6995,6.0695,-3.63,0.018463689482471,0.019369057547957,0.000905368065486
E-replace,spearman,12000,knight,A-B,90,100,c03de28eb43781a31437cf4e,bfe6eaebc58b46876e799add,2000,0.9665,0.102,-0.8645,5.9145,6.037,0.1225,11990,12000,10,11550,11550,0,415.9915,442.797,26.8055,5.261,0,-5.261,14.9305,2.8075,-12.123,6.0695,18.1925,12.123,0.019369057547957,0.018445,-0.000924057547957
E-replace,spearman,12000,knight,B-A,0,5,42aee27ab4fee39c7b4737de,2a8590d2d6f8aba6ca832f68,2000,1,1,0,2,2,0,11970,11940,-30,11550,11550,0,31.4585,53.754,22.2955,83.8665,73.2715,-10.595,21,21,0,0,0,0,0.033719298245614,0.02868634840871,-0.005032949836904
E-replace,spearman,12000,knight,B-A,5,10,2a8590d2d6f8aba6ca832f68,d7aca06feeda3d79631cf5d7,2000,1,1,0,2,2,0,11940,11980,40,11550,11550,0,53.754,71.4455,17.6915,73.2715,62.725,-10.5465,21,20.9935,-0.0064999999999991,0,0.0065,0.0065,0.02868634840871,0.024720784641068,-0.003965563767642
E-replace,spearman,12000,knight,B-A,10,20,d7aca06feeda3d79631cf5d7,24c3ede097d77843a79b5cb6,2000,1,1,0,2,2,0,11980,11990,10,11550,11550,0,71.4455,95.6265,24.181,62.725,45.1455,-17.5795,20.9935,20.4315,-0.562,0.0065,0.5685,0.562,0.024720784641068,0.018769391159299,-0.005951393481769
E-replace,spearman,12000,knight,B-A,20,35,24c3ede097d77843a79b5cb6,79d53e8423f6fae7bc7d0c9c,2000,1,1,0,2,2.348,0.348,11990,11970,-20,11550,11550,0,95.6265,132.6405,37.014,45.1455,30.2945,-14.851,20.4315,15.004,-5.4275,0.5685,5.996,5.4275,0.018769391159299,0.015442773600668,-0.003326617558631
E-replace,spearman,12000,knight,B-A,35,50,79d53e8423f6fae7bc7d0c9c,6047c9f75772bafe481dade3,2000,1,1,0,2.348,2.823,0.475,11970,11950,-20,11550,11550,0,132.6405,173.7215,41.081,30.2945,21.629,-8.6655,15.004,18.977,3.973,5.996,2.023,-3.973,0.015442773600668,0.014427615062762,-0.001015158537906
E-replace,spearman,12000,knight,B-A,50,65,6047c9f75772bafe481dade3,bd33c69f8bea28b1302b5303,2000,1,1,0,2.823,3.0075,0.1845,11950,12000,50,11550,11550,0,173.7215,203.752,30.0305,21.629,14.098,-7.531,18.977,15.963,-3.014,2.023,5.037,3.014,0.014427615062762,0.013022916666667,-0.001404698396095
E-replace,spearman,12000,knight,B-A,65,80,bd33c69f8bea28b1302b5303,89415d6169c9d03594cb3e0b,2000,1,1,0,3.0075,3.9935,0.986,12000,11980,-20,11550,11550,0,203.752,276.594,72.842,14.098,8.6035,-5.4945,15.963,17.247,1.284,5.037,3.753,-1.284,0.013022916666667,0.014494156928214,0.001471240261547
E-replace,spearman,12000,knight,B-A,80,90,89415d6169c9d03594cb3e0b,c03de28eb43781a31437cf4e,2000,1,1,0,3.9935,4.821,0.8275,11980,11990,10,11550,11550,0,276.594,334.924,58.33,8.6035,4.549,-4.0545,17.247,15.0855,-2.1615,3.753,5.9145,2.1615,0.014494156928214,0.015642201834862,0.001148044906648
E-replace,spearman,12000,knight,B-A,90,100,c03de28eb43781a31437cf4e,bfe6eaebc58b46876e799add,2000,1,0.102,-0.898,4.821,6.037,1.216,11990,12000,10,11550,11550,0,334.924,442.797,107.873,4.549,0,-4.549,15.0855,2.8075,-12.278,5.9145,18.1925,12.278,0.015642201834862,0.018445,0.002802798165138
E-replace,spearman,12000,soldier,A-B,0,5,657980aa19e2a3ed2fc32fe4,97ad4a3ab7a19b6804514882,2000,0.5025,0.1295,-0.373,19.9975,19.6655,-0.332,11970,11940,-30,12000,12000,0,47.2695,82.497,35.2275,123.7175,139.4485,15.731,327.7245,301.099,-26.6255,695.3,704.8535,9.5535000000001,0.050245614035088,0.05008458961474,-0.000161024420348
E-replace,spearman,12000,soldier,A-B,5,10,97ad4a3ab7a19b6804514882,c6cda12841f58f98a57bae2a,2000,0.1295,0,-0.1295,19.6655,10.478,-9.1875,11940,11980,40,12000,12000,0,82.497,102.064,19.567,139.4485,146.805,7.3565,301.099,67.3795,-233.7195,704.8535,659.7835,-45.07,0.05008458961474,0.042594741235392,-0.007489848379348
E-replace,spearman,12000,soldier,A-B,10,20,c6cda12841f58f98a57bae2a,117beaa06f8d6977d1eb1956,2000,0,0,0,10.478,11.434,0.956,11980,11990,10,12000,12000,0,102.064,144.7835,42.7195,146.805,175.5025,28.6975,67.3795,88.919,21.5395,659.7835,682.4125,22.629,0.042594741235392,0.033103419516264,-0.009491321719128
E-replace,spearman,12000,soldier,A-B,20,35,117beaa06f8d6977d1eb1956,50743172c8187efc2413ece0,2000,0,0,0,11.434,14.524,3.09,11990,11970,-20,12000,12000,0,144.7835,201.6645,56.881,175.5025,263.8735,88.371,88.919,163.45,74.531,682.4125,721.929,39.5165,0.033103419516264,0.030870927318296,-0.002232492197968
E-replace,spearman,12000,soldier,A-B,35,50,50743172c8187efc2413ece0,4f03e7394523feefc9e797fc,2000,0,0,0,14.524,18.1315,3.6075,11970,11950,-20,12000,12000,0,201.6645,255.7385,54.074,263.8735,364.524,100.6505,163.45,264.115,100.665,721.929,723.724,1.7950000000001,0.030870927318296,0.031809205020921,0.000938277702625
E-replace,spearman,12000,soldier,A-B,50,65,4f03e7394523feefc9e797fc,f0e9c817aa883c9d61cdbb04,2000,0,0.984,0.984,18.1315,20,1.8685,11950,12000,50,12000,12000,0,255.7385,248.136,-7.6025,364.524,515.0585,150.5345,264.115,309.8605,45.7455,723.724,728.575,4.851,0.031809205020921,0.036574583333333,0.004765378312412
E-replace,spearman,12000,soldier,A-B,65,80,f0e9c817aa883c9d61cdbb04,9fa36436963b13e8d6c83ea2,2000,0.984,0.9945,0.0105,20,20,0,12000,11980,-20,12000,12000,0,248.136,200.533,-47.603,515.0585,690.478,175.4195,309.8605,263.558,-46.3025,728.575,783.21,54.635,0.036574583333333,0.039091819699499,0.002517236366166
E-replace,spearman,12000,soldier,A-B,80,90,9fa36436963b13e8d6c83ea2,2f4831019ca0ae207a68cbdd,2000,0.9945,0.962,-0.0325,20,20,0,11980,11990,10,12000,12000,0,200.533,177.3645,-23.1685,690.478,796.1505,105.6725,263.558,217.356,-46.202,783.21,833.6615,50.4515,0.039091819699499,0.041159716430359,0.00206789673086
E-replace,spearman,12000,soldier,A-B,90,100,2f4831019ca0ae207a68cbdd,09b510717dde508a72882abf,2000,0.962,0.4805,-0.4815,20,20,0,11990,12000,10,12000,12000,0,177.3645,159.737,-17.6275,796.1505,894.538,98.3875,217.356,159.5675,-57.7885,833.6615,894.4675,60.806,0.041159716430359,0.0394925,-0.001667216430359
E-replace,spearman,12000,soldier,B-A,0,5,657980aa19e2a3ed2fc32fe4,97ad4a3ab7a19b6804514882,2000,1,1,0,13.0255,13.2445,0.219,11970,11940,-30,12000,12000,0,0.0305,58.46,58.4295,169.8555,159.842,-10.0135,446.7965,444.5465,-2.25,442.6945,441.9955,-0.69900000000001,0.04966081871345,0.049022194304858,-0.000638624408592
E-replace,spearman,12000,soldier,B-A,5,10,97ad4a3ab7a19b6804514882,c6cda12841f58f98a57bae2a,2000,1,0.0625,-0.9375,13.2445,11.3645,-1.88,11940,11980,40,12000,12000,0,58.46,100.423,41.963,159.842,146.491,-13.351,444.5465,345.463,-99.0835,441.9955,458.3685,16.373,0.049022194304858,0.042016277128548,-0.00700591717631
E-replace,spearman,12000,soldier,B-A,10,20,c6cda12841f58f98a57bae2a,117beaa06f8d6977d1eb1956,2000,0.0625,0.425,0.3625,11.3645,12.486,1.1215,11980,11990,10,12000,12000,0,100.423,140.3425,39.9195,146.491,177.3075,30.8165,345.463,405.2735,59.8105,458.3685,453.9985,-4.37,0.042016277128548,0.032746455379483,-0.009269821749065
E-replace,spearman,12000,soldier,B-A,20,35,117beaa06f8d6977d1eb1956,50743172c8187efc2413ece0,2000,0.425,1,0.575,12.486,13.559,1.073,11990,11970,-20,12000,12000,0,140.3425,130.911,-9.4315,177.3075,306.2015,128.894,405.2735,446.376,41.1025,453.9985,464.6935,10.695,0.032746455379483,0.027078111946533,-0.00566834343295
E-replace,spearman,12000,soldier,B-A,35,50,50743172c8187efc2413ece0,4f03e7394523feefc9e797fc,2000,1,1,0,13.559,14.56,1.001,11970,11950,-20,12000,12000,0,130.911,113.761,-17.15,306.2015,453.7945,147.593,446.376,444.2305,-2.1455,464.6935,506.2435,41.55,0.027078111946533,0.027748953974895,0.000670842028362
E-replace,spearman,12000,soldier,B-A,50,65,4f03e7394523feefc9e797fc,f0e9c817aa883c9d61cdbb04,2000,1,1,0,14.56,16.545,1.985,11950,12000,50,12000,12000,0,113.761,120.503,6.742,453.7945,588.8885,135.094,444.2305,441.124,-3.1065,506.2435,568.3275,62.084,0.027748953974895,0.032037916666667,0.004288962691772
E-replace,spearman,12000,soldier,B-A,65,80,f0e9c817aa883c9d61cdbb04,9fa36436963b13e8d6c83ea2,2000,1,1,0,16.545,19.987,3.442,12000,11980,-20,12000,12000,0,120.503,165.9385,45.4355,588.8885,707.4325,118.544,441.124,417.3075,-23.8165,568.3275,654.127,85.7995,0.032037916666667,0.038082220367279,0.006044303700612
E-replace,spearman,12000,soldier,B-A,80,90,9fa36436963b13e8d6c83ea2,2f4831019ca0ae207a68cbdd,2000,1,1,0,19.987,20,0.013000000000002,11980,11990,10,12000,12000,0,165.9385,161.6525,-4.286,707.4325,802.192,94.7595,417.3075,291.9385,-125.369,654.127,770.773,116.646,0.038082220367279,0.040940783986656,0.002858563619377
E-replace,spearman,12000,soldier,B-A,90,100,2f4831019ca0ae207a68cbdd,09b510717dde508a72882abf,2000,1,0.5025,-0.4975,20,20,0,11990,12000,10,12000,12000,0,161.6525,159.737,-1.9155,802.192,894.538,92.346,291.9385,159.5675,-132.371,770.773,894.4675,123.6945,0.040940783986656,0.039685416666667,-0.001255367319989
E-replace,spearman,12000,spearman,A-B,0,5,0dcc2a0f39503e72434c60d0,29f7a9c72a832bb5acfe3873,2000,0,0,0,6.9895,6.647,-0.3425,11970,11940,-30,11970,11970,0,84.766,96.31,11.544,83.9585,116.117,32.1585,0.0005,0.0115,0.011,149.592,143.9695,-5.6225,0.049862573099415,0.047445142378559,-0.002417430720856
E-replace,spearman,12000,spearman,A-B,5,10,29f7a9c72a832bb5acfe3873,5c6e1425852ed13af3f22916,2000,0,0,0,6.647,5.9975,-0.6495,11940,11980,40,11970,11970,0,96.31,107.898,11.588,116.117,133.9565,17.8395,0.0115,0.0085,-0.003,143.9695,133.1225,-10.847,0.047445142378559,0.041541736227045,-0.005903406151514
E-replace,spearman,12000,spearman,A-B,10,20,5c6e1425852ed13af3f22916,dd0a4cc4dbed66763d7d9069,2000,0,0,0,5.9975,6.038,0.040500000000001,11980,11990,10,11970,11970,0,107.898,148.4865,40.5885,133.9565,149.8275,15.871,0.0085,0.018,0.0095,133.1225,131.54,-1.5825,0.041541736227045,0.032626772310259,-0.008914963916786
E-replace,spearman,12000,spearman,A-B,20,35,dd0a4cc4dbed66763d7d9069,643394461a738fa26e3550ed,2000,0,0,0,6.038,7.084,1.046,11990,11970,-20,11970,11970,0,148.4865,205.414,56.9275,149.8275,196.7955,46.968,0.018,0.057,0.039,131.54,144.781,13.241,0.032626772310259,0.029091478696742,-0.003535293613517
E-replace,spearman,12000,spearman,A-B,35,50,643394461a738fa26e3550ed,91b1d99f90a0046d7431bb6c,2000,0,0,0,7.084,8.403,1.319,11970,11950,-20,11970,11970,0,205.414,263.365,57.951,196.7955,250.078,53.2825,0.057,0.193,0.136,144.781,154.8205,10.0395,0.029091478696742,0.028822175732218,-0.000269302964524
E-replace,spearman,12000,spearman,A-B,50,65,91b1d99f90a0046d7431bb6c,fb785007e14aa8ab4c7d9bb8,2000,0,0,0,8.403,9.908,1.505,11950,12000,50,11970,11970,0,263.365,325.9825,62.6175,250.078,306.2375,56.1595,0.193,0.464,0.271,154.8205,161.5165,6.696,0.028822175732218,0.02996625,0.001144074267782
E-replace,spearman,12000,spearman,A-B,65,80,fb785007e14aa8ab4c7d9bb8,2a474e5fcc5fe1e63ff16af5,2000,0,0,0,9.908,11.1275,1.2195,12000,11980,-20,11970,11970,0,325.9825,372.2915,46.309,306.2375,365.53,59.2925,0.464,0.5225,0.0585,161.5165,165.322,3.8055,0.02996625,0.03062979966611,0.00066354966611
E-replace,spearman,12000,spearman,A-B,80,90,2a474e5fcc5fe1e63ff16af5,30c96fe50dd354dfd5d5bcce,2000,0,0,0,11.1275,12.0805,0.953,11980,11990,10,11970,11970,0,372.2915,409.618,37.3265,365.53,404.281,38.751,0.5225,0.41,-0.1125,165.322,167.905,2.583,0.03062979966611,0.031793160967473,0.001163361301363
E-replace,spearman,12000,spearman,A-B,90,100,30c96fe50dd354dfd5d5bcce,a645a93eaa7d3a37ae0160c4,2000,0,0,0,12.0805,13.038,0.9575,11990,12000,10,11970,11970,0,409.618,447.59,37.972,404.281,442.67,38.389,0.41,0.0385,-0.3715,167.905,169.846,1.941,0.031793160967473,0.032676666666667,0.000883505699194
E-replace,spearman,12000,spearman,B-A,0,5,0dcc2a0f39503e72434c60d0,29f7a9c72a832bb5acfe3873,2000,1,1,0,6.994,7.137,0.143,11970,11940,-30,11970,11970,0,0.0005,43.9455,43.945,149.773,134.1645,-15.6085,85.124,76.4475,-8.6765,83.743,91.782,8.039,0.04390350877193,0.037577470686767,-0.006326038085163
E-replace,spearman,12000,spearman,B-A,5,10,29f7a9c72a832bb5acfe3873,5c6e1425852ed13af3f22916,2000,1,1,0,7.137,7.609,0.472,11940,11980,40,11970,11970,0,43.9455,72.715,28.7695,134.1645,137.473,3.3085,76.4475,83.1185,6.671,91.782,85.4495,-6.3325,0.037577470686767,0.032356010016694,-0.005221460670073
E-replace,spearman,12000,spearman,B-A,10,20,5c6e1425852ed13af3f22916,dd0a4cc4dbed66763d7d9069,2000,1,1,0,7.609,8.1355,0.5265,11980,11990,10,11970,11970,0,72.715,95.3305,22.6155,137.473,181.4485,43.9755,83.1185,74.4745,-8.644,85.4495,94.2785,8.829,0.032356010016694,0.025314011676397,-0.007041998340297
E-replace,spearman,12000,spearman,B-A,20,35,dd0a4cc4dbed66763d7d9069,643394461a738fa26e3550ed,2000,1,1,0,8.1355,9.1195,0.984,11990,11970,-20,11970,11970,0,95.3305,102.8365,7.506,181.4485,283.6115,102.163,74.4745,73.424,-1.0505,94.2785,95.6105,1.332,0.025314011676397,0.023204678362573,-0.002109333313824
E-replace,spearman,12000,spearman,B-A,35,50,643394461a738fa26e3550ed,91b1d99f90a0046d7431bb6c,2000,1,1,0,9.1195,10.2415,1.122,11970,11950,-20,11970,11970,0,102.8365,108.139,5.3025,283.6115,388.5885,104.977,73.424,71.4485,-1.9755,95.6105,97.641,2.0305,0.023204678362573,0.024740585774059,0.001535907411486
E-replace,spearman,12000,spearman,B-A,50,65,91b1d99f90a0046d7431bb6c,fb785007e14aa8ab4c7d9bb8,2000,1,1,0,10.2415,11.86,1.6185,11950,12000,50,11970,11970,0,108.139,124.4505,16.3115,388.5885,491.1385,102.55,71.4485,72.129,0.68050000000001,97.641,97.7855,0.14449999999999,0.024740585774059,0.0281975,0.003456914225941
E-replace,spearman,12000,spearman,B-A,65,80,fb785007e14aa8ab4c7d9bb8,2a474e5fcc5fe1e63ff16af5,2000,1,1,0,11.86,14.2815,2.4215,12000,11980,-20,11970,11970,0,124.4505,164.5295,40.079,491.1385,592.9125,101.774,72.129,70.046,-2.083,97.7855,100.6735,2.888,0.0281975,0.033253338898164,0.005055838898164
E-replace,spearman,12000,spearman,B-A,80,90,2a474e5fcc5fe1e63ff16af5,30c96fe50dd354dfd5d5bcce,2000,1,1,0,14.2815,16.833,2.5515,11980,11990,10,11970,11970,0,164.5295,221.9945,57.465,592.9125,654.999,62.0865,70.046,69.728,-0.31800000000001,100.6735,101.2035,0.53,0.033253338898164,0.03758507089241,0.004331731994246
E-replace,spearman,12000,spearman,B-A,90,100,30c96fe50dd354dfd5d5bcce,a645a93eaa7d3a37ae0160c4,2000,1,0.5045,-0.4955,16.833,19.9985,3.1655,11990,12000,10,11970,11970,0,221.9945,328.353,106.3585,654.999,694.2915,39.2925,69.728,47.3695,-22.3585,101.2035,123.616,22.4125,0.03758507089241,0.039314166666667,0.001729095774257
E-replace,spearman,120000,archer,A-B,0,5,f3fe887bc15ab3dabda3e5cd,c73ff01a5fbd40d643261b5f,2000,0,0.395,0.395,7,7,0,119980,119960,-20,119980,119980,0,1117.74,1282.3505,164.6105,596.26,945.6495,349.3895,790.8055,747.9675,-42.838,921.065,962.8425,41.7775,0.050101516919487,0.05010049183061,-1.0250888769978E-6
E-replace,spearman,120000,archer,A-B,5,10,c73ff01a5fbd40d643261b5f,30e95b40c5f660129926abec,2000,0.395,0,-0.395,7,3,-4,119960,119940,-20,119980,119980,0,1282.3505,1200,-82.3505,945.6495,1541.996,596.3465,747.9675,3.403,-744.5645,962.8425,1546.156,583.3135,0.05010049183061,0.049991995997999,-0.000108495832611
E-replace,spearman,120000,archer,A-B,10,20,30e95b40c5f660129926abec,45be706f94646c6dda46565f,2000,0,0,0,3,3.9865,0.9865,119940,119970,30,119980,119980,0,1200,2165.908,965.908,1541.996,1470.381,-71.615,3.403,66.8665,63.4635,1546.156,1530.7245,-15.4315,0.049991995997999,0.045909435692256,-0.004082560305743
E-replace,spearman,120000,archer,A-B,20,35,45be706f94646c6dda46565f,469e3f39c65e67b29f3d1730,2000,0,0,0,3.9865,4.2355,0.249,119970,119980,10,119980,119980,0,2165.908,2189.262,23.354,1470.381,2492.9605,1022.5795,66.8665,120.866,53.9995,1530.7245,1433.306,-97.4185,0.045909435692256,0.032051341890315,-0.013858093801941
E-replace,spearman,120000,archer,A-B,35,50,469e3f39c65e67b29f3d1730,b85c5df54b86da253be8ed91,2000,0,0,0,4.2355,5.001,0.7655,119980,119990,10,119980,119980,0,2189.262,2568.025,378.763,2492.9605,3530.2425,1037.282,120.866,200.1555,79.2895,1433.306,1384.402,-48.904,0.032051341890315,0.031419701641803,-0.000631640248512
E-replace,spearman,120000,archer,A-B,50,65,b85c5df54b86da253be8ed91,14724ae8976483b013ce6736,2000,0,0,0,5.001,6,0.999,119990,120000,10,119980,119980,0,2568.025,3210.4995,642.4745,3530.2425,4391.9815,861.739,200.1555,311.3425,111.187,1384.402,1327.4545,-56.9475,0.031419701641803,0.033749291666667,0.002329590024864
E-replace,spearman,120000,archer,A-B,65,80,14724ae8976483b013ce6736,85c2af08ee9fd36002460759,2000,0,0,0,6,7,1,120000,119940,-60,119980,119980,0,3210.4995,3821.3845,610.885,4391.9815,5270.524,878.5425,311.3425,439.8445,128.502,1327.4545,1244.078,-83.3765,0.033749291666667,0.036259629814907,0.00251033814824
E-replace,spearman,120000,archer,A-B,80,90,85c2af08ee9fd36002460759,808fe84b085e3c38d8c706d3,2000,0,0.001,0.001,7,8,1,119940,119970,30,119980,119980,0,3821.3845,4622.8775,801.493,5270.524,5571.2055,300.6815,439.8445,548.7995,108.955,1244.078,1155.7205,-88.3575,0.036259629814907,0.038890472618155,0.002630842803248
E-replace,spearman,120000,archer,A-B,90,100,808fe84b085e3c38d8c706d3,deebdda60e8e9206e969fd10,2000,0.001,0,-0.001,8,8,0,119970,120000,30,119980,119980,0,4622.8775,4527.6625,-95.214999999999,5571.2055,6532.627,961.4215,548.7995,282.31,-266.4895,1155.7205,1425.8725,270.152,0.038890472618155,0.039618666666667,0.000728194048512
E-replace,spearman,120000,archer,B-A,0,5,f3fe887bc15ab3dabda3e5cd,c73ff01a5fbd40d643261b5f,2000,1,1,0,4,4,0,119980,119960,-20,119980,119980,0,0,611.653,611.653,1714,1616.347,-97.653,936.737,878.8605,-57.8765,751.2665,797.903,46.6365,0.05003821470245,0.050010045015005,-2.8169687444998E-5
E-replace,spearman,120000,archer,B-A,5,10,c73ff01a5fbd40d643261b5f,30e95b40c5f660129926abec,2000,1,0,-1,4,2,-2,119960,119940,-20,119980,119980,0,611.653,1200,588.347,1616.347,1542,-74.347,878.8605,64.1495,-814.711,797.903,1288.2125,490.3095,0.050010045015005,0.049991995997999,-1.8049017006E-5
E-replace,spearman,120000,archer,B-A,10,20,30e95b40c5f660129926abec,45be706f94646c6dda46565f,2000,0,0,0,2,2,0,119940,119970,30,119980,119980,0,1200,1517.7295,317.7295,1542,1650.031,108.031,64.1495,102.1785,38.029,1288.2125,1157.4395,-130.773,0.049991995997999,0.034174835375511,-0.015817160622488
E-replace,spearman,120000,archer,B-A,20,35,45be706f94646c6dda46565f,469e3f39c65e67b29f3d1730,2000,0,0,0,2,3,1,119970,119980,10,119980,119980,0,1517.7295,2793.4595,1275.73,1650.031,1912.0105,261.9795,102.1785,374.851,272.6725,1157.4395,1017.816,-139.6235,0.034174835375511,0.036987914652442,0.002813079276931
E-replace,spearman,120000,archer,B-A,35,50,469e3f39c65e67b29f3d1730,b85c5df54b86da253be8ed91,2000,0,0,0,3,3,0,119980,119990,10,119980,119980,0,2793.4595,2618.829,-174.6305,1912.0105,2800.6445,888.634,374.851,285.522,-89.329,1017.816,1005.0755,-12.7405,0.036987914652442,0.029492041003417,-0.007495873649025
E-replace,spearman,120000,archer,B-A,50,65,b85c5df54b86da253be8ed91,14724ae8976483b013ce6736,2000,0,0,0,3,4,1,119990,120000,10,119980,119980,0,2618.829,3951.475,1332.646,2800.6445,3076.818,276.1735,285.522,347.5705,62.0485,1005.0755,1081.867,76.7915,0.029492041003417,0.0341475,0.004655458996583
E-replace,spearman,120000,archer,B-A,65,80,14724ae8976483b013ce6736,85c2af08ee9fd36002460759,2000,0,0,0,4,4,0,120000,119940,-60,119980,119980,0,3951.475,3782.175,-169.3,3076.818,3977.5445,900.7265,347.5705,164.114,-183.4565,1081.867,1263.2985,181.4315,0.0341475,0.031936468234117,-0.002211031765883
E-replace,spearman,120000,archer,B-A,80,90,85c2af08ee9fd36002460759,808fe84b085e3c38d8c706d3,2000,0,0,0,4,5,1,119940,119970,30,119980,119980,0,3782.175,5390.9965,1608.8215,3977.5445,3861.7415,-115.803,164.114,164.5695,0.4555,1263.2985,1400.448,137.1495,0.031936468234117,0.036996957572727,0.00506048933861
E-replace,spearman,120000,archer,B-A,90,100,808fe84b085e3c38d8c706d3,deebdda60e8e9206e969fd10,2000,0,0,0,5,5,0,119970,120000,30,119980,119980,0,5390.9965,5247.1365,-143.86,3861.7415,4500.8935,639.152,164.5695,0,-164.5695,1400.448,1603.9715,203.5235,0.036996957572727,0.036187291666667,-0.00080966590606
E-replace,spearman,120000,knight,A-B,0,5,181653887e22a206287ca1e1,951daf80d9cd214def6b75fd,2000,0.31,0.113,-0.197,3,3,0,119980,119960,-20,119900,119900,0,809.241,1021.117,211.876,669.8635,712.7815,42.918,89.1425,55.255,-33.8875,128.8575,162.745,33.8875,0.043211493582264,0.039026133711237,-0.004185359871027
E-replace,spearman,120000,knight,A-B,5,10,951daf80d9cd214def6b75fd,951fda969ca6aa49cfdd8b1f,2000,0.113,0.018,-0.095,3,3,0,119960,119940,-20,119900,119900,0,1021.117,1216.537,195.42,712.7815,689.742,-23.0395,55.255,42.0545,-13.2005,162.745,175.9455,13.2005,0.039026133711237,0.034840461897615,-0.004185671813622
E-replace,spearman,120000,knight,A-B,10,20,951fda969ca6aa49cfdd8b1f,7f3280415b02e7de87d566b4,2000,0.018,0,-0.018,3,3,0,119940,119970,30,119900,119900,0,1216.537,1526.9235,310.3865,689.742,569.4975,-120.2445,42.0545,3.7535,-38.301,175.9455,214.2465,38.301,0.034840461897615,0.027821622072185,-0.00701883982543
E-replace,spearman,120000,knight,A-B,20,35,7f3280415b02e7de87d566b4,9c76f9cf1738ed23551f8cd3,2000,0,0.901,0.901,3,3.901,0.901,119970,119980,10,119900,119900,0,1526.9235,2382.381,855.4575,569.4975,435.2405,-134.257,3.7535,178.5265,174.773,214.2465,39.4735,-174.773,0.027821622072185,0.026502375395899,-0.001319246676286
E-replace,spearman,120000,knight,A-B,35,50,9c76f9cf1738ed23551f8cd3,c564d839247ef57b60d4f955,2000,0.901,0.5775,-0.3235,3.901,4,0.099,119980,119990,10,119900,119900,0,2382.381,2679.423,297.042,435.2405,297.161,-138.0795,178.5265,79.853,-98.6735,39.4735,138.147,98.6735,0.026502375395899,0.021684348695725,-0.004818026700174
E-replace,spearman,120000,knight,A-B,50,65,c564d839247ef57b60d4f955,f31942e7e9ef3fe14b4eef1b,2000,0.5775,0.9995,0.422,4,4.9995,0.9995,119990,120000,10,119900,119900,0,2679.423,3528.619,849.196,297.161,207.767,-89.394,79.853,192.526,112.673,138.147,25.474,-112.673,0.021684348695725,0.022235041666667,0.000550692970942
E-replace,spearman,120000,knight,A-B,65,80,f31942e7e9ef3fe14b4eef1b,e1d950d99b0e0202ae7af5b3,2000,0.9995,0.02,-0.9795,4.9995,5,0.00049999999999972,120000,119940,-60,119900,119900,0,3528.619,3682.8215,154.2025,207.767,106.514,-101.253,192.526,33.9985,-158.5275,25.474,184.0015,158.5275,0.022235041666667,0.0191028014007,-0.003132240265967
E-replace,spearman,120000,knight,A-B,80,90,e1d950d99b0e0202ae7af5b3,f6b4fa696f12bd1ac2290425,2000,0.02,0.9555,0.9355,5,5.992,0.992,119940,119970,30,119900,119900,0,3682.8215,4469.9165,787.095,106.514,55.812,-50.702,33.9985,114.649,80.6505,184.0015,103.351,-80.6505,0.0191028014007,0.020672959906643,0.001570158505943
E-replace,spearman,120000,knight,A-B,90,100,f6b4fa696f12bd1ac2290425,a1c6c0c4a11b67c697c961d3,2000,0.9555,0,-0.9555,5.992,6,0.008,119970,120000,30,119900,119900,0,4469.9165,4578.001,108.0845,55.812,0,-55.812,114.649,0.805,-113.844,103.351,217.195,113.844,0.020672959906643,0.019100375,-0.001572584906643
E-replace,spearman,120000,knight,B-A,0,5,181653887e22a206287ca1e1,951daf80d9cd214def6b75fd,2000,1,1,0,2,2,0,119980,119960,-20,119900,119900,0,339.2895,564.209,224.9195,846.863,751.5355,-95.3275,218,218,0,0,0,0,0.03468698949825,0.029587862620874,-0.005099126877376
E-replace,spearman,120000,knight,B-A,5,10,951daf80d9cd214def6b75fd,951fda969ca6aa49cfdd8b1f,2000,1,1,0,2,2,0,119960,119940,-20,119900,119900,0,564.209,744.5005,180.2915,751.5355,645.364,-106.1715,218,218,0,0,0,0,0.029587862620874,0.025363890278473,-0.004223972342401
E-replace,spearman,120000,knight,B-A,10,20,951fda969ca6aa49cfdd8b1f,7f3280415b02e7de87d566b4,2000,1,1,0,2,2,0,119940,119970,30,119900,119900,0,744.5005,995.0805,250.58,645.364,466.6925,-178.6715,218,217.861,-0.13900000000001,0,0.139,0.139,0.025363890278473,0.019366633324998,-0.005997256953475
E-replace,spearman,120000,knight,B-A,20,35,7f3280415b02e7de87d566b4,9c76f9cf1738ed23551f8cd3,2000,1,1,0,2,2.9875,0.9875,119970,119980,10,119900,119900,0,995.0805,1718.2045,723.124,466.6925,366.5435,-100.149,217.861,216.336,-1.525,0.139,1.664,1.525,0.019366633324998,0.01958780630105,0.000221172976052
E-replace,spearman,120000,knight,B-A,35,50,9c76f9cf1738ed23551f8cd3,c564d839247ef57b60d4f955,2000,1,1,0,2.9875,3,0.0125,119980,119990,10,119900,119900,0,1718.2045,1932.822,214.6175,366.5435,237.787,-128.7565,216.336,218,1.664,1.664,0,-1.664,0.01958780630105,0.01579210767564,-0.00379569862541
E-replace,spearman,120000,knight,B-A,50,65,c564d839247ef57b60d4f955,f31942e7e9ef3fe14b4eef1b,2000,1,1,0,3,3,0,119990,120000,10,119900,119900,0,1932.822,2126.8075,193.9855,237.787,145.3545,-92.4325,218,150.9275,-67.0725,0,67.0725,67.0725,0.01579210767564,0.013564208333333,-0.002227899342307
E-replace,spearman,120000,knight,B-A,65,80,f31942e7e9ef3fe14b4eef1b,e1d950d99b0e0202ae7af5b3,2000,1,1,0,3,4,1,120000,119940,-60,119900,119900,0,2126.8075,2940.775,813.9675,145.3545,90.607,-54.7475,150.9275,168.204,17.2765,67.0725,49.796,-17.2765,0.013564208333333,0.015283808570952,0.001719600237619
E-replace,spearman,120000,knight,B-A,80,90,e1d950d99b0e0202ae7af5b3,f6b4fa696f12bd1ac2290425,2000,1,1,0,4,4.999,0.999,119940,119970,30,119900,119900,0,2940.775,3609.601,668.826,90.607,48.1205,-42.4865,168.204,149.599,-18.605,49.796,68.401,18.605,0.015283808570952,0.016730891056097,0.001447082485145
E-replace,spearman,120000,knight,B-A,90,100,f6b4fa696f12bd1ac2290425,a1c6c0c4a11b67c697c961d3,2000,1,0,-1,4.999,6,1.001,119970,120000,30,119900,119900,0,3609.601,4578.001,968.4,48.1205,0,-48.1205,149.599,0.805,-148.794,68.401,217.195,148.794,0.016730891056097,0.019100375,0.002369483943903
E-replace,spearman,120000,soldier,A-B,0,5,0d7a0b0efc458252ad737cca,0fc1844241b277f5211863a5,2000,0.6025,0.001,-0.6015,20,19.9635,-0.0365,119980,119960,-20,120000,120000,0,462.353,849.881,387.528,1251.589,1377.95,126.361,3298.391,3137.503,-160.888,6942.1845,7000.201,58.0165,0.050072637106184,0.050103742914305,3.1105808120997E-5
E-replace,spearman,120000,soldier,A-B,5,10,0fc1844241b277f5211863a5,7d2c4c9cf8056ce79dd5bf6e,2000,0.001,0,-0.001,19.9635,10.5605,-9.403,119960,119940,-20,120000,120000,0,849.881,1017.5905,167.7095,1377.95,1483.9275,105.9775,3137.503,686.221,-2451.282,7000.201,6627.72,-372.481,0.050103742914305,0.042862097715524,-0.007241645198781
E-replace,spearman,120000,soldier,A-B,10,20,7d2c4c9cf8056ce79dd5bf6e,f33aee95e9e2e1410cc856c0,2000,0,0,0,10.5605,11.409,0.8485,119940,119970,30,120000,120000,0,1017.5905,1434.3525,416.762,1483.9275,1764.8475,280.92,686.221,885.715,199.494,6627.72,6819.6955,191.9755,0.042862097715524,0.032877761106943,-0.009984336608581
E-replace,spearman,120000,soldier,A-B,20,35,f33aee95e9e2e1410cc856c0,cf94a41c1330ce1e3912beee,2000,0,0,0,11.409,14.6445,3.2355,119970,119980,10,120000,120000,0,1434.3525,2044.2555,609.903,1764.8475,2623.7715,858.924,885.715,1676.2285,790.5135,6819.6955,7221.9745,402.279,0.032877761106943,0.030925862643774,-0.001951898463169
E-replace,spearman,120000,soldier,A-B,35,50,cf94a41c1330ce1e3912beee,5b1873367b9a99adf2c1bda8,2000,0,0,0,14.6445,18.0275,3.383,119980,119990,10,120000,120000,0,2044.2555,2511.102,466.8465,2623.7715,3685.5455,1061.774,1676.2285,2641.559,965.3305,7221.9745,7233.908,11.9335,0.030925862643774,0.031473081090091,0.000547218446317
E-replace,spearman,120000,soldier,A-B,50,65,5b1873367b9a99adf2c1bda8,cc22a205feb05cd860d7f2db,2000,0,1,1,18.0275,20,1.9725,119990,120000,10,120000,120000,0,2511.102,2477.5785,-33.5235,3685.5455,5155.4315,1469.886,2641.559,3101.992,460.433,7233.908,7280.003,46.094999999999,0.031473081090091,0.036625375,0.005152293909909
E-replace,spearman,120000,soldier,A-B,65,80,cc22a205feb05cd860d7f2db,de3490f39231353b64e8b871,2000,1,1,0,20,20,0,120000,119940,-60,120000,120000,0,2477.5785,2000.4475,-477.131,5155.4315,6908.925,1753.4935,3101.992,2646.821,-455.171,7280.003,7825.5505,545.5475,0.036625375,0.038986493246623,0.002361118246623
E-replace,spearman,120000,soldier,A-B,80,90,de3490f39231353b64e8b871,f4cb5a52ee9f3edae2c1a2a2,2000,1,1,0,20,20,0,119940,119970,30,120000,120000,0,2000.4475,1770.707,-229.7405,6908.925,7964.032,1055.107,2646.821,2181.5735,-465.2475,7825.5505,8330.5015,504.951,0.038986493246623,0.041340293406685,0.002353800160062
E-replace,spearman,120000,soldier,A-B,90,100,f4cb5a52ee9f3edae2c1a2a2,ab51c81efb57731b4d3a2cde,2000,1,0.4955,-0.5045,20,20,0,119970,120000,30,120000,120000,0,1770.707,1595.908,-174.799,7964.032,8945.168,981.136,2181.5735,1595.5725,-586.001,8330.5015,8944.2845,613.783,0.041340293406685,0.039481541666667,-0.001858751740018
E-replace,spearman,120000,soldier,B-A,0,5,0d7a0b0efc458252ad737cca,0fc1844241b277f5211863a5,2000,1,1,0,13,13.0025,0.0024999999999995,119980,119960,-20,120000,120000,0,0.0015,585.0955,585.094,1705.4755,1601.9565,-103.519,4469.8465,4344.2605,-125.586,4428.4435,4449.011,20.5675,0.049777129521587,0.048820773591197,-0.00095635593039
E-replace,spearman,120000,soldier,B-A,5,10,0fc1844241b277f5211863a5,7d2c4c9cf8056ce79dd5bf6e,2000,1,0,-1,13.0025,11.3825,-1.62,119960,119940,-20,120000,120000,0,585.0955,997.299,412.2035,1601.9565,1479.3425,-122.614,4344.2605,3468.6285,-875.632,4449.011,4588.1555,139.1445,0.048820773591197,0.042085376021344,-0.006735397569853
E-replace,spearman,120000,soldier,B-A,10,20,7d2c4c9cf8056ce79dd5bf6e,f33aee95e9e2e1410cc856c0,2000,0,0.6025,0.6025,11.3825,12.607,1.2245,119940,119970,30,120000,120000,0,997.299,1422.238,424.939,1479.3425,1768.079,288.7365,3468.6285,4117.6925,649.064,4588.1555,4525.1555,-63,0.042085376021344,0.033207010085855,-0.008878365935489
E-replace,spearman,120000,soldier,B-A,20,35,f33aee95e9e2e1410cc856c0,cf94a41c1330ce1e3912beee,2000,0.6025,1,0.3975,12.607,13.528,0.921,119970,119980,10,120000,120000,0,1422.238,1293.9725,-128.2655,1768.079,3072.258,1304.179,4117.6925,4470.9225,353.23,4525.1555,4643.733,118.5775,0.033207010085855,0.02675404234039,-0.006452967745465
E-replace,spearman,120000,soldier,B-A,35,50,cf94a41c1330ce1e3912beee,5b1873367b9a99adf2c1bda8,2000,1,1,0,13.528,14.39,0.862,119980,119990,10,120000,120000,0,1293.9725,1097.5775,-196.395,3072.258,4558.2035,1485.9455,4470.9225,4403.968,-66.9545,4643.733,5069.939,426.206,0.02675404234039,0.027534002833569,0.000779960493179
E-replace,spearman,120000,soldier,B-A,50,65,5b1873367b9a99adf2c1bda8,cc22a205feb05cd860d7f2db,2000,1,1,0,14.39,16.609,2.219,119990,120000,10,120000,120000,0,1097.5775,1212.6955,115.118,4558.2035,5885.468,1327.2645,4403.968,4442.3595,38.3915,5069.939,5668.656,598.717,0.027534002833569,0.031979166666667,0.004445163833098
E-replace,spearman,120000,soldier,B-A,65,80,cc22a205feb05cd860d7f2db,de3490f39231353b64e8b871,2000,1,1,0,16.609,20,3.391,120000,119940,-60,120000,120000,0,1212.6955,1654.6285,441.933,5885.468,7078.412,1192.944,4442.3595,4198.379,-243.9805,5668.656,6524.713,856.057,0.031979166666667,0.037948515924629,0.005969349257962
E-replace,spearman,120000,soldier,B-A,80,90,de3490f39231353b64e8b871,f4cb5a52ee9f3edae2c1a2a2,2000,1,1,0,20,20,0,119940,119970,30,120000,120000,0,1654.6285,1612.075,-42.5535,7078.412,8023.5655,945.1535,4198.379,2930.422,-1267.957,6524.713,7699.3215,1174.6085,0.037948515924629,0.040863757606068,0.002915241681439
E-replace,spearman,120000,soldier,B-A,90,100,f4cb5a52ee9f3edae2c1a2a2,ab51c81efb57731b4d3a2cde,2000,1,0.4985,-0.5015,20,20,0,119970,120000,30,120000,120000,0,1612.075,1595.908,-16.167,8023.5655,8945.168,921.6025,2930.422,1595.5725,-1334.8495,7699.3215,8944.2845,1244.963,0.040863757606068,0.039508041666667,-0.001355715939401
E-replace,spearman,120000,spearman,A-B,0,5,2952380838ef7eec34710a9c,83bce4bcdb7e81fb1bd04bc8,2000,0,0,0,7,6.9205,-0.0795,119980,119960,-20,119980,119980,0,852.6135,1043.876,191.2625,843.76,1115.516,271.756,0,0.036,0.036,1500.666,1482.82,-17.846,0.04956796966161,0.048091030343448,-0.001476939318162
E-replace,spearman,120000,spearman,A-B,5,10,83bce4bcdb7e81fb1bd04bc8,13fc7a42d5977ee8877c16c0,2000,0,0,0,6.9205,6,-0.9205,119960,119940,-20,119980,119980,0,1043.876,1074.832,30.956,1115.516,1353.3555,237.8395,0.036,0.0155,-0.0205,1482.82,1338.487,-144.333,0.048091030343448,0.041608054027014,-0.006482976316434
E-replace,spearman,120000,spearman,A-B,10,20,13fc7a42d5977ee8877c16c0,f730155ffe525e81617fb81d,2000,0,0,0,6,6,0,119940,119970,30,119980,119980,0,1074.832,1473.1215,398.2895,1353.3555,1506.367,153.0115,0.0155,0.023,0.0075,1338.487,1313.0305,-25.4565,0.041608054027014,0.032509002250563,-0.009099051776451
E-replace,spearman,120000,spearman,A-B,20,35,f730155ffe525e81617fb81d,cb66b854ca5c8b01bff170ac,2000,0,0,0,6,7,1,119970,119980,10,119980,119980,0,1473.1215,2019.6385,546.517,1506.367,1982.553,476.186,0.023,0.1405,0.1175,1313.0305,1443.6415,130.611,0.032509002250563,0.02857034505751,-0.003938657193053
E-replace,spearman,120000,spearman,A-B,35,50,cb66b854ca5c8b01bff170ac,066cf8512eb5917d48e81c2f,2000,0,0,0,7,8.2435,1.2435,119980,119990,10,119980,119980,0,2019.6385,2554.0145,534.376,1982.553,2529.455,546.902,0.1405,0.901,0.7605,1443.6415,1543.4515,99.81,0.02857034505751,0.028116509709142,-0.000453835348368
E-replace,spearman,120000,spearman,A-B,50,65,066cf8512eb5917d48e81c2f,aff758acbee32fbe81c18183,2000,0,0,0,8.2435,10,1.7565,119990,120000,10,119980,119980,0,2554.0145,3321.8665,767.852,2529.455,3047.8055,518.3505,0.901,3.6155,2.7145,1543.4515,1622.4745,79.023,0.028116509709142,0.030156041666667,0.002039531957525
E-replace,spearman,120000,spearman,A-B,65,80,aff758acbee32fbe81c18183,31983390f2d0008f49c24459,2000,0,0,0,10,11,1,120000,119940,-60,119980,119980,0,3321.8665,3660.636,338.7695,3047.8055,3677.3935,629.588,3.6155,3.2255,-0.39,1622.4745,1655.94,33.4655,0.030156041666667,0.030376188094047,0.00022014642738
E-replace,spearman,120000,spearman,A-B,80,90,31983390f2d0008f49c24459,db2c2cadc22b2ed86f40a093,2000,0,0,0,11,12,1,119940,119970,30,119980,119980,0,3660.636,4066.5815,405.9455,3677.3935,4050.7295,373.336,3.2255,2.033,-1.1925,1655.94,1685.6955,29.7555,0.030376188094047,0.031507085104609,0.001130897010562
E-replace,spearman,120000,spearman,A-B,90,100,db2c2cadc22b2ed86f40a093,3888bddd97c323c28bcca668,2000,0,0,0,12,13,1,119970,120000,30,119980,119980,0,4066.5815,4471.004,404.4225,4050.7295,4426.4855,375.756,2.033,0.0035,-2.0295,1685.6955,1705.5605,19.865,0.031507085104609,0.032694083333333,0.001186998228724
E-replace,spearman,120000,spearman,B-A,0,5,2952380838ef7eec34710a9c,83bce4bcdb7e81fb1bd04bc8,2000,1,1,0,7,7,0,119980,119960,-20,119980,119980,0,0,432.857,432.857,1501.7705,1335.642,-166.1285,853.05,701.5065,-151.5435,843.0905,984.5565,141.466,0.043873978996499,0.036764629876626,-0.007109349119873
E-replace,spearman,120000,spearman,B-A,5,10,83bce4bcdb7e81fb1bd04bc8,13fc7a42d5977ee8877c16c0,2000,1,1,0,7,7.8485,0.8485,119960,119940,-20,119980,119980,0,432.857,753.4805,320.6235,1335.642,1386.933,51.291,701.5065,921.1055,219.599,984.5565,778.5145,-206.042,0.036764629876626,0.0331532016008,-0.003611428275826
E-replace,spearman,120000,spearman,B-A,10,20,13fc7a42d5977ee8877c16c0,f730155ffe525e81617fb81d,2000,1,1,0,7.8485,8.0005,0.152,119940,119970,30,119980,119980,0,753.4805,933.933,180.4525,1386.933,1820.262,433.329,921.1055,685.8445,-235.261,778.5145,1006.83,228.3155,0.0331532016008,0.024786529965825,-0.008366671634975
E-replace,spearman,120000,spearman,B-A,20,35,f730155ffe525e81617fb81d,cb66b854ca5c8b01bff170ac,2000,1,1,0,8.0005,9,0.9995,119970,119980,10,119980,119980,0,933.933,1010.4585,76.5255,1820.262,2840.708,1020.446,685.8445,694.915,9.0704999999999,1006.83,1001.356,-5.474,0.024786529965825,0.022773837306218,-0.002012692659607
E-replace,spearman,120000,spearman,B-A,35,50,cb66b854ca5c8b01bff170ac,066cf8512eb5917d48e81c2f,2000,1,1,0,9,10.0095,1.0095,119980,119990,10,119980,119980,0,1010.4585,1036.0375,25.579,2840.708,3892.26,1051.552,694.915,659.7635,-35.1515,1001.356,1035.004,33.648,0.022773837306218,0.024302275189599,0.001528437883381
E-replace,spearman,120000,spearman,B-A,50,65,066cf8512eb5917d48e81c2f,aff758acbee32fbe81c18183,2000,1,1,0,10.0095,12,1.9905,119990,120000,10,119980,119980,0,1036.0375,1275.7845,239.747,3892.26,4915.9365,1023.6765,659.7635,745.259,85.4955,1035.004,960.7465,-74.2575,0.024302275189599,0.028314416666667,0.004012141477068
E-replace,spearman,120000,spearman,B-A,65,80,aff758acbee32fbe81c18183,31983390f2d0008f49c24459,2000,1,1,0,12,14.0605,2.0605,120000,119940,-60,119980,119980,0,1275.7845,1603.3555,327.571,4915.9365,5940.053,1024.1165,745.259,651.9365,-93.3225,960.7465,1060.004,99.2575,0.028314416666667,0.032945264298816,0.004630847632149
E-replace,spearman,120000,spearman,B-A,80,90,31983390f2d0008f49c24459,db2c2cadc22b2ed86f40a093,2000,1,1,0,14.0605,16.9875,2.927,119940,119970,30,119980,119980,0,1603.3555,2258.692,655.3365,5940.053,6548.1325,608.0795,651.9365,722.2905,70.354,1060.004,991.4685,-68.5355,0.032945264298816,0.037662999083104,0.004717734784288
E-replace,spearman,120000,spearman,B-A,90,100,db2c2cadc22b2ed86f40a093,3888bddd97c323c28bcca668,2000,1,0.3975,-0.6025,16.9875,20,3.0125,119970,120000,30,119980,119980,0,2258.692,3299.9845,1041.2925,6548.1325,6938.9465,390.814,722.2905,462.703,-259.5875,991.4685,1251.2375,259.769,0.037662999083104,0.038560458333333,0.000897459250229
E-replace,spearman,360000,archer,A-B,0,5,a2283a0e836f5582326d8584,b0b702cf53a720a5b2c9ad5e,2000,0,0.335,0.335,7,7,0,359940,359950,10,359940,359940,0,3349.5485,3842.9415,493.393,1792.4515,2842.0585,1049.607,2371.3945,2244.647,-126.7475,2764.6595,2888.517,123.8575,0.050049397121743,0.050030462564245,-1.8934557497997E-5
E-replace,spearman,360000,archer,A-B,5,10,b0b702cf53a720a5b2c9ad5e,890e7d521fd16496f61a69f7,2000,0.335,0,-0.335,7,3,-4,359950,359960,10,359940,359940,0,3842.9415,3600,-242.9415,2842.0585,4628,1785.9415,2244.647,10.1945,-2234.4525,2888.517,4638.6635,1750.1465,0.050030462564245,0.05000954272697,-2.0919837275001E-5
E-replace,spearman,360000,archer,A-B,10,20,890e7d521fd16496f61a69f7,6aa53e9098394ad26b7d81f0,2000,0,0,0,3,3.9995,0.9995,359960,359980,20,359940,359940,0,3600,6533.049,2933.049,4628,4399.3565,-228.6435,10.1945,202.219,192.0245,4638.6635,4595.5205,-43.143,0.05000954272697,0.046058058781043,-0.003951483945927
E-replace,spearman,360000,archer,A-B,20,35,6aa53e9098394ad26b7d81f0,89ed8b8c0cc1cd97d15f4cb3,2000,0,0,0,3.9995,4.103,0.1035,359980,359930,-50,359940,359940,0,6533.049,6070.8275,-462.2215,4399.3565,7806.3265,3406.97,202.219,305.7005,103.4815,4595.5205,4323.457,-272.0635,0.046058058781043,0.030621120773484,-0.015436938007559
E-replace,spearman,360000,archer,A-B,35,50,89ed8b8c0cc1cd97d15f4cb3,42fa92a135630dba33331121,2000,0,0,0,4.103,5,0.897,359930,359970,40,359940,359940,0,6070.8275,7701.495,1630.6675,7806.3265,10591.8025,2785.476,305.7005,600.248,294.5475,4323.457,4152.6125,-170.8445,0.030621120773484,0.03142679945551,0.000805678682026
E-replace,spearman,360000,archer,A-B,50,65,42fa92a135630dba33331121,84a49440b1643375283251fa,2000,0,0,0,5,6,1,359970,359930,-40,359940,359940,0,7701.495,9636.2005,1934.7055,10591.8025,13170.927,2579.1245,600.248,932.8715,332.6235,4152.6125,3983.091,-169.5215,0.03142679945551,0.033751201622538,0.002324402167028
E-replace,spearman,360000,archer,A-B,65,80,84a49440b1643375283251fa,065be4ce7977380fcd3b1a94,2000,0,0,0,6,7,1,359930,359960,30,359940,359940,0,9636.2005,11461.724,1825.5235,13170.927,15813.251,2642.324,932.8715,1321.6195,388.748,3983.091,3730.561,-252.53,0.033751201622538,0.036192563062563,0.002441361440025
E-replace,spearman,360000,archer,A-B,80,90,065be4ce7977380fcd3b1a94,ab9f2a0688bbde812230118d,2000,0,0,0,7,8,1,359960,359980,20,359940,359940,0,11461.724,13866.564,2404.84,15813.251,16715.746,902.495,1321.6195,1647.726,326.1065,3730.561,3465.76,-264.801,0.036192563062563,0.038837574309684,0.002645011247121
E-replace,spearman,360000,archer,A-B,90,100,ab9f2a0688bbde812230118d,00a612d430b86c2d0e8f096d,2000,0,0,0,8,8,0,359980,360000,20,359940,359940,0,13866.564,13585.641,-280.923,16715.746,19596.4255,2880.6795,1647.726,847.792,-799.934,3465.76,4276.8505,811.0905,0.038837574309684,0.039586,0.000748425690316
E-replace,spearman,360000,archer,B-A,0,5,a2283a0e836f5582326d8584,b0b702cf53a720a5b2c9ad5e,2000,1,1,0,4,4,0,359940,359950,10,359940,359940,0,0,1834.7085,1834.7085,5142,4850.2915,-291.7085,2810.717,2638.1835,-172.5335,2253.8105,2393.4035,139.593,0.050006417736289,0.049993415752188,-1.3001984101001E-5
E-replace,spearman,360000,archer,B-A,5,10,b0b702cf53a720a5b2c9ad5e,890e7d521fd16496f61a69f7,2000,1,0,-1,4,2,-2,359950,359960,10,359940,359940,0,1834.7085,3600,1765.2915,4850.2915,4628,-222.2915,2638.1835,193.095,-2445.0885,2393.4035,3865.371,1471.9675,0.049993415752188,0.05000954272697,1.6126974782003E-5
E-replace,spearman,360000,archer,B-A,10,20,890e7d521fd16496f61a69f7,6aa53e9098394ad26b7d81f0,2000,0,0,0,2,2,0,359960,359980,20,359940,359940,0,3600,4553.9195,953.9195,4628,4948.1895,320.1895,193.095,308.0915,114.9965,3865.371,3470.8075,-394.5635,0.05000954272697,0.034115631423968,-0.015893911303002
E-replace,spearman,360000,archer,B-A,20,35,6aa53e9098394ad26b7d81f0,89ed8b8c0cc1cd97d15f4cb3,2000,0,0,0,2,3,1,359980,359930,-50,359940,359940,0,4553.9195,8381.8125,3827.893,4948.1895,5735.784,787.5945,308.0915,1123.715,815.6235,3470.8075,3055.1925,-415.615,0.034115631423968,0.036979787736504,0.002864156312536
E-replace,spearman,360000,archer,B-A,35,50,89ed8b8c0cc1cd97d15f4cb3,42fa92a135630dba33331121,2000,0,0,0,3,3,0,359930,359970,40,359940,359940,0,8381.8125,7856.733,-525.0795,5735.784,8404.235,2668.451,1123.715,856.5175,-267.1975,3055.1925,3015.503,-39.6895,0.036979787736504,0.029532530488652,-0.007447257247852
E-replace,spearman,360000,archer,B-A,50,65,42fa92a135630dba33331121,84a49440b1643375283251fa,2000,0,0,0,3,4,1,359970,359930,-40,359940,359940,0,7856.733,11856.799,4000.066,8404.235,9229.169,824.934,856.5175,1041.444,184.9265,3015.503,3247.2685,231.7655,0.029532530488652,0.03414156919401,0.004609038705358
E-replace,spearman,360000,archer,B-A,65,80,84a49440b1643375283251fa,065be4ce7977380fcd3b1a94,2000,0,0,0,4,4,0,359930,359960,30,359940,359940,0,11856.799,11345.5045,-511.2945,9229.169,11933.0425,2703.8735,1041.444,493.835,-547.609,3247.2685,3790.1755,542.907,0.03414156919401,0.031876333481498,-0.002265235712512
E-replace,spearman,360000,archer,B-A,80,90,065be4ce7977380fcd3b1a94,ab9f2a0688bbde812230118d,2000,0,0,0,4,5,1,359960,359980,20,359940,359940,0,11345.5045,16173.4915,4827.987,11933.0425,11584.9825,-348.06,493.835,494.8935,1.0585,3790.1755,4201.0005,410.825,0.031876333481498,0.036932607367076,0.005056273885578
E-replace,spearman,360000,archer,B-A,90,100,ab9f2a0688bbde812230118d,00a612d430b86c2d0e8f096d,2000,0,0,0,5,5,0,359980,360000,20,359940,359940,0,16173.4915,15743.9995,-429.492,11584.9825,13499.7895,1914.807,494.8935,0,-494.8935,4201.0005,4812.233,611.2325,0.036932607367076,0.036148791666667,-0.000783815700409
E-replace,spearman,360000,knight,A-B,0,5,9ef2c9b0cdc263402152be1e,77afd18070514281001cab55,2000,0.183,0.0215,-0.1615,3,3,0,359940,359950,10,359700,359700,0,2428.6265,3064.271,635.6445,2009.1395,2138.1765,129.037,264.8825,162.649,-102.2335,389.1175,491.351,102.2335,0.043178626993388,0.038946423114321,-0.004232203879067
E-replace,spearman,360000,knight,A-B,5,10,77afd18070514281001cab55,8a97dd643753f61399d6accb,2000,0.0215,0,-0.0215,3,3,0,359950,359960,10,359700,359700,0,3064.271,3649.6075,585.3365,2138.1765,2070.247,-67.9295,162.649,115.163,-47.486,491.351,538.837,47.486,0.038946423114321,0.034824855539504,-0.004121567574817
E-replace,spearman,360000,knight,A-B,10,20,8a97dd643753f61399d6accb,859aaaf4ab252dd27ed0dd0b,2000,0,0,0,3,3,0,359960,359980,20,359700,359700,0,3649.6075,4580.512,930.9045,2070.247,1708.5145,-361.7325,115.163,3.279,-111.884,538.837,650.721,111.884,0.034824855539504,0.027856089227179,-0.006968766312325
E-replace,spearman,360000,knight,A-B,20,35,859aaaf4ab252dd27ed0dd0b,3f025ea10e5878d6bdd7e005,2000,0,0.982,0.982,3,3.982,0.982,359980,359930,-50,359700,359700,0,4580.512,7302.2505,2721.7385,1708.5145,1322.3705,-386.144,3.279,608.1835,604.9045,650.721,45.8165,-604.9045,0.027856089227179,0.027078293001417,-0.000777796225762
E-replace,spearman,360000,knight,A-B,35,50,3f025ea10e5878d6bdd7e005,6c3545fbaf62ed6166158870,2000,0.982,0.572,-0.41,3.982,4,0.018,359930,359970,40,359700,359700,0,7302.2505,8039.8505,737.6,1322.3705,891.9225,-430.448,608.1835,234.8595,-373.324,45.8165,419.1405,373.324,0.027078293001417,0.021722032391588,-0.005356260609829
E-replace,spearman,360000,knight,A-B,50,65,6c3545fbaf62ed6166158870,7a460515cdd009edb7f3d3b0,2000,0.572,1,0.428,4,5,1,359970,359930,-40,359700,359700,0,8039.8505,10608.2045,2568.354,891.9225,625.129,-266.7935,234.8595,587.728,352.8685,419.1405,66.272,-352.8685,0.021722032391588,0.022297641208013,0.000575608816425
E-replace,spearman,360000,knight,A-B,65,80,7a460515cdd009edb7f3d3b0,f63359df10fab4876045b2bf,2000,1,0,-1,5,5,0,359930,359960,30,359700,359700,0,10608.2045,11052.343,444.1385,625.129,320.197,-304.932,587.728,82.2255,-505.5025,66.272,571.7745,505.5025,0.022297641208013,0.019052978108679,-0.003244663099334
E-replace,spearman,360000,knight,A-B,80,90,f63359df10fab4876045b2bf,fca865377e4aafdeb19b6068,2000,0,0.997,0.997,5,6,1,359960,359980,20,359700,359700,0,11052.343,13441.014,2388.671,320.197,167.841,-152.356,82.2255,343.5995,261.374,571.7745,310.4005,-261.374,0.019052978108679,0.020684288016001,0.001631309907322
E-replace,spearman,360000,knight,A-B,90,100,fca865377e4aafdeb19b6068,c8abd36e7b984d777a0368d1,2000,0.997,0,-0.997,6,6,0,359980,360000,20,359700,359700,0,13441.014,13734.0145,293.0005,167.841,0,-167.841,343.5995,0.881,-342.7185,310.4005,653.119,342.7185,0.020684288016001,0.019087388888889,-0.001596899127112
E-replace,spearman,360000,knight,B-A,0,5,9ef2c9b0cdc263402152be1e,77afd18070514281001cab55,2000,1,1,0,2,2,0,359940,359950,10,359700,359700,0,1018.6605,1693.4105,674.75,2540.053,2253.5715,-286.4815,654,654,0,0,0,0,0.034626507195644,0.029564161689123,-0.005062345506521
E-replace,spearman,360000,knight,B-A,5,10,77afd18070514281001cab55,8a97dd643753f61399d6accb,2000,1,1,0,2,2,0,359950,359960,10,359700,359700,0,1693.4105,2233.0615,539.651,2253.5715,1937.027,-316.5445,654,654,0,0,0,0,0.029564161689123,0.025369041004556,-0.004195120684567
E-replace,spearman,360000,knight,B-A,10,20,8a97dd643753f61399d6accb,859aaaf4ab252dd27ed0dd0b,2000,1,1,0,2,2,0,359960,359980,20,359700,359700,0,2233.0615,2984.494,751.4325,1937.027,1400.683,-536.344,654,654,0,0,0,0,0.025369041004556,0.019398161008945,-0.005970879995611
E-replace,spearman,360000,knight,B-A,20,35,859aaaf4ab252dd27ed0dd0b,3f025ea10e5878d6bdd7e005,2000,1,1,0,2,3,1,359980,359930,-50,359700,359700,0,2984.494,5219.906,2235.412,1400.683,1110.675,-290.008,654,654,0,0,0,0,0.019398161008945,0.019869405162115,0.00047124415317
E-replace,spearman,360000,knight,B-A,35,50,3f025ea10e5878d6bdd7e005,6c3545fbaf62ed6166158870,2000,1,1,0,3,3,0,359930,359970,40,359700,359700,0,5219.906,5801.93,582.024,1110.675,713.4985,-397.1765,654,654,0,0,0,0,0.019869405162115,0.015858404867072,-0.004011000295043
E-replace,spearman,360000,knight,B-A,50,65,6c3545fbaf62ed6166158870,7a460515cdd009edb7f3d3b0,2000,1,1,0,3,3,0,359970,359930,-40,359700,359700,0,5801.93,6380.2515,578.3215,713.4985,436.2845,-277.214,654,456.0685,-197.9315,0,197.9315,197.9315,0.015858404867072,0.013520962409357,-0.002337442457715
E-replace,spearman,360000,knight,B-A,65,80,7a460515cdd009edb7f3d3b0,f63359df10fab4876045b2bf,2000,1,1,0,3,4,1,359930,359960,30,359700,359700,0,6380.2515,8836.3075,2456.056,436.2845,272.109,-164.1755,456.0685,513.222,57.1535,197.9315,140.778,-57.1535,0.013520962409357,0.015260653961551,0.001739691552194
E-replace,spearman,360000,knight,B-A,80,90,f63359df10fab4876045b2bf,fca865377e4aafdeb19b6068,2000,1,1,0,4,5,1,359960,359980,20,359700,359700,0,8836.3075,10818.8005,1982.493,272.109,144.4185,-127.6905,513.222,451.2655,-61.9565,140.778,202.7345,61.9565,0.015260653961551,0.016668620478915,0.001407966517364
E-replace,spearman,360000,knight,B-A,90,100,fca865377e4aafdeb19b6068,c8abd36e7b984d777a0368d1,2000,1,0,-1,5,6,1,359980,360000,20,359700,359700,0,10818.8005,13734.0145,2915.214,144.4185,0,-144.4185,451.2655,0.881,-450.3845,202.7345,653.119,450.3845,0.016668620478915,0.019087388888889,0.002418768409974
E-replace,spearman,360000,soldier,A-B,0,5,7eab6eff4dbcc285f5a68609,cda178edffd1f6332c98430a,2000,0.6715,0,-0.6715,20,19.9985,-0.0015000000000001,359940,359950,10,360000,360000,0,1386.3335,2559.5325,1173.199,3755.559,4125.147,369.588,9896.245,9449.7805,-446.4645,20824.683,20986.78,162.097,0.050015947102295,0.050029406862064,1.3459759769005E-5
E-replace,spearman,360000,soldier,A-B,5,10,cda178edffd1f6332c98430a,761e8607c1eaac3378eef210,2000,0,0,0,19.9985,10.6205,-9.378,359950,359960,10,360000,360000,0,2559.5325,3065.833,506.3005,4125.147,4464.12,338.973,9449.7805,2089.9765,-7359.804,20986.78,19931.638,-1055.142,0.050029406862064,0.043048547060785,-0.006980859801279
E-replace,spearman,360000,soldier,A-B,10,20,761e8607c1eaac3378eef210,bb5bfc2e742256eeec99ddf5,2000,0,0,0,10.6205,11.345,0.7245,359960,359980,20,360000,360000,0,3065.833,4251.551,1185.718,4464.12,5316.23,852.11,2089.9765,2622.558,532.5815,19931.638,20425.7475,494.1095,0.043048547060785,0.032567114839713,-0.010481432221072
E-replace,spearman,360000,soldier,A-B,20,35,bb5bfc2e742256eeec99ddf5,16bea8537562b1eb3f2096f6,2000,0,0,0,11.345,14.7515,3.4065,359980,359930,-50,360000,360000,0,4251.551,6231.911,1980.36,5316.23,7807.2495,2491.0195,2622.558,5104.8615,2482.3035,20425.7475,21678.935,1253.1875,0.032567114839713,0.031238185202678,-0.001328929637035
E-replace,spearman,360000,soldier,A-B,35,50,16bea8537562b1eb3f2096f6,0cddd4c1ccb3a1104fb030a7,2000,0,0,0,14.7515,18,3.2485,359930,359970,40,360000,360000,0,6231.911,7508.612,1276.701,7807.2495,11074.2105,3266.961,5104.8615,7899.3025,2794.441,21678.935,21714.414,35.478999999999,0.031238185202678,0.031442314637331,0.000204129434653
E-replace,spearman,360000,soldier,A-B,50,65,0cddd4c1ccb3a1104fb030a7,584ff54d71a80caf93e98ea6,2000,0,1,1,18,20,2,359970,359930,-40,360000,360000,0,7508.612,7433.891,-74.721,11074.2105,15464.7275,4390.517,7899.3025,9299.1635,1399.861,21714.414,21845.224,130.81,0.031442314637331,0.036587864306949,0.005145549669618
E-replace,spearman,360000,soldier,A-B,65,80,584ff54d71a80caf93e98ea6,13ed52571b53a21f310545e9,2000,1,1,0,20,20,0,359930,359960,30,360000,360000,0,7433.891,5997.613,-1436.278,15464.7275,20729.146,5264.4185,9299.1635,7952.2675,-1346.896,21845.224,23469.073,1623.849,0.036587864306949,0.038925158350928,0.002337294043979
E-replace,spearman,360000,soldier,A-B,80,90,13ed52571b53a21f310545e9,60452cd87c7ff70e87172f89,2000,1,1,0,20,20,0,359960,359980,20,360000,360000,0,5997.613,5309.412,-688.201,20729.146,23895.145,3165.999,7952.2675,6548.589,-1403.6785,23469.073,24992.7255,1523.6525,0.038925158350928,0.041289293849658,0.00236413549873
E-replace,spearman,360000,soldier,A-B,90,100,60452cd87c7ff70e87172f89,f959dc8360e16020f6505609,2000,1,0.4875,-0.5125,20,20,0,359980,360000,20,360000,360000,0,5309.412,4787.778,-521.634,23895.145,26835.376,2940.231,6548.589,4786.2715,-1762.3175,24992.7255,26836.0315,1843.306,0.041289293849658,0.039369263888889,-0.001920029960769
E-replace,spearman,360000,soldier,B-A,0,5,7eab6eff4dbcc285f5a68609,cda178edffd1f6332c98430a,2000,1,1,0,13,13,0,359940,359950,10,360000,360000,0,0,1755.1075,1755.1075,5116.7555,4806.9945,-309.761,13411.287,13033.899,-377.388,13283.3105,13344.957,61.646500000001,0.049749805523143,0.048798666481456,-0.000951139041687
E-replace,spearman,360000,soldier,B-A,5,10,cda178edffd1f6332c98430a,761e8607c1eaac3378eef210,2000,1,0,-1,13,11.317,-1.683,359950,359960,10,360000,360000,0,1755.1075,2973.069,1217.9615,4806.9945,4438.7715,-368.223,13033.899,10316.0075,-2717.8915,13344.957,13774.279,429.322,0.048798666481456,0.041896946882987,-0.006901719598469
E-replace,spearman,360000,soldier,B-A,10,20,761e8607c1eaac3378eef210,bb5bfc2e742256eeec99ddf5,2000,0,0.696,0.696,11.317,12.696,1.379,359960,359980,20,360000,360000,0,2973.069,4313.567,1340.498,4438.7715,5287.625,848.8535,10316.0075,12496.549,2180.5415,13774.279,13543.4235,-230.8555,0.041896946882987,0.033552600144452,-0.008344346738535
E-replace,spearman,360000,soldier,B-A,20,35,bb5bfc2e742256eeec99ddf5,16bea8537562b1eb3f2096f6,2000,0.696,1,0.304,12.696,13.544,0.848,359980,359930,-50,360000,360000,0,4313.567,3890.2575,-423.3095,5287.625,9211.3175,3923.6925,12496.549,13437.58,941.031,13543.4235,13926.869,383.4455,0.033552600144452,0.026824174144973,-0.006728425999479
E-replace,spearman,360000,soldier,B-A,35,50,16bea8537562b1eb3f2096f6,0cddd4c1ccb3a1104fb030a7,2000,1,1,0,13.544,14.3055,0.7615,359930,359970,40,360000,360000,0,3890.2575,3247.7435,-642.514,9211.3175,13693.355,4482.0375,13437.58,13091.9585,-345.6215,13926.869,15246.51,1319.641,0.026824174144973,0.027406325527127,0.000582151382154
E-replace,spearman,360000,soldier,B-A,50,65,0cddd4c1ccb3a1104fb030a7,584ff54d71a80caf93e98ea6,2000,1,1,0,14.3055,16.6925,2.387,359970,359930,-40,360000,360000,0,3247.7435,3679.789,432.0455,13693.355,17638.974,3945.619,13091.9585,13424.3715,332.413,15246.51,16973.0655,1726.5555,0.027406325527127,0.031982635512461,0.004576309985334
E-replace,spearman,360000,soldier,B-A,65,80,584ff54d71a80caf93e98ea6,13ed52571b53a21f310545e9,2000,1,1,0,16.6925,20,3.3075,359930,359960,30,360000,360000,0,3679.789,4957.653,1277.864,17638.974,21240.07,3601.096,13424.3715,12615.7605,-808.611,16973.0655,19559.8735,2586.808,0.031982635512461,0.03788466774086,0.005902032228399
E-replace,spearman,360000,soldier,B-A,80,90,13ed52571b53a21f310545e9,60452cd87c7ff70e87172f89,2000,1,1,0,20,20,0,359960,359980,20,360000,360000,0,4957.653,4833.3335,-124.3195,21240.07,24072.514,2832.444,12615.7605,8800.319,-3815.4415,19559.8735,23094.3805,3534.507,0.03788466774086,0.040823726318129,0.002939058577269
E-replace,spearman,360000,soldier,B-A,90,100,60452cd87c7ff70e87172f89,f959dc8360e16020f6505609,2000,1,0.4935,-0.5065,20,20,0,359980,360000,20,360000,360000,0,4833.3335,4787.778,-45.555499999999,24072.514,26835.376,2762.862,8800.319,4786.2715,-4014.0475,23094.3805,26836.0315,3741.651,0.040823726318129,0.039423944444444,-0.001399781873685
E-replace,spearman,360000,spearman,A-B,0,5,51b1a872db33e8df96fabb23,565c7a66baab387da4344945,2000,0,0,0,7,6.9935,-0.0065,359940,359950,10,359940,359940,0,2557.2425,3198.49,641.2475,2532.149,3301.5905,769.4415,0,0.047,0.047,4502.943,4478.1495,-24.7935,0.049523531699728,0.048256396721767,-0.001267134977961
E-replace,spearman,360000,spearman,A-B,5,10,565c7a66baab387da4344945,1852773647339beb06a68b5f,2000,0,0,0,6.9935,6,-0.9935,359950,359960,10,359940,359940,0,3198.49,3223.739,25.249,3301.5905,4061.5305,759.94,0.047,0.0265,-0.0205,4478.1495,4017.1245,-461.025,0.048256396721767,0.041601664073786,-0.006654732647981
E-replace,spearman,360000,spearman,A-B,10,20,1852773647339beb06a68b5f,a59cf9b1dd9941650d94704b,2000,0,0,0,6,6,0,359960,359980,20,359940,359940,0,3223.739,4419.015,1195.276,4061.5305,4520.9135,459.383,0.0265,0.027,0.0005,4017.1245,3938.8095,-78.315,0.041601664073786,0.032543446858159,-0.009058217215627
E-replace,spearman,360000,spearman,A-B,20,35,a59cf9b1dd9941650d94704b,490c24e165ba724b53a583c3,2000,0,0,0,6,7,1,359980,359930,-50,359940,359940,0,4419.015,6059.437,1640.422,4520.9135,5946.245,1425.3315,0.027,0.2195,0.1925,3938.8095,4330.0245,391.215,0.032543446858159,0.028614480593449,-0.00392896626471
E-replace,spearman,360000,spearman,A-B,35,50,490c24e165ba724b53a583c3,fa3c2159dc01cc452e2a4384,2000,0,0,0,7,8.1175,1.1175,359930,359970,40,359940,359940,0,6059.437,7464.7305,1405.2935,5946.245,7639.931,1693.686,0.2195,1.8165,1.597,4330.0245,4608.3025,278.278,0.028614480593449,0.027673542239631,-0.000940938353818
E-replace,spearman,360000,spearman,A-B,50,65,fa3c2159dc01cc452e2a4384,9d2505dc58f8ef58616955a0,2000,0,0,0,8.1175,10,1.8825,359970,359930,-40,359940,359940,0,7464.7305,9967.8485,2503.118,7639.931,9141.608,1501.677,1.8165,10.573,8.7565,4608.3025,4868.554,260.2515,0.027673542239631,0.030153140888506,0.002479598648875
E-replace,spearman,360000,spearman,A-B,65,80,9d2505dc58f8ef58616955a0,3696d3ddf69f2312532adf2f,2000,0,0,0,10,11,1,359930,359960,30,359940,359940,0,9967.8485,10980.428,1012.5795,9141.608,11032.1995,1890.5915,10.573,9.242,-1.331,4868.554,4969.8725,101.3185,0.030153140888506,0.030309923324814,0.000156782436308
E-replace,spearman,360000,spearman,A-B,80,90,3696d3ddf69f2312532adf2f,75cc5974f7e485ba37292c4b,2000,0,0,0,11,12,1,359960,359980,20,359940,359940,0,10980.428,12199.3085,1218.8805,11032.1995,12154.72,1122.5205,9.242,5.347,-3.895,4969.8725,5058.234,88.3615,0.030309923324814,0.031474026334796,0.001164103009982
E-replace,spearman,360000,spearman,A-B,90,100,75cc5974f7e485ba37292c4b,107478c931c236219443ffad,2000,0,0,0,12,13,1,359980,360000,20,359940,359940,0,12199.3085,13412.643,1213.3345,12154.72,13281.8495,1127.1295,5.347,0,-5.347,5058.234,5116.9925,58.7585,0.031474026334796,0.032674027777778,0.001200001442982
E-replace,spearman,360000,spearman,B-A,0,5,51b1a872db33e8df96fabb23,565c7a66baab387da4344945,2000,1,1,0,7,7,0,359940,359950,10,359940,359940,0,0,1298.9845,1298.9845,4503.942,4005.079,-498.863,2558.4835,2105.369,-453.1145,2529.849,2952.615,422.766,0.043788895371451,0.036743256007779,-0.007045639363672
E-replace,spearman,360000,spearman,B-A,5,10,565c7a66baab387da4344945,1852773647339beb06a68b5f,2000,1,1,0,7,7.9545,0.9545,359950,359960,10,359940,359940,0,1298.9845,2292.3765,993.392,4005.079,4174.8035,169.7245,2105.369,2894.051,788.682,2952.615,2215.7755,-736.8395,0.036743256007779,0.033573883209245,-0.003169372798534
E-replace,spearman,360000,spearman,B-A,10,20,1852773647339beb06a68b5f,a59cf9b1dd9941650d94704b,2000,1,1,0,7.9545,8,0.0455,359960,359980,20,359940,359940,0,2292.3765,2800.584,508.2075,4174.8035,5461.173,1286.3695,2894.051,2057.467,-836.584,2215.7755,3021.3735,805.598,0.033573883209245,0.024866895383077,-0.008706987826168
E-replace,spearman,360000,spearman,B-A,20,35,a59cf9b1dd9941650d94704b,490c24e165ba724b53a583c3,2000,1,1,0,8,9,1,359980,359930,-50,359940,359940,0,2800.584,3031.926,231.342,5461.173,8520.527,3059.354,2057.467,2082.911,25.444,3021.3735,3006.5775,-14.796,0.024866895383077,0.02277866529603,-0.002088230087047
E-replace,spearman,360000,spearman,B-A,35,50,490c24e165ba724b53a583c3,fa3c2159dc01cc452e2a4384,2000,1,1,0,9,10,1,359930,359970,40,359940,359940,0,3031.926,3103.937,72.011,8520.527,11677.068,3156.541,2082.911,1971.8615,-111.0495,3006.5775,3112.5235,105.946,0.02277866529603,0.024247701197322,0.001469035901292
E-replace,spearman,360000,spearman,B-A,50,65,fa3c2159dc01cc452e2a4384,9d2505dc58f8ef58616955a0,2000,1,1,0,10,12,2,359970,359930,-40,359940,359940,0,3103.937,3828.39,724.453,11677.068,14751.142,3074.074,1971.8615,2231.5825,259.721,3112.5235,2886.6825,-225.841,0.024247701197322,0.028275678604173,0.004027977406851
E-replace,spearman,360000,spearman,B-A,65,80,9d2505dc58f8ef58616955a0,3696d3ddf69f2312532adf2f,2000,1,1,0,12,14.0035,2.0035,359930,359960,30,359940,359940,0,3828.39,4773.026,944.636,14751.142,17823.8355,3072.6935,2231.5825,1924.361,-307.2215,2886.6825,3211.838,325.1555,0.028275678604173,0.032836495721747,0.004560817117574
E-replace,spearman,360000,spearman,B-A,80,90,3696d3ddf69f2312532adf2f,75cc5974f7e485ba37292c4b,2000,1,1,0,14.0035,17,2.9965,359960,359980,20,359940,359940,0,4773.026,6782.18,2009.154,17823.8355,19644.8385,1821.003,1924.361,2176.6995,252.3385,3211.838,2964.81,-247.028,0.032836495721747,0.037641466192566,0.004804970470819
E-replace,spearman,360000,spearman,B-A,90,100,75cc5974f7e485ba37292c4b,107478c931c236219443ffad,2000,1,0.3355,-0.6645,17,20,3,359980,360000,20,359940,359940,0,6782.18,9898.754,3116.574,19644.8385,20819.7665,1174.928,2176.6995,1386.0605,-790.639,2964.81,3755.8385,791.0285,0.037641466192566,0.038085333333333,0.000443867140767
X-cut,archer-cut,12000,archer,A-B,0,10,3ecd0cef6014eb6df2745a59,b210936a8f02e2ba0a83a7c0,2000,1,1,0,4.671,4.007,-0.664,11780,11770,-10,11970,11970,0,136.0155,109.334,-26.6815,487.963,436.359,-51.604,70.166,75.0865,4.9205,87.889,84.5595,-3.3295,0.028249151103565,0.028528462192014,0.000279311088449
X-cut,archer-cut,12000,archer,A-B,10,20,b210936a8f02e2ba0a83a7c0,8598d0c554d65721a3ea731c,2000,1,1,0,4.007,3.8115,-0.1955,11770,11760,-10,11970,11970,0,109.334,119.048,9.714,436.359,360.5605,-75.7985,75.0865,90.491,15.4045,84.5595,74.688,-9.8715,0.028528462192014,0.030582482993197,0.002054020801183
X-cut,archer-cut,12000,archer,A-B,20,30,8598d0c554d65721a3ea731c,c22bb7689dbd3fc62350c752,2000,1,1,0,3.8115,3.1325,-0.679,11760,11750,-10,11970,11970,0,119.048,92.1095,-26.9385,360.5605,305.3955,-55.165,90.491,76.2995,-14.1915,74.688,89.9455,15.2575,0.030582482993197,0.031354042553191,0.000771559559994
X-cut,archer-cut,12000,archer,A-B,30,40,c22bb7689dbd3fc62350c752,ce1ae094b7132c2273dafe03,2000,1,0.9985,-0.0014999999999999,3.1325,3.0015,-0.131,11750,11740,-10,11970,11970,0,92.1095,117.29,25.1805,305.3955,204.4815,-100.914,76.2995,86.06,9.7605,89.9455,83.5185,-6.427,0.031354042553191,0.03553534923339,0.004181306680199
X-cut,archer-cut,12000,archer,A-B,40,50,ce1ae094b7132c2273dafe03,dd69943710631216293e8e9b,2000,0.9985,0.999,0.00049999999999994,3.0015,2.999,-0.0024999999999999,11740,11730,-10,11970,11970,0,117.29,130.605,13.315,204.4815,108.171,-96.3105,86.06,104.987,18.927,83.5185,65.72,-17.7985,0.03553534923339,0.042446291560102,0.006910942326712
X-cut,archer-cut,12000,archer,A-B,50,60,dd69943710631216293e8e9b,ff04a799c71c3108d0af728f,2000,0.999,0.821,-0.178,2.999,2.9885,-0.0105,11730,11720,-10,11970,11970,0,130.605,100.1865,-30.4185,108.171,39.529,-68.642,104.987,122.3935,17.4065,65.72,48.5885,-17.1315,0.042446291560102,0.049071245733788,0.006624954173686
X-cut,archer-cut,12000,archer,B-A,0,10,3ecd0cef6014eb6df2745a59,b210936a8f02e2ba0a83a7c0,2000,0.9555,0.3385,-0.617,3.984,3.0775,-0.9065,11780,11770,-10,11970,11970,0,357.938,258.18,-99.758,275.406,270.326,-5.0799999999999,69.142,58.8375,-10.3045,75.1815,83.5225,8.341,0.031648556876061,0.028343670348343,-0.003304886527718
X-cut,archer-cut,12000,archer,B-A,10,20,b210936a8f02e2ba0a83a7c0,8598d0c554d65721a3ea731c,2000,0.3385,0.709,0.3705,3.0775,3,-0.0775,11770,11760,-10,11970,11970,0,258.18,265.9675,7.7875,270.326,215.8495,-54.4765,58.8375,62.832,3.9945,83.5225,93.847,10.3245,0.028343670348343,0.032942602040816,0.004598931692473
X-cut,archer-cut,12000,archer,B-A,20,30,8598d0c554d65721a3ea731c,c22bb7689dbd3fc62350c752,2000,0.709,0.7335,0.0245,3,2.793,-0.207,11760,11750,-10,11970,11970,0,265.9675,251.714,-14.2535,215.8495,162.1185,-53.731,62.832,61.92,-0.912,93.847,100.983,7.136,0.032942602040816,0.036106382978723,0.003163780937907
X-cut,archer-cut,12000,archer,B-A,30,40,c22bb7689dbd3fc62350c752,ce1ae094b7132c2273dafe03,2000,0.7335,0.0005,-0.733,2.793,2.0005,-0.7925,11750,11740,-10,11970,11970,0,251.714,164.999,-86.715,162.1185,156.828,-5.2905,61.92,35.569,-26.351,100.983,127.431,26.448,0.036106382978723,0.035945059625213,-0.00016132335351
X-cut,archer-cut,12000,archer,B-A,40,50,ce1ae094b7132c2273dafe03,dd69943710631216293e8e9b,2000,0.0005,0,-0.0005,2.0005,2,-0.00050000000000017,11740,11730,-10,11970,11970,0,164.999,132.14,-32.859,156.828,107.4435,-49.3845,35.569,35.3075,-0.26150000000001,127.431,133.7015,6.2705,0.035945059625213,0.042329923273657,0.006384863648444
X-cut,archer-cut,12000,archer,B-A,50,60,dd69943710631216293e8e9b,ff04a799c71c3108d0af728f,2000,0,0,0,2,2,0,11730,11720,-10,11970,11970,0,132.14,90.9605,-41.1795,107.4435,47.9255,-59.518,35.3075,38.2365,2.929,133.7015,132.653,-1.0485,0.042329923273657,0.047357081911263,0.005027158637606
X-cut,archer-cut,12000,balanced,A-B,0,10,2ce851910ac66482b9b371f3,19831a8d6bbdff8799df1a6f,2000,0.2315,0.9,0.6685,7.6515,6.042,-1.6095,11780,11770,-10,11630,11630,0,285.482,212.76,-72.722,307.5955,274.992,-32.6035,147.133,153.7945,6.6615,176.307,166.862,-9.445,0.028749575551783,0.028309685641461,-0.000439889910322
X-cut,archer-cut,12000,balanced,A-B,10,20,19831a8d6bbdff8799df1a6f,e48bb916ec3495d57c804461,2000,0.9,0.9825,0.0825,6.042,5.009,-1.033,11770,11760,-10,11630,11630,0,212.76,170.0715,-42.6885,274.992,235.309,-39.683,153.7945,159.72,5.9255,166.862,160.5265,-6.3355,0.028309685641461,0.028426020408163,0.000116334766702
X-cut,archer-cut,12000,balanced,A-B,20,30,e48bb916ec3495d57c804461,98724e210c5ef0f8ae391387,2000,0.9825,0.9525,-0.03,5.009,4.099,-0.91,11760,11750,-10,11630,11630,0,170.0715,133.347,-36.7245,235.309,194.7095,-40.5995,159.72,156.1775,-3.5425,160.5265,158.546,-1.9805,0.028426020408163,0.028017872340426,-0.000408148067737
X-cut,archer-cut,12000,balanced,A-B,30,40,98724e210c5ef0f8ae391387,9b25bbc8d05f616d197c60e4,2000,0.9525,0.677,-0.2755,4.099,3.871,-0.228,11750,11740,-10,11630,11630,0,133.347,125.686,-7.661,194.7095,150.0845,-44.625,156.1775,180.919,24.7415,158.546,147.1825,-11.3635,0.028017872340426,0.031712095400341,0.003694223059915
X-cut,archer-cut,12000,balanced,A-B,40,50,9b25bbc8d05f616d197c60e4,868f33fd74d452f29b2b075a,2000,0.677,0.5055,-0.1715,3.871,3.0285,-0.8425,11740,11730,-10,11630,11630,0,125.686,86.4685,-39.2175,150.0845,112.058,-38.0265,180.919,155.303,-25.616,147.1825,157.183,10.0005,0.031712095400341,0.034154305200341,0.0024422098
X-cut,archer-cut,12000,balanced,A-B,50,60,868f33fd74d452f29b2b075a,8497f4f1c05132d6752819fb,2000,0.5055,0.006,-0.4995,3.0285,2.9995,-0.029,11730,11720,-10,11630,11630,0,86.4685,63.549,-22.9195,112.058,66.7005,-45.3575,155.303,172.504,17.201,157.183,150.5365,-6.6465,0.034154305200341,0.043624146757679,0.009469841557338
X-cut,archer-cut,12000,balanced,B-A,0,10,2ce851910ac66482b9b371f3,19831a8d6bbdff8799df1a6f,2000,0.7995,0.8185,0.019,6.2965,5.5215,-0.775,11780,11770,-10,11630,11630,0,240.6105,208.4265,-32.184,294.3135,256.2095,-38.104,149.9515,155.6025,5.651,159.0825,157.778,-1.3045,0.026511884550085,0.026377230246389,-0.000134654303696
X-cut,archer-cut,12000,balanced,B-A,10,20,19831a8d6bbdff8799df1a6f,e48bb916ec3495d57c804461,2000,0.8185,0.7875,-0.031,5.5215,5.0135,-0.508,11770,11760,-10,11630,11630,0,208.4265,188.9645,-19.462,256.2095,218.731,-37.4785,155.6025,156.9575,1.355,157.778,163.4855,5.7075,0.026377230246389,0.027931972789116,0.001554742542727
X-cut,archer-cut,12000,balanced,B-A,20,30,e48bb916ec3495d57c804461,98724e210c5ef0f8ae391387,2000,0.7875,0.4425,-0.345,5.0135,4.8245,-0.189,11760,11750,-10,11630,11630,0,188.9645,184.6045,-4.36,218.731,173.982,-44.749,156.9575,166.0195,9.062,163.4855,165.154,1.6685000000001,0.027931972789116,0.030693617021277,0.002761644232161
X-cut,archer-cut,12000,balanced,B-A,30,40,98724e210c5ef0f8ae391387,9b25bbc8d05f616d197c60e4,2000,0.4425,0.084,-0.3585,4.8245,4.0015,-0.823,11750,11740,-10,11630,11630,0,184.6045,144.017,-40.5875,173.982,139.3675,-34.6145,166.0195,137.033,-28.9865,165.154,185.0605,19.9065,0.030693617021277,0.032104344122658,0.001410727101381
X-cut,archer-cut,12000,balanced,B-A,40,50,9b25bbc8d05f616d197c60e4,868f33fd74d452f29b2b075a,2000,0.084,0.002,-0.082,4.0015,3.2665,-0.735,11740,11730,-10,11630,11630,0,144.017,101.57,-42.447,139.3675,104.2805,-35.087,137.033,106.057,-30.976,185.0605,201.804,16.7435,0.032104344122658,0.035470161977835,0.003365817855177
X-cut,archer-cut,12000,balanced,B-A,50,60,868f33fd74d452f29b2b075a,8497f4f1c05132d6752819fb,2000,0.002,0,-0.002,3.2665,3.091,-0.1755,11730,11720,-10,11630,11630,0,101.57,60.5915,-40.9785,104.2805,70.7425,-33.538,106.057,97.365,-8.692,201.804,212.7775,10.9735,0.035470161977835,0.043887798634812,0.008417636656977
X-cut,archer-cut,12000,knight,A-B,0,10,72606cf0f734bb91855b4dca,482d45d0895843aa1585a5ae,2000,1,1,0,3.002,2.7035,-0.2985,11780,11770,-10,11550,11550,0,203.179,174.771,-28.408,9.7,9.734,0.033999999999999,15.554,16.837,1.283,5.4455,4.157,-1.2885,0.014033106960951,0.013736618521665,-0.000296488439286
X-cut,archer-cut,12000,knight,A-B,10,20,482d45d0895843aa1585a5ae,c3e7b42a7b4145c178729bef,2000,1,1,0,2.7035,2.2165,-0.487,11770,11760,-10,11550,11550,0,174.771,146.818,-27.953,9.734,9.8085,0.0745,16.837,12.488,-4.349,4.157,8.5105,4.3535,0.013736618521665,0.014036139455782,0.000299520934117
X-cut,archer-cut,12000,knight,A-B,20,30,c3e7b42a7b4145c178729bef,7222569cc10bfdfe02f4d082,2000,1,1,0,2.2165,2.0185,-0.198,11760,11750,-10,11550,11550,0,146.818,134.849,-11.969,9.8085,11.139,1.3305,12.488,13.7935,1.3055,8.5105,7.206,-1.3045,0.014036139455782,0.015948085106383,0.001911945650601
X-cut,archer-cut,12000,knight,A-B,30,40,7222569cc10bfdfe02f4d082,d23a82f10c3a78cb5eb8967e,2000,1,0.9995,-0.00049999999999994,2.0185,2,-0.0185,11750,11740,-10,11550,11550,0,134.849,129.6105,-5.2385,11.139,13.809,2.67,13.7935,17.848,4.0545,7.206,3.152,-4.054,0.015948085106383,0.020905451448041,0.004957366341658
X-cut,archer-cut,12000,knight,A-B,40,50,d23a82f10c3a78cb5eb8967e,b8d2af1ce789895133ae91e4,2000,0.9995,1,0.00049999999999994,2,2,0,11740,11730,-10,11550,11550,0,129.6105,122.1295,-7.481,13.809,17.6255,3.8165,17.848,19.9815,2.1335,3.152,1.0185,-2.1335,0.020905451448041,0.02894799658994,0.008042545141899
X-cut,archer-cut,12000,knight,A-B,50,60,b8d2af1ce789895133ae91e4,54420151da6beb5c22b1f339,2000,1,0.158,-0.842,2,1.158,-0.842,11730,11720,-10,11550,11550,0,122.1295,62.8915,-59.238,17.6255,19.121,1.4955,19.9815,3.613,-16.3685,1.0185,17.3845,16.366,0.02894799658994,0.028787542662116,-0.000160453927824
X-cut,archer-cut,12000,knight,B-A,0,10,72606cf0f734bb91855b4dca,482d45d0895843aa1585a5ae,2000,1,1,0,2.4565,2.257,-0.1995,11780,11770,-10,11550,11550,0,162.5665,150.5495,-12.017,7.971,8.6275,0.6565,14.6505,12.8625,-1.788,6.309,8.128,1.819,0.011286926994907,0.011918861512319,0.000631934517412
X-cut,archer-cut,12000,knight,B-A,10,20,482d45d0895843aa1585a5ae,c3e7b42a7b4145c178729bef,2000,1,1,0,2.257,2.0545,-0.2025,11770,11760,-10,11550,11550,0,150.5495,138.761,-11.7885,8.6275,9.44,0.8125,12.8625,12.4635,-0.399,8.128,8.532,0.404,0.011918861512319,0.013208758503401,0.001289896991082
X-cut,archer-cut,12000,knight,B-A,20,30,c3e7b42a7b4145c178729bef,7222569cc10bfdfe02f4d082,2000,1,1,0,2.0545,2.002,-0.0525,11760,11750,-10,11550,11550,0,138.761,133.9025,-4.8585,9.44,11.095,1.655,12.4635,15.656,3.1925,8.532,5.344,-3.188,0.013208758503401,0.015814893617021,0.00260613511362
X-cut,archer-cut,12000,knight,B-A,30,40,7222569cc10bfdfe02f4d082,d23a82f10c3a78cb5eb8967e,2000,1,1,0,2.002,2,-0.0019999999999998,11750,11740,-10,11550,11550,0,133.9025,129.821,-4.0815,11.095,13.848,2.753,15.656,18.4035,2.7475,5.344,2.5965,-2.7475,0.015814893617021,0.020923339011925,0.005108445394904
X-cut,archer-cut,12000,knight,B-A,40,50,d23a82f10c3a78cb5eb8967e,b8d2af1ce789895133ae91e4,2000,1,1,0,2,2,0,11740,11730,-10,11550,11550,0,129.821,122.706,-7.115,13.848,17.687,3.839,18.4035,19.48,1.0765,2.5965,1.52,-1.0765,0.020923339011925,0.02906052855925,0.008137189547325
X-cut,archer-cut,12000,knight,B-A,50,60,b8d2af1ce789895133ae91e4,54420151da6beb5c22b1f339,2000,1,0.157,-0.843,2,1.158,-0.842,11730,11720,-10,11550,11550,0,122.706,62.884,-59.822,17.687,19.1265,1.4395,19.48,3.428,-16.052,1.52,17.5595,16.0395,0.02906052855925,0.028766638225256,-0.000293890333994
X-cut,archer-cut,12000,soldier,A-B,0,10,08b7557f5fc99e238847e1b2,f7cea2d31ac40ccf4488e14a,2000,0.9985,1,0.0014999999999999,19.379,14.5805,-4.7985,11780,11770,-10,12000,12000,0,225.259,126.0435,-99.2155,471.5675,449.9995,-21.568,435.4555,443.785,8.3295000000001,596.593,551.6565,-44.9365,0.032413837011885,0.029374256584537,-0.003039580427348
X-cut,archer-cut,12000,soldier,A-B,10,20,f7cea2d31ac40ccf4488e14a,13d5baa426dd9af6ddafc0b4,2000,1,1,0,14.5805,11.721,-2.8595,11770,11760,-10,12000,12000,0,126.0435,85.695,-40.3485,449.9995,385.727,-64.2725,443.785,453.5,9.715,551.6565,515.52,-36.1365,0.029374256584537,0.02759268707483,-0.001781569509707
X-cut,archer-cut,12000,soldier,A-B,20,30,13d5baa426dd9af6ddafc0b4,409c70721ef7b48105101958,2000,1,1,0,11.721,9.7535,-1.9675,11760,11750,-10,12000,12000,0,85.695,66.455,-19.24,385.727,311.115,-74.612,453.5,463.6175,10.1175,515.52,484.7825,-30.7375,0.02759268707483,0.027014893617021,-0.000577793457809
X-cut,archer-cut,12000,soldier,A-B,30,40,409c70721ef7b48105101958,8c5840958414de0fd7c5ae2a,2000,1,1,0,9.7535,8.066,-1.6875,11750,11740,-10,12000,12000,0,66.455,53.5825,-12.8725,311.115,234.9245,-76.1905,463.6175,451.362,-12.2555,484.7825,465.3465,-19.436,0.027014893617021,0.027593270868825,0.000578377251804
X-cut,archer-cut,12000,soldier,A-B,40,50,8c5840958414de0fd7c5ae2a,d432e017416307cb1b0773ef,2000,1,1,0,8.066,7.0105,-1.0555,11740,11730,-10,12000,12000,0,53.5825,47.287,-6.2955,234.9245,160.4535,-74.471,451.362,460.631,9.2689999999999,465.3465,443.925,-21.4215,0.027593270868825,0.031898124467178,0.004304853598353
X-cut,archer-cut,12000,soldier,A-B,50,60,d432e017416307cb1b0773ef,93ce5153868e9246ef9c0fe4,2000,1,1,0,7.0105,6.073,-0.9375,11730,11720,-10,12000,12000,0,47.287,1.05,-46.237,160.4535,129.611,-30.8425,460.631,454.9805,-5.6505,443.925,431.243,-12.682,0.031898124467178,0.039986774744027,0.008088650276849
X-cut,archer-cut,12000,soldier,B-A,0,10,08b7557f5fc99e238847e1b2,f7cea2d31ac40ccf4488e14a,2000,1,1,0,15.544,13.3085,-2.2355,11780,11770,-10,12000,12000,0,116.821,95.031,-21.79,539.301,465.275,-74.026,438.6575,442.187,3.5295,528.3155,523.1055,-5.21,0.029366723259762,0.028028462192014,-0.001338261067748
X-cut,archer-cut,12000,soldier,B-A,10,20,f7cea2d31ac40ccf4488e14a,13d5baa426dd9af6ddafc0b4,2000,1,1,0,13.3085,12.021,-1.2875,11770,11760,-10,12000,12000,0,95.031,92.691,-2.34,465.275,382.658,-82.617,442.187,447.6035,5.4165,523.1055,531.22,8.1145,0.028028462192014,0.028063350340136,3.4888148122001E-5
X-cut,archer-cut,12000,soldier,B-A,20,30,13d5baa426dd9af6ddafc0b4,409c70721ef7b48105101958,2000,1,1,0,12.021,11.049,-0.972,11760,11750,-10,12000,12000,0,92.691,98.1995,5.5085,382.658,294.8665,-87.7915,447.6035,449.323,1.7195,531.22,544.0505,12.8305,0.028063350340136,0.02938170212766,0.001318351787524
X-cut,archer-cut,12000,soldier,B-A,30,40,409c70721ef7b48105101958,8c5840958414de0fd7c5ae2a,2000,1,0.983,-0.017,11.049,10.247,-0.802,11750,11740,-10,12000,12000,0,98.1995,106.97,8.7705,294.8665,204.595,-90.2715,449.323,448.2055,-1.1175,544.0505,558.5735,14.523,0.02938170212766,0.032879897785349,0.003498195657689
X-cut,archer-cut,12000,soldier,B-A,40,50,8c5840958414de0fd7c5ae2a,d432e017416307cb1b0773ef,2000,0.983,0.3275,-0.6555,10.247,9.113,-1.134,11740,11730,-10,12000,12000,0,106.97,94.3125,-12.6575,204.595,133.0635,-71.5315,448.2055,410.5075,-37.698,558.5735,586.1185,27.545,0.032879897785349,0.037867007672634,0.004987109887285
X-cut,archer-cut,12000,soldier,B-A,50,60,d432e017416307cb1b0773ef,93ce5153868e9246ef9c0fe4,2000,0.3275,0.0575,-0.27,9.113,8.4945,-0.6185,11730,11720,-10,12000,12000,0,94.3125,63.695,-30.6175,133.0635,73.6445,-59.419,410.5075,389.3875,-21.12,586.1185,603.811,17.6925,0.037867007672634,0.045030716723549,0.007163709050915
X-cut,archer-cut,12000,spearman,A-B,0,10,00568e18a6ed440409fd9253,5c061238e2efe19613542364,2000,0.4085,0.9315,0.523,9.267,7.9945,-1.2725,11780,11770,-10,11970,11970,0,281.1745,229.67,-51.5045,280.703,250.4095,-30.2935,57.888,67.8095,9.9215,102.1295,96.8925,-5.237,0.028924448217317,0.0300790144435,0.001154566226183
X-cut,archer-cut,12000,spearman,A-B,10,20,5c061238e2efe19613542364,36aa6541162b74180b3ccb58,2000,0.9315,0.949,0.0175,7.9945,6.988,-1.0065,11770,11760,-10,11970,11970,0,229.67,196.157,-33.513,250.4095,216.1285,-34.281,67.8095,69.224,1.4145,96.8925,97.867,0.97450000000001,0.0300790144435,0.031041241496599,0.000962227053099
X-cut,archer-cut,12000,spearman,A-B,20,30,36aa6541162b74180b3ccb58,1cd68df85b73506bad10b754,2000,0.949,0.8085,-0.1405,6.988,6.033,-0.955,11760,11750,-10,11970,11970,0,196.157,166.0345,-30.1225,216.1285,181.4795,-34.649,69.224,64.8775,-4.3465,97.867,103.545,5.678,0.031041241496599,0.032667234042553,0.001625992545954
X-cut,archer-cut,12000,spearman,A-B,30,40,1cd68df85b73506bad10b754,c5290088a3efb755152c4552,2000,0.8085,0.2525,-0.556,6.033,5.097,-0.936,11750,11740,-10,11970,11970,0,166.0345,135.834,-30.2005,181.4795,146.034,-35.4455,64.8775,56.089,-8.7885,103.545,113.065,9.52,0.032667234042553,0.034489352640545,0.001822118597992
X-cut,archer-cut,12000,spearman,A-B,40,50,c5290088a3efb755152c4552,a4bb4df98b4747936ec5205e,2000,0.2525,0.133,-0.1195,5.097,4.1745,-0.9225,11740,11730,-10,11970,11970,0,135.834,100.23,-35.604,146.034,111.711,-34.323,56.089,44.2625,-11.8265,113.065,125.39,12.325,0.034489352640545,0.039082693947144,0.004593341306599
X-cut,archer-cut,12000,spearman,A-B,50,60,a4bb4df98b4747936ec5205e,0ae4cd825cb14186a1297652,2000,0.133,0,-0.133,4.1745,3.8635,-0.311,11730,11720,-10,11970,11970,0,100.23,75.7155,-24.5145,111.711,60.242,-51.469,44.2625,41.7655,-2.497,125.39,129.0515,3.6615,0.039082693947144,0.04718771331058,0.008105019363436
X-cut,archer-cut,12000,spearman,B-A,0,10,00568e18a6ed440409fd9253,5c061238e2efe19613542364,2000,1,1,0,8.385,7.459,-0.926,11780,11770,-10,11970,11970,0,55.364,48.2615,-7.1025,432.609,379.2725,-53.3365,69.672,70.845,1.173,91.868,94.0605,2.1925,0.021940577249576,0.022447323704333,0.000506746454757
X-cut,archer-cut,12000,spearman,B-A,10,20,5c061238e2efe19613542364,36aa6541162b74180b3ccb58,2000,1,1,0,7.459,6.9385,-0.5205,11770,11760,-10,11970,11970,0,48.2615,48.492,0.23050000000001,379.2725,330.6235,-48.649,70.845,73.0355,2.1905,94.0605,94.627,0.56649999999999,0.022447323704333,0.02413137755102,0.001684053846687
X-cut,archer-cut,12000,spearman,B-A,20,30,36aa6541162b74180b3ccb58,1cd68df85b73506bad10b754,2000,1,1,0,6.9385,6.3185,-0.62,11760,11750,-10,11970,11970,0,48.492,48.587,0.094999999999999,330.6235,277.2955,-53.328,73.0355,71.579,-1.4565,94.627,96.8925,2.2655,0.02413137755102,0.026155319148936,0.002023941597916
X-cut,archer-cut,12000,spearman,B-A,30,40,1cd68df85b73506bad10b754,c5290088a3efb755152c4552,2000,1,1,0,6.3185,5.9865,-0.332,11750,11740,-10,11970,11970,0,48.587,52.5005,3.9135,277.2955,220.41,-56.8855,71.579,74.4915,2.9125,96.8925,95.503,-1.3895,0.026155319148936,0.030201022146508,0.004045702997572
X-cut,archer-cut,12000,spearman,B-A,40,50,c5290088a3efb755152c4552,a4bb4df98b4747936ec5205e,2000,1,1,0,5.9865,5.5765,-0.41,11740,11730,-10,11970,11970,0,52.5005,51.0675,-1.433,220.41,157.6405,-62.7695,74.4915,75.159,0.6675,95.503,95.335,-0.16800000000001,0.030201022146508,0.036121909633419,0.005920887486911
X-cut,archer-cut,12000,spearman,B-A,50,60,a4bb4df98b4747936ec5205e,0ae4cd825cb14186a1297652,2000,1,1,0,5.5765,5.065,-0.5115,11730,11720,-10,11970,11970,0,51.0675,16.945,-34.1225,157.6405,115.577,-42.0635,75.159,70.5845,-4.5745,95.335,100.339,5.004,0.036121909633419,0.045358361774744,0.009236452141325
X-cut,archer-cut,120000,archer,A-B,0,10,f3c94f8fd01748ba5b16ea91,385192543ca53086fb630871,2000,1,1,0,4.121,4,-0.121,119590,119560,-30,119980,119980,0,960.4765,1062.5355,102.059,5026.688,4373.6075,-653.0805,640.432,795.3735,154.9415,884.3685,813.5825,-70.786,0.026225436909441,0.028031992305119,0.001806555395678
X-cut,archer-cut,120000,archer,A-B,10,20,385192543ca53086fb630871,a2296ef9f8ef939fc075a343,2000,1,1,0,4,3.809,-0.191,119560,119530,-30,119980,119980,0,1062.5355,1152.901,90.3655,4373.6075,3625.988,-747.6195,795.3735,954.8985,159.525,813.5825,707.1385,-106.444,0.028031992305119,0.029888730862545,0.001856738557426
X-cut,archer-cut,120000,archer,A-B,20,30,a2296ef9f8ef939fc075a343,59ecbeca84385a1428d66bf1,2000,1,1,0,3.809,3,-0.809,119530,119570,40,119980,119980,0,1152.901,794.3465,-358.5545,3625.988,3150.7235,-475.2645,954.8985,715.263,-239.6355,707.1385,951.8,244.6615,0.029888730862545,0.030476750020908,0.000588019158363
X-cut,archer-cut,120000,archer,A-B,30,40,59ecbeca84385a1428d66bf1,8ed935db69561e9b2d098813,2000,1,1,0,3,3,0,119570,119540,-30,119980,119980,0,794.3465,1151.535,357.1885,3150.7235,2071.4645,-1079.259,715.263,899.002,183.739,951.8,807.843,-143.957,0.030476750020908,0.034687677764765,0.004210927743857
X-cut,archer-cut,120000,archer,A-B,40,50,8ed935db69561e9b2d098813,fc3a941ea0bc2956047e73df,2000,1,1,0,3,3,0,119540,119580,40,119980,119980,0,1151.535,1305.6675,154.1325,2071.4645,1099.488,-971.9765,899.002,1105.7885,206.7865,807.843,607.578,-200.265,0.034687677764765,0.041454507442716,0.006766829677951
X-cut,archer-cut,120000,archer,A-B,50,60,fc3a941ea0bc2956047e73df,5f8d7c7859a2b509bccc846b,2000,1,1,0,3,3,0,119580,119550,-30,119980,119980,0,1305.6675,1027.0185,-278.649,1099.488,385.726,-713.762,1105.7885,1339.9725,234.184,607.578,374.0275,-233.5505,0.041454507442716,0.049693935591803,0.008239428149087
X-cut,archer-cut,120000,archer,B-A,0,10,f3c94f8fd01748ba5b16ea91,385192543ca53086fb630871,2000,1,0.465,-0.535,4,3,-1,119590,119560,-30,119980,119980,0,3548.8155,2460.1665,-1088.649,2769.174,2766.3855,-2.7885000000001,738.9865,598.1635,-140.823,728.2135,826.388,98.1745,0.030889748306715,0.027620859819338,-0.003268888487377
X-cut,archer-cut,120000,archer,B-A,10,20,385192543ca53086fb630871,a2296ef9f8ef939fc075a343,2000,0.465,0.9995,0.5345,3,3,0,119560,119530,-30,119980,119980,0,2460.1665,2633.7615,173.595,2766.3855,2173.0975,-593.288,598.1635,664.511,66.3475,826.388,914.246,87.858,0.027620859819338,0.032512423659332,0.004891563839994
X-cut,archer-cut,120000,archer,B-A,20,30,a2296ef9f8ef939fc075a343,59ecbeca84385a1428d66bf1,2000,0.9995,0.994,-0.0055000000000001,3,2.994,-0.0059999999999998,119530,119570,40,119980,119980,0,2633.7615,2741.742,107.9805,2173.0975,1508.3415,-664.756,664.511,724.294,59.783,914.246,949.0355,34.7895,0.032512423659332,0.036795224554654,0.004282800895322
X-cut,archer-cut,120000,archer,B-A,30,40,59ecbeca84385a1428d66bf1,8ed935db69561e9b2d098813,2000,0.994,0,-0.994,2.994,2,-0.994,119570,119540,-30,119980,119980,0,2741.742,1635.4555,-1106.2865,1508.3415,1594.6105,86.269,724.294,377.299,-346.995,949.0355,1266.7605,317.725,0.036795224554654,0.035359126652167,-0.001436097902487
X-cut,archer-cut,120000,archer,B-A,40,50,8ed935db69561e9b2d098813,fc3a941ea0bc2956047e73df,2000,0,0,0,2,2,0,119540,119580,40,119980,119980,0,1635.4555,1315.02,-320.4355,1594.6105,1090.19,-504.4205,377.299,363.7965,-13.5025,1266.7605,1342.6265,75.866,0.035359126652167,0.041511791269443,0.006152664617276
X-cut,archer-cut,120000,archer,B-A,50,60,fc3a941ea0bc2956047e73df,5f8d7c7859a2b509bccc846b,2000,0,0,0,2,2,0,119580,119550,-30,119980,119980,0,1315.02,929.723,-385.297,1090.19,478.161,-612.029,363.7965,397.8955,34.099,1342.6265,1316.0995,-26.527,0.041511791269443,0.048661104140527,0.007149312871084
X-cut,archer-cut,120000,balanced,A-B,0,10,ae910f58f13e0f162c81779d,3486dc6e75cd56f2d2c90b25,2000,0.192,0.9865,0.7945,7.3955,6,-1.3955,119590,119560,-30,119620,119620,0,2852.4235,2210.1265,-642.297,3050.946,2717.5375,-333.4085,1460.403,1567.0055,106.6025,1760.2735,1657.6165,-102.657,0.028375574880843,0.029253429240549,0.000877854359706
X-cut,archer-cut,120000,balanced,A-B,10,20,3486dc6e75cd56f2d2c90b25,1d5acd0a694991d74a227711,2000,0.9865,1,0.0135,6,5,-1,119560,119530,-30,119620,119620,0,2210.1265,1781.653,-428.4735,2717.5375,2329.154,-388.3835,1567.0055,1628.4535,61.448,1657.6165,1596.1535,-61.463,0.029253429240549,0.028779134945202,-0.000474294295347
X-cut,archer-cut,120000,balanced,A-B,20,30,1d5acd0a694991d74a227711,c0fffbf0a8f39281fc4e18fe,2000,1,1,0,5,4,-1,119530,119570,40,119620,119620,0,1781.653,1356.3985,-425.2545,2329.154,1938.6665,-390.4875,1628.4535,1540.087,-88.3665,1596.1535,1601.1245,4.971,0.028779134945202,0.028251651752112,-0.00052748319309
X-cut,archer-cut,120000,balanced,A-B,30,40,c0fffbf0a8f39281fc4e18fe,d1af11656644ef3f79ab29c8,2000,1,0.3035,-0.6965,4,3.9985,-0.0015000000000001,119570,119540,-30,119620,119620,0,1356.3985,1379.273,22.8745,1938.6665,1467.721,-470.9455,1540.087,1911.05,370.963,1601.1245,1444.841,-156.2835,0.028251651752112,0.032863727622553,0.004612075870441
X-cut,archer-cut,120000,balanced,A-B,40,50,d1af11656644ef3f79ab29c8,48ef0b8911198ed49fd09442,2000,0.3035,0.0315,-0.272,3.9985,3,-0.9985,119540,119580,40,119620,119620,0,1379.273,896.585,-482.688,1467.721,1113.476,-354.245,1911.05,1551.146,-359.904,1444.841,1580.6285,135.7875,0.032863727622553,0.034243100852985,0.001379373230432
X-cut,archer-cut,120000,balanced,A-B,50,60,48ef0b8911198ed49fd09442,5a475f29b91eee6124a8b222,2000,0.0315,0,-0.0315,3,3,0,119580,119550,-30,119620,119620,0,896.585,673.021,-223.564,1113.476,655.7105,-457.7655,1551.146,1732.3565,181.2105,1580.6285,1508.2065,-72.422,0.034243100852985,0.044384316185696,0.010141215332711
X-cut,archer-cut,120000,balanced,B-A,0,10,ae910f58f13e0f162c81779d,3486dc6e75cd56f2d2c90b25,2000,0.9985,0.893,-0.1055,6.0015,5.1745,-0.827,119590,119560,-30,119620,119620,0,2362.698,2000.791,-361.907,2927.8065,2552.1895,-375.617,1458.094,1463.0875,4.9935,1597.07,1606.4065,9.3364999999999,0.026643030353709,0.026144989963198,-0.000498040390511
X-cut,archer-cut,120000,balanced,B-A,10,20,3486dc6e75cd56f2d2c90b25,1d5acd0a694991d74a227711,2000,0.893,0.3805,-0.5125,5.1745,5,-0.1745,119560,119530,-30,119620,119620,0,2000.791,1974.2645,-26.5265,2552.1895,2156.8805,-395.309,1463.0875,1598.008,134.9205,1606.4065,1627.8105,21.404,0.026144989963198,0.02769388438049,0.001548894417292
X-cut,archer-cut,120000,balanced,B-A,20,30,1d5acd0a694991d74a227711,c0fffbf0a8f39281fc4e18fe,2000,0.3805,0.0185,-0.362,5,4.9855,-0.0145,119530,119570,40,119620,119620,0,1974.2645,2014.7145,40.45,2156.8805,1683.7545,-473.126,1598.008,1771.846,173.838,1627.8105,1611.3175,-16.493,0.02769388438049,0.031739734047002,0.004045849666512
X-cut,archer-cut,120000,balanced,B-A,30,40,c0fffbf0a8f39281fc4e18fe,d1af11656644ef3f79ab29c8,2000,0.0185,0,-0.0185,4.9855,4,-0.9855,119570,119540,-30,119620,119620,0,2014.7145,1507.522,-507.1925,1683.7545,1369.6195,-314.135,1771.846,1395.944,-375.902,1611.3175,1843.463,232.1455,0.031739734047002,0.032786891417099,0.001047157370097
X-cut,archer-cut,120000,balanced,B-A,40,50,d1af11656644ef3f79ab29c8,48ef0b8911198ed49fd09442,2000,0,0,0,4,3,-1,119540,119580,40,119620,119620,0,1507.522,942.673,-564.849,1369.6195,1083.178,-286.4415,1395.944,939.083,-456.861,1843.463,2065.3635,221.9005,0.032786891417099,0.034132714500753,0.001345823083654
X-cut,archer-cut,120000,balanced,B-A,50,60,48ef0b8911198ed49fd09442,5a475f29b91eee6124a8b222,2000,0,0,0,3,3,0,119580,119550,-30,119620,119620,0,942.673,604.0685,-338.6045,1083.178,728.791,-354.387,939.083,948.271,9.188,2065.3635,2141.368,76.0045,0.034132714500753,0.043701965704726,0.009569251203973
X-cut,archer-cut,120000,knight,A-B,0,10,fa96772b752bf14faae27a8c,6bd296053f2ca413f286cf3f,2000,1,1,0,3,2.882,-0.118,119590,119560,-30,119900,119900,0,2162.945,1895.8225,-267.1225,103.2385,105.1155,1.877,187.633,202.0565,14.4235,30.363,15.9365,-14.4265,0.014902918304206,0.01523799765808,0.000335079353874
X-cut,archer-cut,120000,knight,A-B,10,20,6bd296053f2ca413f286cf3f,1de6d28f5f97742f10232a14,2000,1,1,0,2.882,2.004,-0.878,119560,119530,-30,119900,119900,0,1895.8225,1421.2965,-474.526,105.1155,97.949,-7.1665,202.0565,101.956,-100.1005,15.9365,116.043,100.1065,0.01523799765808,0.01371626369949,-0.00152173395859
X-cut,archer-cut,120000,knight,A-B,20,30,1de6d28f5f97742f10232a14,05de4fde9593ba8db10ee8b8,2000,1,1,0,2.004,2,-0.004,119530,119570,40,119900,119900,0,1421.2965,1395.3235,-25.973,97.949,117.3995,19.4505,101.956,128.9205,26.9645,116.043,89.079,-26.964,0.01371626369949,0.016632181985448,0.002915918285958
X-cut,archer-cut,120000,knight,A-B,30,40,05de4fde9593ba8db10ee8b8,f2d5ea00feef60875ef4d904,2000,1,1,0,2,2,0,119570,119540,-30,119900,119900,0,1395.3235,1356.3655,-38.958,117.3995,145.587,28.1875,128.9205,195.5505,66.63,89.079,22.4495,-66.6295,0.016632181985448,0.021407938765267,0.004775756779819
X-cut,archer-cut,120000,knight,A-B,40,50,f2d5ea00feef60875ef4d904,092303894a26542b6669cfb9,2000,1,1,0,2,2,0,119540,119580,40,119900,119900,0,1356.3655,1287.0365,-69.329,145.587,186.7055,41.1185,195.5505,217.993,22.4425,22.4495,0.007,-22.4425,0.021407938765267,0.03000606288677,0.008598124121503
X-cut,archer-cut,120000,knight,A-B,50,60,092303894a26542b6669cfb9,24847670469721bec283c2ed,2000,1,0,-1,2,1,-1,119580,119550,-30,119900,119900,0,1287.0365,555.6175,-731.419,186.7055,207.3055,20.6,217.993,0.2905,-217.7025,0.007,217.7085,217.7015,0.03000606288677,0.026819949811794,-0.003186113074976
X-cut,archer-cut,120000,knight,B-A,0,10,fa96772b752bf14faae27a8c,6bd296053f2ca413f286cf3f,2000,1,1,0,2.077,2.0175,-0.0595,119590,119560,-30,119900,119900,0,1485.8,1444.506,-41.294,74.7895,84.063,9.2735,102.343,98.1,-4.243,115.357,119.841,4.484,0.010266953758675,0.011641100702576,0.001374146943901
X-cut,archer-cut,120000,knight,B-A,10,20,6bd296053f2ca413f286cf3f,1de6d28f5f97742f10232a14,2000,1,1,0,2.0175,2,-0.0175,119560,119530,-30,119900,119900,0,1444.506,1419.209,-25.297,84.063,97.868,13.805,98.1,109.577,11.477,119.841,108.413,-11.428,0.011641100702576,0.013696436041161,0.002055335338585
X-cut,archer-cut,120000,knight,B-A,20,30,1de6d28f5f97742f10232a14,05de4fde9593ba8db10ee8b8,2000,1,1,0,2,2,0,119530,119570,40,119900,119900,0,1419.209,1395.0765,-24.1325,97.868,117.3625,19.4945,109.577,163.823,54.246,108.413,54.174,-54.239,0.013696436041161,0.01662561679351,0.002929180752349
X-cut,archer-cut,120000,knight,B-A,30,40,05de4fde9593ba8db10ee8b8,f2d5ea00feef60875ef4d904,2000,1,1,0,2,2,0,119570,119540,-30,119900,119900,0,1395.0765,1356.286,-38.7905,117.3625,145.575,28.2125,163.823,215.6615,51.8385,54.174,2.3385,-51.8355,0.01662561679351,0.021397314706374,0.004771697912864
X-cut,archer-cut,120000,knight,B-A,40,50,f2d5ea00feef60875ef4d904,092303894a26542b6669cfb9,2000,1,1,0,2,2,0,119540,119580,40,119900,119900,0,1356.286,1287.3865,-68.8995,145.575,186.786,41.211,215.6615,217.4145,1.753,2.3385,0.5855,-1.753,0.021397314706374,0.030016976082957,0.008619661376583
X-cut,archer-cut,120000,knight,B-A,50,60,092303894a26542b6669cfb9,24847670469721bec283c2ed,2000,1,0,-1,2,1,-1,119580,119550,-30,119900,119900,0,1287.3865,555.6175,-731.769,186.786,207.3055,20.5195,217.4145,0.0715,-217.343,0.5855,217.9255,217.34,0.030016976082957,0.026819949811794,-0.003197026271163
X-cut,archer-cut,120000,soldier,A-B,0,10,690705978705cc13670dc0a2,2f7900b1272805e429c8f1d6,2000,1,1,0,18.943,14.0035,-4.9395,119590,119560,-30,120000,120000,0,2075.9835,1116.6835,-959.3,4847.698,4579.849,-267.849,4441.5325,4344.645,-96.8875,5877.3855,5509.2925,-368.093,0.031594740362907,0.028492054198729,-0.003102686164178
X-cut,archer-cut,120000,soldier,A-B,10,20,2f7900b1272805e429c8f1d6,f352f85af45b13facb6e8773,2000,1,1,0,14.0035,11.1605,-2.843,119560,119530,-30,120000,120000,0,1116.6835,741.7305,-374.953,4579.849,3907.0985,-672.7505,4344.645,4348.1215,3.4764999999998,5509.2925,5177.961,-331.3315,0.028492054198729,0.026533255249728,-0.001958798949001
X-cut,archer-cut,120000,soldier,A-B,20,30,f352f85af45b13facb6e8773,e838ce7db9b0d5bd680e2b25,2000,1,1,0,11.1605,9.375,-1.7855,119530,119570,40,120000,120000,0,741.7305,587.7475,-153.983,3907.0985,3141.4535,-765.645,4348.1215,4499.865,151.7435,5177.961,4856.4825,-321.4785,0.026533255249728,0.025947687547044,-0.000585567702684
X-cut,archer-cut,120000,soldier,A-B,30,40,e838ce7db9b0d5bd680e2b25,4a3df3a91a942642f51fdbb1,2000,1,1,0,9.375,8,-1.375,119570,119540,-30,120000,120000,0,587.7475,511.192,-76.5555,3141.4535,2363.0155,-778.438,4499.865,4581.291,81.426,4856.4825,4618.8175,-237.665,0.025947687547044,0.027023590429982,0.001075902882938
X-cut,archer-cut,120000,soldier,A-B,40,50,4a3df3a91a942642f51fdbb1,18e5eee48c74494c86824452,2000,1,1,0,8,7,-1,119540,119580,40,120000,120000,0,511.192,458.2925,-52.8995,2363.0155,1617.6195,-745.396,4581.291,4720.123,138.832,4618.8175,4396.137,-222.6805,0.027023590429982,0.031198193677873,0.004174603247891
X-cut,archer-cut,120000,soldier,A-B,50,60,18e5eee48c74494c86824452,c92c8339a5d59d4548aebc4f,2000,1,1,0,7,6,-1,119580,119550,-30,120000,120000,0,458.2925,0,-458.2925,1617.6195,1313.097,-304.5225,4720.123,4569.443,-150.68,4396.137,4304.7865,-91.3505,0.031198193677873,0.038457883730657,0.007259690052784
X-cut,archer-cut,120000,soldier,B-A,0,10,690705978705cc13670dc0a2,2f7900b1272805e429c8f1d6,2000,1,1,0,15.001,13,-2.001,119590,119560,-30,120000,120000,0,1041.4635,874.882,-166.5815,5447.361,4683.0375,-764.3235,4362.7115,4430.9485,68.237,5230.386,5193.2525,-37.133500000001,0.028447947152772,0.027340331214453,-0.001107615938319
X-cut,archer-cut,120000,soldier,B-A,10,20,2f7900b1272805e429c8f1d6,f352f85af45b13facb6e8773,2000,1,1,0,13,12,-1,119560,119530,-30,120000,120000,0,874.882,900.297,25.415,4683.0375,3841.298,-841.7395,4430.9485,4618.389,187.4405,5193.2525,5240.135,46.882500000001,0.027340331214453,0.027570526227725,0.000230195013272
X-cut,archer-cut,120000,soldier,B-A,20,30,f352f85af45b13facb6e8773,e838ce7db9b0d5bd680e2b25,2000,1,1,0,12,11,-1,119530,119570,40,120000,120000,0,900.297,946.7385,46.4415,3841.298,2974.2435,-867.0545,4618.389,4616.276,-2.1130000000003,5240.135,5378.704,138.569,0.027570526227725,0.028859580162248,0.001289053934523
X-cut,archer-cut,120000,soldier,B-A,30,40,e838ce7db9b0d5bd680e2b25,4a3df3a91a942642f51fdbb1,2000,1,1,0,11,10,-1,119570,119540,-30,120000,120000,0,946.7385,992.3875,45.649,2974.2435,2102.976,-871.2675,4616.276,4451.7135,-164.5625,5378.704,5583.876,205.172,0.028859580162248,0.031835159779153,0.002975579616905
X-cut,archer-cut,120000,soldier,B-A,40,50,4a3df3a91a942642f51fdbb1,18e5eee48c74494c86824452,2000,1,0.262,-0.738,10,9.053,-0.947,119540,119580,40,120000,120000,0,992.3875,907.251,-85.1365,2102.976,1367.5255,-735.4505,4451.7135,4199.3245,-252.389,5583.876,5819.7095,235.8335,0.031835159779153,0.036797039638736,0.004961879859583
X-cut,archer-cut,120000,soldier,B-A,50,60,18e5eee48c74494c86824452,c92c8339a5d59d4548aebc4f,2000,0.262,0.0045,-0.2575,9.053,8.8865,-0.1665,119580,119550,-30,120000,120000,0,907.251,695.681,-211.57,1367.5255,700.175,-667.3505,4199.3245,4280.814,81.489500000001,5819.7095,5865.7675,46.058,0.036797039638736,0.046368590547888,0.009571550909152
X-cut,archer-cut,120000,spearman,A-B,0,10,30bfdb5345f843251c96a8b2,2f84ac42c5c4564f0e13035b,2000,0.4945,1,0.5055,9.1885,8,-1.1885,119590,119560,-30,119980,119980,0,2744.109,2265.159,-478.95,2826.7845,2516.903,-309.8815,623.8445,742.3055,118.461,987.947,918.268,-69.679,0.028830420603729,0.030012169621947,0.001181749018218
X-cut,archer-cut,120000,spearman,A-B,10,20,2f84ac42c5c4564f0e13035b,8aafb113d3874b48f08d248e,2000,1,1,0,8,7,-1,119560,119530,-30,119980,119980,0,2265.159,1939.261,-325.898,2516.903,2173.5865,-343.3165,742.3055,754.246,11.9405,918.268,929.7565,11.4885,0.030012169621947,0.030927967874174,0.000915798252227
X-cut,archer-cut,120000,spearman,A-B,20,30,8aafb113d3874b48f08d248e,aea595234d17484cc558977e,2000,1,1,0,7,6,-1,119530,119570,40,119980,119980,0,1939.261,1630.2435,-309.0175,2173.5865,1828.594,-344.9925,754.246,699.672,-54.574,929.7565,996.6135,66.857,0.030927967874174,0.032514803044242,0.001586835170068
X-cut,archer-cut,120000,spearman,A-B,30,40,aea595234d17484cc558977e,54674e65c75cca87e2cd00e2,2000,1,0.4185,-0.5815,6,5,-1,119570,119540,-30,119980,119980,0,1630.2435,1310.489,-319.7545,1828.594,1485.899,-342.695,699.672,595.667,-104.005,996.6135,1107.5225,110.909,0.032514803044242,0.034700644135854,0.002185841091612
X-cut,archer-cut,120000,spearman,A-B,40,50,54674e65c75cca87e2cd00e2,eeeff6bcea53808d1116c9c0,2000,0.4185,0.003,-0.4155,5,4.003,-0.997,119540,119580,40,119980,119980,0,1310.489,932.925,-377.564,1485.899,1167.0685,-318.8305,595.667,459.3495,-136.3175,1107.5225,1248.7195,141.197,0.034700644135854,0.038825179795952,0.004124535660098
X-cut,archer-cut,120000,spearman,A-B,50,60,eeeff6bcea53808d1116c9c0,5494043c04e697730f2af20d,2000,0.003,0,-0.003,4.003,4,-0.0030000000000001,119580,119550,-30,119980,119980,0,932.925,785.846,-147.079,1167.0685,607.6485,-559.42,459.3495,507.8185,48.469,1248.7195,1206.145,-42.5745,0.038825179795952,0.048772814721874,0.009947634925922
X-cut,archer-cut,120000,spearman,B-A,0,10,30bfdb5345f843251c96a8b2,2f84ac42c5c4564f0e13035b,2000,1,1,0,8,7.003,-0.997,119590,119560,-30,119980,119980,0,488.998,411.3505,-77.6475,4277.743,3739.02,-538.723,667.884,657.159,-10.725,937.3275,982.8745,45.547,0.021192198344343,0.021525175644028,0.000332977299685
X-cut,archer-cut,120000,spearman,B-A,10,20,2f84ac42c5c4564f0e13035b,8aafb113d3874b48f08d248e,2000,1,1,0,7.003,6.9935,-0.0095000000000001,119560,119530,-30,119980,119980,0,411.3505,482.1625,70.812,3739.02,3305.019,-434.001,657.159,805.8605,148.7015,982.8745,885.084,-97.7905,0.021525175644028,0.023914791265791,0.002389615621763
X-cut,archer-cut,120000,spearman,B-A,20,30,8aafb113d3874b48f08d248e,aea595234d17484cc558977e,2000,1,1,0,6.9935,6,-0.9935,119530,119570,40,119980,119980,0,482.1625,424.453,-57.7095,3305.019,2770.1945,-534.8245,805.8605,680.9405,-124.92,885.084,1008.1055,123.0215,0.023914791265791,0.025350338713724,0.001435547447933
X-cut,archer-cut,120000,spearman,B-A,30,40,aea595234d17484cc558977e,54674e65c75cca87e2cd00e2,2000,1,1,0,6,6,0,119570,119540,-30,119980,119980,0,424.453,516.887,92.434,2770.1945,2208.8155,-561.379,680.9405,816.7435,135.803,1008.1055,893.5025,-114.603,0.025350338713724,0.029995775472645,0.004645436758921
X-cut,archer-cut,120000,spearman,B-A,40,50,54674e65c75cca87e2cd00e2,eeeff6bcea53808d1116c9c0,2000,1,1,0,6,5.02,-0.98,119540,119580,40,119980,119980,0,516.887,411.708,-105.179,2208.8155,1625.0605,-583.755,816.7435,649.689,-167.0545,893.5025,1061.5895,168.087,0.029995775472645,0.034469309249038,0.004473533776393
X-cut,archer-cut,120000,spearman,B-A,50,60,eeeff6bcea53808d1116c9c0,5494043c04e697730f2af20d,2000,1,1,0,5.02,5,-0.02,119580,119550,-30,119980,119980,0,411.708,147.0165,-264.6915,1625.0605,1190.5685,-434.492,649.689,744.0035,94.3145,1061.5895,969.991,-91.5985,0.034469309249038,0.045866248431619,0.011396939182581
X-cut,archer-cut,360000,archer,A-B,0,10,dded46c7ebdd01646c574624,58fa6d64deb092e517f5183f,2000,1,1,0,4.0055,4,-0.0054999999999996,359460,359440,-20,359940,359940,0,2645.5175,3175.492,529.9745,15162.869,13123.371,-2039.498,1866.1695,2404.1885,538.019,2670.4365,2428.103,-242.3335,0.025852125410338,0.027924869241042,0.002072743830704
X-cut,archer-cut,360000,archer,A-B,10,20,58fa6d64deb092e517f5183f,9eea48ede09070ce7e5ff2b1,2000,1,1,0,4,3.872,-0.128,359440,359420,-20,359940,359940,0,3175.492,3572.0945,396.6025,13123.371,10816.1855,-2307.1855,2404.1885,2972.887,568.6985,2428.103,2036.723,-391.38,0.027924869241042,0.029994087696845,0.002069218455803
X-cut,archer-cut,360000,archer,A-B,20,30,9eea48ede09070ce7e5ff2b1,f181b7f2ed8f6c19427a94b3,2000,1,1,0,3.872,3,-0.872,359420,359400,-20,359940,359940,0,3572.0945,2375.8795,-1196.215,10816.1855,9455.9155,-1360.27,2972.887,2159.204,-813.683,2036.723,2842.8285,806.1055,0.029994087696845,0.030473191430161,0.000479103733316
X-cut,archer-cut,360000,archer,A-B,30,40,f181b7f2ed8f6c19427a94b3,a409b871ea531d293a1685a0,2000,1,1,0,3,3,0,359400,359450,50,359940,359940,0,2375.8795,3440.625,1064.7455,9455.9155,6229.0945,-3226.821,2159.204,2718.7035,559.4995,2842.8285,2405.3205,-437.508,0.030473191430161,0.034569508972041,0.00409631754188
X-cut,archer-cut,360000,archer,A-B,40,50,a409b871ea531d293a1685a0,1900a5ecebff830780ef735d,2000,1,1,0,3,3,0,359450,359430,-20,359940,359940,0,3440.625,3917.98,477.355,6229.0945,3297.902,-2931.1925,2718.7035,3334.245,615.5415,2405.3205,1806.849,-598.4715,0.034569508972041,0.041352961633698,0.006783452661657
X-cut,archer-cut,360000,archer,A-B,50,60,1900a5ecebff830780ef735d,759bfe954013aea15f1b270a,2000,1,1,0,3,3,0,359430,359410,-20,359940,359940,0,3917.98,3084.0385,-833.9415,3297.902,1158.7835,-2139.1185,3334.245,4047.538,713.293,1806.849,1094.462,-712.387,0.041352961633698,0.049986964747781,0.008634003114083
X-cut,archer-cut,360000,archer,B-A,0,10,dded46c7ebdd01646c574624,58fa6d64deb092e517f5183f,2000,1,0.594,-0.406,4,3,-1,359460,359440,-20,359940,359940,0,10621.8105,7367.26,-3254.5505,8318.549,8306.298,-12.251,2233.545,1807.2715,-426.2735,2176.4205,2473.195,296.7745,0.03077098981806,0.027836203538838,-0.002934786279222
X-cut,archer-cut,360000,archer,B-A,10,20,58fa6d64deb092e517f5183f,9eea48ede09070ce7e5ff2b1,2000,0.594,1,0.406,3,3,0,359440,359420,-20,359940,359940,0,7367.26,7887.1365,519.8765,8306.298,6528.0525,-1778.2455,1807.2715,2007.9485,200.677,2473.195,2733.416,260.221,0.027836203538838,0.032460408435813,0.004624204896975
X-cut,archer-cut,360000,archer,B-A,20,30,9eea48ede09070ce7e5ff2b1,f181b7f2ed8f6c19427a94b3,2000,1,1,0,3,3,0,359420,359400,-20,359940,359940,0,7887.1365,8233.8945,346.758,6528.0525,4521.526,-2006.5265,2007.9485,2194.682,186.7335,2733.416,2830.0925,96.6765,0.032460408435813,0.036772662771285,0.004312254335472
X-cut,archer-cut,360000,archer,B-A,30,40,f181b7f2ed8f6c19427a94b3,a409b871ea531d293a1685a0,2000,1,0,-1,3,2,-1,359400,359450,50,359940,359940,0,8233.8945,4898.7695,-3335.125,4521.526,4790.5575,269.0315,2194.682,1140.984,-1053.698,2830.0925,3794.0275,963.935,0.036772662771285,0.035300306023091,-0.001472356748194
X-cut,archer-cut,360000,archer,B-A,40,50,a409b871ea531d293a1685a0,1900a5ecebff830780ef735d,2000,0,0,0,2,2,0,359450,359430,-20,359940,359940,0,4898.7695,3943.156,-955.6135,4790.5575,3273.4395,-1517.118,1140.984,1094.95,-46.034,3794.0275,4031.347,237.3195,0.035300306023091,0.041383885596639,0.006083579573548
X-cut,archer-cut,360000,archer,B-A,50,60,1900a5ecebff830780ef735d,759bfe954013aea15f1b270a,2000,0,0,0,2,2,0,359430,359410,-20,359940,359940,0,3943.156,2794.6155,-1148.5405,3273.4395,1438.0845,-1835.355,1094.95,1201.6945,106.7445,4031.347,3940.3055,-91.0415,0.041383885596639,0.049251175537687,0.007867289941048
X-cut,archer-cut,360000,balanced,A-B,0,10,40eb63312fb1ae372e6e0048,7d6271dd2c36347f1fefe9e8,2000,0.1945,1,0.8055,7.342,6,-1.342,359460,359440,-20,359550,359550,0,8495.722,6648.6605,-1847.0615,9162.288,8141.7985,-1020.4895,4360.5095,4722.734,362.2245,5286.3915,4962.2995,-324.092,0.028262184944083,0.029180642109949,0.000918457165866
X-cut,archer-cut,360000,balanced,A-B,10,20,7d6271dd2c36347f1fefe9e8,d217819f13b53b3509aa24ed,2000,1,1,0,6,5,-1,359440,359420,-20,359550,359550,0,6648.6605,5361.5505,-1287.11,8141.7985,6978.538,-1163.2605,4722.734,4903.3805,180.6465,4962.2995,4780.647,-181.6525,0.029180642109949,0.028758944966891,-0.000421697143058
X-cut,archer-cut,360000,balanced,A-B,20,30,d217819f13b53b3509aa24ed,addd12879b0489540923a24b,2000,1,1,0,5,4,-1,359420,359400,-20,359550,359550,0,5361.5505,4081.6755,-1279.875,6978.538,5809.735,-1168.803,4903.3805,4630.105,-273.2755,4780.647,4799.34,18.693,0.028758944966891,0.028282888146912,-0.000476056819979
X-cut,archer-cut,360000,balanced,A-B,30,40,addd12879b0489540923a24b,7335850b0d1d5aba611748d9,2000,1,0.223,-0.777,4,4,0,359400,359450,50,359550,359550,0,4081.6755,4150.961,69.2855,5809.735,4399.063,-1410.672,4630.105,5751.3025,1121.1975,4799.34,4327.245,-472.095,0.028282888146912,0.032935554319099,0.004652666172187
X-cut,archer-cut,360000,balanced,A-B,40,50,7335850b0d1d5aba611748d9,54ca238206005684bab28ff9,2000,0.223,0,-0.223,4,3,-1,359450,359430,-20,359550,359550,0,4150.961,2697.6455,-1453.3155,4399.063,3338.936,-1060.127,5751.3025,4659.162,-1092.1405,4327.245,4740.141,412.896,0.032935554319099,0.034413474111788,0.001477919792689
X-cut,archer-cut,360000,balanced,A-B,50,60,54ca238206005684bab28ff9,a6d25c75d6b2325c888f6bfd,2000,0,0,0,3,3,0,359430,359410,-20,359550,359550,0,2697.6455,2027.1795,-670.466,3338.936,1966.394,-1372.542,4659.162,5202.281,543.119,4740.141,4522.9855,-217.1555,0.034413474111788,0.044801814084194,0.010388339972406
X-cut,archer-cut,360000,balanced,B-A,0,10,40eb63312fb1ae372e6e0048,7d6271dd2c36347f1fefe9e8,2000,1,0.9885,-0.0115,6,5.018,-0.982,359460,359440,-20,359550,359550,0,7104.721,5771.917,-1332.804,8774.23,7680.312,-1093.918,4394.1965,4227.458,-166.7385,4782.1895,4868.9795,86.79,0.026588452122628,0.025723236145115,-0.000865215977513
X-cut,archer-cut,360000,balanced,B-A,10,20,7d6271dd2c36347f1fefe9e8,d217819f13b53b3509aa24ed,2000,0.9885,0.2745,-0.714,5.018,5,-0.018,359440,359420,-20,359550,359550,0,5771.917,5938.5885,166.6715,7680.312,6463.3085,-1217.0035,4227.458,4813.592,586.134,4868.9795,4874.077,5.0975000000008,0.025723236145115,0.027473777196595,0.00175054105148
X-cut,archer-cut,360000,balanced,B-A,20,30,d217819f13b53b3509aa24ed,addd12879b0489540923a24b,2000,0.2745,0.001,-0.2735,5,4.9995,-0.00049999999999972,359420,359400,-20,359550,359550,0,5938.5885,6081.3725,142.784,6463.3085,5036.713,-1426.5955,4813.592,5350.6,537.008,4874.077,4817.608,-56.469,0.027473777196595,0.031849666110184,0.004375888913589
X-cut,archer-cut,360000,balanced,B-A,30,40,addd12879b0489540923a24b,7335850b0d1d5aba611748d9,2000,0.001,0,-0.001,4.9995,4,-0.9995,359400,359450,50,359550,359550,0,6081.3725,4532.773,-1548.5995,5036.713,4104.901,-931.812,5350.6,4205.0005,-1145.5995,4817.608,5522.071,704.463,0.031849666110184,0.032915342884963,0.001065676774779
X-cut,archer-cut,360000,balanced,B-A,40,50,7335850b0d1d5aba611748d9,54ca238206005684bab28ff9,2000,0,0,0,4,3,-1,359450,359430,-20,359550,359550,0,4532.773,2836.9,-1695.873,4104.901,3246.032,-858.869,4205.0005,2827.715,-1377.2855,5522.071,6189.2725,667.2015,0.032915342884963,0.034257157165512,0.001341814280549
X-cut,archer-cut,360000,balanced,B-A,50,60,54ca238206005684bab28ff9,a6d25c75d6b2325c888f6bfd,2000,0,0,0,3,3,0,359430,359410,-20,359550,359550,0,2836.9,1821.26,-1015.64,3246.032,2182.231,-1063.801,2827.715,2854.379,26.664,6189.2725,6418.6245,229.352,0.034257157165512,0.043879093514371,0.009621936348859
X-cut,archer-cut,360000,knight,A-B,0,10,447d07b53ce5c7e3efadb0cf,c5c8f96f535e378c45b5f8a7,2000,1,1,0,3,2.9545,-0.0455,359460,359440,-20,359700,359700,0,6505.539,5765.996,-739.543,311.3185,320.0255,8.707,584.644,635.046,50.402,69.35,18.9535,-50.3965,0.014919073054025,0.015400734475851,0.000481661421826
X-cut,archer-cut,360000,knight,A-B,10,20,c5c8f96f535e378c45b5f8a7,a5951a43ea2e1febe34078ca,2000,1,1,0,2.9545,2,-0.9545,359440,359420,-20,359700,359700,0,5765.996,4258.1465,-1507.8495,320.0255,294.3425,-25.683,635.046,310.801,-324.245,18.9535,343.196,324.2425,0.015400734475851,0.013640545879472,-0.001760188596379
X-cut,archer-cut,360000,knight,A-B,20,30,a5951a43ea2e1febe34078ca,91a03b387f2b43f1bd2c070f,2000,1,1,0,2,2,0,359420,359400,-20,359700,359700,0,4258.1465,4185.195,-72.9515,294.3425,353.1,58.7575,310.801,386.1145,75.3135,343.196,267.885,-75.311,0.013640545879472,0.016680217028381,0.003039671148909
X-cut,archer-cut,360000,knight,A-B,30,40,91a03b387f2b43f1bd2c070f,4edf75d5e951e580e72f3e02,2000,1,1,0,2,2,0,359400,359450,50,359700,359700,0,4185.195,4069.3035,-115.8915,353.1,438.6325,85.5325,386.1145,604.403,218.2885,267.885,49.597,-218.288,0.016680217028381,0.021573835025734,0.004893617997353
X-cut,archer-cut,360000,knight,A-B,40,50,4edf75d5e951e580e72f3e02,66c9034795547bd7de7a43fb,2000,1,1,0,2,2,0,359450,359430,-20,359700,359700,0,4069.3035,3861.716,-207.5875,438.6325,562.165,123.5325,604.403,654,49.597,49.597,0,-49.597,0.021573835025734,0.030193431266171,0.008619596240437
X-cut,archer-cut,360000,knight,A-B,50,60,66c9034795547bd7de7a43fb,a3bd6704a1949f5fc91c410f,2000,1,0,-1,2,1,-1,359430,359410,-20,359700,359700,0,3861.716,1665.514,-2196.202,562.165,623.692,61.527,654,0.1935,-653.8065,0,653.8065,653.8065,0.030193431266171,0.026960087365404,-0.003233343900767
X-cut,archer-cut,360000,knight,B-A,0,10,447d07b53ce5c7e3efadb0cf,c5c8f96f535e378c45b5f8a7,2000,1,1,0,2.003,2.001,-0.0020000000000002,359460,359440,-20,359700,359700,0,4348.5955,4309.141,-39.4545,220.7055,252.3555,31.65,282.5855,291.6545,9.069,370.8585,362.2695,-8.589,0.010027958604574,0.011548116514578,0.001520157910004
X-cut,archer-cut,360000,knight,B-A,10,20,c5c8f96f535e378c45b5f8a7,a5951a43ea2e1febe34078ca,2000,1,1,0,2.001,2,-0.00099999999999989,359440,359420,-20,359700,359700,0,4309.141,4257.885,-51.255999999999,252.3555,294.323,41.9675,291.6545,323.4845,31.83,362.2695,330.5055,-31.764,0.011548116514578,0.013639808580491,0.002091692065913
X-cut,archer-cut,360000,knight,B-A,20,30,a5951a43ea2e1febe34078ca,91a03b387f2b43f1bd2c070f,2000,1,1,0,2,2,0,359420,359400,-20,359700,359700,0,4257.885,4185.0775,-72.807500000001,294.323,353.0675,58.7445,323.4845,496.734,173.2495,330.5055,157.264,-173.2415,0.013639808580491,0.016678658875904,0.003038850295413
X-cut,archer-cut,360000,knight,B-A,30,40,91a03b387f2b43f1bd2c070f,4edf75d5e951e580e72f3e02,2000,1,1,0,2,2,0,359400,359450,50,359700,359700,0,4185.0775,4069.2785,-115.799,353.0675,438.6115,85.544,496.734,653.96,157.226,157.264,0.04,-157.224,0.016678658875904,0.021568841285297,0.004890182409393
X-cut,archer-cut,360000,knight,B-A,40,50,4edf75d5e951e580e72f3e02,66c9034795547bd7de7a43fb,2000,1,1,0,2,2,0,359450,359430,-20,359700,359700,0,4069.2785,3862.331,-206.9475,438.6115,562.268,123.6565,653.96,653.9985,0.038499999999999,0.04,0.0015,-0.0385,0.021568841285297,0.030199385137579,0.008630543852282
X-cut,archer-cut,360000,knight,B-A,50,60,66c9034795547bd7de7a43fb,a3bd6704a1949f5fc91c410f,2000,1,0,-1,2,1,-1,359430,359410,-20,359700,359700,0,3862.331,1665.514,-2196.817,562.268,623.692,61.424,653.9985,0.0115,-653.987,0.0015,653.9885,653.987,0.030199385137579,0.026960087365404,-0.003239297772175
X-cut,archer-cut,360000,soldier,A-B,0,10,d8d9fd4b2613607807c5e1be,eec4e7bebc84e119a94c9271,2000,1,1,0,18.956,14,-4.956,359460,359440,-20,360000,360000,0,6214.542,3335.6305,-2878.9115,14552.4635,13745.96,-806.5035,13419.194,13102.0825,-317.1115,17575.689,16490.6675,-1085.0215,0.031479413564792,0.028375083463165,-0.003104330101627
X-cut,archer-cut,360000,soldier,A-B,10,20,eec4e7bebc84e119a94c9271,e17fc0d1291bd369cf2592fb,2000,1,1,0,14,11.0095,-2.9905,359440,359420,-20,360000,360000,0,3335.6305,2139.732,-1195.8985,13745.96,11757.2235,-1988.7365,13102.0825,12827.399,-274.6835,16490.6675,15593.482,-897.1855,0.028375083463165,0.026324536753659,-0.002050546709506
X-cut,archer-cut,360000,soldier,A-B,20,30,e17fc0d1291bd369cf2592fb,abbe64aa086e92895dd5ffe2,2000,1,1,0,11.0095,9.1735,-1.836,359420,359400,-20,360000,360000,0,2139.732,1663.178,-476.554,11757.2235,9460.62,-2296.6035,12827.399,13076.821,249.422,15593.482,14682.933,-910.549,0.026324536753659,0.025603825820812,-0.000720710932847
X-cut,archer-cut,360000,soldier,A-B,30,40,abbe64aa086e92895dd5ffe2,74eeb1c984042b427ef26d86,2000,1,1,0,9.1735,8,-1.1735,359400,359450,50,360000,360000,0,1663.178,1527.977,-135.201,9460.62,7091.935,-2368.685,13076.821,13791.2085,714.3875,14682.933,13838.7955,-844.1375,0.025603825820812,0.026935081374322,0.00133125555351
X-cut,archer-cut,360000,soldier,A-B,40,50,74eeb1c984042b427ef26d86,ba249b212381103b85aff8a6,2000,1,1,0,8,7,-1,359450,359430,-20,360000,360000,0,1527.977,1372.329,-155.648,7091.935,4853.9245,-2238.0105,13791.2085,14189.2865,398.078,13838.7955,13175.4355,-663.36,0.026935081374322,0.031099156998581,0.004164075624259
X-cut,archer-cut,360000,soldier,A-B,50,60,ba249b212381103b85aff8a6,58e244bbc5eec0bc6e320030,2000,1,1,0,7,6,-1,359430,359410,-20,360000,360000,0,1372.329,0,-1372.329,4853.9245,3939.7905,-914.134,14189.2865,13740.8995,-448.387,13175.4355,12898.0305,-277.405,0.031099156998581,0.038408586294204,0.007309429295623
X-cut,archer-cut,360000,soldier,B-A,0,10,d8d9fd4b2613607807c5e1be,eec4e7bebc84e119a94c9271,2000,1,1,0,15,13,-2,359460,359440,-20,360000,360000,0,3113.2315,2615.246,-497.9855,16344.6885,14051.626,-2293.0625,13154.606,13357.916,203.31,15656.7165,15549.6035,-107.113,0.028343515272909,0.027230205319386,-0.001113309953523
X-cut,archer-cut,360000,soldier,B-A,10,20,eec4e7bebc84e119a94c9271,e17fc0d1291bd369cf2592fb,2000,1,1,0,13,12,-1,359440,359420,-20,360000,360000,0,2615.246,2691.2495,76.0035,14051.626,11528.3795,-2523.2465,13357.916,13920.3675,562.4515,15549.6035,15690.346,140.7425,0.027230205319386,0.027476851594235,0.000246646274849
X-cut,archer-cut,360000,soldier,B-A,20,30,e17fc0d1291bd369cf2592fb,abbe64aa086e92895dd5ffe2,2000,1,1,0,12,11,-1,359420,359400,-20,360000,360000,0,2691.2495,2833.7055,142.456,11528.3795,8924.0585,-2604.321,13920.3675,13899.1745,-21.193000000001,15690.346,16107.403,417.057,0.027476851594235,0.028738230383973,0.001261378789738
X-cut,archer-cut,360000,soldier,B-A,30,40,abbe64aa086e92895dd5ffe2,74eeb1c984042b427ef26d86,2000,1,1,0,11,10,-1,359400,359450,50,360000,360000,0,2833.7055,2967.5605,133.855,8924.0585,6317.1725,-2606.886,13899.1745,13412.0955,-487.079,16107.403,16723.3695,615.9665,0.028738230383973,0.031693420503547,0.002955190119574
X-cut,archer-cut,360000,soldier,B-A,40,50,74eeb1c984042b427ef26d86,ba249b212381103b85aff8a6,2000,1,0.1715,-0.8285,10,9.009,-0.991,359450,359430,-20,360000,360000,0,2967.5605,2692.5135,-275.047,6317.1725,4125.1035,-2192.069,13412.0955,12531.469,-880.6265,16723.3695,17484.61,761.2405,0.031693420503547,0.036709873967115,0.005016453463568
X-cut,archer-cut,360000,soldier,B-A,50,60,ba249b212381103b85aff8a6,58e244bbc5eec0bc6e320030,2000,0.1715,0,-0.1715,9.009,8.9875,-0.0215,359430,359410,-20,360000,360000,0,2692.5135,2152.433,-540.0805,4125.1035,2046.3845,-2078.719,12531.469,13078.3045,546.8355,17484.61,17485.197,0.58699999999953,0.036709873967115,0.047049038702318,0.010339164735203
X-cut,archer-cut,360000,spearman,A-B,0,10,59877a9e4536217667d6cb3f,54783dd39365ec67390d1372,2000,0.551,1,0.449,9.1355,8,-1.1355,359460,359440,-20,359940,359940,0,8153.643,6775.6845,-1377.9585,8504.1455,7557.5455,-946.6,1865.631,2251.4635,385.8325,2968.2635,2733.6945,-234.569,0.028831691982418,0.02995947863343,0.001127786651012
X-cut,archer-cut,360000,spearman,A-B,10,20,54783dd39365ec67390d1372,31a14b4455bcc1474dc33211,2000,1,1,0,8,7,-1,359440,359420,-20,359940,359940,0,6775.6845,5802.465,-973.2195,7557.5455,6526.4585,-1031.087,2251.4635,2286.9875,35.524,2733.6945,2767.6225,33.928,0.02995947863343,0.030880738411886,0.000921259778456
X-cut,archer-cut,360000,spearman,A-B,20,30,31a14b4455bcc1474dc33211,d93c2dee17b623d11f2447a2,2000,1,1,0,7,6,-1,359420,359400,-20,359940,359940,0,5802.465,4880.8205,-921.6445,6526.4585,5489.1085,-1037.35,2286.9875,2114.8035,-172.184,2767.6225,2976.3195,208.697,0.030880738411886,0.032572565386756,0.00169182697487
X-cut,archer-cut,360000,spearman,A-B,30,40,d93c2dee17b623d11f2447a2,fa117332535cc39c6ee6435f,2000,1,0.5725,-0.4275,6,5,-1,359400,359450,50,359940,359940,0,4880.8205,3922.59,-958.2305,5489.1085,4464.353,-1024.7555,2114.8035,1806.5365,-308.267,2976.3195,3307.1595,330.84,0.032572565386756,0.034767561552372,0.002194996165616
X-cut,archer-cut,360000,spearman,A-B,40,50,fa117332535cc39c6ee6435f,5b7c677d1d6f21bfbb9d97ca,2000,0.5725,0,-0.5725,5,4,-1,359450,359430,-20,359940,359940,0,3922.59,2791.84,-1130.75,4464.353,3507.715,-956.638,1806.5365,1394.8935,-411.643,3307.1595,3733.327,426.1675,0.034767561552372,0.038957738641738,0.004190177089366
X-cut,archer-cut,360000,spearman,A-B,50,60,5b7c677d1d6f21bfbb9d97ca,244a918274a37d3249ed2a0f,2000,0,0,0,4,4,0,359430,359410,-20,359940,359940,0,2791.84,2351.165,-440.675,3507.715,1836.37,-1671.345,1394.8935,1542.0005,147.107,3733.327,3599.989,-133.338,0.038957738641738,0.049087810578448,0.01013007193671
X-cut,archer-cut,360000,spearman,B-A,0,10,59877a9e4536217667d6cb3f,54783dd39365ec67390d1372,2000,1,1,0,8,7,-1,359460,359440,-20,359940,359940,0,1462.3655,1228.541,-233.8245,12826.2395,11211.442,-1614.7975,2025.9125,1991.802,-34.1105,2795.2345,2931.301,136.0665,0.021114852834808,0.021415785666592,0.000300932831784
X-cut,archer-cut,360000,spearman,B-A,10,20,54783dd39365ec67390d1372,31a14b4455bcc1474dc33211,2000,1,1,0,7,7,0,359440,359420,-20,359940,359940,0,1228.541,1442.643,214.102,11211.442,9914.842,-1296.6,1991.802,2449.0905,457.2885,2931.301,2627.2125,-304.0885,0.021415785666592,0.023856115408158,0.002440329741566
X-cut,archer-cut,360000,spearman,B-A,20,30,31a14b4455bcc1474dc33211,d93c2dee17b623d11f2447a2,2000,1,1,0,7,6,-1,359420,359400,-20,359940,359940,0,1442.643,1269.098,-173.545,9914.842,8309.893,-1604.949,2449.0905,2060.1365,-388.954,2627.2125,3009.0705,381.858,0.023856115408158,0.025267570951586,0.001411455543428
X-cut,archer-cut,360000,spearman,B-A,30,40,d93c2dee17b623d11f2447a2,fa117332535cc39c6ee6435f,2000,1,1,0,6,6,0,359400,359450,50,359940,359940,0,1269.098,1543.7055,274.6075,8309.893,6629.8155,-1680.0775,2060.1365,2475.608,415.4715,3009.0705,2658.3275,-350.743,0.025267570951586,0.029931381276951,0.004663810325365
X-cut,archer-cut,360000,spearman,B-A,40,50,fa117332535cc39c6ee6435f,5b7c677d1d6f21bfbb9d97ca,2000,1,1,0,6,5,-1,359450,359430,-20,359940,359940,0,1543.7055,1222.313,-321.3925,6629.8155,4882.4605,-1747.355,2475.608,1952.1065,-523.5015,2658.3275,3184.796,526.4685,0.029931381276951,0.034398617255098,0.004467235978147
X-cut,archer-cut,360000,spearman,B-A,50,60,5b7c677d1d6f21bfbb9d97ca,244a918274a37d3249ed2a0f,2000,1,1,0,5,5,0,359430,359410,-20,359940,359940,0,1222.313,437.772,-784.541,4882.4605,3577.047,-1305.4135,1952.1065,2250.6955,298.589,3184.796,2891.304,-293.492,0.034398617255098,0.046120322194708,0.01172170493961
