canonical_request_sha256,first,alias
deb52954fc5ec0c66fd793c186e81a12407a5cba77f12f45476a1b1ae81be592,pc/C1-mirrors-independent/7b9f91b54c3f019cffba5099/A-B,pc/C2-archer-defense-independent/746de7156ceffbc9bd9011ba/A-B
0ddcb2c1cbd2953c21f64936f08597cd770ca3085f7e713d8ad31fd58b96ca31,pc/C1-mirrors-independent/7b9f91b54c3f019cffba5099/B-A,pc/C2-archer-defense-independent/746de7156ceffbc9bd9011ba/B-A
786a18d8064f8c7dcc4b60b5eabcb8c9030533b4baf6d27543e835161587201c,pc/C1-mirrors-independent/908d0045111799bcef061319/A-B,pc/C3-spearman-defense-independent/7cbca32d76cb94b01c732987/A-B
68631356f4bbfa2b305ea68a0576fe8b9cdad3d669667ce6b808466377441763,pc/C1-mirrors-independent/908d0045111799bcef061319/B-A,pc/C3-spearman-defense-independent/7cbca32d76cb94b01c732987/B-A
07cb902ef68d05f9a750f0c48aa26b83df06703f809fd49c9a068a0f9963b41a,pc/D1-small-mirrors/c276cb7465e64aaef6370ba5/A-B,pc/D2-defense-archer/45c4fc9b0e9c402054f2d647/A-B
f78e8cc0430f37906f0bc8de515374285d9db33476b61ddb4cbf1cbe552f3753,pc/D1-small-mirrors/c276cb7465e64aaef6370ba5/B-A,pc/D2-defense-archer/45c4fc9b0e9c402054f2d647/B-A
c02e50dd6d42b011f5139eb23329feaa2bd41a2b9de555c049c36f85c838c813,pc/D1-small-mirrors/f6782003874fb97bf01d298a/A-B,pc/D2-defense-archer/54bd586422f9b4c7f95ea2ae/A-B
ca6c7f8892ea983178a0f3f7c2170910458ec305e50c02e8937e23b0716609b0,pc/D1-small-mirrors/f6782003874fb97bf01d298a/B-A,pc/D2-defense-archer/54bd586422f9b4c7f95ea2ae/B-A
7b9afc424636d82738c5b2aa6e3face72af93f822d2e8c1257649d2729cd2588,pc/D1-small-mirrors/4a4614b7b773f5132ab25e8d/A-B,pc/D2-defense-knight/789ad934d1603c54e9bb0ba9/A-B
ee73c940cb1a1876e5bde612bd4ee1a8e52b6531b486fe30e214c22e76945e70,pc/D1-small-mirrors/4a4614b7b773f5132ab25e8d/B-A,pc/D2-defense-knight/789ad934d1603c54e9bb0ba9/B-A
07d8078cbeb8d0000d08062def36f9de06c483d7cb26faa00c2f992c548c2b7c,pc/D1-small-mirrors/4864dc01e3198cf74054b789/A-B,pc/D2-defense-soldier/568dc45603b3221e292f59c3/A-B
7fbf7d714f087e88ed625bae8c60dd873acdedaf075a358acdd743738bbf902c,pc/D1-small-mirrors/4864dc01e3198cf74054b789/B-A,pc/D2-defense-soldier/568dc45603b3221e292f59c3/B-A
c7f3b7a3f8461a52d04530cf7647617919581d001c34db9bf0c76217949d1552,pc/D1-small-mirrors/b0b5634238fc8ea0773c987e/A-B,pc/D2-defense-spearman/93e2cb856c173ba644d4bd9f/A-B
a3f117923a681538b2ccb50c76cd6d45a29f1d235c6960710910686a7da69315,pc/D1-small-mirrors/b0b5634238fc8ea0773c987e/B-A,pc/D2-defense-spearman/93e2cb856c173ba644d4bd9f/B-A
85f859f840726422ec7d710e5557c9d3b6715fd7fc74bfe34607d4d92c94e777,pc/M-combat-capturePercent/0c0085870630c59e82d2d03f/A-B,pc/M-combat-equalityPolicy/0c0085870630c59e82d2d03f/A-B
03908c0fa4ced8ca60a7e0fb3a0f39260e015950626c7db85dad0402f2d3619e,pc/M-combat-capturePercent/0c0085870630c59e82d2d03f/B-A,pc/M-combat-equalityPolicy/0c0085870630c59e82d2d03f/B-A
58cd7ae8deb38800a7970576196ee8f591af45338dcec1590dcfba297fa69701,pc/M-combat-capturePercent/0fad6426e216ce1d497cd944/A-B,pc/M-combat-equalityPolicy/0fad6426e216ce1d497cd944/A-B
71c1edf0b3076609f0d5f6632549a6592128c1a272b42a58354f9fb187b4a370,pc/M-combat-capturePercent/0fad6426e216ce1d497cd944/B-A,pc/M-combat-equalityPolicy/0fad6426e216ce1d497cd944/B-A
ee9e20890d11662504f7fe1e38034c18b966e01cd6c9e5396948c62e4ef00edc,pc/M-combat-capturePercent/1216817fbd021bfb8a800544/A-B,pc/M-combat-equalityPolicy/1216817fbd021bfb8a800544/A-B
6716753b8e8b76b4a64e3b17a97ed8046605bed1f7d8159437110a4c2a02ffa9,pc/M-combat-capturePercent/1216817fbd021bfb8a800544/B-A,pc/M-combat-equalityPolicy/1216817fbd021bfb8a800544/B-A
7d7abac10e512ec2c70d5d25a59d0d144ba2b19ce4372cc4f09baf310123eafb,pc/M-combat-capturePercent/15b79b9ef5cbd9e794375476/A-B,pc/M-combat-equalityPolicy/15b79b9ef5cbd9e794375476/A-B
75facca78d59da8acebf5520dc1aec84674008dca00e85ffe5137a6371d683bd,pc/M-combat-capturePercent/15b79b9ef5cbd9e794375476/B-A,pc/M-combat-equalityPolicy/15b79b9ef5cbd9e794375476/B-A
587a0b6c8fbf92e9e393e63a374c6bdc95fc594470b7c8ee42ee3df5c4a6b8ef,pc/M-combat-capturePercent/1a50bd67feb4ca4f159a4cfe/A-B,pc/M-combat-equalityPolicy/1a50bd67feb4ca4f159a4cfe/A-B
cab79020193af6f55744135f0197a1630e3c2215411e9bdd269a836e052ec646,pc/M-combat-capturePercent/1a50bd67feb4ca4f159a4cfe/B-A,pc/M-combat-equalityPolicy/1a50bd67feb4ca4f159a4cfe/B-A
ac0328d7e848fe34c754caa6b9c4b0ed2030d2e4d6fcccd1ed330988caf253df,pc/M-combat-capturePercent/2497be6bce26a22f97e6e95e/A-B,pc/M-combat-equalityPolicy/2497be6bce26a22f97e6e95e/A-B
cdf02ca8a3da35cbdb52ea241c610d7fdc069d44ffd601725625d6de3e1c67e1,pc/M-combat-capturePercent/2497be6bce26a22f97e6e95e/B-A,pc/M-combat-equalityPolicy/2497be6bce26a22f97e6e95e/B-A
87844e416d861f5c9ead6ab9b78dcfb00006427ddc351bd0388c1eabd412ea8d,pc/M-combat-capturePercent/2d6350473497c883675afa80/A-B,pc/M-combat-equalityPolicy/2d6350473497c883675afa80/A-B
e137c8706ef5acd42c2d3113acb60f6a980b709cb9423e1758161e5fa6ce3ea3,pc/M-combat-capturePercent/2d6350473497c883675afa80/B-A,pc/M-combat-equalityPolicy/2d6350473497c883675afa80/B-A
9858c7ffa1a6a847079e50482789f9a042cfeb281ada503d2c73d74b65c9d985,pc/M-combat-capturePercent/2eb2746a70cb35fe1ce25f98/A-B,pc/M-combat-equalityPolicy/2eb2746a70cb35fe1ce25f98/A-B
151989b8d1b1c0ca759fab7eaf3b152abc03724944a1ef9ad70118e7a90322e4,pc/M-combat-capturePercent/2eb2746a70cb35fe1ce25f98/B-A,pc/M-combat-equalityPolicy/2eb2746a70cb35fe1ce25f98/B-A
9ca322cb96477f8f2d6b2e7673307285a8c1ac1a2124cfb6ddfbf09efb0d4075,pc/M-combat-capturePercent/48d3967fcd05b8de1e34c2d4/A-B,pc/M-combat-equalityPolicy/48d3967fcd05b8de1e34c2d4/A-B
0ef488184d72f1f098ab6566fb80c72140d7078400dd1a9587141fe8b34a13ec,pc/M-combat-capturePercent/48d3967fcd05b8de1e34c2d4/B-A,pc/M-combat-equalityPolicy/48d3967fcd05b8de1e34c2d4/B-A
00f252d5722657943a4cb0718ce0da7e8a4611896fa35ea5621c1322e14ef866,pc/M-combat-capturePercent/54e1d4f2a6e7f51febebdd8e/A-B,pc/M-combat-equalityPolicy/54e1d4f2a6e7f51febebdd8e/A-B
9000dde07f557a8d66b3ea4000e55211bbd45f04e3469db5cbc747249d14ba6c,pc/M-combat-capturePercent/54e1d4f2a6e7f51febebdd8e/B-A,pc/M-combat-equalityPolicy/54e1d4f2a6e7f51febebdd8e/B-A
4597ad24b5a2e47b6a7dce9496a9b6f4b1f246dce33a40845b0982a200fb8806,pc/M-combat-capturePercent/5be07c6fc69f472eef0ee17f/A-B,pc/M-combat-equalityPolicy/5be07c6fc69f472eef0ee17f/A-B
7c1e87a0769464bd834f5d84f3fd33eaf9071aabdb90673a4cec8f5b7383d2cf,pc/M-combat-capturePercent/5be07c6fc69f472eef0ee17f/B-A,pc/M-combat-equalityPolicy/5be07c6fc69f472eef0ee17f/B-A
4970d1f6b5265fad201517f3825ff40d79aa8b20306bc545f88c8e11a313708e,pc/M-combat-capturePercent/6aee5ba4cebd035270c43536/A-B,pc/M-combat-equalityPolicy/6aee5ba4cebd035270c43536/A-B
0243eeadabcc14bc5e95fa1b391f9a0fbfc6c55db116c0e75d961227e7785c42,pc/M-combat-capturePercent/6aee5ba4cebd035270c43536/B-A,pc/M-combat-equalityPolicy/6aee5ba4cebd035270c43536/B-A
35be79c5c128b6e4343bfeefa1db2f2aeb0a0150c17aa99303e7622a603c351b,pc/M-combat-capturePercent/7498c9f948922906239ad8d6/A-B,pc/M-combat-equalityPolicy/7498c9f948922906239ad8d6/A-B
49d4b23c42e173b1bcdc7cd48f22932e3a82504dd30129431f21b83876d94cb2,pc/M-combat-capturePercent/7498c9f948922906239ad8d6/B-A,pc/M-combat-equalityPolicy/7498c9f948922906239ad8d6/B-A
d008a6c4cea3edb58d3e49bd4fe6a9dc06177f8442e6495e138e98d884af187e,pc/M-combat-capturePercent/7701dd750551af246ed1b8c5/A-B,pc/M-combat-equalityPolicy/7701dd750551af246ed1b8c5/A-B
bcbc877f0cf8b1db3ca6328cc8d75854e56dc0b5735561ddaff5ce14c2a229f6,pc/M-combat-capturePercent/7701dd750551af246ed1b8c5/B-A,pc/M-combat-equalityPolicy/7701dd750551af246ed1b8c5/B-A
f5eaa97da71df5298d7c5b30554bec43da7311247b6bf61d3299b38dd99ce886,pc/M-combat-capturePercent/80ebf93b386771704cc70bab/A-B,pc/M-combat-equalityPolicy/80ebf93b386771704cc70bab/A-B
6a49a491a5ff72a4b8db0cc1fcd37742813f1f1a76d4b11bb02af21e20d1e1ce,pc/M-combat-capturePercent/80ebf93b386771704cc70bab/B-A,pc/M-combat-equalityPolicy/80ebf93b386771704cc70bab/B-A
647ab88a83aa6f834990989ca24911ddf969595c4a5f5d85e2c151fdaebac92b,pc/M-combat-capturePercent/93f29e181d26c9d16b60ee8b/A-B,pc/M-combat-equalityPolicy/93f29e181d26c9d16b60ee8b/A-B
cb5849664fb65ac00466aa61563a1f9baace77ad985b9c02a92e371cf45b1603,pc/M-combat-capturePercent/93f29e181d26c9d16b60ee8b/B-A,pc/M-combat-equalityPolicy/93f29e181d26c9d16b60ee8b/B-A
2a1d1503a117713d05836a468b6a0d0d39d7d08702d9ca68ffe56c89d6f08704,pc/M-combat-capturePercent/98043342a0f7383cbda2c59d/A-B,pc/M-combat-equalityPolicy/98043342a0f7383cbda2c59d/A-B
cdd056f355bfd3009ca6798847f425d092b2fa95fee94cbb9f1b9d30918fd936,pc/M-combat-capturePercent/98043342a0f7383cbda2c59d/B-A,pc/M-combat-equalityPolicy/98043342a0f7383cbda2c59d/B-A
3d79ed5983c89d0022c51a128734a7b36a8941c07b48f432dd6f260a0059cec7,pc/M-combat-capturePercent/9a1ddda43134d9061057be59/A-B,pc/M-combat-equalityPolicy/9a1ddda43134d9061057be59/A-B
b539cabaf72f26f266d867628052db7ffc7cfa333da902e943ce8bd34a752c17,pc/M-combat-capturePercent/9a1ddda43134d9061057be59/B-A,pc/M-combat-equalityPolicy/9a1ddda43134d9061057be59/B-A
1178f1206facb99d474deb6896610eb381b51065a110d670b64abf6c01184760,pc/M-combat-capturePercent/9ea4f603e73d531fd3c8df44/A-B,pc/M-combat-equalityPolicy/9ea4f603e73d531fd3c8df44/A-B
db8d3921ad4c7ffbcfdfcbf53d72da2e8c438f83b03f5de5e5b8aab344978ab5,pc/M-combat-capturePercent/9ea4f603e73d531fd3c8df44/B-A,pc/M-combat-equalityPolicy/9ea4f603e73d531fd3c8df44/B-A
2bc6219638d312265f5c45e3ff80bf6b75c9c3992211780b96db52997872da32,pc/M-combat-capturePercent/9ee1c7b7c3d22f186dea063d/A-B,pc/M-combat-equalityPolicy/9ee1c7b7c3d22f186dea063d/A-B
120c55e4f29e4d0105d6cc15c34f2d0b90e315f38cd4336b4554e662eda73d66,pc/M-combat-capturePercent/9ee1c7b7c3d22f186dea063d/B-A,pc/M-combat-equalityPolicy/9ee1c7b7c3d22f186dea063d/B-A
b965633c898c10ac48cc0b945d886ca291a7c3df9f2bc8fbbd6924891bba8756,pc/M-combat-capturePercent/a477667580eb4a6cca4bfd35/A-B,pc/M-combat-equalityPolicy/a477667580eb4a6cca4bfd35/A-B
04d26513bee41f8de98ab49cd97c992b3a0017b0ad91dc428f6066f007ce270c,pc/M-combat-capturePercent/a477667580eb4a6cca4bfd35/B-A,pc/M-combat-equalityPolicy/a477667580eb4a6cca4bfd35/B-A
a5bb96235bf6f9a76b769ff737d8e922df94b0a52f749525853085cd022bf3ef,pc/M-combat-capturePercent/a74b3b7b747bae166c9bbd4d/A-B,pc/M-combat-equalityPolicy/a74b3b7b747bae166c9bbd4d/A-B
8a5fbdbf1b558dc200eab97d67343355792afdf24d5bbb0e91f754b86f3a02ef,pc/M-combat-capturePercent/a74b3b7b747bae166c9bbd4d/B-A,pc/M-combat-equalityPolicy/a74b3b7b747bae166c9bbd4d/B-A
a5cef95da0740171d974b1b8238a058e26fade3fe8a8f09d6de3182d2fb25476,pc/M-combat-capturePercent/ac748b9a7bbadd1b4ccb3da4/A-B,pc/M-combat-equalityPolicy/ac748b9a7bbadd1b4ccb3da4/A-B
22588da900fbea8c00b87d769132d035359f1c3deae9b763847a866d744b79ff,pc/M-combat-capturePercent/ac748b9a7bbadd1b4ccb3da4/B-A,pc/M-combat-equalityPolicy/ac748b9a7bbadd1b4ccb3da4/B-A
7021d39476c082c69391aa7d9d107c8598ae66c5b1828c73e129c275542d42fb,pc/M-combat-capturePercent/adf2a33f332db08d4d373bba/A-B,pc/M-combat-equalityPolicy/adf2a33f332db08d4d373bba/A-B
0a6998a19d108d4ea47989fe9c9346eb6b099ed85b399e3702e1d1add2785d07,pc/M-combat-capturePercent/adf2a33f332db08d4d373bba/B-A,pc/M-combat-equalityPolicy/adf2a33f332db08d4d373bba/B-A
4227f054b87e527b1d1b0274ed1998e330c5df10704580221a9b575b4a8798c6,pc/M-combat-capturePercent/b4b94da886e061c92142841a/A-B,pc/M-combat-equalityPolicy/b4b94da886e061c92142841a/A-B
ed29d7971438fc1a049999694ca61a2424e52dc6124815c6cadb6b6c1daaffd8,pc/M-combat-capturePercent/b4b94da886e061c92142841a/B-A,pc/M-combat-equalityPolicy/b4b94da886e061c92142841a/B-A
e1e29aab7102365136b614a54a8aeb0bee449145f3bc465a205963f9f554f006,pc/M-combat-capturePercent/bf898c747897728e9c646b00/A-B,pc/M-combat-equalityPolicy/bf898c747897728e9c646b00/A-B
0c2b4bb54f68750a49827995ac5ca7c41b885ac68f663af9b71cf4658f802372,pc/M-combat-capturePercent/bf898c747897728e9c646b00/B-A,pc/M-combat-equalityPolicy/bf898c747897728e9c646b00/B-A
6b4a529fbc125b23882833e0aed634bec1b5f0b2174c3e7ece269e3168b0f82f,pc/M-combat-capturePercent/c88b855645bc720b498875d2/A-B,pc/M-combat-equalityPolicy/c88b855645bc720b498875d2/A-B
7e4672019367fb02f1f4413e94829b3f5c23d2fa9d1ba5802105a04a62fdf6a1,pc/M-combat-capturePercent/c88b855645bc720b498875d2/B-A,pc/M-combat-equalityPolicy/c88b855645bc720b498875d2/B-A
54b8eb5652e7a14e2d23dbf5a122ee8f8758e3e126c18b1c2077bfe200269275,pc/M-combat-capturePercent/e03c8d62aa94aae4fc0f13f1/A-B,pc/M-combat-equalityPolicy/e03c8d62aa94aae4fc0f13f1/A-B
078641e562821c4012d1a24d08878af3f97f45aea622350727a2eb5edcbd524c,pc/M-combat-capturePercent/e03c8d62aa94aae4fc0f13f1/B-A,pc/M-combat-equalityPolicy/e03c8d62aa94aae4fc0f13f1/B-A
6d407622c60b016795f97c89a6a5574696df9124c61c66dd231ce4e7c7aa2393,pc/M-combat-capturePercent/ec03e2f3b6e41ea5555df14c/A-B,pc/M-combat-equalityPolicy/ec03e2f3b6e41ea5555df14c/A-B
5b40b5d08240a3cb41ac0662b746bf7848264fd5d59a18b9cccd174e1c8a970f,pc/M-combat-capturePercent/ec03e2f3b6e41ea5555df14c/B-A,pc/M-combat-equalityPolicy/ec03e2f3b6e41ea5555df14c/B-A
092ff6440ba52367b900849f38396771039917fdafcad50e5a9b3669a0a1a448,pc/M-combat-capturePercent/f78c1d62cca9f23dba9520f5/A-B,pc/M-combat-equalityPolicy/f78c1d62cca9f23dba9520f5/A-B
40e5890746cdbe0ba659fc1854a9e8c3218947407cf39f571ec0b4f63dfcca5c,pc/M-combat-capturePercent/f78c1d62cca9f23dba9520f5/B-A,pc/M-combat-equalityPolicy/f78c1d62cca9f23dba9520f5/B-A
85f859f840726422ec7d710e5557c9d3b6715fd7fc74bfe34607d4d92c94e777,pc/M-combat-capturePercent/0c0085870630c59e82d2d03f/A-B,pc/M-combat-tieBreakCriterion/0c0085870630c59e82d2d03f/A-B
03908c0fa4ced8ca60a7e0fb3a0f39260e015950626c7db85dad0402f2d3619e,pc/M-combat-capturePercent/0c0085870630c59e82d2d03f/B-A,pc/M-combat-tieBreakCriterion/0c0085870630c59e82d2d03f/B-A
58cd7ae8deb38800a7970576196ee8f591af45338dcec1590dcfba297fa69701,pc/M-combat-capturePercent/0fad6426e216ce1d497cd944/A-B,pc/M-combat-tieBreakCriterion/0fad6426e216ce1d497cd944/A-B
71c1edf0b3076609f0d5f6632549a6592128c1a272b42a58354f9fb187b4a370,pc/M-combat-capturePercent/0fad6426e216ce1d497cd944/B-A,pc/M-combat-tieBreakCriterion/0fad6426e216ce1d497cd944/B-A
ee9e20890d11662504f7fe1e38034c18b966e01cd6c9e5396948c62e4ef00edc,pc/M-combat-capturePercent/1216817fbd021bfb8a800544/A-B,pc/M-combat-tieBreakCriterion/1216817fbd021bfb8a800544/A-B
6716753b8e8b76b4a64e3b17a97ed8046605bed1f7d8159437110a4c2a02ffa9,pc/M-combat-capturePercent/1216817fbd021bfb8a800544/B-A,pc/M-combat-tieBreakCriterion/1216817fbd021bfb8a800544/B-A
7d7abac10e512ec2c70d5d25a59d0d144ba2b19ce4372cc4f09baf310123eafb,pc/M-combat-capturePercent/15b79b9ef5cbd9e794375476/A-B,pc/M-combat-tieBreakCriterion/15b79b9ef5cbd9e794375476/A-B
75facca78d59da8acebf5520dc1aec84674008dca00e85ffe5137a6371d683bd,pc/M-combat-capturePercent/15b79b9ef5cbd9e794375476/B-A,pc/M-combat-tieBreakCriterion/15b79b9ef5cbd9e794375476/B-A
587a0b6c8fbf92e9e393e63a374c6bdc95fc594470b7c8ee42ee3df5c4a6b8ef,pc/M-combat-capturePercent/1a50bd67feb4ca4f159a4cfe/A-B,pc/M-combat-tieBreakCriterion/1a50bd67feb4ca4f159a4cfe/A-B
cab79020193af6f55744135f0197a1630e3c2215411e9bdd269a836e052ec646,pc/M-combat-capturePercent/1a50bd67feb4ca4f159a4cfe/B-A,pc/M-combat-tieBreakCriterion/1a50bd67feb4ca4f159a4cfe/B-A
ac0328d7e848fe34c754caa6b9c4b0ed2030d2e4d6fcccd1ed330988caf253df,pc/M-combat-capturePercent/2497be6bce26a22f97e6e95e/A-B,pc/M-combat-tieBreakCriterion/2497be6bce26a22f97e6e95e/A-B
cdf02ca8a3da35cbdb52ea241c610d7fdc069d44ffd601725625d6de3e1c67e1,pc/M-combat-capturePercent/2497be6bce26a22f97e6e95e/B-A,pc/M-combat-tieBreakCriterion/2497be6bce26a22f97e6e95e/B-A
87844e416d861f5c9ead6ab9b78dcfb00006427ddc351bd0388c1eabd412ea8d,pc/M-combat-capturePercent/2d6350473497c883675afa80/A-B,pc/M-combat-tieBreakCriterion/2d6350473497c883675afa80/A-B
e137c8706ef5acd42c2d3113acb60f6a980b709cb9423e1758161e5fa6ce3ea3,pc/M-combat-capturePercent/2d6350473497c883675afa80/B-A,pc/M-combat-tieBreakCriterion/2d6350473497c883675afa80/B-A
9858c7ffa1a6a847079e50482789f9a042cfeb281ada503d2c73d74b65c9d985,pc/M-combat-capturePercent/2eb2746a70cb35fe1ce25f98/A-B,pc/M-combat-tieBreakCriterion/2eb2746a70cb35fe1ce25f98/A-B
151989b8d1b1c0ca759fab7eaf3b152abc03724944a1ef9ad70118e7a90322e4,pc/M-combat-capturePercent/2eb2746a70cb35fe1ce25f98/B-A,pc/M-combat-tieBreakCriterion/2eb2746a70cb35fe1ce25f98/B-A
9ca322cb96477f8f2d6b2e7673307285a8c1ac1a2124cfb6ddfbf09efb0d4075,pc/M-combat-capturePercent/48d3967fcd05b8de1e34c2d4/A-B,pc/M-combat-tieBreakCriterion/48d3967fcd05b8de1e34c2d4/A-B
0ef488184d72f1f098ab6566fb80c72140d7078400dd1a9587141fe8b34a13ec,pc/M-combat-capturePercent/48d3967fcd05b8de1e34c2d4/B-A,pc/M-combat-tieBreakCriterion/48d3967fcd05b8de1e34c2d4/B-A
00f252d5722657943a4cb0718ce0da7e8a4611896fa35ea5621c1322e14ef866,pc/M-combat-capturePercent/54e1d4f2a6e7f51febebdd8e/A-B,pc/M-combat-tieBreakCriterion/54e1d4f2a6e7f51febebdd8e/A-B
9000dde07f557a8d66b3ea4000e55211bbd45f04e3469db5cbc747249d14ba6c,pc/M-combat-capturePercent/54e1d4f2a6e7f51febebdd8e/B-A,pc/M-combat-tieBreakCriterion/54e1d4f2a6e7f51febebdd8e/B-A
4597ad24b5a2e47b6a7dce9496a9b6f4b1f246dce33a40845b0982a200fb8806,pc/M-combat-capturePercent/5be07c6fc69f472eef0ee17f/A-B,pc/M-combat-tieBreakCriterion/5be07c6fc69f472eef0ee17f/A-B
7c1e87a0769464bd834f5d84f3fd33eaf9071aabdb90673a4cec8f5b7383d2cf,pc/M-combat-capturePercent/5be07c6fc69f472eef0ee17f/B-A,pc/M-combat-tieBreakCriterion/5be07c6fc69f472eef0ee17f/B-A
4970d1f6b5265fad201517f3825ff40d79aa8b20306bc545f88c8e11a313708e,pc/M-combat-capturePercent/6aee5ba4cebd035270c43536/A-B,pc/M-combat-tieBreakCriterion/6aee5ba4cebd035270c43536/A-B
0243eeadabcc14bc5e95fa1b391f9a0fbfc6c55db116c0e75d961227e7785c42,pc/M-combat-capturePercent/6aee5ba4cebd035270c43536/B-A,pc/M-combat-tieBreakCriterion/6aee5ba4cebd035270c43536/B-A
35be79c5c128b6e4343bfeefa1db2f2aeb0a0150c17aa99303e7622a603c351b,pc/M-combat-capturePercent/7498c9f948922906239ad8d6/A-B,pc/M-combat-tieBreakCriterion/7498c9f948922906239ad8d6/A-B
49d4b23c42e173b1bcdc7cd48f22932e3a82504dd30129431f21b83876d94cb2,pc/M-combat-capturePercent/7498c9f948922906239ad8d6/B-A,pc/M-combat-tieBreakCriterion/7498c9f948922906239ad8d6/B-A
d008a6c4cea3edb58d3e49bd4fe6a9dc06177f8442e6495e138e98d884af187e,pc/M-combat-capturePercent/7701dd750551af246ed1b8c5/A-B,pc/M-combat-tieBreakCriterion/7701dd750551af246ed1b8c5/A-B
bcbc877f0cf8b1db3ca6328cc8d75854e56dc0b5735561ddaff5ce14c2a229f6,pc/M-combat-capturePercent/7701dd750551af246ed1b8c5/B-A,pc/M-combat-tieBreakCriterion/7701dd750551af246ed1b8c5/B-A
f5eaa97da71df5298d7c5b30554bec43da7311247b6bf61d3299b38dd99ce886,pc/M-combat-capturePercent/80ebf93b386771704cc70bab/A-B,pc/M-combat-tieBreakCriterion/80ebf93b386771704cc70bab/A-B
6a49a491a5ff72a4b8db0cc1fcd37742813f1f1a76d4b11bb02af21e20d1e1ce,pc/M-combat-capturePercent/80ebf93b386771704cc70bab/B-A,pc/M-combat-tieBreakCriterion/80ebf93b386771704cc70bab/B-A
647ab88a83aa6f834990989ca24911ddf969595c4a5f5d85e2c151fdaebac92b,pc/M-combat-capturePercent/93f29e181d26c9d16b60ee8b/A-B,pc/M-combat-tieBreakCriterion/93f29e181d26c9d16b60ee8b/A-B
cb5849664fb65ac00466aa61563a1f9baace77ad985b9c02a92e371cf45b1603,pc/M-combat-capturePercent/93f29e181d26c9d16b60ee8b/B-A,pc/M-combat-tieBreakCriterion/93f29e181d26c9d16b60ee8b/B-A
2a1d1503a117713d05836a468b6a0d0d39d7d08702d9ca68ffe56c89d6f08704,pc/M-combat-capturePercent/98043342a0f7383cbda2c59d/A-B,pc/M-combat-tieBreakCriterion/98043342a0f7383cbda2c59d/A-B
cdd056f355bfd3009ca6798847f425d092b2fa95fee94cbb9f1b9d30918fd936,pc/M-combat-capturePercent/98043342a0f7383cbda2c59d/B-A,pc/M-combat-tieBreakCriterion/98043342a0f7383cbda2c59d/B-A
3d79ed5983c89d0022c51a128734a7b36a8941c07b48f432dd6f260a0059cec7,pc/M-combat-capturePercent/9a1ddda43134d9061057be59/A-B,pc/M-combat-tieBreakCriterion/9a1ddda43134d9061057be59/A-B
b539cabaf72f26f266d867628052db7ffc7cfa333da902e943ce8bd34a752c17,pc/M-combat-capturePercent/9a1ddda43134d9061057be59/B-A,pc/M-combat-tieBreakCriterion/9a1ddda43134d9061057be59/B-A
1178f1206facb99d474deb6896610eb381b51065a110d670b64abf6c01184760,pc/M-combat-capturePercent/9ea4f603e73d531fd3c8df44/A-B,pc/M-combat-tieBreakCriterion/9ea4f603e73d531fd3c8df44/A-B
db8d3921ad4c7ffbcfdfcbf53d72da2e8c438f83b03f5de5e5b8aab344978ab5,pc/M-combat-capturePercent/9ea4f603e73d531fd3c8df44/B-A,pc/M-combat-tieBreakCriterion/9ea4f603e73d531fd3c8df44/B-A
2bc6219638d312265f5c45e3ff80bf6b75c9c3992211780b96db52997872da32,pc/M-combat-capturePercent/9ee1c7b7c3d22f186dea063d/A-B,pc/M-combat-tieBreakCriterion/9ee1c7b7c3d22f186dea063d/A-B
120c55e4f29e4d0105d6cc15c34f2d0b90e315f38cd4336b4554e662eda73d66,pc/M-combat-capturePercent/9ee1c7b7c3d22f186dea063d/B-A,pc/M-combat-tieBreakCriterion/9ee1c7b7c3d22f186dea063d/B-A
b965633c898c10ac48cc0b945d886ca291a7c3df9f2bc8fbbd6924891bba8756,pc/M-combat-capturePercent/a477667580eb4a6cca4bfd35/A-B,pc/M-combat-tieBreakCriterion/a477667580eb4a6cca4bfd35/A-B
04d26513bee41f8de98ab49cd97c992b3a0017b0ad91dc428f6066f007ce270c,pc/M-combat-capturePercent/a477667580eb4a6cca4bfd35/B-A,pc/M-combat-tieBreakCriterion/a477667580eb4a6cca4bfd35/B-A
a5bb96235bf6f9a76b769ff737d8e922df94b0a52f749525853085cd022bf3ef,pc/M-combat-capturePercent/a74b3b7b747bae166c9bbd4d/A-B,pc/M-combat-tieBreakCriterion/a74b3b7b747bae166c9bbd4d/A-B
8a5fbdbf1b558dc200eab97d67343355792afdf24d5bbb0e91f754b86f3a02ef,pc/M-combat-capturePercent/a74b3b7b747bae166c9bbd4d/B-A,pc/M-combat-tieBreakCriterion/a74b3b7b747bae166c9bbd4d/B-A
a5cef95da0740171d974b1b8238a058e26fade3fe8a8f09d6de3182d2fb25476,pc/M-combat-capturePercent/ac748b9a7bbadd1b4ccb3da4/A-B,pc/M-combat-tieBreakCriterion/ac748b9a7bbadd1b4ccb3da4/A-B
22588da900fbea8c00b87d769132d035359f1c3deae9b763847a866d744b79ff,pc/M-combat-capturePercent/ac748b9a7bbadd1b4ccb3da4/B-A,pc/M-combat-tieBreakCriterion/ac748b9a7bbadd1b4ccb3da4/B-A
7021d39476c082c69391aa7d9d107c8598ae66c5b1828c73e129c275542d42fb,pc/M-combat-capturePercent/adf2a33f332db08d4d373bba/A-B,pc/M-combat-tieBreakCriterion/adf2a33f332db08d4d373bba/A-B
0a6998a19d108d4ea47989fe9c9346eb6b099ed85b399e3702e1d1add2785d07,pc/M-combat-capturePercent/adf2a33f332db08d4d373bba/B-A,pc/M-combat-tieBreakCriterion/adf2a33f332db08d4d373bba/B-A
4227f054b87e527b1d1b0274ed1998e330c5df10704580221a9b575b4a8798c6,pc/M-combat-capturePercent/b4b94da886e061c92142841a/A-B,pc/M-combat-tieBreakCriterion/b4b94da886e061c92142841a/A-B
ed29d7971438fc1a049999694ca61a2424e52dc6124815c6cadb6b6c1daaffd8,pc/M-combat-capturePercent/b4b94da886e061c92142841a/B-A,pc/M-combat-tieBreakCriterion/b4b94da886e061c92142841a/B-A
e1e29aab7102365136b614a54a8aeb0bee449145f3bc465a205963f9f554f006,pc/M-combat-capturePercent/bf898c747897728e9c646b00/A-B,pc/M-combat-tieBreakCriterion/bf898c747897728e9c646b00/A-B
0c2b4bb54f68750a49827995ac5ca7c41b885ac68f663af9b71cf4658f802372,pc/M-combat-capturePercent/bf898c747897728e9c646b00/B-A,pc/M-combat-tieBreakCriterion/bf898c747897728e9c646b00/B-A
6b4a529fbc125b23882833e0aed634bec1b5f0b2174c3e7ece269e3168b0f82f,pc/M-combat-capturePercent/c88b855645bc720b498875d2/A-B,pc/M-combat-tieBreakCriterion/c88b855645bc720b498875d2/A-B
7e4672019367fb02f1f4413e94829b3f5c23d2fa9d1ba5802105a04a62fdf6a1,pc/M-combat-capturePercent/c88b855645bc720b498875d2/B-A,pc/M-combat-tieBreakCriterion/c88b855645bc720b498875d2/B-A
54b8eb5652e7a14e2d23dbf5a122ee8f8758e3e126c18b1c2077bfe200269275,pc/M-combat-capturePercent/e03c8d62aa94aae4fc0f13f1/A-B,pc/M-combat-tieBreakCriterion/e03c8d62aa94aae4fc0f13f1/A-B
078641e562821c4012d1a24d08878af3f97f45aea622350727a2eb5edcbd524c,pc/M-combat-capturePercent/e03c8d62aa94aae4fc0f13f1/B-A,pc/M-combat-tieBreakCriterion/e03c8d62aa94aae4fc0f13f1/B-A
6d407622c60b016795f97c89a6a5574696df9124c61c66dd231ce4e7c7aa2393,pc/M-combat-capturePercent/ec03e2f3b6e41ea5555df14c/A-B,pc/M-combat-tieBreakCriterion/ec03e2f3b6e41ea5555df14c/A-B
5b40b5d08240a3cb41ac0662b746bf7848264fd5d59a18b9cccd174e1c8a970f,pc/M-combat-capturePercent/ec03e2f3b6e41ea5555df14c/B-A,pc/M-combat-tieBreakCriterion/ec03e2f3b6e41ea5555df14c/B-A
092ff6440ba52367b900849f38396771039917fdafcad50e5a9b3669a0a1a448,pc/M-combat-capturePercent/f78c1d62cca9f23dba9520f5/A-B,pc/M-combat-tieBreakCriterion/f78c1d62cca9f23dba9520f5/A-B
40e5890746cdbe0ba659fc1854a9e8c3218947407cf39f571ec0b4f63dfcca5c,pc/M-combat-capturePercent/f78c1d62cca9f23dba9520f5/B-A,pc/M-combat-tieBreakCriterion/f78c1d62cca9f23dba9520f5/B-A
092ff6440ba52367b900849f38396771039917fdafcad50e5a9b3669a0a1a448,pc/M-combat-capturePercent/f78c1d62cca9f23dba9520f5/A-B,pc/M-counter-archer-knight/5c1f576245e93368fc9467c6/A-B
40e5890746cdbe0ba659fc1854a9e8c3218947407cf39f571ec0b4f63dfcca5c,pc/M-combat-capturePercent/f78c1d62cca9f23dba9520f5/B-A,pc/M-counter-archer-knight/5c1f576245e93368fc9467c6/B-A
4597ad24b5a2e47b6a7dce9496a9b6f4b1f246dce33a40845b0982a200fb8806,pc/M-combat-capturePercent/5be07c6fc69f472eef0ee17f/A-B,pc/M-counter-archer-knight/acdefd93b2649b6c67cb433a/A-B
7c1e87a0769464bd834f5d84f3fd33eaf9071aabdb90673a4cec8f5b7383d2cf,pc/M-combat-capturePercent/5be07c6fc69f472eef0ee17f/B-A,pc/M-counter-archer-knight/acdefd93b2649b6c67cb433a/B-A
35be79c5c128b6e4343bfeefa1db2f2aeb0a0150c17aa99303e7622a603c351b,pc/M-combat-capturePercent/7498c9f948922906239ad8d6/A-B,pc/M-counter-archer-knight/ce5600533f7caf198c19d62a/A-B
49d4b23c42e173b1bcdc7cd48f22932e3a82504dd30129431f21b83876d94cb2,pc/M-combat-capturePercent/7498c9f948922906239ad8d6/B-A,pc/M-counter-archer-knight/ce5600533f7caf198c19d62a/B-A
3d79ed5983c89d0022c51a128734a7b36a8941c07b48f432dd6f260a0059cec7,pc/M-combat-capturePercent/9a1ddda43134d9061057be59/A-B,pc/M-counter-soldier-archer/26b76cb3e4f6fe7b5eb500b9/A-B
b539cabaf72f26f266d867628052db7ffc7cfa333da902e943ce8bd34a752c17,pc/M-combat-capturePercent/9a1ddda43134d9061057be59/B-A,pc/M-counter-soldier-archer/26b76cb3e4f6fe7b5eb500b9/B-A
00f252d5722657943a4cb0718ce0da7e8a4611896fa35ea5621c1322e14ef866,pc/M-combat-capturePercent/54e1d4f2a6e7f51febebdd8e/A-B,pc/M-counter-soldier-archer/9c2c55840b87fd2b0c1e6760/A-B
9000dde07f557a8d66b3ea4000e55211bbd45f04e3469db5cbc747249d14ba6c,pc/M-combat-capturePercent/54e1d4f2a6e7f51febebdd8e/B-A,pc/M-counter-soldier-archer/9c2c55840b87fd2b0c1e6760/B-A
a5bb96235bf6f9a76b769ff737d8e922df94b0a52f749525853085cd022bf3ef,pc/M-combat-capturePercent/a74b3b7b747bae166c9bbd4d/A-B,pc/M-counter-soldier-archer/d6683e4bfa10e07d72ca4804/A-B
8a5fbdbf1b558dc200eab97d67343355792afdf24d5bbb0e91f754b86f3a02ef,pc/M-combat-capturePercent/a74b3b7b747bae166c9bbd4d/B-A,pc/M-counter-soldier-archer/d6683e4bfa10e07d72ca4804/B-A
4970d1f6b5265fad201517f3825ff40d79aa8b20306bc545f88c8e11a313708e,pc/M-combat-capturePercent/6aee5ba4cebd035270c43536/A-B,pc/M-counter-soldier-knight/3c05ea7f7754953a408c5531/A-B
0243eeadabcc14bc5e95fa1b391f9a0fbfc6c55db116c0e75d961227e7785c42,pc/M-combat-capturePercent/6aee5ba4cebd035270c43536/B-A,pc/M-counter-soldier-knight/3c05ea7f7754953a408c5531/B-A
f5eaa97da71df5298d7c5b30554bec43da7311247b6bf61d3299b38dd99ce886,pc/M-combat-capturePercent/80ebf93b386771704cc70bab/A-B,pc/M-counter-soldier-knight/628047ea7f3873efa01d5784/A-B
6a49a491a5ff72a4b8db0cc1fcd37742813f1f1a76d4b11bb02af21e20d1e1ce,pc/M-combat-capturePercent/80ebf93b386771704cc70bab/B-A,pc/M-counter-soldier-knight/628047ea7f3873efa01d5784/B-A
9ca322cb96477f8f2d6b2e7673307285a8c1ac1a2124cfb6ddfbf09efb0d4075,pc/M-combat-capturePercent/48d3967fcd05b8de1e34c2d4/A-B,pc/M-counter-soldier-knight/f035959f4cd7e9f50143263b/A-B
0ef488184d72f1f098ab6566fb80c72140d7078400dd1a9587141fe8b34a13ec,pc/M-combat-capturePercent/48d3967fcd05b8de1e34c2d4/B-A,pc/M-counter-soldier-knight/f035959f4cd7e9f50143263b/B-A
e1e29aab7102365136b614a54a8aeb0bee449145f3bc465a205963f9f554f006,pc/M-combat-capturePercent/bf898c747897728e9c646b00/A-B,pc/M-counter-soldier-spearman/06be7e5e6e71908f394f2589/A-B
0c2b4bb54f68750a49827995ac5ca7c41b885ac68f663af9b71cf4658f802372,pc/M-combat-capturePercent/bf898c747897728e9c646b00/B-A,pc/M-counter-soldier-spearman/06be7e5e6e71908f394f2589/B-A
7021d39476c082c69391aa7d9d107c8598ae66c5b1828c73e129c275542d42fb,pc/M-combat-capturePercent/adf2a33f332db08d4d373bba/A-B,pc/M-counter-soldier-spearman/9580d9569a852c7dad51a0cb/A-B
0a6998a19d108d4ea47989fe9c9346eb6b099ed85b399e3702e1d1add2785d07,pc/M-combat-capturePercent/adf2a33f332db08d4d373bba/B-A,pc/M-counter-soldier-spearman/9580d9569a852c7dad51a0cb/B-A
2a1d1503a117713d05836a468b6a0d0d39d7d08702d9ca68ffe56c89d6f08704,pc/M-combat-capturePercent/98043342a0f7383cbda2c59d/A-B,pc/M-counter-soldier-spearman/d37eb8da88ea86d2599bf425/A-B
cdd056f355bfd3009ca6798847f425d092b2fa95fee94cbb9f1b9d30918fd936,pc/M-combat-capturePercent/98043342a0f7383cbda2c59d/B-A,pc/M-counter-soldier-spearman/d37eb8da88ea86d2599bf425/B-A
4227f054b87e527b1d1b0274ed1998e330c5df10704580221a9b575b4a8798c6,pc/M-combat-capturePercent/b4b94da886e061c92142841a/A-B,pc/M-counter-spearman-archer/1a5d0a3eaa9606245e46e7f7/A-B
ed29d7971438fc1a049999694ca61a2424e52dc6124815c6cadb6b6c1daaffd8,pc/M-combat-capturePercent/b4b94da886e061c92142841a/B-A,pc/M-counter-spearman-archer/1a5d0a3eaa9606245e46e7f7/B-A
54b8eb5652e7a14e2d23dbf5a122ee8f8758e3e126c18b1c2077bfe200269275,pc/M-combat-capturePercent/e03c8d62aa94aae4fc0f13f1/A-B,pc/M-counter-spearman-archer/80faa2cd3fead81e48c79660/A-B
078641e562821c4012d1a24d08878af3f97f45aea622350727a2eb5edcbd524c,pc/M-combat-capturePercent/e03c8d62aa94aae4fc0f13f1/B-A,pc/M-counter-spearman-archer/80faa2cd3fead81e48c79660/B-A
d008a6c4cea3edb58d3e49bd4fe6a9dc06177f8442e6495e138e98d884af187e,pc/M-combat-capturePercent/7701dd750551af246ed1b8c5/A-B,pc/M-counter-spearman-archer/d5fe29efd6e2e3c948104e86/A-B
bcbc877f0cf8b1db3ca6328cc8d75854e56dc0b5735561ddaff5ce14c2a229f6,pc/M-combat-capturePercent/7701dd750551af246ed1b8c5/B-A,pc/M-counter-spearman-archer/d5fe29efd6e2e3c948104e86/B-A
b965633c898c10ac48cc0b945d886ca291a7c3df9f2bc8fbbd6924891bba8756,pc/M-combat-capturePercent/a477667580eb4a6cca4bfd35/A-B,pc/M-counter-spearman-knight/27f758cd74a23db51e37d338/A-B
04d26513bee41f8de98ab49cd97c992b3a0017b0ad91dc428f6066f007ce270c,pc/M-combat-capturePercent/a477667580eb4a6cca4bfd35/B-A,pc/M-counter-spearman-knight/27f758cd74a23db51e37d338/B-A
7d7abac10e512ec2c70d5d25a59d0d144ba2b19ce4372cc4f09baf310123eafb,pc/M-combat-capturePercent/15b79b9ef5cbd9e794375476/A-B,pc/M-counter-spearman-knight/67e8f4a197f8cde663bd32fa/A-B
75facca78d59da8acebf5520dc1aec84674008dca00e85ffe5137a6371d683bd,pc/M-combat-capturePercent/15b79b9ef5cbd9e794375476/B-A,pc/M-counter-spearman-knight/67e8f4a197f8cde663bd32fa/B-A
ac0328d7e848fe34c754caa6b9c4b0ed2030d2e4d6fcccd1ed330988caf253df,pc/M-combat-capturePercent/2497be6bce26a22f97e6e95e/A-B,pc/M-counter-spearman-knight/83d9b39f73395ed2e41dc126/A-B
cdf02ca8a3da35cbdb52ea241c610d7fdc069d44ffd601725625d6de3e1c67e1,pc/M-combat-capturePercent/2497be6bce26a22f97e6e95e/B-A,pc/M-counter-spearman-knight/83d9b39f73395ed2e41dc126/B-A
ee9e20890d11662504f7fe1e38034c18b966e01cd6c9e5396948c62e4ef00edc,pc/M-combat-capturePercent/1216817fbd021bfb8a800544/A-B,pc/M-unit-archer-accuracySpread-fixed-counts/1216817fbd021bfb8a800544/A-B
6716753b8e8b76b4a64e3b17a97ed8046605bed1f7d8159437110a4c2a02ffa9,pc/M-combat-capturePercent/1216817fbd021bfb8a800544/B-A,pc/M-unit-archer-accuracySpread-fixed-counts/1216817fbd021bfb8a800544/B-A
00f252d5722657943a4cb0718ce0da7e8a4611896fa35ea5621c1322e14ef866,pc/M-combat-capturePercent/54e1d4f2a6e7f51febebdd8e/A-B,pc/M-unit-archer-accuracySpread-fixed-counts/54e1d4f2a6e7f51febebdd8e/A-B
9000dde07f557a8d66b3ea4000e55211bbd45f04e3469db5cbc747249d14ba6c,pc/M-combat-capturePercent/54e1d4f2a6e7f51febebdd8e/B-A,pc/M-unit-archer-accuracySpread-fixed-counts/54e1d4f2a6e7f51febebdd8e/B-A
4597ad24b5a2e47b6a7dce9496a9b6f4b1f246dce33a40845b0982a200fb8806,pc/M-combat-capturePercent/5be07c6fc69f472eef0ee17f/A-B,pc/M-unit-archer-accuracySpread-fixed-counts/5be07c6fc69f472eef0ee17f/A-B
7c1e87a0769464bd834f5d84f3fd33eaf9071aabdb90673a4cec8f5b7383d2cf,pc/M-combat-capturePercent/5be07c6fc69f472eef0ee17f/B-A,pc/M-unit-archer-accuracySpread-fixed-counts/5be07c6fc69f472eef0ee17f/B-A
35be79c5c128b6e4343bfeefa1db2f2aeb0a0150c17aa99303e7622a603c351b,pc/M-combat-capturePercent/7498c9f948922906239ad8d6/A-B,pc/M-unit-archer-accuracySpread-fixed-counts/7498c9f948922906239ad8d6/A-B
49d4b23c42e173b1bcdc7cd48f22932e3a82504dd30129431f21b83876d94cb2,pc/M-combat-capturePercent/7498c9f948922906239ad8d6/B-A,pc/M-unit-archer-accuracySpread-fixed-counts/7498c9f948922906239ad8d6/B-A
d008a6c4cea3edb58d3e49bd4fe6a9dc06177f8442e6495e138e98d884af187e,pc/M-combat-capturePercent/7701dd750551af246ed1b8c5/A-B,pc/M-unit-archer-accuracySpread-fixed-counts/7701dd750551af246ed1b8c5/A-B
bcbc877f0cf8b1db3ca6328cc8d75854e56dc0b5735561ddaff5ce14c2a229f6,pc/M-combat-capturePercent/7701dd750551af246ed1b8c5/B-A,pc/M-unit-archer-accuracySpread-fixed-counts/7701dd750551af246ed1b8c5/B-A
3d79ed5983c89d0022c51a128734a7b36a8941c07b48f432dd6f260a0059cec7,pc/M-combat-capturePercent/9a1ddda43134d9061057be59/A-B,pc/M-unit-archer-accuracySpread-fixed-counts/9a1ddda43134d9061057be59/A-B
b539cabaf72f26f266d867628052db7ffc7cfa333da902e943ce8bd34a752c17,pc/M-combat-capturePercent/9a1ddda43134d9061057be59/B-A,pc/M-unit-archer-accuracySpread-fixed-counts/9a1ddda43134d9061057be59/B-A
a5bb96235bf6f9a76b769ff737d8e922df94b0a52f749525853085cd022bf3ef,pc/M-combat-capturePercent/a74b3b7b747bae166c9bbd4d/A-B,pc/M-unit-archer-accuracySpread-fixed-counts/a74b3b7b747bae166c9bbd4d/A-B
8a5fbdbf1b558dc200eab97d67343355792afdf24d5bbb0e91f754b86f3a02ef,pc/M-combat-capturePercent/a74b3b7b747bae166c9bbd4d/B-A,pc/M-unit-archer-accuracySpread-fixed-counts/a74b3b7b747bae166c9bbd4d/B-A
a5cef95da0740171d974b1b8238a058e26fade3fe8a8f09d6de3182d2fb25476,pc/M-combat-capturePercent/ac748b9a7bbadd1b4ccb3da4/A-B,pc/M-unit-archer-accuracySpread-fixed-counts/ac748b9a7bbadd1b4ccb3da4/A-B
22588da900fbea8c00b87d769132d035359f1c3deae9b763847a866d744b79ff,pc/M-combat-capturePercent/ac748b9a7bbadd1b4ccb3da4/B-A,pc/M-unit-archer-accuracySpread-fixed-counts/ac748b9a7bbadd1b4ccb3da4/B-A
4227f054b87e527b1d1b0274ed1998e330c5df10704580221a9b575b4a8798c6,pc/M-combat-capturePercent/b4b94da886e061c92142841a/A-B,pc/M-unit-archer-accuracySpread-fixed-counts/b4b94da886e061c92142841a/A-B
ed29d7971438fc1a049999694ca61a2424e52dc6124815c6cadb6b6c1daaffd8,pc/M-combat-capturePercent/b4b94da886e061c92142841a/B-A,pc/M-unit-archer-accuracySpread-fixed-counts/b4b94da886e061c92142841a/B-A
6b4a529fbc125b23882833e0aed634bec1b5f0b2174c3e7ece269e3168b0f82f,pc/M-combat-capturePercent/c88b855645bc720b498875d2/A-B,pc/M-unit-archer-accuracySpread-fixed-counts/c88b855645bc720b498875d2/A-B
7e4672019367fb02f1f4413e94829b3f5c23d2fa9d1ba5802105a04a62fdf6a1,pc/M-combat-capturePercent/c88b855645bc720b498875d2/B-A,pc/M-unit-archer-accuracySpread-fixed-counts/c88b855645bc720b498875d2/B-A
54b8eb5652e7a14e2d23dbf5a122ee8f8758e3e126c18b1c2077bfe200269275,pc/M-combat-capturePercent/e03c8d62aa94aae4fc0f13f1/A-B,pc/M-unit-archer-accuracySpread-fixed-counts/e03c8d62aa94aae4fc0f13f1/A-B
078641e562821c4012d1a24d08878af3f97f45aea622350727a2eb5edcbd524c,pc/M-combat-capturePercent/e03c8d62aa94aae4fc0f13f1/B-A,pc/M-unit-archer-accuracySpread-fixed-counts/e03c8d62aa94aae4fc0f13f1/B-A
092ff6440ba52367b900849f38396771039917fdafcad50e5a9b3669a0a1a448,pc/M-combat-capturePercent/f78c1d62cca9f23dba9520f5/A-B,pc/M-unit-archer-accuracySpread-fixed-counts/f78c1d62cca9f23dba9520f5/A-B
40e5890746cdbe0ba659fc1854a9e8c3218947407cf39f571ec0b4f63dfcca5c,pc/M-combat-capturePercent/f78c1d62cca9f23dba9520f5/B-A,pc/M-unit-archer-accuracySpread-fixed-counts/f78c1d62cca9f23dba9520f5/B-A
ee9e20890d11662504f7fe1e38034c18b966e01cd6c9e5396948c62e4ef00edc,pc/M-combat-capturePercent/1216817fbd021bfb8a800544/A-B,pc/M-unit-archer-attack-fixed-counts/1216817fbd021bfb8a800544/A-B
6716753b8e8b76b4a64e3b17a97ed8046605bed1f7d8159437110a4c2a02ffa9,pc/M-combat-capturePercent/1216817fbd021bfb8a800544/B-A,pc/M-unit-archer-attack-fixed-counts/1216817fbd021bfb8a800544/B-A
00f252d5722657943a4cb0718ce0da7e8a4611896fa35ea5621c1322e14ef866,pc/M-combat-capturePercent/54e1d4f2a6e7f51febebdd8e/A-B,pc/M-unit-archer-attack-fixed-counts/54e1d4f2a6e7f51febebdd8e/A-B
9000dde07f557a8d66b3ea4000e55211bbd45f04e3469db5cbc747249d14ba6c,pc/M-combat-capturePercent/54e1d4f2a6e7f51febebdd8e/B-A,pc/M-unit-archer-attack-fixed-counts/54e1d4f2a6e7f51febebdd8e/B-A
4597ad24b5a2e47b6a7dce9496a9b6f4b1f246dce33a40845b0982a200fb8806,pc/M-combat-capturePercent/5be07c6fc69f472eef0ee17f/A-B,pc/M-unit-archer-attack-fixed-counts/5be07c6fc69f472eef0ee17f/A-B
7c1e87a0769464bd834f5d84f3fd33eaf9071aabdb90673a4cec8f5b7383d2cf,pc/M-combat-capturePercent/5be07c6fc69f472eef0ee17f/B-A,pc/M-unit-archer-attack-fixed-counts/5be07c6fc69f472eef0ee17f/B-A
35be79c5c128b6e4343bfeefa1db2f2aeb0a0150c17aa99303e7622a603c351b,pc/M-combat-capturePercent/7498c9f948922906239ad8d6/A-B,pc/M-unit-archer-attack-fixed-counts/7498c9f948922906239ad8d6/A-B
49d4b23c42e173b1bcdc7cd48f22932e3a82504dd30129431f21b83876d94cb2,pc/M-combat-capturePercent/7498c9f948922906239ad8d6/B-A,pc/M-unit-archer-attack-fixed-counts/7498c9f948922906239ad8d6/B-A
d008a6c4cea3edb58d3e49bd4fe6a9dc06177f8442e6495e138e98d884af187e,pc/M-combat-capturePercent/7701dd750551af246ed1b8c5/A-B,pc/M-unit-archer-attack-fixed-counts/7701dd750551af246ed1b8c5/A-B
bcbc877f0cf8b1db3ca6328cc8d75854e56dc0b5735561ddaff5ce14c2a229f6,pc/M-combat-capturePercent/7701dd750551af246ed1b8c5/B-A,pc/M-unit-archer-attack-fixed-counts/7701dd750551af246ed1b8c5/B-A
3d79ed5983c89d0022c51a128734a7b36a8941c07b48f432dd6f260a0059cec7,pc/M-combat-capturePercent/9a1ddda43134d9061057be59/A-B,pc/M-unit-archer-attack-fixed-counts/9a1ddda43134d9061057be59/A-B
b539cabaf72f26f266d867628052db7ffc7cfa333da902e943ce8bd34a752c17,pc/M-combat-capturePercent/9a1ddda43134d9061057be59/B-A,pc/M-unit-archer-attack-fixed-counts/9a1ddda43134d9061057be59/B-A
a5bb96235bf6f9a76b769ff737d8e922df94b0a52f749525853085cd022bf3ef,pc/M-combat-capturePercent/a74b3b7b747bae166c9bbd4d/A-B,pc/M-unit-archer-attack-fixed-counts/a74b3b7b747bae166c9bbd4d/A-B
8a5fbdbf1b558dc200eab97d67343355792afdf24d5bbb0e91f754b86f3a02ef,pc/M-combat-capturePercent/a74b3b7b747bae166c9bbd4d/B-A,pc/M-unit-archer-attack-fixed-counts/a74b3b7b747bae166c9bbd4d/B-A
a5cef95da0740171d974b1b8238a058e26fade3fe8a8f09d6de3182d2fb25476,pc/M-combat-capturePercent/ac748b9a7bbadd1b4ccb3da4/A-B,pc/M-unit-archer-attack-fixed-counts/ac748b9a7bbadd1b4ccb3da4/A-B
22588da900fbea8c00b87d769132d035359f1c3deae9b763847a866d744b79ff,pc/M-combat-capturePercent/ac748b9a7bbadd1b4ccb3da4/B-A,pc/M-unit-archer-attack-fixed-counts/ac748b9a7bbadd1b4ccb3da4/B-A
4227f054b87e527b1d1b0274ed1998e330c5df10704580221a9b575b4a8798c6,pc/M-combat-capturePercent/b4b94da886e061c92142841a/A-B,pc/M-unit-archer-attack-fixed-counts/b4b94da886e061c92142841a/A-B
ed29d7971438fc1a049999694ca61a2424e52dc6124815c6cadb6b6c1daaffd8,pc/M-combat-capturePercent/b4b94da886e061c92142841a/B-A,pc/M-unit-archer-attack-fixed-counts/b4b94da886e061c92142841a/B-A
6b4a529fbc125b23882833e0aed634bec1b5f0b2174c3e7ece269e3168b0f82f,pc/M-combat-capturePercent/c88b855645bc720b498875d2/A-B,pc/M-unit-archer-attack-fixed-counts/c88b855645bc720b498875d2/A-B
7e4672019367fb02f1f4413e94829b3f5c23d2fa9d1ba5802105a04a62fdf6a1,pc/M-combat-capturePercent/c88b855645bc720b498875d2/B-A,pc/M-unit-archer-attack-fixed-counts/c88b855645bc720b498875d2/B-A
54b8eb5652e7a14e2d23dbf5a122ee8f8758e3e126c18b1c2077bfe200269275,pc/M-combat-capturePercent/e03c8d62aa94aae4fc0f13f1/A-B,pc/M-unit-archer-attack-fixed-counts/e03c8d62aa94aae4fc0f13f1/A-B
078641e562821c4012d1a24d08878af3f97f45aea622350727a2eb5edcbd524c,pc/M-combat-capturePercent/e03c8d62aa94aae4fc0f13f1/B-A,pc/M-unit-archer-attack-fixed-counts/e03c8d62aa94aae4fc0f13f1/B-A
092ff6440ba52367b900849f38396771039917fdafcad50e5a9b3669a0a1a448,pc/M-combat-capturePercent/f78c1d62cca9f23dba9520f5/A-B,pc/M-unit-archer-attack-fixed-counts/f78c1d62cca9f23dba9520f5/A-B
40e5890746cdbe0ba659fc1854a9e8c3218947407cf39f571ec0b4f63dfcca5c,pc/M-combat-capturePercent/f78c1d62cca9f23dba9520f5/B-A,pc/M-unit-archer-attack-fixed-counts/f78c1d62cca9f23dba9520f5/B-A
ee9e20890d11662504f7fe1e38034c18b966e01cd6c9e5396948c62e4ef00edc,pc/M-combat-capturePercent/1216817fbd021bfb8a800544/A-B,pc/M-unit-archer-baseAccuracy-fixed-counts/1216817fbd021bfb8a800544/A-B
6716753b8e8b76b4a64e3b17a97ed8046605bed1f7d8159437110a4c2a02ffa9,pc/M-combat-capturePercent/1216817fbd021bfb8a800544/B-A,pc/M-unit-archer-baseAccuracy-fixed-counts/1216817fbd021bfb8a800544/B-A
00f252d5722657943a4cb0718ce0da7e8a4611896fa35ea5621c1322e14ef866,pc/M-combat-capturePercent/54e1d4f2a6e7f51febebdd8e/A-B,pc/M-unit-archer-baseAccuracy-fixed-counts/54e1d4f2a6e7f51febebdd8e/A-B
9000dde07f557a8d66b3ea4000e55211bbd45f04e3469db5cbc747249d14ba6c,pc/M-combat-capturePercent/54e1d4f2a6e7f51febebdd8e/B-A,pc/M-unit-archer-baseAccuracy-fixed-counts/54e1d4f2a6e7f51febebdd8e/B-A
4597ad24b5a2e47b6a7dce9496a9b6f4b1f246dce33a40845b0982a200fb8806,pc/M-combat-capturePercent/5be07c6fc69f472eef0ee17f/A-B,pc/M-unit-archer-baseAccuracy-fixed-counts/5be07c6fc69f472eef0ee17f/A-B
7c1e87a0769464bd834f5d84f3fd33eaf9071aabdb90673a4cec8f5b7383d2cf,pc/M-combat-capturePercent/5be07c6fc69f472eef0ee17f/B-A,pc/M-unit-archer-baseAccuracy-fixed-counts/5be07c6fc69f472eef0ee17f/B-A
35be79c5c128b6e4343bfeefa1db2f2aeb0a0150c17aa99303e7622a603c351b,pc/M-combat-capturePercent/7498c9f948922906239ad8d6/A-B,pc/M-unit-archer-baseAccuracy-fixed-counts/7498c9f948922906239ad8d6/A-B
49d4b23c42e173b1bcdc7cd48f22932e3a82504dd30129431f21b83876d94cb2,pc/M-combat-capturePercent/7498c9f948922906239ad8d6/B-A,pc/M-unit-archer-baseAccuracy-fixed-counts/7498c9f948922906239ad8d6/B-A
d008a6c4cea3edb58d3e49bd4fe6a9dc06177f8442e6495e138e98d884af187e,pc/M-combat-capturePercent/7701dd750551af246ed1b8c5/A-B,pc/M-unit-archer-baseAccuracy-fixed-counts/7701dd750551af246ed1b8c5/A-B
bcbc877f0cf8b1db3ca6328cc8d75854e56dc0b5735561ddaff5ce14c2a229f6,pc/M-combat-capturePercent/7701dd750551af246ed1b8c5/B-A,pc/M-unit-archer-baseAccuracy-fixed-counts/7701dd750551af246ed1b8c5/B-A
3d79ed5983c89d0022c51a128734a7b36a8941c07b48f432dd6f260a0059cec7,pc/M-combat-capturePercent/9a1ddda43134d9061057be59/A-B,pc/M-unit-archer-baseAccuracy-fixed-counts/9a1ddda43134d9061057be59/A-B
b539cabaf72f26f266d867628052db7ffc7cfa333da902e943ce8bd34a752c17,pc/M-combat-capturePercent/9a1ddda43134d9061057be59/B-A,pc/M-unit-archer-baseAccuracy-fixed-counts/9a1ddda43134d9061057be59/B-A
a5bb96235bf6f9a76b769ff737d8e922df94b0a52f749525853085cd022bf3ef,pc/M-combat-capturePercent/a74b3b7b747bae166c9bbd4d/A-B,pc/M-unit-archer-baseAccuracy-fixed-counts/a74b3b7b747bae166c9bbd4d/A-B
8a5fbdbf1b558dc200eab97d67343355792afdf24d5bbb0e91f754b86f3a02ef,pc/M-combat-capturePercent/a74b3b7b747bae166c9bbd4d/B-A,pc/M-unit-archer-baseAccuracy-fixed-counts/a74b3b7b747bae166c9bbd4d/B-A
a5cef95da0740171d974b1b8238a058e26fade3fe8a8f09d6de3182d2fb25476,pc/M-combat-capturePercent/ac748b9a7bbadd1b4ccb3da4/A-B,pc/M-unit-archer-baseAccuracy-fixed-counts/ac748b9a7bbadd1b4ccb3da4/A-B
22588da900fbea8c00b87d769132d035359f1c3deae9b763847a866d744b79ff,pc/M-combat-capturePercent/ac748b9a7bbadd1b4ccb3da4/B-A,pc/M-unit-archer-baseAccuracy-fixed-counts/ac748b9a7bbadd1b4ccb3da4/B-A
4227f054b87e527b1d1b0274ed1998e330c5df10704580221a9b575b4a8798c6,pc/M-combat-capturePercent/b4b94da886e061c92142841a/A-B,pc/M-unit-archer-baseAccuracy-fixed-counts/b4b94da886e061c92142841a/A-B
ed29d7971438fc1a049999694ca61a2424e52dc6124815c6cadb6b6c1daaffd8,pc/M-combat-capturePercent/b4b94da886e061c92142841a/B-A,pc/M-unit-archer-baseAccuracy-fixed-counts/b4b94da886e061c92142841a/B-A
6b4a529fbc125b23882833e0aed634bec1b5f0b2174c3e7ece269e3168b0f82f,pc/M-combat-capturePercent/c88b855645bc720b498875d2/A-B,pc/M-unit-archer-baseAccuracy-fixed-counts/c88b855645bc720b498875d2/A-B
7e4672019367fb02f1f4413e94829b3f5c23d2fa9d1ba5802105a04a62fdf6a1,pc/M-combat-capturePercent/c88b855645bc720b498875d2/B-A,pc/M-unit-archer-baseAccuracy-fixed-counts/c88b855645bc720b498875d2/B-A
54b8eb5652e7a14e2d23dbf5a122ee8f8758e3e126c18b1c2077bfe200269275,pc/M-combat-capturePercent/e03c8d62aa94aae4fc0f13f1/A-B,pc/M-unit-archer-baseAccuracy-fixed-counts/e03c8d62aa94aae4fc0f13f1/A-B
078641e562821c4012d1a24d08878af3f97f45aea622350727a2eb5edcbd524c,pc/M-combat-capturePercent/e03c8d62aa94aae4fc0f13f1/B-A,pc/M-unit-archer-baseAccuracy-fixed-counts/e03c8d62aa94aae4fc0f13f1/B-A
092ff6440ba52367b900849f38396771039917fdafcad50e5a9b3669a0a1a448,pc/M-combat-capturePercent/f78c1d62cca9f23dba9520f5/A-B,pc/M-unit-archer-baseAccuracy-fixed-counts/f78c1d62cca9f23dba9520f5/A-B
40e5890746cdbe0ba659fc1854a9e8c3218947407cf39f571ec0b4f63dfcca5c,pc/M-combat-capturePercent/f78c1d62cca9f23dba9520f5/B-A,pc/M-unit-archer-baseAccuracy-fixed-counts/f78c1d62cca9f23dba9520f5/B-A
4597ad24b5a2e47b6a7dce9496a9b6f4b1f246dce33a40845b0982a200fb8806,pc/M-combat-capturePercent/5be07c6fc69f472eef0ee17f/A-B,pc/plan-reference/02f93e06b10bf00d02ab7c6d/A-B
7c1e87a0769464bd834f5d84f3fd33eaf9071aabdb90673a4cec8f5b7383d2cf,pc/M-combat-capturePercent/5be07c6fc69f472eef0ee17f/B-A,pc/plan-reference/02f93e06b10bf00d02ab7c6d/B-A
7021d39476c082c69391aa7d9d107c8598ae66c5b1828c73e129c275542d42fb,pc/M-combat-capturePercent/adf2a33f332db08d4d373bba/A-B,pc/plan-reference/059b1347100abac5c37de1bb/A-B
0a6998a19d108d4ea47989fe9c9346eb6b099ed85b399e3702e1d1add2785d07,pc/M-combat-capturePercent/adf2a33f332db08d4d373bba/B-A,pc/plan-reference/059b1347100abac5c37de1bb/B-A
58cd7ae8deb38800a7970576196ee8f591af45338dcec1590dcfba297fa69701,pc/M-combat-capturePercent/0fad6426e216ce1d497cd944/A-B,pc/plan-reference/17300a5a5a0409d88da33cf4/A-B
71c1edf0b3076609f0d5f6632549a6592128c1a272b42a58354f9fb187b4a370,pc/M-combat-capturePercent/0fad6426e216ce1d497cd944/B-A,pc/plan-reference/17300a5a5a0409d88da33cf4/B-A
ac0328d7e848fe34c754caa6b9c4b0ed2030d2e4d6fcccd1ed330988caf253df,pc/M-combat-capturePercent/2497be6bce26a22f97e6e95e/A-B,pc/plan-reference/224b20ea31b5c7e87ec2b1bd/A-B
cdf02ca8a3da35cbdb52ea241c610d7fdc069d44ffd601725625d6de3e1c67e1,pc/M-combat-capturePercent/2497be6bce26a22f97e6e95e/B-A,pc/plan-reference/224b20ea31b5c7e87ec2b1bd/B-A
2bc6219638d312265f5c45e3ff80bf6b75c9c3992211780b96db52997872da32,pc/M-combat-capturePercent/9ee1c7b7c3d22f186dea063d/A-B,pc/plan-reference/2c8b151195c65eef7b411a0c/A-B
120c55e4f29e4d0105d6cc15c34f2d0b90e315f38cd4336b4554e662eda73d66,pc/M-combat-capturePercent/9ee1c7b7c3d22f186dea063d/B-A,pc/plan-reference/2c8b151195c65eef7b411a0c/B-A
00f252d5722657943a4cb0718ce0da7e8a4611896fa35ea5621c1322e14ef866,pc/M-combat-capturePercent/54e1d4f2a6e7f51febebdd8e/A-B,pc/plan-reference/2d6a059e6e3e5d4e1938facc/A-B
9000dde07f557a8d66b3ea4000e55211bbd45f04e3469db5cbc747249d14ba6c,pc/M-combat-capturePercent/54e1d4f2a6e7f51febebdd8e/B-A,pc/plan-reference/2d6a059e6e3e5d4e1938facc/B-A
6d407622c60b016795f97c89a6a5574696df9124c61c66dd231ce4e7c7aa2393,pc/M-combat-capturePercent/ec03e2f3b6e41ea5555df14c/A-B,pc/plan-reference/326802c0d4a0c5449e108a18/A-B
5b40b5d08240a3cb41ac0662b746bf7848264fd5d59a18b9cccd174e1c8a970f,pc/M-combat-capturePercent/ec03e2f3b6e41ea5555df14c/B-A,pc/plan-reference/326802c0d4a0c5449e108a18/B-A
2a1d1503a117713d05836a468b6a0d0d39d7d08702d9ca68ffe56c89d6f08704,pc/M-combat-capturePercent/98043342a0f7383cbda2c59d/A-B,pc/plan-reference/3dc82c9e088b4b89a31040ae/A-B
cdd056f355bfd3009ca6798847f425d092b2fa95fee94cbb9f1b9d30918fd936,pc/M-combat-capturePercent/98043342a0f7383cbda2c59d/B-A,pc/plan-reference/3dc82c9e088b4b89a31040ae/B-A
7d7abac10e512ec2c70d5d25a59d0d144ba2b19ce4372cc4f09baf310123eafb,pc/M-combat-capturePercent/15b79b9ef5cbd9e794375476/A-B,pc/plan-reference/3fef9f920ae2398062a939e2/A-B
75facca78d59da8acebf5520dc1aec84674008dca00e85ffe5137a6371d683bd,pc/M-combat-capturePercent/15b79b9ef5cbd9e794375476/B-A,pc/plan-reference/3fef9f920ae2398062a939e2/B-A
a5cef95da0740171d974b1b8238a058e26fade3fe8a8f09d6de3182d2fb25476,pc/M-combat-capturePercent/ac748b9a7bbadd1b4ccb3da4/A-B,pc/plan-reference/44e54e00710166b92be8c8d8/A-B
22588da900fbea8c00b87d769132d035359f1c3deae9b763847a866d744b79ff,pc/M-combat-capturePercent/ac748b9a7bbadd1b4ccb3da4/B-A,pc/plan-reference/44e54e00710166b92be8c8d8/B-A
87844e416d861f5c9ead6ab9b78dcfb00006427ddc351bd0388c1eabd412ea8d,pc/M-combat-capturePercent/2d6350473497c883675afa80/A-B,pc/plan-reference/45e17c2efbb5d4d72b53f072/A-B
e137c8706ef5acd42c2d3113acb60f6a980b709cb9423e1758161e5fa6ce3ea3,pc/M-combat-capturePercent/2d6350473497c883675afa80/B-A,pc/plan-reference/45e17c2efbb5d4d72b53f072/B-A
9ca322cb96477f8f2d6b2e7673307285a8c1ac1a2124cfb6ddfbf09efb0d4075,pc/M-combat-capturePercent/48d3967fcd05b8de1e34c2d4/A-B,pc/plan-reference/4d96e79b6015fadb93ed8b75/A-B
0ef488184d72f1f098ab6566fb80c72140d7078400dd1a9587141fe8b34a13ec,pc/M-combat-capturePercent/48d3967fcd05b8de1e34c2d4/B-A,pc/plan-reference/4d96e79b6015fadb93ed8b75/B-A
6b4a529fbc125b23882833e0aed634bec1b5f0b2174c3e7ece269e3168b0f82f,pc/M-combat-capturePercent/c88b855645bc720b498875d2/A-B,pc/plan-reference/4fbb82be45aefc382acbeaef/A-B
7e4672019367fb02f1f4413e94829b3f5c23d2fa9d1ba5802105a04a62fdf6a1,pc/M-combat-capturePercent/c88b855645bc720b498875d2/B-A,pc/plan-reference/4fbb82be45aefc382acbeaef/B-A
ee9e20890d11662504f7fe1e38034c18b966e01cd6c9e5396948c62e4ef00edc,pc/M-combat-capturePercent/1216817fbd021bfb8a800544/A-B,pc/plan-reference/5681db895ba554c984b505f5/A-B
6716753b8e8b76b4a64e3b17a97ed8046605bed1f7d8159437110a4c2a02ffa9,pc/M-combat-capturePercent/1216817fbd021bfb8a800544/B-A,pc/plan-reference/5681db895ba554c984b505f5/B-A
e1e29aab7102365136b614a54a8aeb0bee449145f3bc465a205963f9f554f006,pc/M-combat-capturePercent/bf898c747897728e9c646b00/A-B,pc/plan-reference/585114497546f8f2d6c48cb7/A-B
0c2b4bb54f68750a49827995ac5ca7c41b885ac68f663af9b71cf4658f802372,pc/M-combat-capturePercent/bf898c747897728e9c646b00/B-A,pc/plan-reference/585114497546f8f2d6c48cb7/B-A
f5eaa97da71df5298d7c5b30554bec43da7311247b6bf61d3299b38dd99ce886,pc/M-combat-capturePercent/80ebf93b386771704cc70bab/A-B,pc/plan-reference/6866debf34828ca289995be9/A-B
6a49a491a5ff72a4b8db0cc1fcd37742813f1f1a76d4b11bb02af21e20d1e1ce,pc/M-combat-capturePercent/80ebf93b386771704cc70bab/B-A,pc/plan-reference/6866debf34828ca289995be9/B-A
3d79ed5983c89d0022c51a128734a7b36a8941c07b48f432dd6f260a0059cec7,pc/M-combat-capturePercent/9a1ddda43134d9061057be59/A-B,pc/plan-reference/6ee739e25200820057718a19/A-B
b539cabaf72f26f266d867628052db7ffc7cfa333da902e943ce8bd34a752c17,pc/M-combat-capturePercent/9a1ddda43134d9061057be59/B-A,pc/plan-reference/6ee739e25200820057718a19/B-A
a5bb96235bf6f9a76b769ff737d8e922df94b0a52f749525853085cd022bf3ef,pc/M-combat-capturePercent/a74b3b7b747bae166c9bbd4d/A-B,pc/plan-reference/7381858932d41d6ad10468d9/A-B
8a5fbdbf1b558dc200eab97d67343355792afdf24d5bbb0e91f754b86f3a02ef,pc/M-combat-capturePercent/a74b3b7b747bae166c9bbd4d/B-A,pc/plan-reference/7381858932d41d6ad10468d9/B-A
4970d1f6b5265fad201517f3825ff40d79aa8b20306bc545f88c8e11a313708e,pc/M-combat-capturePercent/6aee5ba4cebd035270c43536/A-B,pc/plan-reference/773ed616788ab2958d80f9ac/A-B
0243eeadabcc14bc5e95fa1b391f9a0fbfc6c55db116c0e75d961227e7785c42,pc/M-combat-capturePercent/6aee5ba4cebd035270c43536/B-A,pc/plan-reference/773ed616788ab2958d80f9ac/B-A
54b8eb5652e7a14e2d23dbf5a122ee8f8758e3e126c18b1c2077bfe200269275,pc/M-combat-capturePercent/e03c8d62aa94aae4fc0f13f1/A-B,pc/plan-reference/784540a28b255b12e68fd3da/A-B
078641e562821c4012d1a24d08878af3f97f45aea622350727a2eb5edcbd524c,pc/M-combat-capturePercent/e03c8d62aa94aae4fc0f13f1/B-A,pc/plan-reference/784540a28b255b12e68fd3da/B-A
b965633c898c10ac48cc0b945d886ca291a7c3df9f2bc8fbbd6924891bba8756,pc/M-combat-capturePercent/a477667580eb4a6cca4bfd35/A-B,pc/plan-reference/a3c6e1120b9aa3d31249b356/A-B
04d26513bee41f8de98ab49cd97c992b3a0017b0ad91dc428f6066f007ce270c,pc/M-combat-capturePercent/a477667580eb4a6cca4bfd35/B-A,pc/plan-reference/a3c6e1120b9aa3d31249b356/B-A
9858c7ffa1a6a847079e50482789f9a042cfeb281ada503d2c73d74b65c9d985,pc/M-combat-capturePercent/2eb2746a70cb35fe1ce25f98/A-B,pc/plan-reference/a8b2d7f16b5bff75567a8ac1/A-B
151989b8d1b1c0ca759fab7eaf3b152abc03724944a1ef9ad70118e7a90322e4,pc/M-combat-capturePercent/2eb2746a70cb35fe1ce25f98/B-A,pc/plan-reference/a8b2d7f16b5bff75567a8ac1/B-A
85f859f840726422ec7d710e5557c9d3b6715fd7fc74bfe34607d4d92c94e777,pc/M-combat-capturePercent/0c0085870630c59e82d2d03f/A-B,pc/plan-reference/afdd06b49732ec7312e6087b/A-B
03908c0fa4ced8ca60a7e0fb3a0f39260e015950626c7db85dad0402f2d3619e,pc/M-combat-capturePercent/0c0085870630c59e82d2d03f/B-A,pc/plan-reference/afdd06b49732ec7312e6087b/B-A
092ff6440ba52367b900849f38396771039917fdafcad50e5a9b3669a0a1a448,pc/M-combat-capturePercent/f78c1d62cca9f23dba9520f5/A-B,pc/plan-reference/b205550bebd3060b76db9ddc/A-B
40e5890746cdbe0ba659fc1854a9e8c3218947407cf39f571ec0b4f63dfcca5c,pc/M-combat-capturePercent/f78c1d62cca9f23dba9520f5/B-A,pc/plan-reference/b205550bebd3060b76db9ddc/B-A
4227f054b87e527b1d1b0274ed1998e330c5df10704580221a9b575b4a8798c6,pc/M-combat-capturePercent/b4b94da886e061c92142841a/A-B,pc/plan-reference/b696437061ac9d351ce6a092/A-B
ed29d7971438fc1a049999694ca61a2424e52dc6124815c6cadb6b6c1daaffd8,pc/M-combat-capturePercent/b4b94da886e061c92142841a/B-A,pc/plan-reference/b696437061ac9d351ce6a092/B-A
d008a6c4cea3edb58d3e49bd4fe6a9dc06177f8442e6495e138e98d884af187e,pc/M-combat-capturePercent/7701dd750551af246ed1b8c5/A-B,pc/plan-reference/be0b1f0c489b1f1f5d896a79/A-B
bcbc877f0cf8b1db3ca6328cc8d75854e56dc0b5735561ddaff5ce14c2a229f6,pc/M-combat-capturePercent/7701dd750551af246ed1b8c5/B-A,pc/plan-reference/be0b1f0c489b1f1f5d896a79/B-A
1178f1206facb99d474deb6896610eb381b51065a110d670b64abf6c01184760,pc/M-combat-capturePercent/9ea4f603e73d531fd3c8df44/A-B,pc/plan-reference/dd327f794dcfd6e25a33d78e/A-B
db8d3921ad4c7ffbcfdfcbf53d72da2e8c438f83b03f5de5e5b8aab344978ab5,pc/M-combat-capturePercent/9ea4f603e73d531fd3c8df44/B-A,pc/plan-reference/dd327f794dcfd6e25a33d78e/B-A
647ab88a83aa6f834990989ca24911ddf969595c4a5f5d85e2c151fdaebac92b,pc/M-combat-capturePercent/93f29e181d26c9d16b60ee8b/A-B,pc/plan-reference/e3f3719bf357423bbb918a6d/A-B
cb5849664fb65ac00466aa61563a1f9baace77ad985b9c02a92e371cf45b1603,pc/M-combat-capturePercent/93f29e181d26c9d16b60ee8b/B-A,pc/plan-reference/e3f3719bf357423bbb918a6d/B-A
35be79c5c128b6e4343bfeefa1db2f2aeb0a0150c17aa99303e7622a603c351b,pc/M-combat-capturePercent/7498c9f948922906239ad8d6/A-B,pc/plan-reference/ea2c2059350c5f9ea9b696ab/A-B
49d4b23c42e173b1bcdc7cd48f22932e3a82504dd30129431f21b83876d94cb2,pc/M-combat-capturePercent/7498c9f948922906239ad8d6/B-A,pc/plan-reference/ea2c2059350c5f9ea9b696ab/B-A
587a0b6c8fbf92e9e393e63a374c6bdc95fc594470b7c8ee42ee3df5c4a6b8ef,pc/M-combat-capturePercent/1a50bd67feb4ca4f159a4cfe/A-B,pc/plan-reference/f4b7768c23347a952616d588/A-B
cab79020193af6f55744135f0197a1630e3c2215411e9bdd269a836e052ec646,pc/M-combat-capturePercent/1a50bd67feb4ca4f159a4cfe/B-A,pc/plan-reference/f4b7768c23347a952616d588/B-A
ee9e20890d11662504f7fe1e38034c18b966e01cd6c9e5396948c62e4ef00edc,pc/M-combat-capturePercent/1216817fbd021bfb8a800544/A-B,vps/M-unit-archer-capturable-fixed-counts/1216817fbd021bfb8a800544/A-B
6716753b8e8b76b4a64e3b17a97ed8046605bed1f7d8159437110a4c2a02ffa9,pc/M-combat-capturePercent/1216817fbd021bfb8a800544/B-A,vps/M-unit-archer-capturable-fixed-counts/1216817fbd021bfb8a800544/B-A
00f252d5722657943a4cb0718ce0da7e8a4611896fa35ea5621c1322e14ef866,pc/M-combat-capturePercent/54e1d4f2a6e7f51febebdd8e/A-B,vps/M-unit-archer-capturable-fixed-counts/54e1d4f2a6e7f51febebdd8e/A-B
9000dde07f557a8d66b3ea4000e55211bbd45f04e3469db5cbc747249d14ba6c,pc/M-combat-capturePercent/54e1d4f2a6e7f51febebdd8e/B-A,vps/M-unit-archer-capturable-fixed-counts/54e1d4f2a6e7f51febebdd8e/B-A
4597ad24b5a2e47b6a7dce9496a9b6f4b1f246dce33a40845b0982a200fb8806,pc/M-combat-capturePercent/5be07c6fc69f472eef0ee17f/A-B,vps/M-unit-archer-capturable-fixed-counts/5be07c6fc69f472eef0ee17f/A-B
7c1e87a0769464bd834f5d84f3fd33eaf9071aabdb90673a4cec8f5b7383d2cf,pc/M-combat-capturePercent/5be07c6fc69f472eef0ee17f/B-A,vps/M-unit-archer-capturable-fixed-counts/5be07c6fc69f472eef0ee17f/B-A
35be79c5c128b6e4343bfeefa1db2f2aeb0a0150c17aa99303e7622a603c351b,pc/M-combat-capturePercent/7498c9f948922906239ad8d6/A-B,vps/M-unit-archer-capturable-fixed-counts/7498c9f948922906239ad8d6/A-B
49d4b23c42e173b1bcdc7cd48f22932e3a82504dd30129431f21b83876d94cb2,pc/M-combat-capturePercent/7498c9f948922906239ad8d6/B-A,vps/M-unit-archer-capturable-fixed-counts/7498c9f948922906239ad8d6/B-A
d008a6c4cea3edb58d3e49bd4fe6a9dc06177f8442e6495e138e98d884af187e,pc/M-combat-capturePercent/7701dd750551af246ed1b8c5/A-B,vps/M-unit-archer-capturable-fixed-counts/7701dd750551af246ed1b8c5/A-B
bcbc877f0cf8b1db3ca6328cc8d75854e56dc0b5735561ddaff5ce14c2a229f6,pc/M-combat-capturePercent/7701dd750551af246ed1b8c5/B-A,vps/M-unit-archer-capturable-fixed-counts/7701dd750551af246ed1b8c5/B-A
3d79ed5983c89d0022c51a128734a7b36a8941c07b48f432dd6f260a0059cec7,pc/M-combat-capturePercent/9a1ddda43134d9061057be59/A-B,vps/M-unit-archer-capturable-fixed-counts/9a1ddda43134d9061057be59/A-B
b539cabaf72f26f266d867628052db7ffc7cfa333da902e943ce8bd34a752c17,pc/M-combat-capturePercent/9a1ddda43134d9061057be59/B-A,vps/M-unit-archer-capturable-fixed-counts/9a1ddda43134d9061057be59/B-A
a5bb96235bf6f9a76b769ff737d8e922df94b0a52f749525853085cd022bf3ef,pc/M-combat-capturePercent/a74b3b7b747bae166c9bbd4d/A-B,vps/M-unit-archer-capturable-fixed-counts/a74b3b7b747bae166c9bbd4d/A-B
8a5fbdbf1b558dc200eab97d67343355792afdf24d5bbb0e91f754b86f3a02ef,pc/M-combat-capturePercent/a74b3b7b747bae166c9bbd4d/B-A,vps/M-unit-archer-capturable-fixed-counts/a74b3b7b747bae166c9bbd4d/B-A
a5cef95da0740171d974b1b8238a058e26fade3fe8a8f09d6de3182d2fb25476,pc/M-combat-capturePercent/ac748b9a7bbadd1b4ccb3da4/A-B,vps/M-unit-archer-capturable-fixed-counts/ac748b9a7bbadd1b4ccb3da4/A-B
22588da900fbea8c00b87d769132d035359f1c3deae9b763847a866d744b79ff,pc/M-combat-capturePercent/ac748b9a7bbadd1b4ccb3da4/B-A,vps/M-unit-archer-capturable-fixed-counts/ac748b9a7bbadd1b4ccb3da4/B-A
4227f054b87e527b1d1b0274ed1998e330c5df10704580221a9b575b4a8798c6,pc/M-combat-capturePercent/b4b94da886e061c92142841a/A-B,vps/M-unit-archer-capturable-fixed-counts/b4b94da886e061c92142841a/A-B
ed29d7971438fc1a049999694ca61a2424e52dc6124815c6cadb6b6c1daaffd8,pc/M-combat-capturePercent/b4b94da886e061c92142841a/B-A,vps/M-unit-archer-capturable-fixed-counts/b4b94da886e061c92142841a/B-A
6b4a529fbc125b23882833e0aed634bec1b5f0b2174c3e7ece269e3168b0f82f,pc/M-combat-capturePercent/c88b855645bc720b498875d2/A-B,vps/M-unit-archer-capturable-fixed-counts/c88b855645bc720b498875d2/A-B
7e4672019367fb02f1f4413e94829b3f5c23d2fa9d1ba5802105a04a62fdf6a1,pc/M-combat-capturePercent/c88b855645bc720b498875d2/B-A,vps/M-unit-archer-capturable-fixed-counts/c88b855645bc720b498875d2/B-A
54b8eb5652e7a14e2d23dbf5a122ee8f8758e3e126c18b1c2077bfe200269275,pc/M-combat-capturePercent/e03c8d62aa94aae4fc0f13f1/A-B,vps/M-unit-archer-capturable-fixed-counts/e03c8d62aa94aae4fc0f13f1/A-B
078641e562821c4012d1a24d08878af3f97f45aea622350727a2eb5edcbd524c,pc/M-combat-capturePercent/e03c8d62aa94aae4fc0f13f1/B-A,vps/M-unit-archer-capturable-fixed-counts/e03c8d62aa94aae4fc0f13f1/B-A
092ff6440ba52367b900849f38396771039917fdafcad50e5a9b3669a0a1a448,pc/M-combat-capturePercent/f78c1d62cca9f23dba9520f5/A-B,vps/M-unit-archer-capturable-fixed-counts/f78c1d62cca9f23dba9520f5/A-B
40e5890746cdbe0ba659fc1854a9e8c3218947407cf39f571ec0b4f63dfcca5c,pc/M-combat-capturePercent/f78c1d62cca9f23dba9520f5/B-A,vps/M-unit-archer-capturable-fixed-counts/f78c1d62cca9f23dba9520f5/B-A
4597ad24b5a2e47b6a7dce9496a9b6f4b1f246dce33a40845b0982a200fb8806,pc/M-combat-capturePercent/5be07c6fc69f472eef0ee17f/A-B,vps/M-unit-archer-cost-fixed-budget/02f93e06b10bf00d02ab7c6d/A-B
7c1e87a0769464bd834f5d84f3fd33eaf9071aabdb90673a4cec8f5b7383d2cf,pc/M-combat-capturePercent/5be07c6fc69f472eef0ee17f/B-A,vps/M-unit-archer-cost-fixed-budget/02f93e06b10bf00d02ab7c6d/B-A
00f252d5722657943a4cb0718ce0da7e8a4611896fa35ea5621c1322e14ef866,pc/M-combat-capturePercent/54e1d4f2a6e7f51febebdd8e/A-B,vps/M-unit-archer-cost-fixed-budget/2d6a059e6e3e5d4e1938facc/A-B
9000dde07f557a8d66b3ea4000e55211bbd45f04e3469db5cbc747249d14ba6c,pc/M-combat-capturePercent/54e1d4f2a6e7f51febebdd8e/B-A,vps/M-unit-archer-cost-fixed-budget/2d6a059e6e3e5d4e1938facc/B-A
a5cef95da0740171d974b1b8238a058e26fade3fe8a8f09d6de3182d2fb25476,pc/M-combat-capturePercent/ac748b9a7bbadd1b4ccb3da4/A-B,vps/M-unit-archer-cost-fixed-budget/44e54e00710166b92be8c8d8/A-B
22588da900fbea8c00b87d769132d035359f1c3deae9b763847a866d744b79ff,pc/M-combat-capturePercent/ac748b9a7bbadd1b4ccb3da4/B-A,vps/M-unit-archer-cost-fixed-budget/44e54e00710166b92be8c8d8/B-A
6b4a529fbc125b23882833e0aed634bec1b5f0b2174c3e7ece269e3168b0f82f,pc/M-combat-capturePercent/c88b855645bc720b498875d2/A-B,vps/M-unit-archer-cost-fixed-budget/4fbb82be45aefc382acbeaef/A-B
7e4672019367fb02f1f4413e94829b3f5c23d2fa9d1ba5802105a04a62fdf6a1,pc/M-combat-capturePercent/c88b855645bc720b498875d2/B-A,vps/M-unit-archer-cost-fixed-budget/4fbb82be45aefc382acbeaef/B-A
ee9e20890d11662504f7fe1e38034c18b966e01cd6c9e5396948c62e4ef00edc,pc/M-combat-capturePercent/1216817fbd021bfb8a800544/A-B,vps/M-unit-archer-cost-fixed-budget/5681db895ba554c984b505f5/A-B
6716753b8e8b76b4a64e3b17a97ed8046605bed1f7d8159437110a4c2a02ffa9,pc/M-combat-capturePercent/1216817fbd021bfb8a800544/B-A,vps/M-unit-archer-cost-fixed-budget/5681db895ba554c984b505f5/B-A
3d79ed5983c89d0022c51a128734a7b36a8941c07b48f432dd6f260a0059cec7,pc/M-combat-capturePercent/9a1ddda43134d9061057be59/A-B,vps/M-unit-archer-cost-fixed-budget/6ee739e25200820057718a19/A-B
b539cabaf72f26f266d867628052db7ffc7cfa333da902e943ce8bd34a752c17,pc/M-combat-capturePercent/9a1ddda43134d9061057be59/B-A,vps/M-unit-archer-cost-fixed-budget/6ee739e25200820057718a19/B-A
a5bb96235bf6f9a76b769ff737d8e922df94b0a52f749525853085cd022bf3ef,pc/M-combat-capturePercent/a74b3b7b747bae166c9bbd4d/A-B,vps/M-unit-archer-cost-fixed-budget/7381858932d41d6ad10468d9/A-B
8a5fbdbf1b558dc200eab97d67343355792afdf24d5bbb0e91f754b86f3a02ef,pc/M-combat-capturePercent/a74b3b7b747bae166c9bbd4d/B-A,vps/M-unit-archer-cost-fixed-budget/7381858932d41d6ad10468d9/B-A
54b8eb5652e7a14e2d23dbf5a122ee8f8758e3e126c18b1c2077bfe200269275,pc/M-combat-capturePercent/e03c8d62aa94aae4fc0f13f1/A-B,vps/M-unit-archer-cost-fixed-budget/784540a28b255b12e68fd3da/A-B
078641e562821c4012d1a24d08878af3f97f45aea622350727a2eb5edcbd524c,pc/M-combat-capturePercent/e03c8d62aa94aae4fc0f13f1/B-A,vps/M-unit-archer-cost-fixed-budget/784540a28b255b12e68fd3da/B-A
092ff6440ba52367b900849f38396771039917fdafcad50e5a9b3669a0a1a448,pc/M-combat-capturePercent/f78c1d62cca9f23dba9520f5/A-B,vps/M-unit-archer-cost-fixed-budget/b205550bebd3060b76db9ddc/A-B
40e5890746cdbe0ba659fc1854a9e8c3218947407cf39f571ec0b4f63dfcca5c,pc/M-combat-capturePercent/f78c1d62cca9f23dba9520f5/B-A,vps/M-unit-archer-cost-fixed-budget/b205550bebd3060b76db9ddc/B-A
4227f054b87e527b1d1b0274ed1998e330c5df10704580221a9b575b4a8798c6,pc/M-combat-capturePercent/b4b94da886e061c92142841a/A-B,vps/M-unit-archer-cost-fixed-budget/b696437061ac9d351ce6a092/A-B
ed29d7971438fc1a049999694ca61a2424e52dc6124815c6cadb6b6c1daaffd8,pc/M-combat-capturePercent/b4b94da886e061c92142841a/B-A,vps/M-unit-archer-cost-fixed-budget/b696437061ac9d351ce6a092/B-A
d008a6c4cea3edb58d3e49bd4fe6a9dc06177f8442e6495e138e98d884af187e,pc/M-combat-capturePercent/7701dd750551af246ed1b8c5/A-B,vps/M-unit-archer-cost-fixed-budget/be0b1f0c489b1f1f5d896a79/A-B
bcbc877f0cf8b1db3ca6328cc8d75854e56dc0b5735561ddaff5ce14c2a229f6,pc/M-combat-capturePercent/7701dd750551af246ed1b8c5/B-A,vps/M-unit-archer-cost-fixed-budget/be0b1f0c489b1f1f5d896a79/B-A
35be79c5c128b6e4343bfeefa1db2f2aeb0a0150c17aa99303e7622a603c351b,pc/M-combat-capturePercent/7498c9f948922906239ad8d6/A-B,vps/M-unit-archer-cost-fixed-budget/ea2c2059350c5f9ea9b696ab/A-B
49d4b23c42e173b1bcdc7cd48f22932e3a82504dd30129431f21b83876d94cb2,pc/M-combat-capturePercent/7498c9f948922906239ad8d6/B-A,vps/M-unit-archer-cost-fixed-budget/ea2c2059350c5f9ea9b696ab/B-A
ee9e20890d11662504f7fe1e38034c18b966e01cd6c9e5396948c62e4ef00edc,pc/M-combat-capturePercent/1216817fbd021bfb8a800544/A-B,vps/M-unit-archer-cost-fixed-counts/1216817fbd021bfb8a800544/A-B
6716753b8e8b76b4a64e3b17a97ed8046605bed1f7d8159437110a4c2a02ffa9,pc/M-combat-capturePercent/1216817fbd021bfb8a800544/B-A,vps/M-unit-archer-cost-fixed-counts/1216817fbd021bfb8a800544/B-A
00f252d5722657943a4cb0718ce0da7e8a4611896fa35ea5621c1322e14ef866,pc/M-combat-capturePercent/54e1d4f2a6e7f51febebdd8e/A-B,vps/M-unit-archer-cost-fixed-counts/54e1d4f2a6e7f51febebdd8e/A-B
9000dde07f557a8d66b3ea4000e55211bbd45f04e3469db5cbc747249d14ba6c,pc/M-combat-capturePercent/54e1d4f2a6e7f51febebdd8e/B-A,vps/M-unit-archer-cost-fixed-counts/54e1d4f2a6e7f51febebdd8e/B-A
4597ad24b5a2e47b6a7dce9496a9b6f4b1f246dce33a40845b0982a200fb8806,pc/M-combat-capturePercent/5be07c6fc69f472eef0ee17f/A-B,vps/M-unit-archer-cost-fixed-counts/5be07c6fc69f472eef0ee17f/A-B
7c1e87a0769464bd834f5d84f3fd33eaf9071aabdb90673a4cec8f5b7383d2cf,pc/M-combat-capturePercent/5be07c6fc69f472eef0ee17f/B-A,vps/M-unit-archer-cost-fixed-counts/5be07c6fc69f472eef0ee17f/B-A
35be79c5c128b6e4343bfeefa1db2f2aeb0a0150c17aa99303e7622a603c351b,pc/M-combat-capturePercent/7498c9f948922906239ad8d6/A-B,vps/M-unit-archer-cost-fixed-counts/7498c9f948922906239ad8d6/A-B
49d4b23c42e173b1bcdc7cd48f22932e3a82504dd30129431f21b83876d94cb2,pc/M-combat-capturePercent/7498c9f948922906239ad8d6/B-A,vps/M-unit-archer-cost-fixed-counts/7498c9f948922906239ad8d6/B-A
d008a6c4cea3edb58d3e49bd4fe6a9dc06177f8442e6495e138e98d884af187e,pc/M-combat-capturePercent/7701dd750551af246ed1b8c5/A-B,vps/M-unit-archer-cost-fixed-counts/7701dd750551af246ed1b8c5/A-B
bcbc877f0cf8b1db3ca6328cc8d75854e56dc0b5735561ddaff5ce14c2a229f6,pc/M-combat-capturePercent/7701dd750551af246ed1b8c5/B-A,vps/M-unit-archer-cost-fixed-counts/7701dd750551af246ed1b8c5/B-A
3d79ed5983c89d0022c51a128734a7b36a8941c07b48f432dd6f260a0059cec7,pc/M-combat-capturePercent/9a1ddda43134d9061057be59/A-B,vps/M-unit-archer-cost-fixed-counts/9a1ddda43134d9061057be59/A-B
b539cabaf72f26f266d867628052db7ffc7cfa333da902e943ce8bd34a752c17,pc/M-combat-capturePercent/9a1ddda43134d9061057be59/B-A,vps/M-unit-archer-cost-fixed-counts/9a1ddda43134d9061057be59/B-A
a5bb96235bf6f9a76b769ff737d8e922df94b0a52f749525853085cd022bf3ef,pc/M-combat-capturePercent/a74b3b7b747bae166c9bbd4d/A-B,vps/M-unit-archer-cost-fixed-counts/a74b3b7b747bae166c9bbd4d/A-B
8a5fbdbf1b558dc200eab97d67343355792afdf24d5bbb0e91f754b86f3a02ef,pc/M-combat-capturePercent/a74b3b7b747bae166c9bbd4d/B-A,vps/M-unit-archer-cost-fixed-counts/a74b3b7b747bae166c9bbd4d/B-A
a5cef95da0740171d974b1b8238a058e26fade3fe8a8f09d6de3182d2fb25476,pc/M-combat-capturePercent/ac748b9a7bbadd1b4ccb3da4/A-B,vps/M-unit-archer-cost-fixed-counts/ac748b9a7bbadd1b4ccb3da4/A-B
22588da900fbea8c00b87d769132d035359f1c3deae9b763847a866d744b79ff,pc/M-combat-capturePercent/ac748b9a7bbadd1b4ccb3da4/B-A,vps/M-unit-archer-cost-fixed-counts/ac748b9a7bbadd1b4ccb3da4/B-A
4227f054b87e527b1d1b0274ed1998e330c5df10704580221a9b575b4a8798c6,pc/M-combat-capturePercent/b4b94da886e061c92142841a/A-B,vps/M-unit-archer-cost-fixed-counts/b4b94da886e061c92142841a/A-B
ed29d7971438fc1a049999694ca61a2424e52dc6124815c6cadb6b6c1daaffd8,pc/M-combat-capturePercent/b4b94da886e061c92142841a/B-A,vps/M-unit-archer-cost-fixed-counts/b4b94da886e061c92142841a/B-A
6b4a529fbc125b23882833e0aed634bec1b5f0b2174c3e7ece269e3168b0f82f,pc/M-combat-capturePercent/c88b855645bc720b498875d2/A-B,vps/M-unit-archer-cost-fixed-counts/c88b855645bc720b498875d2/A-B
7e4672019367fb02f1f4413e94829b3f5c23d2fa9d1ba5802105a04a62fdf6a1,pc/M-combat-capturePercent/c88b855645bc720b498875d2/B-A,vps/M-unit-archer-cost-fixed-counts/c88b855645bc720b498875d2/B-A
54b8eb5652e7a14e2d23dbf5a122ee8f8758e3e126c18b1c2077bfe200269275,pc/M-combat-capturePercent/e03c8d62aa94aae4fc0f13f1/A-B,vps/M-unit-archer-cost-fixed-counts/e03c8d62aa94aae4fc0f13f1/A-B
078641e562821c4012d1a24d08878af3f97f45aea622350727a2eb5edcbd524c,pc/M-combat-capturePercent/e03c8d62aa94aae4fc0f13f1/B-A,vps/M-unit-archer-cost-fixed-counts/e03c8d62aa94aae4fc0f13f1/B-A
092ff6440ba52367b900849f38396771039917fdafcad50e5a9b3669a0a1a448,pc/M-combat-capturePercent/f78c1d62cca9f23dba9520f5/A-B,vps/M-unit-archer-cost-fixed-counts/f78c1d62cca9f23dba9520f5/A-B
40e5890746cdbe0ba659fc1854a9e8c3218947407cf39f571ec0b4f63dfcca5c,pc/M-combat-capturePercent/f78c1d62cca9f23dba9520f5/B-A,vps/M-unit-archer-cost-fixed-counts/f78c1d62cca9f23dba9520f5/B-A
ee9e20890d11662504f7fe1e38034c18b966e01cd6c9e5396948c62e4ef00edc,pc/M-combat-capturePercent/1216817fbd021bfb8a800544/A-B,vps/M-unit-archer-defendingEfficiency-fixed-counts/1216817fbd021bfb8a800544/A-B
6716753b8e8b76b4a64e3b17a97ed8046605bed1f7d8159437110a4c2a02ffa9,pc/M-combat-capturePercent/1216817fbd021bfb8a800544/B-A,vps/M-unit-archer-defendingEfficiency-fixed-counts/1216817fbd021bfb8a800544/B-A
00f252d5722657943a4cb0718ce0da7e8a4611896fa35ea5621c1322e14ef866,pc/M-combat-capturePercent/54e1d4f2a6e7f51febebdd8e/A-B,vps/M-unit-archer-defendingEfficiency-fixed-counts/54e1d4f2a6e7f51febebdd8e/A-B
9000dde07f557a8d66b3ea4000e55211bbd45f04e3469db5cbc747249d14ba6c,pc/M-combat-capturePercent/54e1d4f2a6e7f51febebdd8e/B-A,vps/M-unit-archer-defendingEfficiency-fixed-counts/54e1d4f2a6e7f51febebdd8e/B-A
4597ad24b5a2e47b6a7dce9496a9b6f4b1f246dce33a40845b0982a200fb8806,pc/M-combat-capturePercent/5be07c6fc69f472eef0ee17f/A-B,vps/M-unit-archer-defendingEfficiency-fixed-counts/5be07c6fc69f472eef0ee17f/A-B
7c1e87a0769464bd834f5d84f3fd33eaf9071aabdb90673a4cec8f5b7383d2cf,pc/M-combat-capturePercent/5be07c6fc69f472eef0ee17f/B-A,vps/M-unit-archer-defendingEfficiency-fixed-counts/5be07c6fc69f472eef0ee17f/B-A
35be79c5c128b6e4343bfeefa1db2f2aeb0a0150c17aa99303e7622a603c351b,pc/M-combat-capturePercent/7498c9f948922906239ad8d6/A-B,vps/M-unit-archer-defendingEfficiency-fixed-counts/7498c9f948922906239ad8d6/A-B
49d4b23c42e173b1bcdc7cd48f22932e3a82504dd30129431f21b83876d94cb2,pc/M-combat-capturePercent/7498c9f948922906239ad8d6/B-A,vps/M-unit-archer-defendingEfficiency-fixed-counts/7498c9f948922906239ad8d6/B-A
d008a6c4cea3edb58d3e49bd4fe6a9dc06177f8442e6495e138e98d884af187e,pc/M-combat-capturePercent/7701dd750551af246ed1b8c5/A-B,vps/M-unit-archer-defendingEfficiency-fixed-counts/7701dd750551af246ed1b8c5/A-B
bcbc877f0cf8b1db3ca6328cc8d75854e56dc0b5735561ddaff5ce14c2a229f6,pc/M-combat-capturePercent/7701dd750551af246ed1b8c5/B-A,vps/M-unit-archer-defendingEfficiency-fixed-counts/7701dd750551af246ed1b8c5/B-A
3d79ed5983c89d0022c51a128734a7b36a8941c07b48f432dd6f260a0059cec7,pc/M-combat-capturePercent/9a1ddda43134d9061057be59/A-B,vps/M-unit-archer-defendingEfficiency-fixed-counts/9a1ddda43134d9061057be59/A-B
b539cabaf72f26f266d867628052db7ffc7cfa333da902e943ce8bd34a752c17,pc/M-combat-capturePercent/9a1ddda43134d9061057be59/B-A,vps/M-unit-archer-defendingEfficiency-fixed-counts/9a1ddda43134d9061057be59/B-A
a5bb96235bf6f9a76b769ff737d8e922df94b0a52f749525853085cd022bf3ef,pc/M-combat-capturePercent/a74b3b7b747bae166c9bbd4d/A-B,vps/M-unit-archer-defendingEfficiency-fixed-counts/a74b3b7b747bae166c9bbd4d/A-B
8a5fbdbf1b558dc200eab97d67343355792afdf24d5bbb0e91f754b86f3a02ef,pc/M-combat-capturePercent/a74b3b7b747bae166c9bbd4d/B-A,vps/M-unit-archer-defendingEfficiency-fixed-counts/a74b3b7b747bae166c9bbd4d/B-A
a5cef95da0740171d974b1b8238a058e26fade3fe8a8f09d6de3182d2fb25476,pc/M-combat-capturePercent/ac748b9a7bbadd1b4ccb3da4/A-B,vps/M-unit-archer-defendingEfficiency-fixed-counts/ac748b9a7bbadd1b4ccb3da4/A-B
22588da900fbea8c00b87d769132d035359f1c3deae9b763847a866d744b79ff,pc/M-combat-capturePercent/ac748b9a7bbadd1b4ccb3da4/B-A,vps/M-unit-archer-defendingEfficiency-fixed-counts/ac748b9a7bbadd1b4ccb3da4/B-A
4227f054b87e527b1d1b0274ed1998e330c5df10704580221a9b575b4a8798c6,pc/M-combat-capturePercent/b4b94da886e061c92142841a/A-B,vps/M-unit-archer-defendingEfficiency-fixed-counts/b4b94da886e061c92142841a/A-B
ed29d7971438fc1a049999694ca61a2424e52dc6124815c6cadb6b6c1daaffd8,pc/M-combat-capturePercent/b4b94da886e061c92142841a/B-A,vps/M-unit-archer-defendingEfficiency-fixed-counts/b4b94da886e061c92142841a/B-A
6b4a529fbc125b23882833e0aed634bec1b5f0b2174c3e7ece269e3168b0f82f,pc/M-combat-capturePercent/c88b855645bc720b498875d2/A-B,vps/M-unit-archer-defendingEfficiency-fixed-counts/c88b855645bc720b498875d2/A-B
7e4672019367fb02f1f4413e94829b3f5c23d2fa9d1ba5802105a04a62fdf6a1,pc/M-combat-capturePercent/c88b855645bc720b498875d2/B-A,vps/M-unit-archer-defendingEfficiency-fixed-counts/c88b855645bc720b498875d2/B-A
54b8eb5652e7a14e2d23dbf5a122ee8f8758e3e126c18b1c2077bfe200269275,pc/M-combat-capturePercent/e03c8d62aa94aae4fc0f13f1/A-B,vps/M-unit-archer-defendingEfficiency-fixed-counts/e03c8d62aa94aae4fc0f13f1/A-B
078641e562821c4012d1a24d08878af3f97f45aea622350727a2eb5edcbd524c,pc/M-combat-capturePercent/e03c8d62aa94aae4fc0f13f1/B-A,vps/M-unit-archer-defendingEfficiency-fixed-counts/e03c8d62aa94aae4fc0f13f1/B-A
092ff6440ba52367b900849f38396771039917fdafcad50e5a9b3669a0a1a448,pc/M-combat-capturePercent/f78c1d62cca9f23dba9520f5/A-B,vps/M-unit-archer-defendingEfficiency-fixed-counts/f78c1d62cca9f23dba9520f5/A-B
40e5890746cdbe0ba659fc1854a9e8c3218947407cf39f571ec0b4f63dfcca5c,pc/M-combat-capturePercent/f78c1d62cca9f23dba9520f5/B-A,vps/M-unit-archer-defendingEfficiency-fixed-counts/f78c1d62cca9f23dba9520f5/B-A
ee9e20890d11662504f7fe1e38034c18b966e01cd6c9e5396948c62e4ef00edc,pc/M-combat-capturePercent/1216817fbd021bfb8a800544/A-B,vps/M-unit-archer-strikesPerAttack-fixed-counts/1216817fbd021bfb8a800544/A-B
6716753b8e8b76b4a64e3b17a97ed8046605bed1f7d8159437110a4c2a02ffa9,pc/M-combat-capturePercent/1216817fbd021bfb8a800544/B-A,vps/M-unit-archer-strikesPerAttack-fixed-counts/1216817fbd021bfb8a800544/B-A
00f252d5722657943a4cb0718ce0da7e8a4611896fa35ea5621c1322e14ef866,pc/M-combat-capturePercent/54e1d4f2a6e7f51febebdd8e/A-B,vps/M-unit-archer-strikesPerAttack-fixed-counts/54e1d4f2a6e7f51febebdd8e/A-B
9000dde07f557a8d66b3ea4000e55211bbd45f04e3469db5cbc747249d14ba6c,pc/M-combat-capturePercent/54e1d4f2a6e7f51febebdd8e/B-A,vps/M-unit-archer-strikesPerAttack-fixed-counts/54e1d4f2a6e7f51febebdd8e/B-A
4597ad24b5a2e47b6a7dce9496a9b6f4b1f246dce33a40845b0982a200fb8806,pc/M-combat-capturePercent/5be07c6fc69f472eef0ee17f/A-B,vps/M-unit-archer-strikesPerAttack-fixed-counts/5be07c6fc69f472eef0ee17f/A-B
7c1e87a0769464bd834f5d84f3fd33eaf9071aabdb90673a4cec8f5b7383d2cf,pc/M-combat-capturePercent/5be07c6fc69f472eef0ee17f/B-A,vps/M-unit-archer-strikesPerAttack-fixed-counts/5be07c6fc69f472eef0ee17f/B-A
35be79c5c128b6e4343bfeefa1db2f2aeb0a0150c17aa99303e7622a603c351b,pc/M-combat-capturePercent/7498c9f948922906239ad8d6/A-B,vps/M-unit-archer-strikesPerAttack-fixed-counts/7498c9f948922906239ad8d6/A-B
49d4b23c42e173b1bcdc7cd48f22932e3a82504dd30129431f21b83876d94cb2,pc/M-combat-capturePercent/7498c9f948922906239ad8d6/B-A,vps/M-unit-archer-strikesPerAttack-fixed-counts/7498c9f948922906239ad8d6/B-A
d008a6c4cea3edb58d3e49bd4fe6a9dc06177f8442e6495e138e98d884af187e,pc/M-combat-capturePercent/7701dd750551af246ed1b8c5/A-B,vps/M-unit-archer-strikesPerAttack-fixed-counts/7701dd750551af246ed1b8c5/A-B
bcbc877f0cf8b1db3ca6328cc8d75854e56dc0b5735561ddaff5ce14c2a229f6,pc/M-combat-capturePercent/7701dd750551af246ed1b8c5/B-A,vps/M-unit-archer-strikesPerAttack-fixed-counts/7701dd750551af246ed1b8c5/B-A
3d79ed5983c89d0022c51a128734a7b36a8941c07b48f432dd6f260a0059cec7,pc/M-combat-capturePercent/9a1ddda43134d9061057be59/A-B,vps/M-unit-archer-strikesPerAttack-fixed-counts/9a1ddda43134d9061057be59/A-B
b539cabaf72f26f266d867628052db7ffc7cfa333da902e943ce8bd34a752c17,pc/M-combat-capturePercent/9a1ddda43134d9061057be59/B-A,vps/M-unit-archer-strikesPerAttack-fixed-counts/9a1ddda43134d9061057be59/B-A
a5bb96235bf6f9a76b769ff737d8e922df94b0a52f749525853085cd022bf3ef,pc/M-combat-capturePercent/a74b3b7b747bae166c9bbd4d/A-B,vps/M-unit-archer-strikesPerAttack-fixed-counts/a74b3b7b747bae166c9bbd4d/A-B
8a5fbdbf1b558dc200eab97d67343355792afdf24d5bbb0e91f754b86f3a02ef,pc/M-combat-capturePercent/a74b3b7b747bae166c9bbd4d/B-A,vps/M-unit-archer-strikesPerAttack-fixed-counts/a74b3b7b747bae166c9bbd4d/B-A
a5cef95da0740171d974b1b8238a058e26fade3fe8a8f09d6de3182d2fb25476,pc/M-combat-capturePercent/ac748b9a7bbadd1b4ccb3da4/A-B,vps/M-unit-archer-strikesPerAttack-fixed-counts/ac748b9a7bbadd1b4ccb3da4/A-B
22588da900fbea8c00b87d769132d035359f1c3deae9b763847a866d744b79ff,pc/M-combat-capturePercent/ac748b9a7bbadd1b4ccb3da4/B-A,vps/M-unit-archer-strikesPerAttack-fixed-counts/ac748b9a7bbadd1b4ccb3da4/B-A
4227f054b87e527b1d1b0274ed1998e330c5df10704580221a9b575b4a8798c6,pc/M-combat-capturePercent/b4b94da886e061c92142841a/A-B,vps/M-unit-archer-strikesPerAttack-fixed-counts/b4b94da886e061c92142841a/A-B
ed29d7971438fc1a049999694ca61a2424e52dc6124815c6cadb6b6c1daaffd8,pc/M-combat-capturePercent/b4b94da886e061c92142841a/B-A,vps/M-unit-archer-strikesPerAttack-fixed-counts/b4b94da886e061c92142841a/B-A
6b4a529fbc125b23882833e0aed634bec1b5f0b2174c3e7ece269e3168b0f82f,pc/M-combat-capturePercent/c88b855645bc720b498875d2/A-B,vps/M-unit-archer-strikesPerAttack-fixed-counts/c88b855645bc720b498875d2/A-B
7e4672019367fb02f1f4413e94829b3f5c23d2fa9d1ba5802105a04a62fdf6a1,pc/M-combat-capturePercent/c88b855645bc720b498875d2/B-A,vps/M-unit-archer-strikesPerAttack-fixed-counts/c88b855645bc720b498875d2/B-A
54b8eb5652e7a14e2d23dbf5a122ee8f8758e3e126c18b1c2077bfe200269275,pc/M-combat-capturePercent/e03c8d62aa94aae4fc0f13f1/A-B,vps/M-unit-archer-strikesPerAttack-fixed-counts/e03c8d62aa94aae4fc0f13f1/A-B
078641e562821c4012d1a24d08878af3f97f45aea622350727a2eb5edcbd524c,pc/M-combat-capturePercent/e03c8d62aa94aae4fc0f13f1/B-A,vps/M-unit-archer-strikesPerAttack-fixed-counts/e03c8d62aa94aae4fc0f13f1/B-A
092ff6440ba52367b900849f38396771039917fdafcad50e5a9b3669a0a1a448,pc/M-combat-capturePercent/f78c1d62cca9f23dba9520f5/A-B,vps/M-unit-archer-strikesPerAttack-fixed-counts/f78c1d62cca9f23dba9520f5/A-B
40e5890746cdbe0ba659fc1854a9e8c3218947407cf39f571ec0b4f63dfcca5c,pc/M-combat-capturePercent/f78c1d62cca9f23dba9520f5/B-A,vps/M-unit-archer-strikesPerAttack-fixed-counts/f78c1d62cca9f23dba9520f5/B-A
ee9e20890d11662504f7fe1e38034c18b966e01cd6c9e5396948c62e4ef00edc,pc/M-combat-capturePercent/1216817fbd021bfb8a800544/A-B,vps/M-unit-archer-structure-fixed-counts/1216817fbd021bfb8a800544/A-B
6716753b8e8b76b4a64e3b17a97ed8046605bed1f7d8159437110a4c2a02ffa9,pc/M-combat-capturePercent/1216817fbd021bfb8a800544/B-A,vps/M-unit-archer-structure-fixed-counts/1216817fbd021bfb8a800544/B-A
00f252d5722657943a4cb0718ce0da7e8a4611896fa35ea5621c1322e14ef866,pc/M-combat-capturePercent/54e1d4f2a6e7f51febebdd8e/A-B,vps/M-unit-archer-structure-fixed-counts/54e1d4f2a6e7f51febebdd8e/A-B
9000dde07f557a8d66b3ea4000e55211bbd45f04e3469db5cbc747249d14ba6c,pc/M-combat-capturePercent/54e1d4f2a6e7f51febebdd8e/B-A,vps/M-unit-archer-structure-fixed-counts/54e1d4f2a6e7f51febebdd8e/B-A
4597ad24b5a2e47b6a7dce9496a9b6f4b1f246dce33a40845b0982a200fb8806,pc/M-combat-capturePercent/5be07c6fc69f472eef0ee17f/A-B,vps/M-unit-archer-structure-fixed-counts/5be07c6fc69f472eef0ee17f/A-B
7c1e87a0769464bd834f5d84f3fd33eaf9071aabdb90673a4cec8f5b7383d2cf,pc/M-combat-capturePercent/5be07c6fc69f472eef0ee17f/B-A,vps/M-unit-archer-structure-fixed-counts/5be07c6fc69f472eef0ee17f/B-A
35be79c5c128b6e4343bfeefa1db2f2aeb0a0150c17aa99303e7622a603c351b,pc/M-combat-capturePercent/7498c9f948922906239ad8d6/A-B,vps/M-unit-archer-structure-fixed-counts/7498c9f948922906239ad8d6/A-B
49d4b23c42e173b1bcdc7cd48f22932e3a82504dd30129431f21b83876d94cb2,pc/M-combat-capturePercent/7498c9f948922906239ad8d6/B-A,vps/M-unit-archer-structure-fixed-counts/7498c9f948922906239ad8d6/B-A
d008a6c4cea3edb58d3e49bd4fe6a9dc06177f8442e6495e138e98d884af187e,pc/M-combat-capturePercent/7701dd750551af246ed1b8c5/A-B,vps/M-unit-archer-structure-fixed-counts/7701dd750551af246ed1b8c5/A-B
bcbc877f0cf8b1db3ca6328cc8d75854e56dc0b5735561ddaff5ce14c2a229f6,pc/M-combat-capturePercent/7701dd750551af246ed1b8c5/B-A,vps/M-unit-archer-structure-fixed-counts/7701dd750551af246ed1b8c5/B-A
3d79ed5983c89d0022c51a128734a7b36a8941c07b48f432dd6f260a0059cec7,pc/M-combat-capturePercent/9a1ddda43134d9061057be59/A-B,vps/M-unit-archer-structure-fixed-counts/9a1ddda43134d9061057be59/A-B
b539cabaf72f26f266d867628052db7ffc7cfa333da902e943ce8bd34a752c17,pc/M-combat-capturePercent/9a1ddda43134d9061057be59/B-A,vps/M-unit-archer-structure-fixed-counts/9a1ddda43134d9061057be59/B-A
a5bb96235bf6f9a76b769ff737d8e922df94b0a52f749525853085cd022bf3ef,pc/M-combat-capturePercent/a74b3b7b747bae166c9bbd4d/A-B,vps/M-unit-archer-structure-fixed-counts/a74b3b7b747bae166c9bbd4d/A-B
8a5fbdbf1b558dc200eab97d67343355792afdf24d5bbb0e91f754b86f3a02ef,pc/M-combat-capturePercent/a74b3b7b747bae166c9bbd4d/B-A,vps/M-unit-archer-structure-fixed-counts/a74b3b7b747bae166c9bbd4d/B-A
a5cef95da0740171d974b1b8238a058e26fade3fe8a8f09d6de3182d2fb25476,pc/M-combat-capturePercent/ac748b9a7bbadd1b4ccb3da4/A-B,vps/M-unit-archer-structure-fixed-counts/ac748b9a7bbadd1b4ccb3da4/A-B
22588da900fbea8c00b87d769132d035359f1c3deae9b763847a866d744b79ff,pc/M-combat-capturePercent/ac748b9a7bbadd1b4ccb3da4/B-A,vps/M-unit-archer-structure-fixed-counts/ac748b9a7bbadd1b4ccb3da4/B-A
4227f054b87e527b1d1b0274ed1998e330c5df10704580221a9b575b4a8798c6,pc/M-combat-capturePercent/b4b94da886e061c92142841a/A-B,vps/M-unit-archer-structure-fixed-counts/b4b94da886e061c92142841a/A-B
ed29d7971438fc1a049999694ca61a2424e52dc6124815c6cadb6b6c1daaffd8,pc/M-combat-capturePercent/b4b94da886e061c92142841a/B-A,vps/M-unit-archer-structure-fixed-counts/b4b94da886e061c92142841a/B-A
6b4a529fbc125b23882833e0aed634bec1b5f0b2174c3e7ece269e3168b0f82f,pc/M-combat-capturePercent/c88b855645bc720b498875d2/A-B,vps/M-unit-archer-structure-fixed-counts/c88b855645bc720b498875d2/A-B
7e4672019367fb02f1f4413e94829b3f5c23d2fa9d1ba5802105a04a62fdf6a1,pc/M-combat-capturePercent/c88b855645bc720b498875d2/B-A,vps/M-unit-archer-structure-fixed-counts/c88b855645bc720b498875d2/B-A
54b8eb5652e7a14e2d23dbf5a122ee8f8758e3e126c18b1c2077bfe200269275,pc/M-combat-capturePercent/e03c8d62aa94aae4fc0f13f1/A-B,vps/M-unit-archer-structure-fixed-counts/e03c8d62aa94aae4fc0f13f1/A-B
078641e562821c4012d1a24d08878af3f97f45aea622350727a2eb5edcbd524c,pc/M-combat-capturePercent/e03c8d62aa94aae4fc0f13f1/B-A,vps/M-unit-archer-structure-fixed-counts/e03c8d62aa94aae4fc0f13f1/B-A
092ff6440ba52367b900849f38396771039917fdafcad50e5a9b3669a0a1a448,pc/M-combat-capturePercent/f78c1d62cca9f23dba9520f5/A-B,vps/M-unit-archer-structure-fixed-counts/f78c1d62cca9f23dba9520f5/A-B
40e5890746cdbe0ba659fc1854a9e8c3218947407cf39f571ec0b4f63dfcca5c,pc/M-combat-capturePercent/f78c1d62cca9f23dba9520f5/B-A,vps/M-unit-archer-structure-fixed-counts/f78c1d62cca9f23dba9520f5/B-A
7d7abac10e512ec2c70d5d25a59d0d144ba2b19ce4372cc4f09baf310123eafb,pc/M-combat-capturePercent/15b79b9ef5cbd9e794375476/A-B,vps/M-unit-knight-accuracySpread-fixed-counts/15b79b9ef5cbd9e794375476/A-B
75facca78d59da8acebf5520dc1aec84674008dca00e85ffe5137a6371d683bd,pc/M-combat-capturePercent/15b79b9ef5cbd9e794375476/B-A,vps/M-unit-knight-accuracySpread-fixed-counts/15b79b9ef5cbd9e794375476/B-A
ac0328d7e848fe34c754caa6b9c4b0ed2030d2e4d6fcccd1ed330988caf253df,pc/M-combat-capturePercent/2497be6bce26a22f97e6e95e/A-B,vps/M-unit-knight-accuracySpread-fixed-counts/2497be6bce26a22f97e6e95e/A-B
cdf02ca8a3da35cbdb52ea241c610d7fdc069d44ffd601725625d6de3e1c67e1,pc/M-combat-capturePercent/2497be6bce26a22f97e6e95e/B-A,vps/M-unit-knight-accuracySpread-fixed-counts/2497be6bce26a22f97e6e95e/B-A
87844e416d861f5c9ead6ab9b78dcfb00006427ddc351bd0388c1eabd412ea8d,pc/M-combat-capturePercent/2d6350473497c883675afa80/A-B,vps/M-unit-knight-accuracySpread-fixed-counts/2d6350473497c883675afa80/A-B
e137c8706ef5acd42c2d3113acb60f6a980b709cb9423e1758161e5fa6ce3ea3,pc/M-combat-capturePercent/2d6350473497c883675afa80/B-A,vps/M-unit-knight-accuracySpread-fixed-counts/2d6350473497c883675afa80/B-A
9858c7ffa1a6a847079e50482789f9a042cfeb281ada503d2c73d74b65c9d985,pc/M-combat-capturePercent/2eb2746a70cb35fe1ce25f98/A-B,vps/M-unit-knight-accuracySpread-fixed-counts/2eb2746a70cb35fe1ce25f98/A-B
151989b8d1b1c0ca759fab7eaf3b152abc03724944a1ef9ad70118e7a90322e4,pc/M-combat-capturePercent/2eb2746a70cb35fe1ce25f98/B-A,vps/M-unit-knight-accuracySpread-fixed-counts/2eb2746a70cb35fe1ce25f98/B-A
9ca322cb96477f8f2d6b2e7673307285a8c1ac1a2124cfb6ddfbf09efb0d4075,pc/M-combat-capturePercent/48d3967fcd05b8de1e34c2d4/A-B,vps/M-unit-knight-accuracySpread-fixed-counts/48d3967fcd05b8de1e34c2d4/A-B
0ef488184d72f1f098ab6566fb80c72140d7078400dd1a9587141fe8b34a13ec,pc/M-combat-capturePercent/48d3967fcd05b8de1e34c2d4/B-A,vps/M-unit-knight-accuracySpread-fixed-counts/48d3967fcd05b8de1e34c2d4/B-A
4597ad24b5a2e47b6a7dce9496a9b6f4b1f246dce33a40845b0982a200fb8806,pc/M-combat-capturePercent/5be07c6fc69f472eef0ee17f/A-B,vps/M-unit-knight-accuracySpread-fixed-counts/5be07c6fc69f472eef0ee17f/A-B
7c1e87a0769464bd834f5d84f3fd33eaf9071aabdb90673a4cec8f5b7383d2cf,pc/M-combat-capturePercent/5be07c6fc69f472eef0ee17f/B-A,vps/M-unit-knight-accuracySpread-fixed-counts/5be07c6fc69f472eef0ee17f/B-A
4970d1f6b5265fad201517f3825ff40d79aa8b20306bc545f88c8e11a313708e,pc/M-combat-capturePercent/6aee5ba4cebd035270c43536/A-B,vps/M-unit-knight-accuracySpread-fixed-counts/6aee5ba4cebd035270c43536/A-B
0243eeadabcc14bc5e95fa1b391f9a0fbfc6c55db116c0e75d961227e7785c42,pc/M-combat-capturePercent/6aee5ba4cebd035270c43536/B-A,vps/M-unit-knight-accuracySpread-fixed-counts/6aee5ba4cebd035270c43536/B-A
35be79c5c128b6e4343bfeefa1db2f2aeb0a0150c17aa99303e7622a603c351b,pc/M-combat-capturePercent/7498c9f948922906239ad8d6/A-B,vps/M-unit-knight-accuracySpread-fixed-counts/7498c9f948922906239ad8d6/A-B
49d4b23c42e173b1bcdc7cd48f22932e3a82504dd30129431f21b83876d94cb2,pc/M-combat-capturePercent/7498c9f948922906239ad8d6/B-A,vps/M-unit-knight-accuracySpread-fixed-counts/7498c9f948922906239ad8d6/B-A
f5eaa97da71df5298d7c5b30554bec43da7311247b6bf61d3299b38dd99ce886,pc/M-combat-capturePercent/80ebf93b386771704cc70bab/A-B,vps/M-unit-knight-accuracySpread-fixed-counts/80ebf93b386771704cc70bab/A-B
6a49a491a5ff72a4b8db0cc1fcd37742813f1f1a76d4b11bb02af21e20d1e1ce,pc/M-combat-capturePercent/80ebf93b386771704cc70bab/B-A,vps/M-unit-knight-accuracySpread-fixed-counts/80ebf93b386771704cc70bab/B-A
1178f1206facb99d474deb6896610eb381b51065a110d670b64abf6c01184760,pc/M-combat-capturePercent/9ea4f603e73d531fd3c8df44/A-B,vps/M-unit-knight-accuracySpread-fixed-counts/9ea4f603e73d531fd3c8df44/A-B
db8d3921ad4c7ffbcfdfcbf53d72da2e8c438f83b03f5de5e5b8aab344978ab5,pc/M-combat-capturePercent/9ea4f603e73d531fd3c8df44/B-A,vps/M-unit-knight-accuracySpread-fixed-counts/9ea4f603e73d531fd3c8df44/B-A
b965633c898c10ac48cc0b945d886ca291a7c3df9f2bc8fbbd6924891bba8756,pc/M-combat-capturePercent/a477667580eb4a6cca4bfd35/A-B,vps/M-unit-knight-accuracySpread-fixed-counts/a477667580eb4a6cca4bfd35/A-B
04d26513bee41f8de98ab49cd97c992b3a0017b0ad91dc428f6066f007ce270c,pc/M-combat-capturePercent/a477667580eb4a6cca4bfd35/B-A,vps/M-unit-knight-accuracySpread-fixed-counts/a477667580eb4a6cca4bfd35/B-A
092ff6440ba52367b900849f38396771039917fdafcad50e5a9b3669a0a1a448,pc/M-combat-capturePercent/f78c1d62cca9f23dba9520f5/A-B,vps/M-unit-knight-accuracySpread-fixed-counts/f78c1d62cca9f23dba9520f5/A-B
40e5890746cdbe0ba659fc1854a9e8c3218947407cf39f571ec0b4f63dfcca5c,pc/M-combat-capturePercent/f78c1d62cca9f23dba9520f5/B-A,vps/M-unit-knight-accuracySpread-fixed-counts/f78c1d62cca9f23dba9520f5/B-A
7d7abac10e512ec2c70d5d25a59d0d144ba2b19ce4372cc4f09baf310123eafb,pc/M-combat-capturePercent/15b79b9ef5cbd9e794375476/A-B,vps/M-unit-knight-attack-fixed-counts/15b79b9ef5cbd9e794375476/A-B
75facca78d59da8acebf5520dc1aec84674008dca00e85ffe5137a6371d683bd,pc/M-combat-capturePercent/15b79b9ef5cbd9e794375476/B-A,vps/M-unit-knight-attack-fixed-counts/15b79b9ef5cbd9e794375476/B-A
ac0328d7e848fe34c754caa6b9c4b0ed2030d2e4d6fcccd1ed330988caf253df,pc/M-combat-capturePercent/2497be6bce26a22f97e6e95e/A-B,vps/M-unit-knight-attack-fixed-counts/2497be6bce26a22f97e6e95e/A-B
cdf02ca8a3da35cbdb52ea241c610d7fdc069d44ffd601725625d6de3e1c67e1,pc/M-combat-capturePercent/2497be6bce26a22f97e6e95e/B-A,vps/M-unit-knight-attack-fixed-counts/2497be6bce26a22f97e6e95e/B-A
87844e416d861f5c9ead6ab9b78dcfb00006427ddc351bd0388c1eabd412ea8d,pc/M-combat-capturePercent/2d6350473497c883675afa80/A-B,vps/M-unit-knight-attack-fixed-counts/2d6350473497c883675afa80/A-B
e137c8706ef5acd42c2d3113acb60f6a980b709cb9423e1758161e5fa6ce3ea3,pc/M-combat-capturePercent/2d6350473497c883675afa80/B-A,vps/M-unit-knight-attack-fixed-counts/2d6350473497c883675afa80/B-A
9858c7ffa1a6a847079e50482789f9a042cfeb281ada503d2c73d74b65c9d985,pc/M-combat-capturePercent/2eb2746a70cb35fe1ce25f98/A-B,vps/M-unit-knight-attack-fixed-counts/2eb2746a70cb35fe1ce25f98/A-B
151989b8d1b1c0ca759fab7eaf3b152abc03724944a1ef9ad70118e7a90322e4,pc/M-combat-capturePercent/2eb2746a70cb35fe1ce25f98/B-A,vps/M-unit-knight-attack-fixed-counts/2eb2746a70cb35fe1ce25f98/B-A
9ca322cb96477f8f2d6b2e7673307285a8c1ac1a2124cfb6ddfbf09efb0d4075,pc/M-combat-capturePercent/48d3967fcd05b8de1e34c2d4/A-B,vps/M-unit-knight-attack-fixed-counts/48d3967fcd05b8de1e34c2d4/A-B
0ef488184d72f1f098ab6566fb80c72140d7078400dd1a9587141fe8b34a13ec,pc/M-combat-capturePercent/48d3967fcd05b8de1e34c2d4/B-A,vps/M-unit-knight-attack-fixed-counts/48d3967fcd05b8de1e34c2d4/B-A
4597ad24b5a2e47b6a7dce9496a9b6f4b1f246dce33a40845b0982a200fb8806,pc/M-combat-capturePercent/5be07c6fc69f472eef0ee17f/A-B,vps/M-unit-knight-attack-fixed-counts/5be07c6fc69f472eef0ee17f/A-B
7c1e87a0769464bd834f5d84f3fd33eaf9071aabdb90673a4cec8f5b7383d2cf,pc/M-combat-capturePercent/5be07c6fc69f472eef0ee17f/B-A,vps/M-unit-knight-attack-fixed-counts/5be07c6fc69f472eef0ee17f/B-A
4970d1f6b5265fad201517f3825ff40d79aa8b20306bc545f88c8e11a313708e,pc/M-combat-capturePercent/6aee5ba4cebd035270c43536/A-B,vps/M-unit-knight-attack-fixed-counts/6aee5ba4cebd035270c43536/A-B
0243eeadabcc14bc5e95fa1b391f9a0fbfc6c55db116c0e75d961227e7785c42,pc/M-combat-capturePercent/6aee5ba4cebd035270c43536/B-A,vps/M-unit-knight-attack-fixed-counts/6aee5ba4cebd035270c43536/B-A
35be79c5c128b6e4343bfeefa1db2f2aeb0a0150c17aa99303e7622a603c351b,pc/M-combat-capturePercent/7498c9f948922906239ad8d6/A-B,vps/M-unit-knight-attack-fixed-counts/7498c9f948922906239ad8d6/A-B
49d4b23c42e173b1bcdc7cd48f22932e3a82504dd30129431f21b83876d94cb2,pc/M-combat-capturePercent/7498c9f948922906239ad8d6/B-A,vps/M-unit-knight-attack-fixed-counts/7498c9f948922906239ad8d6/B-A
f5eaa97da71df5298d7c5b30554bec43da7311247b6bf61d3299b38dd99ce886,pc/M-combat-capturePercent/80ebf93b386771704cc70bab/A-B,vps/M-unit-knight-attack-fixed-counts/80ebf93b386771704cc70bab/A-B
6a49a491a5ff72a4b8db0cc1fcd37742813f1f1a76d4b11bb02af21e20d1e1ce,pc/M-combat-capturePercent/80ebf93b386771704cc70bab/B-A,vps/M-unit-knight-attack-fixed-counts/80ebf93b386771704cc70bab/B-A
1178f1206facb99d474deb6896610eb381b51065a110d670b64abf6c01184760,pc/M-combat-capturePercent/9ea4f603e73d531fd3c8df44/A-B,vps/M-unit-knight-attack-fixed-counts/9ea4f603e73d531fd3c8df44/A-B
db8d3921ad4c7ffbcfdfcbf53d72da2e8c438f83b03f5de5e5b8aab344978ab5,pc/M-combat-capturePercent/9ea4f603e73d531fd3c8df44/B-A,vps/M-unit-knight-attack-fixed-counts/9ea4f603e73d531fd3c8df44/B-A
b965633c898c10ac48cc0b945d886ca291a7c3df9f2bc8fbbd6924891bba8756,pc/M-combat-capturePercent/a477667580eb4a6cca4bfd35/A-B,vps/M-unit-knight-attack-fixed-counts/a477667580eb4a6cca4bfd35/A-B
04d26513bee41f8de98ab49cd97c992b3a0017b0ad91dc428f6066f007ce270c,pc/M-combat-capturePercent/a477667580eb4a6cca4bfd35/B-A,vps/M-unit-knight-attack-fixed-counts/a477667580eb4a6cca4bfd35/B-A
092ff6440ba52367b900849f38396771039917fdafcad50e5a9b3669a0a1a448,pc/M-combat-capturePercent/f78c1d62cca9f23dba9520f5/A-B,vps/M-unit-knight-attack-fixed-counts/f78c1d62cca9f23dba9520f5/A-B
40e5890746cdbe0ba659fc1854a9e8c3218947407cf39f571ec0b4f63dfcca5c,pc/M-combat-capturePercent/f78c1d62cca9f23dba9520f5/B-A,vps/M-unit-knight-attack-fixed-counts/f78c1d62cca9f23dba9520f5/B-A
7d7abac10e512ec2c70d5d25a59d0d144ba2b19ce4372cc4f09baf310123eafb,pc/M-combat-capturePercent/15b79b9ef5cbd9e794375476/A-B,vps/M-unit-knight-baseAccuracy-fixed-counts/15b79b9ef5cbd9e794375476/A-B
75facca78d59da8acebf5520dc1aec84674008dca00e85ffe5137a6371d683bd,pc/M-combat-capturePercent/15b79b9ef5cbd9e794375476/B-A,vps/M-unit-knight-baseAccuracy-fixed-counts/15b79b9ef5cbd9e794375476/B-A
ac0328d7e848fe34c754caa6b9c4b0ed2030d2e4d6fcccd1ed330988caf253df,pc/M-combat-capturePercent/2497be6bce26a22f97e6e95e/A-B,vps/M-unit-knight-baseAccuracy-fixed-counts/2497be6bce26a22f97e6e95e/A-B
cdf02ca8a3da35cbdb52ea241c610d7fdc069d44ffd601725625d6de3e1c67e1,pc/M-combat-capturePercent/2497be6bce26a22f97e6e95e/B-A,vps/M-unit-knight-baseAccuracy-fixed-counts/2497be6bce26a22f97e6e95e/B-A
87844e416d861f5c9ead6ab9b78dcfb00006427ddc351bd0388c1eabd412ea8d,pc/M-combat-capturePercent/2d6350473497c883675afa80/A-B,vps/M-unit-knight-baseAccuracy-fixed-counts/2d6350473497c883675afa80/A-B
e137c8706ef5acd42c2d3113acb60f6a980b709cb9423e1758161e5fa6ce3ea3,pc/M-combat-capturePercent/2d6350473497c883675afa80/B-A,vps/M-unit-knight-baseAccuracy-fixed-counts/2d6350473497c883675afa80/B-A
9858c7ffa1a6a847079e50482789f9a042cfeb281ada503d2c73d74b65c9d985,pc/M-combat-capturePercent/2eb2746a70cb35fe1ce25f98/A-B,vps/M-unit-knight-baseAccuracy-fixed-counts/2eb2746a70cb35fe1ce25f98/A-B
151989b8d1b1c0ca759fab7eaf3b152abc03724944a1ef9ad70118e7a90322e4,pc/M-combat-capturePercent/2eb2746a70cb35fe1ce25f98/B-A,vps/M-unit-knight-baseAccuracy-fixed-counts/2eb2746a70cb35fe1ce25f98/B-A
9ca322cb96477f8f2d6b2e7673307285a8c1ac1a2124cfb6ddfbf09efb0d4075,pc/M-combat-capturePercent/48d3967fcd05b8de1e34c2d4/A-B,vps/M-unit-knight-baseAccuracy-fixed-counts/48d3967fcd05b8de1e34c2d4/A-B
0ef488184d72f1f098ab6566fb80c72140d7078400dd1a9587141fe8b34a13ec,pc/M-combat-capturePercent/48d3967fcd05b8de1e34c2d4/B-A,vps/M-unit-knight-baseAccuracy-fixed-counts/48d3967fcd05b8de1e34c2d4/B-A
4597ad24b5a2e47b6a7dce9496a9b6f4b1f246dce33a40845b0982a200fb8806,pc/M-combat-capturePercent/5be07c6fc69f472eef0ee17f/A-B,vps/M-unit-knight-baseAccuracy-fixed-counts/5be07c6fc69f472eef0ee17f/A-B
7c1e87a0769464bd834f5d84f3fd33eaf9071aabdb90673a4cec8f5b7383d2cf,pc/M-combat-capturePercent/5be07c6fc69f472eef0ee17f/B-A,vps/M-unit-knight-baseAccuracy-fixed-counts/5be07c6fc69f472eef0ee17f/B-A
4970d1f6b5265fad201517f3825ff40d79aa8b20306bc545f88c8e11a313708e,pc/M-combat-capturePercent/6aee5ba4cebd035270c43536/A-B,vps/M-unit-knight-baseAccuracy-fixed-counts/6aee5ba4cebd035270c43536/A-B
0243eeadabcc14bc5e95fa1b391f9a0fbfc6c55db116c0e75d961227e7785c42,pc/M-combat-capturePercent/6aee5ba4cebd035270c43536/B-A,vps/M-unit-knight-baseAccuracy-fixed-counts/6aee5ba4cebd035270c43536/B-A
35be79c5c128b6e4343bfeefa1db2f2aeb0a0150c17aa99303e7622a603c351b,pc/M-combat-capturePercent/7498c9f948922906239ad8d6/A-B,vps/M-unit-knight-baseAccuracy-fixed-counts/7498c9f948922906239ad8d6/A-B
49d4b23c42e173b1bcdc7cd48f22932e3a82504dd30129431f21b83876d94cb2,pc/M-combat-capturePercent/7498c9f948922906239ad8d6/B-A,vps/M-unit-knight-baseAccuracy-fixed-counts/7498c9f948922906239ad8d6/B-A
f5eaa97da71df5298d7c5b30554bec43da7311247b6bf61d3299b38dd99ce886,pc/M-combat-capturePercent/80ebf93b386771704cc70bab/A-B,vps/M-unit-knight-baseAccuracy-fixed-counts/80ebf93b386771704cc70bab/A-B
6a49a491a5ff72a4b8db0cc1fcd37742813f1f1a76d4b11bb02af21e20d1e1ce,pc/M-combat-capturePercent/80ebf93b386771704cc70bab/B-A,vps/M-unit-knight-baseAccuracy-fixed-counts/80ebf93b386771704cc70bab/B-A
1178f1206facb99d474deb6896610eb381b51065a110d670b64abf6c01184760,pc/M-combat-capturePercent/9ea4f603e73d531fd3c8df44/A-B,vps/M-unit-knight-baseAccuracy-fixed-counts/9ea4f603e73d531fd3c8df44/A-B
db8d3921ad4c7ffbcfdfcbf53d72da2e8c438f83b03f5de5e5b8aab344978ab5,pc/M-combat-capturePercent/9ea4f603e73d531fd3c8df44/B-A,vps/M-unit-knight-baseAccuracy-fixed-counts/9ea4f603e73d531fd3c8df44/B-A
b965633c898c10ac48cc0b945d886ca291a7c3df9f2bc8fbbd6924891bba8756,pc/M-combat-capturePercent/a477667580eb4a6cca4bfd35/A-B,vps/M-unit-knight-baseAccuracy-fixed-counts/a477667580eb4a6cca4bfd35/A-B
04d26513bee41f8de98ab49cd97c992b3a0017b0ad91dc428f6066f007ce270c,pc/M-combat-capturePercent/a477667580eb4a6cca4bfd35/B-A,vps/M-unit-knight-baseAccuracy-fixed-counts/a477667580eb4a6cca4bfd35/B-A
092ff6440ba52367b900849f38396771039917fdafcad50e5a9b3669a0a1a448,pc/M-combat-capturePercent/f78c1d62cca9f23dba9520f5/A-B,vps/M-unit-knight-baseAccuracy-fixed-counts/f78c1d62cca9f23dba9520f5/A-B
40e5890746cdbe0ba659fc1854a9e8c3218947407cf39f571ec0b4f63dfcca5c,pc/M-combat-capturePercent/f78c1d62cca9f23dba9520f5/B-A,vps/M-unit-knight-baseAccuracy-fixed-counts/f78c1d62cca9f23dba9520f5/B-A
7d7abac10e512ec2c70d5d25a59d0d144ba2b19ce4372cc4f09baf310123eafb,pc/M-combat-capturePercent/15b79b9ef5cbd9e794375476/A-B,vps/M-unit-knight-capturable-fixed-counts/15b79b9ef5cbd9e794375476/A-B
75facca78d59da8acebf5520dc1aec84674008dca00e85ffe5137a6371d683bd,pc/M-combat-capturePercent/15b79b9ef5cbd9e794375476/B-A,vps/M-unit-knight-capturable-fixed-counts/15b79b9ef5cbd9e794375476/B-A
ac0328d7e848fe34c754caa6b9c4b0ed2030d2e4d6fcccd1ed330988caf253df,pc/M-combat-capturePercent/2497be6bce26a22f97e6e95e/A-B,vps/M-unit-knight-capturable-fixed-counts/2497be6bce26a22f97e6e95e/A-B
cdf02ca8a3da35cbdb52ea241c610d7fdc069d44ffd601725625d6de3e1c67e1,pc/M-combat-capturePercent/2497be6bce26a22f97e6e95e/B-A,vps/M-unit-knight-capturable-fixed-counts/2497be6bce26a22f97e6e95e/B-A
87844e416d861f5c9ead6ab9b78dcfb00006427ddc351bd0388c1eabd412ea8d,pc/M-combat-capturePercent/2d6350473497c883675afa80/A-B,vps/M-unit-knight-capturable-fixed-counts/2d6350473497c883675afa80/A-B
e137c8706ef5acd42c2d3113acb60f6a980b709cb9423e1758161e5fa6ce3ea3,pc/M-combat-capturePercent/2d6350473497c883675afa80/B-A,vps/M-unit-knight-capturable-fixed-counts/2d6350473497c883675afa80/B-A
9858c7ffa1a6a847079e50482789f9a042cfeb281ada503d2c73d74b65c9d985,pc/M-combat-capturePercent/2eb2746a70cb35fe1ce25f98/A-B,vps/M-unit-knight-capturable-fixed-counts/2eb2746a70cb35fe1ce25f98/A-B
151989b8d1b1c0ca759fab7eaf3b152abc03724944a1ef9ad70118e7a90322e4,pc/M-combat-capturePercent/2eb2746a70cb35fe1ce25f98/B-A,vps/M-unit-knight-capturable-fixed-counts/2eb2746a70cb35fe1ce25f98/B-A
9ca322cb96477f8f2d6b2e7673307285a8c1ac1a2124cfb6ddfbf09efb0d4075,pc/M-combat-capturePercent/48d3967fcd05b8de1e34c2d4/A-B,vps/M-unit-knight-capturable-fixed-counts/48d3967fcd05b8de1e34c2d4/A-B
0ef488184d72f1f098ab6566fb80c72140d7078400dd1a9587141fe8b34a13ec,pc/M-combat-capturePercent/48d3967fcd05b8de1e34c2d4/B-A,vps/M-unit-knight-capturable-fixed-counts/48d3967fcd05b8de1e34c2d4/B-A
4597ad24b5a2e47b6a7dce9496a9b6f4b1f246dce33a40845b0982a200fb8806,pc/M-combat-capturePercent/5be07c6fc69f472eef0ee17f/A-B,vps/M-unit-knight-capturable-fixed-counts/5be07c6fc69f472eef0ee17f/A-B
7c1e87a0769464bd834f5d84f3fd33eaf9071aabdb90673a4cec8f5b7383d2cf,pc/M-combat-capturePercent/5be07c6fc69f472eef0ee17f/B-A,vps/M-unit-knight-capturable-fixed-counts/5be07c6fc69f472eef0ee17f/B-A
4970d1f6b5265fad201517f3825ff40d79aa8b20306bc545f88c8e11a313708e,pc/M-combat-capturePercent/6aee5ba4cebd035270c43536/A-B,vps/M-unit-knight-capturable-fixed-counts/6aee5ba4cebd035270c43536/A-B
0243eeadabcc14bc5e95fa1b391f9a0fbfc6c55db116c0e75d961227e7785c42,pc/M-combat-capturePercent/6aee5ba4cebd035270c43536/B-A,vps/M-unit-knight-capturable-fixed-counts/6aee5ba4cebd035270c43536/B-A
35be79c5c128b6e4343bfeefa1db2f2aeb0a0150c17aa99303e7622a603c351b,pc/M-combat-capturePercent/7498c9f948922906239ad8d6/A-B,vps/M-unit-knight-capturable-fixed-counts/7498c9f948922906239ad8d6/A-B
49d4b23c42e173b1bcdc7cd48f22932e3a82504dd30129431f21b83876d94cb2,pc/M-combat-capturePercent/7498c9f948922906239ad8d6/B-A,vps/M-unit-knight-capturable-fixed-counts/7498c9f948922906239ad8d6/B-A
f5eaa97da71df5298d7c5b30554bec43da7311247b6bf61d3299b38dd99ce886,pc/M-combat-capturePercent/80ebf93b386771704cc70bab/A-B,vps/M-unit-knight-capturable-fixed-counts/80ebf93b386771704cc70bab/A-B
6a49a491a5ff72a4b8db0cc1fcd37742813f1f1a76d4b11bb02af21e20d1e1ce,pc/M-combat-capturePercent/80ebf93b386771704cc70bab/B-A,vps/M-unit-knight-capturable-fixed-counts/80ebf93b386771704cc70bab/B-A
1178f1206facb99d474deb6896610eb381b51065a110d670b64abf6c01184760,pc/M-combat-capturePercent/9ea4f603e73d531fd3c8df44/A-B,vps/M-unit-knight-capturable-fixed-counts/9ea4f603e73d531fd3c8df44/A-B
db8d3921ad4c7ffbcfdfcbf53d72da2e8c438f83b03f5de5e5b8aab344978ab5,pc/M-combat-capturePercent/9ea4f603e73d531fd3c8df44/B-A,vps/M-unit-knight-capturable-fixed-counts/9ea4f603e73d531fd3c8df44/B-A
b965633c898c10ac48cc0b945d886ca291a7c3df9f2bc8fbbd6924891bba8756,pc/M-combat-capturePercent/a477667580eb4a6cca4bfd35/A-B,vps/M-unit-knight-capturable-fixed-counts/a477667580eb4a6cca4bfd35/A-B
04d26513bee41f8de98ab49cd97c992b3a0017b0ad91dc428f6066f007ce270c,pc/M-combat-capturePercent/a477667580eb4a6cca4bfd35/B-A,vps/M-unit-knight-capturable-fixed-counts/a477667580eb4a6cca4bfd35/B-A
092ff6440ba52367b900849f38396771039917fdafcad50e5a9b3669a0a1a448,pc/M-combat-capturePercent/f78c1d62cca9f23dba9520f5/A-B,vps/M-unit-knight-capturable-fixed-counts/f78c1d62cca9f23dba9520f5/A-B
40e5890746cdbe0ba659fc1854a9e8c3218947407cf39f571ec0b4f63dfcca5c,pc/M-combat-capturePercent/f78c1d62cca9f23dba9520f5/B-A,vps/M-unit-knight-capturable-fixed-counts/f78c1d62cca9f23dba9520f5/B-A
4597ad24b5a2e47b6a7dce9496a9b6f4b1f246dce33a40845b0982a200fb8806,pc/M-combat-capturePercent/5be07c6fc69f472eef0ee17f/A-B,vps/M-unit-knight-cost-fixed-budget/02f93e06b10bf00d02ab7c6d/A-B
7c1e87a0769464bd834f5d84f3fd33eaf9071aabdb90673a4cec8f5b7383d2cf,pc/M-combat-capturePercent/5be07c6fc69f472eef0ee17f/B-A,vps/M-unit-knight-cost-fixed-budget/02f93e06b10bf00d02ab7c6d/B-A
ac0328d7e848fe34c754caa6b9c4b0ed2030d2e4d6fcccd1ed330988caf253df,pc/M-combat-capturePercent/2497be6bce26a22f97e6e95e/A-B,vps/M-unit-knight-cost-fixed-budget/224b20ea31b5c7e87ec2b1bd/A-B
cdf02ca8a3da35cbdb52ea241c610d7fdc069d44ffd601725625d6de3e1c67e1,pc/M-combat-capturePercent/2497be6bce26a22f97e6e95e/B-A,vps/M-unit-knight-cost-fixed-budget/224b20ea31b5c7e87ec2b1bd/B-A
7d7abac10e512ec2c70d5d25a59d0d144ba2b19ce4372cc4f09baf310123eafb,pc/M-combat-capturePercent/15b79b9ef5cbd9e794375476/A-B,vps/M-unit-knight-cost-fixed-budget/3fef9f920ae2398062a939e2/A-B
75facca78d59da8acebf5520dc1aec84674008dca00e85ffe5137a6371d683bd,pc/M-combat-capturePercent/15b79b9ef5cbd9e794375476/B-A,vps/M-unit-knight-cost-fixed-budget/3fef9f920ae2398062a939e2/B-A
87844e416d861f5c9ead6ab9b78dcfb00006427ddc351bd0388c1eabd412ea8d,pc/M-combat-capturePercent/2d6350473497c883675afa80/A-B,vps/M-unit-knight-cost-fixed-budget/45e17c2efbb5d4d72b53f072/A-B
e137c8706ef5acd42c2d3113acb60f6a980b709cb9423e1758161e5fa6ce3ea3,pc/M-combat-capturePercent/2d6350473497c883675afa80/B-A,vps/M-unit-knight-cost-fixed-budget/45e17c2efbb5d4d72b53f072/B-A
9ca322cb96477f8f2d6b2e7673307285a8c1ac1a2124cfb6ddfbf09efb0d4075,pc/M-combat-capturePercent/48d3967fcd05b8de1e34c2d4/A-B,vps/M-unit-knight-cost-fixed-budget/4d96e79b6015fadb93ed8b75/A-B
0ef488184d72f1f098ab6566fb80c72140d7078400dd1a9587141fe8b34a13ec,pc/M-combat-capturePercent/48d3967fcd05b8de1e34c2d4/B-A,vps/M-unit-knight-cost-fixed-budget/4d96e79b6015fadb93ed8b75/B-A
f5eaa97da71df5298d7c5b30554bec43da7311247b6bf61d3299b38dd99ce886,pc/M-combat-capturePercent/80ebf93b386771704cc70bab/A-B,vps/M-unit-knight-cost-fixed-budget/6866debf34828ca289995be9/A-B
6a49a491a5ff72a4b8db0cc1fcd37742813f1f1a76d4b11bb02af21e20d1e1ce,pc/M-combat-capturePercent/80ebf93b386771704cc70bab/B-A,vps/M-unit-knight-cost-fixed-budget/6866debf34828ca289995be9/B-A
4970d1f6b5265fad201517f3825ff40d79aa8b20306bc545f88c8e11a313708e,pc/M-combat-capturePercent/6aee5ba4cebd035270c43536/A-B,vps/M-unit-knight-cost-fixed-budget/773ed616788ab2958d80f9ac/A-B
0243eeadabcc14bc5e95fa1b391f9a0fbfc6c55db116c0e75d961227e7785c42,pc/M-combat-capturePercent/6aee5ba4cebd035270c43536/B-A,vps/M-unit-knight-cost-fixed-budget/773ed616788ab2958d80f9ac/B-A
b965633c898c10ac48cc0b945d886ca291a7c3df9f2bc8fbbd6924891bba8756,pc/M-combat-capturePercent/a477667580eb4a6cca4bfd35/A-B,vps/M-unit-knight-cost-fixed-budget/a3c6e1120b9aa3d31249b356/A-B
04d26513bee41f8de98ab49cd97c992b3a0017b0ad91dc428f6066f007ce270c,pc/M-combat-capturePercent/a477667580eb4a6cca4bfd35/B-A,vps/M-unit-knight-cost-fixed-budget/a3c6e1120b9aa3d31249b356/B-A
9858c7ffa1a6a847079e50482789f9a042cfeb281ada503d2c73d74b65c9d985,pc/M-combat-capturePercent/2eb2746a70cb35fe1ce25f98/A-B,vps/M-unit-knight-cost-fixed-budget/a8b2d7f16b5bff75567a8ac1/A-B
151989b8d1b1c0ca759fab7eaf3b152abc03724944a1ef9ad70118e7a90322e4,pc/M-combat-capturePercent/2eb2746a70cb35fe1ce25f98/B-A,vps/M-unit-knight-cost-fixed-budget/a8b2d7f16b5bff75567a8ac1/B-A
092ff6440ba52367b900849f38396771039917fdafcad50e5a9b3669a0a1a448,pc/M-combat-capturePercent/f78c1d62cca9f23dba9520f5/A-B,vps/M-unit-knight-cost-fixed-budget/b205550bebd3060b76db9ddc/A-B
40e5890746cdbe0ba659fc1854a9e8c3218947407cf39f571ec0b4f63dfcca5c,pc/M-combat-capturePercent/f78c1d62cca9f23dba9520f5/B-A,vps/M-unit-knight-cost-fixed-budget/b205550bebd3060b76db9ddc/B-A
1178f1206facb99d474deb6896610eb381b51065a110d670b64abf6c01184760,pc/M-combat-capturePercent/9ea4f603e73d531fd3c8df44/A-B,vps/M-unit-knight-cost-fixed-budget/dd327f794dcfd6e25a33d78e/A-B
db8d3921ad4c7ffbcfdfcbf53d72da2e8c438f83b03f5de5e5b8aab344978ab5,pc/M-combat-capturePercent/9ea4f603e73d531fd3c8df44/B-A,vps/M-unit-knight-cost-fixed-budget/dd327f794dcfd6e25a33d78e/B-A
35be79c5c128b6e4343bfeefa1db2f2aeb0a0150c17aa99303e7622a603c351b,pc/M-combat-capturePercent/7498c9f948922906239ad8d6/A-B,vps/M-unit-knight-cost-fixed-budget/ea2c2059350c5f9ea9b696ab/A-B
49d4b23c42e173b1bcdc7cd48f22932e3a82504dd30129431f21b83876d94cb2,pc/M-combat-capturePercent/7498c9f948922906239ad8d6/B-A,vps/M-unit-knight-cost-fixed-budget/ea2c2059350c5f9ea9b696ab/B-A
7d7abac10e512ec2c70d5d25a59d0d144ba2b19ce4372cc4f09baf310123eafb,pc/M-combat-capturePercent/15b79b9ef5cbd9e794375476/A-B,vps/M-unit-knight-cost-fixed-counts/15b79b9ef5cbd9e794375476/A-B
75facca78d59da8acebf5520dc1aec84674008dca00e85ffe5137a6371d683bd,pc/M-combat-capturePercent/15b79b9ef5cbd9e794375476/B-A,vps/M-unit-knight-cost-fixed-counts/15b79b9ef5cbd9e794375476/B-A
ac0328d7e848fe34c754caa6b9c4b0ed2030d2e4d6fcccd1ed330988caf253df,pc/M-combat-capturePercent/2497be6bce26a22f97e6e95e/A-B,vps/M-unit-knight-cost-fixed-counts/2497be6bce26a22f97e6e95e/A-B
cdf02ca8a3da35cbdb52ea241c610d7fdc069d44ffd601725625d6de3e1c67e1,pc/M-combat-capturePercent/2497be6bce26a22f97e6e95e/B-A,vps/M-unit-knight-cost-fixed-counts/2497be6bce26a22f97e6e95e/B-A
87844e416d861f5c9ead6ab9b78dcfb00006427ddc351bd0388c1eabd412ea8d,pc/M-combat-capturePercent/2d6350473497c883675afa80/A-B,vps/M-unit-knight-cost-fixed-counts/2d6350473497c883675afa80/A-B
e137c8706ef5acd42c2d3113acb60f6a980b709cb9423e1758161e5fa6ce3ea3,pc/M-combat-capturePercent/2d6350473497c883675afa80/B-A,vps/M-unit-knight-cost-fixed-counts/2d6350473497c883675afa80/B-A
9858c7ffa1a6a847079e50482789f9a042cfeb281ada503d2c73d74b65c9d985,pc/M-combat-capturePercent/2eb2746a70cb35fe1ce25f98/A-B,vps/M-unit-knight-cost-fixed-counts/2eb2746a70cb35fe1ce25f98/A-B
151989b8d1b1c0ca759fab7eaf3b152abc03724944a1ef9ad70118e7a90322e4,pc/M-combat-capturePercent/2eb2746a70cb35fe1ce25f98/B-A,vps/M-unit-knight-cost-fixed-counts/2eb2746a70cb35fe1ce25f98/B-A
9ca322cb96477f8f2d6b2e7673307285a8c1ac1a2124cfb6ddfbf09efb0d4075,pc/M-combat-capturePercent/48d3967fcd05b8de1e34c2d4/A-B,vps/M-unit-knight-cost-fixed-counts/48d3967fcd05b8de1e34c2d4/A-B
0ef488184d72f1f098ab6566fb80c72140d7078400dd1a9587141fe8b34a13ec,pc/M-combat-capturePercent/48d3967fcd05b8de1e34c2d4/B-A,vps/M-unit-knight-cost-fixed-counts/48d3967fcd05b8de1e34c2d4/B-A
4597ad24b5a2e47b6a7dce9496a9b6f4b1f246dce33a40845b0982a200fb8806,pc/M-combat-capturePercent/5be07c6fc69f472eef0ee17f/A-B,vps/M-unit-knight-cost-fixed-counts/5be07c6fc69f472eef0ee17f/A-B
7c1e87a0769464bd834f5d84f3fd33eaf9071aabdb90673a4cec8f5b7383d2cf,pc/M-combat-capturePercent/5be07c6fc69f472eef0ee17f/B-A,vps/M-unit-knight-cost-fixed-counts/5be07c6fc69f472eef0ee17f/B-A
4970d1f6b5265fad201517f3825ff40d79aa8b20306bc545f88c8e11a313708e,pc/M-combat-capturePercent/6aee5ba4cebd035270c43536/A-B,vps/M-unit-knight-cost-fixed-counts/6aee5ba4cebd035270c43536/A-B
0243eeadabcc14bc5e95fa1b391f9a0fbfc6c55db116c0e75d961227e7785c42,pc/M-combat-capturePercent/6aee5ba4cebd035270c43536/B-A,vps/M-unit-knight-cost-fixed-counts/6aee5ba4cebd035270c43536/B-A
35be79c5c128b6e4343bfeefa1db2f2aeb0a0150c17aa99303e7622a603c351b,pc/M-combat-capturePercent/7498c9f948922906239ad8d6/A-B,vps/M-unit-knight-cost-fixed-counts/7498c9f948922906239ad8d6/A-B
49d4b23c42e173b1bcdc7cd48f22932e3a82504dd30129431f21b83876d94cb2,pc/M-combat-capturePercent/7498c9f948922906239ad8d6/B-A,vps/M-unit-knight-cost-fixed-counts/7498c9f948922906239ad8d6/B-A
f5eaa97da71df5298d7c5b30554bec43da7311247b6bf61d3299b38dd99ce886,pc/M-combat-capturePercent/80ebf93b386771704cc70bab/A-B,vps/M-unit-knight-cost-fixed-counts/80ebf93b386771704cc70bab/A-B
6a49a491a5ff72a4b8db0cc1fcd37742813f1f1a76d4b11bb02af21e20d1e1ce,pc/M-combat-capturePercent/80ebf93b386771704cc70bab/B-A,vps/M-unit-knight-cost-fixed-counts/80ebf93b386771704cc70bab/B-A
1178f1206facb99d474deb6896610eb381b51065a110d670b64abf6c01184760,pc/M-combat-capturePercent/9ea4f603e73d531fd3c8df44/A-B,vps/M-unit-knight-cost-fixed-counts/9ea4f603e73d531fd3c8df44/A-B
db8d3921ad4c7ffbcfdfcbf53d72da2e8c438f83b03f5de5e5b8aab344978ab5,pc/M-combat-capturePercent/9ea4f603e73d531fd3c8df44/B-A,vps/M-unit-knight-cost-fixed-counts/9ea4f603e73d531fd3c8df44/B-A
b965633c898c10ac48cc0b945d886ca291a7c3df9f2bc8fbbd6924891bba8756,pc/M-combat-capturePercent/a477667580eb4a6cca4bfd35/A-B,vps/M-unit-knight-cost-fixed-counts/a477667580eb4a6cca4bfd35/A-B
04d26513bee41f8de98ab49cd97c992b3a0017b0ad91dc428f6066f007ce270c,pc/M-combat-capturePercent/a477667580eb4a6cca4bfd35/B-A,vps/M-unit-knight-cost-fixed-counts/a477667580eb4a6cca4bfd35/B-A
092ff6440ba52367b900849f38396771039917fdafcad50e5a9b3669a0a1a448,pc/M-combat-capturePercent/f78c1d62cca9f23dba9520f5/A-B,vps/M-unit-knight-cost-fixed-counts/f78c1d62cca9f23dba9520f5/A-B
40e5890746cdbe0ba659fc1854a9e8c3218947407cf39f571ec0b4f63dfcca5c,pc/M-combat-capturePercent/f78c1d62cca9f23dba9520f5/B-A,vps/M-unit-knight-cost-fixed-counts/f78c1d62cca9f23dba9520f5/B-A
7d7abac10e512ec2c70d5d25a59d0d144ba2b19ce4372cc4f09baf310123eafb,pc/M-combat-capturePercent/15b79b9ef5cbd9e794375476/A-B,vps/M-unit-knight-defendingEfficiency-fixed-counts/15b79b9ef5cbd9e794375476/A-B
75facca78d59da8acebf5520dc1aec84674008dca00e85ffe5137a6371d683bd,pc/M-combat-capturePercent/15b79b9ef5cbd9e794375476/B-A,vps/M-unit-knight-defendingEfficiency-fixed-counts/15b79b9ef5cbd9e794375476/B-A
ac0328d7e848fe34c754caa6b9c4b0ed2030d2e4d6fcccd1ed330988caf253df,pc/M-combat-capturePercent/2497be6bce26a22f97e6e95e/A-B,vps/M-unit-knight-defendingEfficiency-fixed-counts/2497be6bce26a22f97e6e95e/A-B
cdf02ca8a3da35cbdb52ea241c610d7fdc069d44ffd601725625d6de3e1c67e1,pc/M-combat-capturePercent/2497be6bce26a22f97e6e95e/B-A,vps/M-unit-knight-defendingEfficiency-fixed-counts/2497be6bce26a22f97e6e95e/B-A
87844e416d861f5c9ead6ab9b78dcfb00006427ddc351bd0388c1eabd412ea8d,pc/M-combat-capturePercent/2d6350473497c883675afa80/A-B,vps/M-unit-knight-defendingEfficiency-fixed-counts/2d6350473497c883675afa80/A-B
e137c8706ef5acd42c2d3113acb60f6a980b709cb9423e1758161e5fa6ce3ea3,pc/M-combat-capturePercent/2d6350473497c883675afa80/B-A,vps/M-unit-knight-defendingEfficiency-fixed-counts/2d6350473497c883675afa80/B-A
9858c7ffa1a6a847079e50482789f9a042cfeb281ada503d2c73d74b65c9d985,pc/M-combat-capturePercent/2eb2746a70cb35fe1ce25f98/A-B,vps/M-unit-knight-defendingEfficiency-fixed-counts/2eb2746a70cb35fe1ce25f98/A-B
151989b8d1b1c0ca759fab7eaf3b152abc03724944a1ef9ad70118e7a90322e4,pc/M-combat-capturePercent/2eb2746a70cb35fe1ce25f98/B-A,vps/M-unit-knight-defendingEfficiency-fixed-counts/2eb2746a70cb35fe1ce25f98/B-A
9ca322cb96477f8f2d6b2e7673307285a8c1ac1a2124cfb6ddfbf09efb0d4075,pc/M-combat-capturePercent/48d3967fcd05b8de1e34c2d4/A-B,vps/M-unit-knight-defendingEfficiency-fixed-counts/48d3967fcd05b8de1e34c2d4/A-B
0ef488184d72f1f098ab6566fb80c72140d7078400dd1a9587141fe8b34a13ec,pc/M-combat-capturePercent/48d3967fcd05b8de1e34c2d4/B-A,vps/M-unit-knight-defendingEfficiency-fixed-counts/48d3967fcd05b8de1e34c2d4/B-A
4597ad24b5a2e47b6a7dce9496a9b6f4b1f246dce33a40845b0982a200fb8806,pc/M-combat-capturePercent/5be07c6fc69f472eef0ee17f/A-B,vps/M-unit-knight-defendingEfficiency-fixed-counts/5be07c6fc69f472eef0ee17f/A-B
7c1e87a0769464bd834f5d84f3fd33eaf9071aabdb90673a4cec8f5b7383d2cf,pc/M-combat-capturePercent/5be07c6fc69f472eef0ee17f/B-A,vps/M-unit-knight-defendingEfficiency-fixed-counts/5be07c6fc69f472eef0ee17f/B-A
4970d1f6b5265fad201517f3825ff40d79aa8b20306bc545f88c8e11a313708e,pc/M-combat-capturePercent/6aee5ba4cebd035270c43536/A-B,vps/M-unit-knight-defendingEfficiency-fixed-counts/6aee5ba4cebd035270c43536/A-B
0243eeadabcc14bc5e95fa1b391f9a0fbfc6c55db116c0e75d961227e7785c42,pc/M-combat-capturePercent/6aee5ba4cebd035270c43536/B-A,vps/M-unit-knight-defendingEfficiency-fixed-counts/6aee5ba4cebd035270c43536/B-A
35be79c5c128b6e4343bfeefa1db2f2aeb0a0150c17aa99303e7622a603c351b,pc/M-combat-capturePercent/7498c9f948922906239ad8d6/A-B,vps/M-unit-knight-defendingEfficiency-fixed-counts/7498c9f948922906239ad8d6/A-B
49d4b23c42e173b1bcdc7cd48f22932e3a82504dd30129431f21b83876d94cb2,pc/M-combat-capturePercent/7498c9f948922906239ad8d6/B-A,vps/M-unit-knight-defendingEfficiency-fixed-counts/7498c9f948922906239ad8d6/B-A
f5eaa97da71df5298d7c5b30554bec43da7311247b6bf61d3299b38dd99ce886,pc/M-combat-capturePercent/80ebf93b386771704cc70bab/A-B,vps/M-unit-knight-defendingEfficiency-fixed-counts/80ebf93b386771704cc70bab/A-B
6a49a491a5ff72a4b8db0cc1fcd37742813f1f1a76d4b11bb02af21e20d1e1ce,pc/M-combat-capturePercent/80ebf93b386771704cc70bab/B-A,vps/M-unit-knight-defendingEfficiency-fixed-counts/80ebf93b386771704cc70bab/B-A
1178f1206facb99d474deb6896610eb381b51065a110d670b64abf6c01184760,pc/M-combat-capturePercent/9ea4f603e73d531fd3c8df44/A-B,vps/M-unit-knight-defendingEfficiency-fixed-counts/9ea4f603e73d531fd3c8df44/A-B
db8d3921ad4c7ffbcfdfcbf53d72da2e8c438f83b03f5de5e5b8aab344978ab5,pc/M-combat-capturePercent/9ea4f603e73d531fd3c8df44/B-A,vps/M-unit-knight-defendingEfficiency-fixed-counts/9ea4f603e73d531fd3c8df44/B-A
b965633c898c10ac48cc0b945d886ca291a7c3df9f2bc8fbbd6924891bba8756,pc/M-combat-capturePercent/a477667580eb4a6cca4bfd35/A-B,vps/M-unit-knight-defendingEfficiency-fixed-counts/a477667580eb4a6cca4bfd35/A-B
04d26513bee41f8de98ab49cd97c992b3a0017b0ad91dc428f6066f007ce270c,pc/M-combat-capturePercent/a477667580eb4a6cca4bfd35/B-A,vps/M-unit-knight-defendingEfficiency-fixed-counts/a477667580eb4a6cca4bfd35/B-A
092ff6440ba52367b900849f38396771039917fdafcad50e5a9b3669a0a1a448,pc/M-combat-capturePercent/f78c1d62cca9f23dba9520f5/A-B,vps/M-unit-knight-defendingEfficiency-fixed-counts/f78c1d62cca9f23dba9520f5/A-B
40e5890746cdbe0ba659fc1854a9e8c3218947407cf39f571ec0b4f63dfcca5c,pc/M-combat-capturePercent/f78c1d62cca9f23dba9520f5/B-A,vps/M-unit-knight-defendingEfficiency-fixed-counts/f78c1d62cca9f23dba9520f5/B-A
7d7abac10e512ec2c70d5d25a59d0d144ba2b19ce4372cc4f09baf310123eafb,pc/M-combat-capturePercent/15b79b9ef5cbd9e794375476/A-B,vps/M-unit-knight-strikesPerAttack-fixed-counts/15b79b9ef5cbd9e794375476/A-B
75facca78d59da8acebf5520dc1aec84674008dca00e85ffe5137a6371d683bd,pc/M-combat-capturePercent/15b79b9ef5cbd9e794375476/B-A,vps/M-unit-knight-strikesPerAttack-fixed-counts/15b79b9ef5cbd9e794375476/B-A
ac0328d7e848fe34c754caa6b9c4b0ed2030d2e4d6fcccd1ed330988caf253df,pc/M-combat-capturePercent/2497be6bce26a22f97e6e95e/A-B,vps/M-unit-knight-strikesPerAttack-fixed-counts/2497be6bce26a22f97e6e95e/A-B
cdf02ca8a3da35cbdb52ea241c610d7fdc069d44ffd601725625d6de3e1c67e1,pc/M-combat-capturePercent/2497be6bce26a22f97e6e95e/B-A,vps/M-unit-knight-strikesPerAttack-fixed-counts/2497be6bce26a22f97e6e95e/B-A
87844e416d861f5c9ead6ab9b78dcfb00006427ddc351bd0388c1eabd412ea8d,pc/M-combat-capturePercent/2d6350473497c883675afa80/A-B,vps/M-unit-knight-strikesPerAttack-fixed-counts/2d6350473497c883675afa80/A-B
e137c8706ef5acd42c2d3113acb60f6a980b709cb9423e1758161e5fa6ce3ea3,pc/M-combat-capturePercent/2d6350473497c883675afa80/B-A,vps/M-unit-knight-strikesPerAttack-fixed-counts/2d6350473497c883675afa80/B-A
9858c7ffa1a6a847079e50482789f9a042cfeb281ada503d2c73d74b65c9d985,pc/M-combat-capturePercent/2eb2746a70cb35fe1ce25f98/A-B,vps/M-unit-knight-strikesPerAttack-fixed-counts/2eb2746a70cb35fe1ce25f98/A-B
151989b8d1b1c0ca759fab7eaf3b152abc03724944a1ef9ad70118e7a90322e4,pc/M-combat-capturePercent/2eb2746a70cb35fe1ce25f98/B-A,vps/M-unit-knight-strikesPerAttack-fixed-counts/2eb2746a70cb35fe1ce25f98/B-A
9ca322cb96477f8f2d6b2e7673307285a8c1ac1a2124cfb6ddfbf09efb0d4075,pc/M-combat-capturePercent/48d3967fcd05b8de1e34c2d4/A-B,vps/M-unit-knight-strikesPerAttack-fixed-counts/48d3967fcd05b8de1e34c2d4/A-B
0ef488184d72f1f098ab6566fb80c72140d7078400dd1a9587141fe8b34a13ec,pc/M-combat-capturePercent/48d3967fcd05b8de1e34c2d4/B-A,vps/M-unit-knight-strikesPerAttack-fixed-counts/48d3967fcd05b8de1e34c2d4/B-A
4597ad24b5a2e47b6a7dce9496a9b6f4b1f246dce33a40845b0982a200fb8806,pc/M-combat-capturePercent/5be07c6fc69f472eef0ee17f/A-B,vps/M-unit-knight-strikesPerAttack-fixed-counts/5be07c6fc69f472eef0ee17f/A-B
7c1e87a0769464bd834f5d84f3fd33eaf9071aabdb90673a4cec8f5b7383d2cf,pc/M-combat-capturePercent/5be07c6fc69f472eef0ee17f/B-A,vps/M-unit-knight-strikesPerAttack-fixed-counts/5be07c6fc69f472eef0ee17f/B-A
4970d1f6b5265fad201517f3825ff40d79aa8b20306bc545f88c8e11a313708e,pc/M-combat-capturePercent/6aee5ba4cebd035270c43536/A-B,vps/M-unit-knight-strikesPerAttack-fixed-counts/6aee5ba4cebd035270c43536/A-B
0243eeadabcc14bc5e95fa1b391f9a0fbfc6c55db116c0e75d961227e7785c42,pc/M-combat-capturePercent/6aee5ba4cebd035270c43536/B-A,vps/M-unit-knight-strikesPerAttack-fixed-counts/6aee5ba4cebd035270c43536/B-A
35be79c5c128b6e4343bfeefa1db2f2aeb0a0150c17aa99303e7622a603c351b,pc/M-combat-capturePercent/7498c9f948922906239ad8d6/A-B,vps/M-unit-knight-strikesPerAttack-fixed-counts/7498c9f948922906239ad8d6/A-B
49d4b23c42e173b1bcdc7cd48f22932e3a82504dd30129431f21b83876d94cb2,pc/M-combat-capturePercent/7498c9f948922906239ad8d6/B-A,vps/M-unit-knight-strikesPerAttack-fixed-counts/7498c9f948922906239ad8d6/B-A
f5eaa97da71df5298d7c5b30554bec43da7311247b6bf61d3299b38dd99ce886,pc/M-combat-capturePercent/80ebf93b386771704cc70bab/A-B,vps/M-unit-knight-strikesPerAttack-fixed-counts/80ebf93b386771704cc70bab/A-B
6a49a491a5ff72a4b8db0cc1fcd37742813f1f1a76d4b11bb02af21e20d1e1ce,pc/M-combat-capturePercent/80ebf93b386771704cc70bab/B-A,vps/M-unit-knight-strikesPerAttack-fixed-counts/80ebf93b386771704cc70bab/B-A
1178f1206facb99d474deb6896610eb381b51065a110d670b64abf6c01184760,pc/M-combat-capturePercent/9ea4f603e73d531fd3c8df44/A-B,vps/M-unit-knight-strikesPerAttack-fixed-counts/9ea4f603e73d531fd3c8df44/A-B
db8d3921ad4c7ffbcfdfcbf53d72da2e8c438f83b03f5de5e5b8aab344978ab5,pc/M-combat-capturePercent/9ea4f603e73d531fd3c8df44/B-A,vps/M-unit-knight-strikesPerAttack-fixed-counts/9ea4f603e73d531fd3c8df44/B-A
b965633c898c10ac48cc0b945d886ca291a7c3df9f2bc8fbbd6924891bba8756,pc/M-combat-capturePercent/a477667580eb4a6cca4bfd35/A-B,vps/M-unit-knight-strikesPerAttack-fixed-counts/a477667580eb4a6cca4bfd35/A-B
04d26513bee41f8de98ab49cd97c992b3a0017b0ad91dc428f6066f007ce270c,pc/M-combat-capturePercent/a477667580eb4a6cca4bfd35/B-A,vps/M-unit-knight-strikesPerAttack-fixed-counts/a477667580eb4a6cca4bfd35/B-A
092ff6440ba52367b900849f38396771039917fdafcad50e5a9b3669a0a1a448,pc/M-combat-capturePercent/f78c1d62cca9f23dba9520f5/A-B,vps/M-unit-knight-strikesPerAttack-fixed-counts/f78c1d62cca9f23dba9520f5/A-B
40e5890746cdbe0ba659fc1854a9e8c3218947407cf39f571ec0b4f63dfcca5c,pc/M-combat-capturePercent/f78c1d62cca9f23dba9520f5/B-A,vps/M-unit-knight-strikesPerAttack-fixed-counts/f78c1d62cca9f23dba9520f5/B-A
7d7abac10e512ec2c70d5d25a59d0d144ba2b19ce4372cc4f09baf310123eafb,pc/M-combat-capturePercent/15b79b9ef5cbd9e794375476/A-B,vps/M-unit-knight-structure-fixed-counts/15b79b9ef5cbd9e794375476/A-B
75facca78d59da8acebf5520dc1aec84674008dca00e85ffe5137a6371d683bd,pc/M-combat-capturePercent/15b79b9ef5cbd9e794375476/B-A,vps/M-unit-knight-structure-fixed-counts/15b79b9ef5cbd9e794375476/B-A
ac0328d7e848fe34c754caa6b9c4b0ed2030d2e4d6fcccd1ed330988caf253df,pc/M-combat-capturePercent/2497be6bce26a22f97e6e95e/A-B,vps/M-unit-knight-structure-fixed-counts/2497be6bce26a22f97e6e95e/A-B
cdf02ca8a3da35cbdb52ea241c610d7fdc069d44ffd601725625d6de3e1c67e1,pc/M-combat-capturePercent/2497be6bce26a22f97e6e95e/B-A,vps/M-unit-knight-structure-fixed-counts/2497be6bce26a22f97e6e95e/B-A
87844e416d861f5c9ead6ab9b78dcfb00006427ddc351bd0388c1eabd412ea8d,pc/M-combat-capturePercent/2d6350473497c883675afa80/A-B,vps/M-unit-knight-structure-fixed-counts/2d6350473497c883675afa80/A-B
e137c8706ef5acd42c2d3113acb60f6a980b709cb9423e1758161e5fa6ce3ea3,pc/M-combat-capturePercent/2d6350473497c883675afa80/B-A,vps/M-unit-knight-structure-fixed-counts/2d6350473497c883675afa80/B-A
9858c7ffa1a6a847079e50482789f9a042cfeb281ada503d2c73d74b65c9d985,pc/M-combat-capturePercent/2eb2746a70cb35fe1ce25f98/A-B,vps/M-unit-knight-structure-fixed-counts/2eb2746a70cb35fe1ce25f98/A-B
151989b8d1b1c0ca759fab7eaf3b152abc03724944a1ef9ad70118e7a90322e4,pc/M-combat-capturePercent/2eb2746a70cb35fe1ce25f98/B-A,vps/M-unit-knight-structure-fixed-counts/2eb2746a70cb35fe1ce25f98/B-A
9ca322cb96477f8f2d6b2e7673307285a8c1ac1a2124cfb6ddfbf09efb0d4075,pc/M-combat-capturePercent/48d3967fcd05b8de1e34c2d4/A-B,vps/M-unit-knight-structure-fixed-counts/48d3967fcd05b8de1e34c2d4/A-B
0ef488184d72f1f098ab6566fb80c72140d7078400dd1a9587141fe8b34a13ec,pc/M-combat-capturePercent/48d3967fcd05b8de1e34c2d4/B-A,vps/M-unit-knight-structure-fixed-counts/48d3967fcd05b8de1e34c2d4/B-A
4597ad24b5a2e47b6a7dce9496a9b6f4b1f246dce33a40845b0982a200fb8806,pc/M-combat-capturePercent/5be07c6fc69f472eef0ee17f/A-B,vps/M-unit-knight-structure-fixed-counts/5be07c6fc69f472eef0ee17f/A-B
7c1e87a0769464bd834f5d84f3fd33eaf9071aabdb90673a4cec8f5b7383d2cf,pc/M-combat-capturePercent/5be07c6fc69f472eef0ee17f/B-A,vps/M-unit-knight-structure-fixed-counts/5be07c6fc69f472eef0ee17f/B-A
4970d1f6b5265fad201517f3825ff40d79aa8b20306bc545f88c8e11a313708e,pc/M-combat-capturePercent/6aee5ba4cebd035270c43536/A-B,vps/M-unit-knight-structure-fixed-counts/6aee5ba4cebd035270c43536/A-B
0243eeadabcc14bc5e95fa1b391f9a0fbfc6c55db116c0e75d961227e7785c42,pc/M-combat-capturePercent/6aee5ba4cebd035270c43536/B-A,vps/M-unit-knight-structure-fixed-counts/6aee5ba4cebd035270c43536/B-A
35be79c5c128b6e4343bfeefa1db2f2aeb0a0150c17aa99303e7622a603c351b,pc/M-combat-capturePercent/7498c9f948922906239ad8d6/A-B,vps/M-unit-knight-structure-fixed-counts/7498c9f948922906239ad8d6/A-B
49d4b23c42e173b1bcdc7cd48f22932e3a82504dd30129431f21b83876d94cb2,pc/M-combat-capturePercent/7498c9f948922906239ad8d6/B-A,vps/M-unit-knight-structure-fixed-counts/7498c9f948922906239ad8d6/B-A
f5eaa97da71df5298d7c5b30554bec43da7311247b6bf61d3299b38dd99ce886,pc/M-combat-capturePercent/80ebf93b386771704cc70bab/A-B,vps/M-unit-knight-structure-fixed-counts/80ebf93b386771704cc70bab/A-B
6a49a491a5ff72a4b8db0cc1fcd37742813f1f1a76d4b11bb02af21e20d1e1ce,pc/M-combat-capturePercent/80ebf93b386771704cc70bab/B-A,vps/M-unit-knight-structure-fixed-counts/80ebf93b386771704cc70bab/B-A
1178f1206facb99d474deb6896610eb381b51065a110d670b64abf6c01184760,pc/M-combat-capturePercent/9ea4f603e73d531fd3c8df44/A-B,vps/M-unit-knight-structure-fixed-counts/9ea4f603e73d531fd3c8df44/A-B
db8d3921ad4c7ffbcfdfcbf53d72da2e8c438f83b03f5de5e5b8aab344978ab5,pc/M-combat-capturePercent/9ea4f603e73d531fd3c8df44/B-A,vps/M-unit-knight-structure-fixed-counts/9ea4f603e73d531fd3c8df44/B-A
b965633c898c10ac48cc0b945d886ca291a7c3df9f2bc8fbbd6924891bba8756,pc/M-combat-capturePercent/a477667580eb4a6cca4bfd35/A-B,vps/M-unit-knight-structure-fixed-counts/a477667580eb4a6cca4bfd35/A-B
04d26513bee41f8de98ab49cd97c992b3a0017b0ad91dc428f6066f007ce270c,pc/M-combat-capturePercent/a477667580eb4a6cca4bfd35/B-A,vps/M-unit-knight-structure-fixed-counts/a477667580eb4a6cca4bfd35/B-A
092ff6440ba52367b900849f38396771039917fdafcad50e5a9b3669a0a1a448,pc/M-combat-capturePercent/f78c1d62cca9f23dba9520f5/A-B,vps/M-unit-knight-structure-fixed-counts/f78c1d62cca9f23dba9520f5/A-B
40e5890746cdbe0ba659fc1854a9e8c3218947407cf39f571ec0b4f63dfcca5c,pc/M-combat-capturePercent/f78c1d62cca9f23dba9520f5/B-A,vps/M-unit-knight-structure-fixed-counts/f78c1d62cca9f23dba9520f5/B-A
587a0b6c8fbf92e9e393e63a374c6bdc95fc594470b7c8ee42ee3df5c4a6b8ef,pc/M-combat-capturePercent/1a50bd67feb4ca4f159a4cfe/A-B,vps/M-unit-soldier-accuracySpread-fixed-counts/1a50bd67feb4ca4f159a4cfe/A-B
cab79020193af6f55744135f0197a1630e3c2215411e9bdd269a836e052ec646,pc/M-combat-capturePercent/1a50bd67feb4ca4f159a4cfe/B-A,vps/M-unit-soldier-accuracySpread-fixed-counts/1a50bd67feb4ca4f159a4cfe/B-A
9ca322cb96477f8f2d6b2e7673307285a8c1ac1a2124cfb6ddfbf09efb0d4075,pc/M-combat-capturePercent/48d3967fcd05b8de1e34c2d4/A-B,vps/M-unit-soldier-accuracySpread-fixed-counts/48d3967fcd05b8de1e34c2d4/A-B
0ef488184d72f1f098ab6566fb80c72140d7078400dd1a9587141fe8b34a13ec,pc/M-combat-capturePercent/48d3967fcd05b8de1e34c2d4/B-A,vps/M-unit-soldier-accuracySpread-fixed-counts/48d3967fcd05b8de1e34c2d4/B-A
00f252d5722657943a4cb0718ce0da7e8a4611896fa35ea5621c1322e14ef866,pc/M-combat-capturePercent/54e1d4f2a6e7f51febebdd8e/A-B,vps/M-unit-soldier-accuracySpread-fixed-counts/54e1d4f2a6e7f51febebdd8e/A-B
9000dde07f557a8d66b3ea4000e55211bbd45f04e3469db5cbc747249d14ba6c,pc/M-combat-capturePercent/54e1d4f2a6e7f51febebdd8e/B-A,vps/M-unit-soldier-accuracySpread-fixed-counts/54e1d4f2a6e7f51febebdd8e/B-A
4970d1f6b5265fad201517f3825ff40d79aa8b20306bc545f88c8e11a313708e,pc/M-combat-capturePercent/6aee5ba4cebd035270c43536/A-B,vps/M-unit-soldier-accuracySpread-fixed-counts/6aee5ba4cebd035270c43536/A-B
0243eeadabcc14bc5e95fa1b391f9a0fbfc6c55db116c0e75d961227e7785c42,pc/M-combat-capturePercent/6aee5ba4cebd035270c43536/B-A,vps/M-unit-soldier-accuracySpread-fixed-counts/6aee5ba4cebd035270c43536/B-A
f5eaa97da71df5298d7c5b30554bec43da7311247b6bf61d3299b38dd99ce886,pc/M-combat-capturePercent/80ebf93b386771704cc70bab/A-B,vps/M-unit-soldier-accuracySpread-fixed-counts/80ebf93b386771704cc70bab/A-B
6a49a491a5ff72a4b8db0cc1fcd37742813f1f1a76d4b11bb02af21e20d1e1ce,pc/M-combat-capturePercent/80ebf93b386771704cc70bab/B-A,vps/M-unit-soldier-accuracySpread-fixed-counts/80ebf93b386771704cc70bab/B-A
647ab88a83aa6f834990989ca24911ddf969595c4a5f5d85e2c151fdaebac92b,pc/M-combat-capturePercent/93f29e181d26c9d16b60ee8b/A-B,vps/M-unit-soldier-accuracySpread-fixed-counts/93f29e181d26c9d16b60ee8b/A-B
cb5849664fb65ac00466aa61563a1f9baace77ad985b9c02a92e371cf45b1603,pc/M-combat-capturePercent/93f29e181d26c9d16b60ee8b/B-A,vps/M-unit-soldier-accuracySpread-fixed-counts/93f29e181d26c9d16b60ee8b/B-A
2a1d1503a117713d05836a468b6a0d0d39d7d08702d9ca68ffe56c89d6f08704,pc/M-combat-capturePercent/98043342a0f7383cbda2c59d/A-B,vps/M-unit-soldier-accuracySpread-fixed-counts/98043342a0f7383cbda2c59d/A-B
cdd056f355bfd3009ca6798847f425d092b2fa95fee94cbb9f1b9d30918fd936,pc/M-combat-capturePercent/98043342a0f7383cbda2c59d/B-A,vps/M-unit-soldier-accuracySpread-fixed-counts/98043342a0f7383cbda2c59d/B-A
3d79ed5983c89d0022c51a128734a7b36a8941c07b48f432dd6f260a0059cec7,pc/M-combat-capturePercent/9a1ddda43134d9061057be59/A-B,vps/M-unit-soldier-accuracySpread-fixed-counts/9a1ddda43134d9061057be59/A-B
b539cabaf72f26f266d867628052db7ffc7cfa333da902e943ce8bd34a752c17,pc/M-combat-capturePercent/9a1ddda43134d9061057be59/B-A,vps/M-unit-soldier-accuracySpread-fixed-counts/9a1ddda43134d9061057be59/B-A
a5bb96235bf6f9a76b769ff737d8e922df94b0a52f749525853085cd022bf3ef,pc/M-combat-capturePercent/a74b3b7b747bae166c9bbd4d/A-B,vps/M-unit-soldier-accuracySpread-fixed-counts/a74b3b7b747bae166c9bbd4d/A-B
8a5fbdbf1b558dc200eab97d67343355792afdf24d5bbb0e91f754b86f3a02ef,pc/M-combat-capturePercent/a74b3b7b747bae166c9bbd4d/B-A,vps/M-unit-soldier-accuracySpread-fixed-counts/a74b3b7b747bae166c9bbd4d/B-A
7021d39476c082c69391aa7d9d107c8598ae66c5b1828c73e129c275542d42fb,pc/M-combat-capturePercent/adf2a33f332db08d4d373bba/A-B,vps/M-unit-soldier-accuracySpread-fixed-counts/adf2a33f332db08d4d373bba/A-B
0a6998a19d108d4ea47989fe9c9346eb6b099ed85b399e3702e1d1add2785d07,pc/M-combat-capturePercent/adf2a33f332db08d4d373bba/B-A,vps/M-unit-soldier-accuracySpread-fixed-counts/adf2a33f332db08d4d373bba/B-A
e1e29aab7102365136b614a54a8aeb0bee449145f3bc465a205963f9f554f006,pc/M-combat-capturePercent/bf898c747897728e9c646b00/A-B,vps/M-unit-soldier-accuracySpread-fixed-counts/bf898c747897728e9c646b00/A-B
0c2b4bb54f68750a49827995ac5ca7c41b885ac68f663af9b71cf4658f802372,pc/M-combat-capturePercent/bf898c747897728e9c646b00/B-A,vps/M-unit-soldier-accuracySpread-fixed-counts/bf898c747897728e9c646b00/B-A
6d407622c60b016795f97c89a6a5574696df9124c61c66dd231ce4e7c7aa2393,pc/M-combat-capturePercent/ec03e2f3b6e41ea5555df14c/A-B,vps/M-unit-soldier-accuracySpread-fixed-counts/ec03e2f3b6e41ea5555df14c/A-B
5b40b5d08240a3cb41ac0662b746bf7848264fd5d59a18b9cccd174e1c8a970f,pc/M-combat-capturePercent/ec03e2f3b6e41ea5555df14c/B-A,vps/M-unit-soldier-accuracySpread-fixed-counts/ec03e2f3b6e41ea5555df14c/B-A
587a0b6c8fbf92e9e393e63a374c6bdc95fc594470b7c8ee42ee3df5c4a6b8ef,pc/M-combat-capturePercent/1a50bd67feb4ca4f159a4cfe/A-B,vps/M-unit-soldier-attack-fixed-counts/1a50bd67feb4ca4f159a4cfe/A-B
cab79020193af6f55744135f0197a1630e3c2215411e9bdd269a836e052ec646,pc/M-combat-capturePercent/1a50bd67feb4ca4f159a4cfe/B-A,vps/M-unit-soldier-attack-fixed-counts/1a50bd67feb4ca4f159a4cfe/B-A
9ca322cb96477f8f2d6b2e7673307285a8c1ac1a2124cfb6ddfbf09efb0d4075,pc/M-combat-capturePercent/48d3967fcd05b8de1e34c2d4/A-B,vps/M-unit-soldier-attack-fixed-counts/48d3967fcd05b8de1e34c2d4/A-B
0ef488184d72f1f098ab6566fb80c72140d7078400dd1a9587141fe8b34a13ec,pc/M-combat-capturePercent/48d3967fcd05b8de1e34c2d4/B-A,vps/M-unit-soldier-attack-fixed-counts/48d3967fcd05b8de1e34c2d4/B-A
00f252d5722657943a4cb0718ce0da7e8a4611896fa35ea5621c1322e14ef866,pc/M-combat-capturePercent/54e1d4f2a6e7f51febebdd8e/A-B,vps/M-unit-soldier-attack-fixed-counts/54e1d4f2a6e7f51febebdd8e/A-B
9000dde07f557a8d66b3ea4000e55211bbd45f04e3469db5cbc747249d14ba6c,pc/M-combat-capturePercent/54e1d4f2a6e7f51febebdd8e/B-A,vps/M-unit-soldier-attack-fixed-counts/54e1d4f2a6e7f51febebdd8e/B-A
4970d1f6b5265fad201517f3825ff40d79aa8b20306bc545f88c8e11a313708e,pc/M-combat-capturePercent/6aee5ba4cebd035270c43536/A-B,vps/M-unit-soldier-attack-fixed-counts/6aee5ba4cebd035270c43536/A-B
0243eeadabcc14bc5e95fa1b391f9a0fbfc6c55db116c0e75d961227e7785c42,pc/M-combat-capturePercent/6aee5ba4cebd035270c43536/B-A,vps/M-unit-soldier-attack-fixed-counts/6aee5ba4cebd035270c43536/B-A
f5eaa97da71df5298d7c5b30554bec43da7311247b6bf61d3299b38dd99ce886,pc/M-combat-capturePercent/80ebf93b386771704cc70bab/A-B,vps/M-unit-soldier-attack-fixed-counts/80ebf93b386771704cc70bab/A-B
6a49a491a5ff72a4b8db0cc1fcd37742813f1f1a76d4b11bb02af21e20d1e1ce,pc/M-combat-capturePercent/80ebf93b386771704cc70bab/B-A,vps/M-unit-soldier-attack-fixed-counts/80ebf93b386771704cc70bab/B-A
647ab88a83aa6f834990989ca24911ddf969595c4a5f5d85e2c151fdaebac92b,pc/M-combat-capturePercent/93f29e181d26c9d16b60ee8b/A-B,vps/M-unit-soldier-attack-fixed-counts/93f29e181d26c9d16b60ee8b/A-B
cb5849664fb65ac00466aa61563a1f9baace77ad985b9c02a92e371cf45b1603,pc/M-combat-capturePercent/93f29e181d26c9d16b60ee8b/B-A,vps/M-unit-soldier-attack-fixed-counts/93f29e181d26c9d16b60ee8b/B-A
2a1d1503a117713d05836a468b6a0d0d39d7d08702d9ca68ffe56c89d6f08704,pc/M-combat-capturePercent/98043342a0f7383cbda2c59d/A-B,vps/M-unit-soldier-attack-fixed-counts/98043342a0f7383cbda2c59d/A-B
cdd056f355bfd3009ca6798847f425d092b2fa95fee94cbb9f1b9d30918fd936,pc/M-combat-capturePercent/98043342a0f7383cbda2c59d/B-A,vps/M-unit-soldier-attack-fixed-counts/98043342a0f7383cbda2c59d/B-A
3d79ed5983c89d0022c51a128734a7b36a8941c07b48f432dd6f260a0059cec7,pc/M-combat-capturePercent/9a1ddda43134d9061057be59/A-B,vps/M-unit-soldier-attack-fixed-counts/9a1ddda43134d9061057be59/A-B
b539cabaf72f26f266d867628052db7ffc7cfa333da902e943ce8bd34a752c17,pc/M-combat-capturePercent/9a1ddda43134d9061057be59/B-A,vps/M-unit-soldier-attack-fixed-counts/9a1ddda43134d9061057be59/B-A
a5bb96235bf6f9a76b769ff737d8e922df94b0a52f749525853085cd022bf3ef,pc/M-combat-capturePercent/a74b3b7b747bae166c9bbd4d/A-B,vps/M-unit-soldier-attack-fixed-counts/a74b3b7b747bae166c9bbd4d/A-B
8a5fbdbf1b558dc200eab97d67343355792afdf24d5bbb0e91f754b86f3a02ef,pc/M-combat-capturePercent/a74b3b7b747bae166c9bbd4d/B-A,vps/M-unit-soldier-attack-fixed-counts/a74b3b7b747bae166c9bbd4d/B-A
7021d39476c082c69391aa7d9d107c8598ae66c5b1828c73e129c275542d42fb,pc/M-combat-capturePercent/adf2a33f332db08d4d373bba/A-B,vps/M-unit-soldier-attack-fixed-counts/adf2a33f332db08d4d373bba/A-B
0a6998a19d108d4ea47989fe9c9346eb6b099ed85b399e3702e1d1add2785d07,pc/M-combat-capturePercent/adf2a33f332db08d4d373bba/B-A,vps/M-unit-soldier-attack-fixed-counts/adf2a33f332db08d4d373bba/B-A
e1e29aab7102365136b614a54a8aeb0bee449145f3bc465a205963f9f554f006,pc/M-combat-capturePercent/bf898c747897728e9c646b00/A-B,vps/M-unit-soldier-attack-fixed-counts/bf898c747897728e9c646b00/A-B
0c2b4bb54f68750a49827995ac5ca7c41b885ac68f663af9b71cf4658f802372,pc/M-combat-capturePercent/bf898c747897728e9c646b00/B-A,vps/M-unit-soldier-attack-fixed-counts/bf898c747897728e9c646b00/B-A
6d407622c60b016795f97c89a6a5574696df9124c61c66dd231ce4e7c7aa2393,pc/M-combat-capturePercent/ec03e2f3b6e41ea5555df14c/A-B,vps/M-unit-soldier-attack-fixed-counts/ec03e2f3b6e41ea5555df14c/A-B
5b40b5d08240a3cb41ac0662b746bf7848264fd5d59a18b9cccd174e1c8a970f,pc/M-combat-capturePercent/ec03e2f3b6e41ea5555df14c/B-A,vps/M-unit-soldier-attack-fixed-counts/ec03e2f3b6e41ea5555df14c/B-A
587a0b6c8fbf92e9e393e63a374c6bdc95fc594470b7c8ee42ee3df5c4a6b8ef,pc/M-combat-capturePercent/1a50bd67feb4ca4f159a4cfe/A-B,vps/M-unit-soldier-baseAccuracy-fixed-counts/1a50bd67feb4ca4f159a4cfe/A-B
cab79020193af6f55744135f0197a1630e3c2215411e9bdd269a836e052ec646,pc/M-combat-capturePercent/1a50bd67feb4ca4f159a4cfe/B-A,vps/M-unit-soldier-baseAccuracy-fixed-counts/1a50bd67feb4ca4f159a4cfe/B-A
9ca322cb96477f8f2d6b2e7673307285a8c1ac1a2124cfb6ddfbf09efb0d4075,pc/M-combat-capturePercent/48d3967fcd05b8de1e34c2d4/A-B,vps/M-unit-soldier-baseAccuracy-fixed-counts/48d3967fcd05b8de1e34c2d4/A-B
0ef488184d72f1f098ab6566fb80c72140d7078400dd1a9587141fe8b34a13ec,pc/M-combat-capturePercent/48d3967fcd05b8de1e34c2d4/B-A,vps/M-unit-soldier-baseAccuracy-fixed-counts/48d3967fcd05b8de1e34c2d4/B-A
00f252d5722657943a4cb0718ce0da7e8a4611896fa35ea5621c1322e14ef866,pc/M-combat-capturePercent/54e1d4f2a6e7f51febebdd8e/A-B,vps/M-unit-soldier-baseAccuracy-fixed-counts/54e1d4f2a6e7f51febebdd8e/A-B
9000dde07f557a8d66b3ea4000e55211bbd45f04e3469db5cbc747249d14ba6c,pc/M-combat-capturePercent/54e1d4f2a6e7f51febebdd8e/B-A,vps/M-unit-soldier-baseAccuracy-fixed-counts/54e1d4f2a6e7f51febebdd8e/B-A
4970d1f6b5265fad201517f3825ff40d79aa8b20306bc545f88c8e11a313708e,pc/M-combat-capturePercent/6aee5ba4cebd035270c43536/A-B,vps/M-unit-soldier-baseAccuracy-fixed-counts/6aee5ba4cebd035270c43536/A-B
0243eeadabcc14bc5e95fa1b391f9a0fbfc6c55db116c0e75d961227e7785c42,pc/M-combat-capturePercent/6aee5ba4cebd035270c43536/B-A,vps/M-unit-soldier-baseAccuracy-fixed-counts/6aee5ba4cebd035270c43536/B-A
f5eaa97da71df5298d7c5b30554bec43da7311247b6bf61d3299b38dd99ce886,pc/M-combat-capturePercent/80ebf93b386771704cc70bab/A-B,vps/M-unit-soldier-baseAccuracy-fixed-counts/80ebf93b386771704cc70bab/A-B
6a49a491a5ff72a4b8db0cc1fcd37742813f1f1a76d4b11bb02af21e20d1e1ce,pc/M-combat-capturePercent/80ebf93b386771704cc70bab/B-A,vps/M-unit-soldier-baseAccuracy-fixed-counts/80ebf93b386771704cc70bab/B-A
647ab88a83aa6f834990989ca24911ddf969595c4a5f5d85e2c151fdaebac92b,pc/M-combat-capturePercent/93f29e181d26c9d16b60ee8b/A-B,vps/M-unit-soldier-baseAccuracy-fixed-counts/93f29e181d26c9d16b60ee8b/A-B
cb5849664fb65ac00466aa61563a1f9baace77ad985b9c02a92e371cf45b1603,pc/M-combat-capturePercent/93f29e181d26c9d16b60ee8b/B-A,vps/M-unit-soldier-baseAccuracy-fixed-counts/93f29e181d26c9d16b60ee8b/B-A
2a1d1503a117713d05836a468b6a0d0d39d7d08702d9ca68ffe56c89d6f08704,pc/M-combat-capturePercent/98043342a0f7383cbda2c59d/A-B,vps/M-unit-soldier-baseAccuracy-fixed-counts/98043342a0f7383cbda2c59d/A-B
cdd056f355bfd3009ca6798847f425d092b2fa95fee94cbb9f1b9d30918fd936,pc/M-combat-capturePercent/98043342a0f7383cbda2c59d/B-A,vps/M-unit-soldier-baseAccuracy-fixed-counts/98043342a0f7383cbda2c59d/B-A
3d79ed5983c89d0022c51a128734a7b36a8941c07b48f432dd6f260a0059cec7,pc/M-combat-capturePercent/9a1ddda43134d9061057be59/A-B,vps/M-unit-soldier-baseAccuracy-fixed-counts/9a1ddda43134d9061057be59/A-B
b539cabaf72f26f266d867628052db7ffc7cfa333da902e943ce8bd34a752c17,pc/M-combat-capturePercent/9a1ddda43134d9061057be59/B-A,vps/M-unit-soldier-baseAccuracy-fixed-counts/9a1ddda43134d9061057be59/B-A
a5bb96235bf6f9a76b769ff737d8e922df94b0a52f749525853085cd022bf3ef,pc/M-combat-capturePercent/a74b3b7b747bae166c9bbd4d/A-B,vps/M-unit-soldier-baseAccuracy-fixed-counts/a74b3b7b747bae166c9bbd4d/A-B
8a5fbdbf1b558dc200eab97d67343355792afdf24d5bbb0e91f754b86f3a02ef,pc/M-combat-capturePercent/a74b3b7b747bae166c9bbd4d/B-A,vps/M-unit-soldier-baseAccuracy-fixed-counts/a74b3b7b747bae166c9bbd4d/B-A
7021d39476c082c69391aa7d9d107c8598ae66c5b1828c73e129c275542d42fb,pc/M-combat-capturePercent/adf2a33f332db08d4d373bba/A-B,vps/M-unit-soldier-baseAccuracy-fixed-counts/adf2a33f332db08d4d373bba/A-B
0a6998a19d108d4ea47989fe9c9346eb6b099ed85b399e3702e1d1add2785d07,pc/M-combat-capturePercent/adf2a33f332db08d4d373bba/B-A,vps/M-unit-soldier-baseAccuracy-fixed-counts/adf2a33f332db08d4d373bba/B-A
e1e29aab7102365136b614a54a8aeb0bee449145f3bc465a205963f9f554f006,pc/M-combat-capturePercent/bf898c747897728e9c646b00/A-B,vps/M-unit-soldier-baseAccuracy-fixed-counts/bf898c747897728e9c646b00/A-B
0c2b4bb54f68750a49827995ac5ca7c41b885ac68f663af9b71cf4658f802372,pc/M-combat-capturePercent/bf898c747897728e9c646b00/B-A,vps/M-unit-soldier-baseAccuracy-fixed-counts/bf898c747897728e9c646b00/B-A
6d407622c60b016795f97c89a6a5574696df9124c61c66dd231ce4e7c7aa2393,pc/M-combat-capturePercent/ec03e2f3b6e41ea5555df14c/A-B,vps/M-unit-soldier-baseAccuracy-fixed-counts/ec03e2f3b6e41ea5555df14c/A-B
5b40b5d08240a3cb41ac0662b746bf7848264fd5d59a18b9cccd174e1c8a970f,pc/M-combat-capturePercent/ec03e2f3b6e41ea5555df14c/B-A,vps/M-unit-soldier-baseAccuracy-fixed-counts/ec03e2f3b6e41ea5555df14c/B-A
587a0b6c8fbf92e9e393e63a374c6bdc95fc594470b7c8ee42ee3df5c4a6b8ef,pc/M-combat-capturePercent/1a50bd67feb4ca4f159a4cfe/A-B,vps/M-unit-soldier-capturable-fixed-counts/1a50bd67feb4ca4f159a4cfe/A-B
cab79020193af6f55744135f0197a1630e3c2215411e9bdd269a836e052ec646,pc/M-combat-capturePercent/1a50bd67feb4ca4f159a4cfe/B-A,vps/M-unit-soldier-capturable-fixed-counts/1a50bd67feb4ca4f159a4cfe/B-A
9ca322cb96477f8f2d6b2e7673307285a8c1ac1a2124cfb6ddfbf09efb0d4075,pc/M-combat-capturePercent/48d3967fcd05b8de1e34c2d4/A-B,vps/M-unit-soldier-capturable-fixed-counts/48d3967fcd05b8de1e34c2d4/A-B
0ef488184d72f1f098ab6566fb80c72140d7078400dd1a9587141fe8b34a13ec,pc/M-combat-capturePercent/48d3967fcd05b8de1e34c2d4/B-A,vps/M-unit-soldier-capturable-fixed-counts/48d3967fcd05b8de1e34c2d4/B-A
00f252d5722657943a4cb0718ce0da7e8a4611896fa35ea5621c1322e14ef866,pc/M-combat-capturePercent/54e1d4f2a6e7f51febebdd8e/A-B,vps/M-unit-soldier-capturable-fixed-counts/54e1d4f2a6e7f51febebdd8e/A-B
9000dde07f557a8d66b3ea4000e55211bbd45f04e3469db5cbc747249d14ba6c,pc/M-combat-capturePercent/54e1d4f2a6e7f51febebdd8e/B-A,vps/M-unit-soldier-capturable-fixed-counts/54e1d4f2a6e7f51febebdd8e/B-A
4970d1f6b5265fad201517f3825ff40d79aa8b20306bc545f88c8e11a313708e,pc/M-combat-capturePercent/6aee5ba4cebd035270c43536/A-B,vps/M-unit-soldier-capturable-fixed-counts/6aee5ba4cebd035270c43536/A-B
0243eeadabcc14bc5e95fa1b391f9a0fbfc6c55db116c0e75d961227e7785c42,pc/M-combat-capturePercent/6aee5ba4cebd035270c43536/B-A,vps/M-unit-soldier-capturable-fixed-counts/6aee5ba4cebd035270c43536/B-A
f5eaa97da71df5298d7c5b30554bec43da7311247b6bf61d3299b38dd99ce886,pc/M-combat-capturePercent/80ebf93b386771704cc70bab/A-B,vps/M-unit-soldier-capturable-fixed-counts/80ebf93b386771704cc70bab/A-B
6a49a491a5ff72a4b8db0cc1fcd37742813f1f1a76d4b11bb02af21e20d1e1ce,pc/M-combat-capturePercent/80ebf93b386771704cc70bab/B-A,vps/M-unit-soldier-capturable-fixed-counts/80ebf93b386771704cc70bab/B-A
647ab88a83aa6f834990989ca24911ddf969595c4a5f5d85e2c151fdaebac92b,pc/M-combat-capturePercent/93f29e181d26c9d16b60ee8b/A-B,vps/M-unit-soldier-capturable-fixed-counts/93f29e181d26c9d16b60ee8b/A-B
cb5849664fb65ac00466aa61563a1f9baace77ad985b9c02a92e371cf45b1603,pc/M-combat-capturePercent/93f29e181d26c9d16b60ee8b/B-A,vps/M-unit-soldier-capturable-fixed-counts/93f29e181d26c9d16b60ee8b/B-A
2a1d1503a117713d05836a468b6a0d0d39d7d08702d9ca68ffe56c89d6f08704,pc/M-combat-capturePercent/98043342a0f7383cbda2c59d/A-B,vps/M-unit-soldier-capturable-fixed-counts/98043342a0f7383cbda2c59d/A-B
cdd056f355bfd3009ca6798847f425d092b2fa95fee94cbb9f1b9d30918fd936,pc/M-combat-capturePercent/98043342a0f7383cbda2c59d/B-A,vps/M-unit-soldier-capturable-fixed-counts/98043342a0f7383cbda2c59d/B-A
3d79ed5983c89d0022c51a128734a7b36a8941c07b48f432dd6f260a0059cec7,pc/M-combat-capturePercent/9a1ddda43134d9061057be59/A-B,vps/M-unit-soldier-capturable-fixed-counts/9a1ddda43134d9061057be59/A-B
b539cabaf72f26f266d867628052db7ffc7cfa333da902e943ce8bd34a752c17,pc/M-combat-capturePercent/9a1ddda43134d9061057be59/B-A,vps/M-unit-soldier-capturable-fixed-counts/9a1ddda43134d9061057be59/B-A
a5bb96235bf6f9a76b769ff737d8e922df94b0a52f749525853085cd022bf3ef,pc/M-combat-capturePercent/a74b3b7b747bae166c9bbd4d/A-B,vps/M-unit-soldier-capturable-fixed-counts/a74b3b7b747bae166c9bbd4d/A-B
8a5fbdbf1b558dc200eab97d67343355792afdf24d5bbb0e91f754b86f3a02ef,pc/M-combat-capturePercent/a74b3b7b747bae166c9bbd4d/B-A,vps/M-unit-soldier-capturable-fixed-counts/a74b3b7b747bae166c9bbd4d/B-A
7021d39476c082c69391aa7d9d107c8598ae66c5b1828c73e129c275542d42fb,pc/M-combat-capturePercent/adf2a33f332db08d4d373bba/A-B,vps/M-unit-soldier-capturable-fixed-counts/adf2a33f332db08d4d373bba/A-B
0a6998a19d108d4ea47989fe9c9346eb6b099ed85b399e3702e1d1add2785d07,pc/M-combat-capturePercent/adf2a33f332db08d4d373bba/B-A,vps/M-unit-soldier-capturable-fixed-counts/adf2a33f332db08d4d373bba/B-A
e1e29aab7102365136b614a54a8aeb0bee449145f3bc465a205963f9f554f006,pc/M-combat-capturePercent/bf898c747897728e9c646b00/A-B,vps/M-unit-soldier-capturable-fixed-counts/bf898c747897728e9c646b00/A-B
0c2b4bb54f68750a49827995ac5ca7c41b885ac68f663af9b71cf4658f802372,pc/M-combat-capturePercent/bf898c747897728e9c646b00/B-A,vps/M-unit-soldier-capturable-fixed-counts/bf898c747897728e9c646b00/B-A
6d407622c60b016795f97c89a6a5574696df9124c61c66dd231ce4e7c7aa2393,pc/M-combat-capturePercent/ec03e2f3b6e41ea5555df14c/A-B,vps/M-unit-soldier-capturable-fixed-counts/ec03e2f3b6e41ea5555df14c/A-B
5b40b5d08240a3cb41ac0662b746bf7848264fd5d59a18b9cccd174e1c8a970f,pc/M-combat-capturePercent/ec03e2f3b6e41ea5555df14c/B-A,vps/M-unit-soldier-capturable-fixed-counts/ec03e2f3b6e41ea5555df14c/B-A
7021d39476c082c69391aa7d9d107c8598ae66c5b1828c73e129c275542d42fb,pc/M-combat-capturePercent/adf2a33f332db08d4d373bba/A-B,vps/M-unit-soldier-cost-fixed-budget/059b1347100abac5c37de1bb/A-B
0a6998a19d108d4ea47989fe9c9346eb6b099ed85b399e3702e1d1add2785d07,pc/M-combat-capturePercent/adf2a33f332db08d4d373bba/B-A,vps/M-unit-soldier-cost-fixed-budget/059b1347100abac5c37de1bb/B-A
00f252d5722657943a4cb0718ce0da7e8a4611896fa35ea5621c1322e14ef866,pc/M-combat-capturePercent/54e1d4f2a6e7f51febebdd8e/A-B,vps/M-unit-soldier-cost-fixed-budget/2d6a059e6e3e5d4e1938facc/A-B
9000dde07f557a8d66b3ea4000e55211bbd45f04e3469db5cbc747249d14ba6c,pc/M-combat-capturePercent/54e1d4f2a6e7f51febebdd8e/B-A,vps/M-unit-soldier-cost-fixed-budget/2d6a059e6e3e5d4e1938facc/B-A
6d407622c60b016795f97c89a6a5574696df9124c61c66dd231ce4e7c7aa2393,pc/M-combat-capturePercent/ec03e2f3b6e41ea5555df14c/A-B,vps/M-unit-soldier-cost-fixed-budget/326802c0d4a0c5449e108a18/A-B
5b40b5d08240a3cb41ac0662b746bf7848264fd5d59a18b9cccd174e1c8a970f,pc/M-combat-capturePercent/ec03e2f3b6e41ea5555df14c/B-A,vps/M-unit-soldier-cost-fixed-budget/326802c0d4a0c5449e108a18/B-A
2a1d1503a117713d05836a468b6a0d0d39d7d08702d9ca68ffe56c89d6f08704,pc/M-combat-capturePercent/98043342a0f7383cbda2c59d/A-B,vps/M-unit-soldier-cost-fixed-budget/3dc82c9e088b4b89a31040ae/A-B
cdd056f355bfd3009ca6798847f425d092b2fa95fee94cbb9f1b9d30918fd936,pc/M-combat-capturePercent/98043342a0f7383cbda2c59d/B-A,vps/M-unit-soldier-cost-fixed-budget/3dc82c9e088b4b89a31040ae/B-A
9ca322cb96477f8f2d6b2e7673307285a8c1ac1a2124cfb6ddfbf09efb0d4075,pc/M-combat-capturePercent/48d3967fcd05b8de1e34c2d4/A-B,vps/M-unit-soldier-cost-fixed-budget/4d96e79b6015fadb93ed8b75/A-B
0ef488184d72f1f098ab6566fb80c72140d7078400dd1a9587141fe8b34a13ec,pc/M-combat-capturePercent/48d3967fcd05b8de1e34c2d4/B-A,vps/M-unit-soldier-cost-fixed-budget/4d96e79b6015fadb93ed8b75/B-A
e1e29aab7102365136b614a54a8aeb0bee449145f3bc465a205963f9f554f006,pc/M-combat-capturePercent/bf898c747897728e9c646b00/A-B,vps/M-unit-soldier-cost-fixed-budget/585114497546f8f2d6c48cb7/A-B
0c2b4bb54f68750a49827995ac5ca7c41b885ac68f663af9b71cf4658f802372,pc/M-combat-capturePercent/bf898c747897728e9c646b00/B-A,vps/M-unit-soldier-cost-fixed-budget/585114497546f8f2d6c48cb7/B-A
f5eaa97da71df5298d7c5b30554bec43da7311247b6bf61d3299b38dd99ce886,pc/M-combat-capturePercent/80ebf93b386771704cc70bab/A-B,vps/M-unit-soldier-cost-fixed-budget/6866debf34828ca289995be9/A-B
6a49a491a5ff72a4b8db0cc1fcd37742813f1f1a76d4b11bb02af21e20d1e1ce,pc/M-combat-capturePercent/80ebf93b386771704cc70bab/B-A,vps/M-unit-soldier-cost-fixed-budget/6866debf34828ca289995be9/B-A
3d79ed5983c89d0022c51a128734a7b36a8941c07b48f432dd6f260a0059cec7,pc/M-combat-capturePercent/9a1ddda43134d9061057be59/A-B,vps/M-unit-soldier-cost-fixed-budget/6ee739e25200820057718a19/A-B
b539cabaf72f26f266d867628052db7ffc7cfa333da902e943ce8bd34a752c17,pc/M-combat-capturePercent/9a1ddda43134d9061057be59/B-A,vps/M-unit-soldier-cost-fixed-budget/6ee739e25200820057718a19/B-A
a5bb96235bf6f9a76b769ff737d8e922df94b0a52f749525853085cd022bf3ef,pc/M-combat-capturePercent/a74b3b7b747bae166c9bbd4d/A-B,vps/M-unit-soldier-cost-fixed-budget/7381858932d41d6ad10468d9/A-B
8a5fbdbf1b558dc200eab97d67343355792afdf24d5bbb0e91f754b86f3a02ef,pc/M-combat-capturePercent/a74b3b7b747bae166c9bbd4d/B-A,vps/M-unit-soldier-cost-fixed-budget/7381858932d41d6ad10468d9/B-A
4970d1f6b5265fad201517f3825ff40d79aa8b20306bc545f88c8e11a313708e,pc/M-combat-capturePercent/6aee5ba4cebd035270c43536/A-B,vps/M-unit-soldier-cost-fixed-budget/773ed616788ab2958d80f9ac/A-B
0243eeadabcc14bc5e95fa1b391f9a0fbfc6c55db116c0e75d961227e7785c42,pc/M-combat-capturePercent/6aee5ba4cebd035270c43536/B-A,vps/M-unit-soldier-cost-fixed-budget/773ed616788ab2958d80f9ac/B-A
647ab88a83aa6f834990989ca24911ddf969595c4a5f5d85e2c151fdaebac92b,pc/M-combat-capturePercent/93f29e181d26c9d16b60ee8b/A-B,vps/M-unit-soldier-cost-fixed-budget/e3f3719bf357423bbb918a6d/A-B
cb5849664fb65ac00466aa61563a1f9baace77ad985b9c02a92e371cf45b1603,pc/M-combat-capturePercent/93f29e181d26c9d16b60ee8b/B-A,vps/M-unit-soldier-cost-fixed-budget/e3f3719bf357423bbb918a6d/B-A
587a0b6c8fbf92e9e393e63a374c6bdc95fc594470b7c8ee42ee3df5c4a6b8ef,pc/M-combat-capturePercent/1a50bd67feb4ca4f159a4cfe/A-B,vps/M-unit-soldier-cost-fixed-budget/f4b7768c23347a952616d588/A-B
cab79020193af6f55744135f0197a1630e3c2215411e9bdd269a836e052ec646,pc/M-combat-capturePercent/1a50bd67feb4ca4f159a4cfe/B-A,vps/M-unit-soldier-cost-fixed-budget/f4b7768c23347a952616d588/B-A
587a0b6c8fbf92e9e393e63a374c6bdc95fc594470b7c8ee42ee3df5c4a6b8ef,pc/M-combat-capturePercent/1a50bd67feb4ca4f159a4cfe/A-B,vps/M-unit-soldier-cost-fixed-counts/1a50bd67feb4ca4f159a4cfe/A-B
cab79020193af6f55744135f0197a1630e3c2215411e9bdd269a836e052ec646,pc/M-combat-capturePercent/1a50bd67feb4ca4f159a4cfe/B-A,vps/M-unit-soldier-cost-fixed-counts/1a50bd67feb4ca4f159a4cfe/B-A
9ca322cb96477f8f2d6b2e7673307285a8c1ac1a2124cfb6ddfbf09efb0d4075,pc/M-combat-capturePercent/48d3967fcd05b8de1e34c2d4/A-B,vps/M-unit-soldier-cost-fixed-counts/48d3967fcd05b8de1e34c2d4/A-B
0ef488184d72f1f098ab6566fb80c72140d7078400dd1a9587141fe8b34a13ec,pc/M-combat-capturePercent/48d3967fcd05b8de1e34c2d4/B-A,vps/M-unit-soldier-cost-fixed-counts/48d3967fcd05b8de1e34c2d4/B-A
00f252d5722657943a4cb0718ce0da7e8a4611896fa35ea5621c1322e14ef866,pc/M-combat-capturePercent/54e1d4f2a6e7f51febebdd8e/A-B,vps/M-unit-soldier-cost-fixed-counts/54e1d4f2a6e7f51febebdd8e/A-B
9000dde07f557a8d66b3ea4000e55211bbd45f04e3469db5cbc747249d14ba6c,pc/M-combat-capturePercent/54e1d4f2a6e7f51febebdd8e/B-A,vps/M-unit-soldier-cost-fixed-counts/54e1d4f2a6e7f51febebdd8e/B-A
4970d1f6b5265fad201517f3825ff40d79aa8b20306bc545f88c8e11a313708e,pc/M-combat-capturePercent/6aee5ba4cebd035270c43536/A-B,vps/M-unit-soldier-cost-fixed-counts/6aee5ba4cebd035270c43536/A-B
0243eeadabcc14bc5e95fa1b391f9a0fbfc6c55db116c0e75d961227e7785c42,pc/M-combat-capturePercent/6aee5ba4cebd035270c43536/B-A,vps/M-unit-soldier-cost-fixed-counts/6aee5ba4cebd035270c43536/B-A
f5eaa97da71df5298d7c5b30554bec43da7311247b6bf61d3299b38dd99ce886,pc/M-combat-capturePercent/80ebf93b386771704cc70bab/A-B,vps/M-unit-soldier-cost-fixed-counts/80ebf93b386771704cc70bab/A-B
6a49a491a5ff72a4b8db0cc1fcd37742813f1f1a76d4b11bb02af21e20d1e1ce,pc/M-combat-capturePercent/80ebf93b386771704cc70bab/B-A,vps/M-unit-soldier-cost-fixed-counts/80ebf93b386771704cc70bab/B-A
647ab88a83aa6f834990989ca24911ddf969595c4a5f5d85e2c151fdaebac92b,pc/M-combat-capturePercent/93f29e181d26c9d16b60ee8b/A-B,vps/M-unit-soldier-cost-fixed-counts/93f29e181d26c9d16b60ee8b/A-B
cb5849664fb65ac00466aa61563a1f9baace77ad985b9c02a92e371cf45b1603,pc/M-combat-capturePercent/93f29e181d26c9d16b60ee8b/B-A,vps/M-unit-soldier-cost-fixed-counts/93f29e181d26c9d16b60ee8b/B-A
2a1d1503a117713d05836a468b6a0d0d39d7d08702d9ca68ffe56c89d6f08704,pc/M-combat-capturePercent/98043342a0f7383cbda2c59d/A-B,vps/M-unit-soldier-cost-fixed-counts/98043342a0f7383cbda2c59d/A-B
cdd056f355bfd3009ca6798847f425d092b2fa95fee94cbb9f1b9d30918fd936,pc/M-combat-capturePercent/98043342a0f7383cbda2c59d/B-A,vps/M-unit-soldier-cost-fixed-counts/98043342a0f7383cbda2c59d/B-A
3d79ed5983c89d0022c51a128734a7b36a8941c07b48f432dd6f260a0059cec7,pc/M-combat-capturePercent/9a1ddda43134d9061057be59/A-B,vps/M-unit-soldier-cost-fixed-counts/9a1ddda43134d9061057be59/A-B
b539cabaf72f26f266d867628052db7ffc7cfa333da902e943ce8bd34a752c17,pc/M-combat-capturePercent/9a1ddda43134d9061057be59/B-A,vps/M-unit-soldier-cost-fixed-counts/9a1ddda43134d9061057be59/B-A
a5bb96235bf6f9a76b769ff737d8e922df94b0a52f749525853085cd022bf3ef,pc/M-combat-capturePercent/a74b3b7b747bae166c9bbd4d/A-B,vps/M-unit-soldier-cost-fixed-counts/a74b3b7b747bae166c9bbd4d/A-B
8a5fbdbf1b558dc200eab97d67343355792afdf24d5bbb0e91f754b86f3a02ef,pc/M-combat-capturePercent/a74b3b7b747bae166c9bbd4d/B-A,vps/M-unit-soldier-cost-fixed-counts/a74b3b7b747bae166c9bbd4d/B-A
7021d39476c082c69391aa7d9d107c8598ae66c5b1828c73e129c275542d42fb,pc/M-combat-capturePercent/adf2a33f332db08d4d373bba/A-B,vps/M-unit-soldier-cost-fixed-counts/adf2a33f332db08d4d373bba/A-B
0a6998a19d108d4ea47989fe9c9346eb6b099ed85b399e3702e1d1add2785d07,pc/M-combat-capturePercent/adf2a33f332db08d4d373bba/B-A,vps/M-unit-soldier-cost-fixed-counts/adf2a33f332db08d4d373bba/B-A
e1e29aab7102365136b614a54a8aeb0bee449145f3bc465a205963f9f554f006,pc/M-combat-capturePercent/bf898c747897728e9c646b00/A-B,vps/M-unit-soldier-cost-fixed-counts/bf898c747897728e9c646b00/A-B
0c2b4bb54f68750a49827995ac5ca7c41b885ac68f663af9b71cf4658f802372,pc/M-combat-capturePercent/bf898c747897728e9c646b00/B-A,vps/M-unit-soldier-cost-fixed-counts/bf898c747897728e9c646b00/B-A
6d407622c60b016795f97c89a6a5574696df9124c61c66dd231ce4e7c7aa2393,pc/M-combat-capturePercent/ec03e2f3b6e41ea5555df14c/A-B,vps/M-unit-soldier-cost-fixed-counts/ec03e2f3b6e41ea5555df14c/A-B
5b40b5d08240a3cb41ac0662b746bf7848264fd5d59a18b9cccd174e1c8a970f,pc/M-combat-capturePercent/ec03e2f3b6e41ea5555df14c/B-A,vps/M-unit-soldier-cost-fixed-counts/ec03e2f3b6e41ea5555df14c/B-A
587a0b6c8fbf92e9e393e63a374c6bdc95fc594470b7c8ee42ee3df5c4a6b8ef,pc/M-combat-capturePercent/1a50bd67feb4ca4f159a4cfe/A-B,vps/M-unit-soldier-defendingEfficiency-fixed-counts/1a50bd67feb4ca4f159a4cfe/A-B
cab79020193af6f55744135f0197a1630e3c2215411e9bdd269a836e052ec646,pc/M-combat-capturePercent/1a50bd67feb4ca4f159a4cfe/B-A,vps/M-unit-soldier-defendingEfficiency-fixed-counts/1a50bd67feb4ca4f159a4cfe/B-A
9ca322cb96477f8f2d6b2e7673307285a8c1ac1a2124cfb6ddfbf09efb0d4075,pc/M-combat-capturePercent/48d3967fcd05b8de1e34c2d4/A-B,vps/M-unit-soldier-defendingEfficiency-fixed-counts/48d3967fcd05b8de1e34c2d4/A-B
0ef488184d72f1f098ab6566fb80c72140d7078400dd1a9587141fe8b34a13ec,pc/M-combat-capturePercent/48d3967fcd05b8de1e34c2d4/B-A,vps/M-unit-soldier-defendingEfficiency-fixed-counts/48d3967fcd05b8de1e34c2d4/B-A
00f252d5722657943a4cb0718ce0da7e8a4611896fa35ea5621c1322e14ef866,pc/M-combat-capturePercent/54e1d4f2a6e7f51febebdd8e/A-B,vps/M-unit-soldier-defendingEfficiency-fixed-counts/54e1d4f2a6e7f51febebdd8e/A-B
9000dde07f557a8d66b3ea4000e55211bbd45f04e3469db5cbc747249d14ba6c,pc/M-combat-capturePercent/54e1d4f2a6e7f51febebdd8e/B-A,vps/M-unit-soldier-defendingEfficiency-fixed-counts/54e1d4f2a6e7f51febebdd8e/B-A
4970d1f6b5265fad201517f3825ff40d79aa8b20306bc545f88c8e11a313708e,pc/M-combat-capturePercent/6aee5ba4cebd035270c43536/A-B,vps/M-unit-soldier-defendingEfficiency-fixed-counts/6aee5ba4cebd035270c43536/A-B
0243eeadabcc14bc5e95fa1b391f9a0fbfc6c55db116c0e75d961227e7785c42,pc/M-combat-capturePercent/6aee5ba4cebd035270c43536/B-A,vps/M-unit-soldier-defendingEfficiency-fixed-counts/6aee5ba4cebd035270c43536/B-A
f5eaa97da71df5298d7c5b30554bec43da7311247b6bf61d3299b38dd99ce886,pc/M-combat-capturePercent/80ebf93b386771704cc70bab/A-B,vps/M-unit-soldier-defendingEfficiency-fixed-counts/80ebf93b386771704cc70bab/A-B
6a49a491a5ff72a4b8db0cc1fcd37742813f1f1a76d4b11bb02af21e20d1e1ce,pc/M-combat-capturePercent/80ebf93b386771704cc70bab/B-A,vps/M-unit-soldier-defendingEfficiency-fixed-counts/80ebf93b386771704cc70bab/B-A
647ab88a83aa6f834990989ca24911ddf969595c4a5f5d85e2c151fdaebac92b,pc/M-combat-capturePercent/93f29e181d26c9d16b60ee8b/A-B,vps/M-unit-soldier-defendingEfficiency-fixed-counts/93f29e181d26c9d16b60ee8b/A-B
cb5849664fb65ac00466aa61563a1f9baace77ad985b9c02a92e371cf45b1603,pc/M-combat-capturePercent/93f29e181d26c9d16b60ee8b/B-A,vps/M-unit-soldier-defendingEfficiency-fixed-counts/93f29e181d26c9d16b60ee8b/B-A
2a1d1503a117713d05836a468b6a0d0d39d7d08702d9ca68ffe56c89d6f08704,pc/M-combat-capturePercent/98043342a0f7383cbda2c59d/A-B,vps/M-unit-soldier-defendingEfficiency-fixed-counts/98043342a0f7383cbda2c59d/A-B
cdd056f355bfd3009ca6798847f425d092b2fa95fee94cbb9f1b9d30918fd936,pc/M-combat-capturePercent/98043342a0f7383cbda2c59d/B-A,vps/M-unit-soldier-defendingEfficiency-fixed-counts/98043342a0f7383cbda2c59d/B-A
3d79ed5983c89d0022c51a128734a7b36a8941c07b48f432dd6f260a0059cec7,pc/M-combat-capturePercent/9a1ddda43134d9061057be59/A-B,vps/M-unit-soldier-defendingEfficiency-fixed-counts/9a1ddda43134d9061057be59/A-B
b539cabaf72f26f266d867628052db7ffc7cfa333da902e943ce8bd34a752c17,pc/M-combat-capturePercent/9a1ddda43134d9061057be59/B-A,vps/M-unit-soldier-defendingEfficiency-fixed-counts/9a1ddda43134d9061057be59/B-A
a5bb96235bf6f9a76b769ff737d8e922df94b0a52f749525853085cd022bf3ef,pc/M-combat-capturePercent/a74b3b7b747bae166c9bbd4d/A-B,vps/M-unit-soldier-defendingEfficiency-fixed-counts/a74b3b7b747bae166c9bbd4d/A-B
8a5fbdbf1b558dc200eab97d67343355792afdf24d5bbb0e91f754b86f3a02ef,pc/M-combat-capturePercent/a74b3b7b747bae166c9bbd4d/B-A,vps/M-unit-soldier-defendingEfficiency-fixed-counts/a74b3b7b747bae166c9bbd4d/B-A
7021d39476c082c69391aa7d9d107c8598ae66c5b1828c73e129c275542d42fb,pc/M-combat-capturePercent/adf2a33f332db08d4d373bba/A-B,vps/M-unit-soldier-defendingEfficiency-fixed-counts/adf2a33f332db08d4d373bba/A-B
0a6998a19d108d4ea47989fe9c9346eb6b099ed85b399e3702e1d1add2785d07,pc/M-combat-capturePercent/adf2a33f332db08d4d373bba/B-A,vps/M-unit-soldier-defendingEfficiency-fixed-counts/adf2a33f332db08d4d373bba/B-A
e1e29aab7102365136b614a54a8aeb0bee449145f3bc465a205963f9f554f006,pc/M-combat-capturePercent/bf898c747897728e9c646b00/A-B,vps/M-unit-soldier-defendingEfficiency-fixed-counts/bf898c747897728e9c646b00/A-B
0c2b4bb54f68750a49827995ac5ca7c41b885ac68f663af9b71cf4658f802372,pc/M-combat-capturePercent/bf898c747897728e9c646b00/B-A,vps/M-unit-soldier-defendingEfficiency-fixed-counts/bf898c747897728e9c646b00/B-A
6d407622c60b016795f97c89a6a5574696df9124c61c66dd231ce4e7c7aa2393,pc/M-combat-capturePercent/ec03e2f3b6e41ea5555df14c/A-B,vps/M-unit-soldier-defendingEfficiency-fixed-counts/ec03e2f3b6e41ea5555df14c/A-B
5b40b5d08240a3cb41ac0662b746bf7848264fd5d59a18b9cccd174e1c8a970f,pc/M-combat-capturePercent/ec03e2f3b6e41ea5555df14c/B-A,vps/M-unit-soldier-defendingEfficiency-fixed-counts/ec03e2f3b6e41ea5555df14c/B-A
587a0b6c8fbf92e9e393e63a374c6bdc95fc594470b7c8ee42ee3df5c4a6b8ef,pc/M-combat-capturePercent/1a50bd67feb4ca4f159a4cfe/A-B,vps/M-unit-soldier-strikesPerAttack-fixed-counts/1a50bd67feb4ca4f159a4cfe/A-B
cab79020193af6f55744135f0197a1630e3c2215411e9bdd269a836e052ec646,pc/M-combat-capturePercent/1a50bd67feb4ca4f159a4cfe/B-A,vps/M-unit-soldier-strikesPerAttack-fixed-counts/1a50bd67feb4ca4f159a4cfe/B-A
9ca322cb96477f8f2d6b2e7673307285a8c1ac1a2124cfb6ddfbf09efb0d4075,pc/M-combat-capturePercent/48d3967fcd05b8de1e34c2d4/A-B,vps/M-unit-soldier-strikesPerAttack-fixed-counts/48d3967fcd05b8de1e34c2d4/A-B
0ef488184d72f1f098ab6566fb80c72140d7078400dd1a9587141fe8b34a13ec,pc/M-combat-capturePercent/48d3967fcd05b8de1e34c2d4/B-A,vps/M-unit-soldier-strikesPerAttack-fixed-counts/48d3967fcd05b8de1e34c2d4/B-A
00f252d5722657943a4cb0718ce0da7e8a4611896fa35ea5621c1322e14ef866,pc/M-combat-capturePercent/54e1d4f2a6e7f51febebdd8e/A-B,vps/M-unit-soldier-strikesPerAttack-fixed-counts/54e1d4f2a6e7f51febebdd8e/A-B
9000dde07f557a8d66b3ea4000e55211bbd45f04e3469db5cbc747249d14ba6c,pc/M-combat-capturePercent/54e1d4f2a6e7f51febebdd8e/B-A,vps/M-unit-soldier-strikesPerAttack-fixed-counts/54e1d4f2a6e7f51febebdd8e/B-A
4970d1f6b5265fad201517f3825ff40d79aa8b20306bc545f88c8e11a313708e,pc/M-combat-capturePercent/6aee5ba4cebd035270c43536/A-B,vps/M-unit-soldier-strikesPerAttack-fixed-counts/6aee5ba4cebd035270c43536/A-B
0243eeadabcc14bc5e95fa1b391f9a0fbfc6c55db116c0e75d961227e7785c42,pc/M-combat-capturePercent/6aee5ba4cebd035270c43536/B-A,vps/M-unit-soldier-strikesPerAttack-fixed-counts/6aee5ba4cebd035270c43536/B-A
f5eaa97da71df5298d7c5b30554bec43da7311247b6bf61d3299b38dd99ce886,pc/M-combat-capturePercent/80ebf93b386771704cc70bab/A-B,vps/M-unit-soldier-strikesPerAttack-fixed-counts/80ebf93b386771704cc70bab/A-B
6a49a491a5ff72a4b8db0cc1fcd37742813f1f1a76d4b11bb02af21e20d1e1ce,pc/M-combat-capturePercent/80ebf93b386771704cc70bab/B-A,vps/M-unit-soldier-strikesPerAttack-fixed-counts/80ebf93b386771704cc70bab/B-A
647ab88a83aa6f834990989ca24911ddf969595c4a5f5d85e2c151fdaebac92b,pc/M-combat-capturePercent/93f29e181d26c9d16b60ee8b/A-B,vps/M-unit-soldier-strikesPerAttack-fixed-counts/93f29e181d26c9d16b60ee8b/A-B
cb5849664fb65ac00466aa61563a1f9baace77ad985b9c02a92e371cf45b1603,pc/M-combat-capturePercent/93f29e181d26c9d16b60ee8b/B-A,vps/M-unit-soldier-strikesPerAttack-fixed-counts/93f29e181d26c9d16b60ee8b/B-A
2a1d1503a117713d05836a468b6a0d0d39d7d08702d9ca68ffe56c89d6f08704,pc/M-combat-capturePercent/98043342a0f7383cbda2c59d/A-B,vps/M-unit-soldier-strikesPerAttack-fixed-counts/98043342a0f7383cbda2c59d/A-B
cdd056f355bfd3009ca6798847f425d092b2fa95fee94cbb9f1b9d30918fd936,pc/M-combat-capturePercent/98043342a0f7383cbda2c59d/B-A,vps/M-unit-soldier-strikesPerAttack-fixed-counts/98043342a0f7383cbda2c59d/B-A
3d79ed5983c89d0022c51a128734a7b36a8941c07b48f432dd6f260a0059cec7,pc/M-combat-capturePercent/9a1ddda43134d9061057be59/A-B,vps/M-unit-soldier-strikesPerAttack-fixed-counts/9a1ddda43134d9061057be59/A-B
b539cabaf72f26f266d867628052db7ffc7cfa333da902e943ce8bd34a752c17,pc/M-combat-capturePercent/9a1ddda43134d9061057be59/B-A,vps/M-unit-soldier-strikesPerAttack-fixed-counts/9a1ddda43134d9061057be59/B-A
a5bb96235bf6f9a76b769ff737d8e922df94b0a52f749525853085cd022bf3ef,pc/M-combat-capturePercent/a74b3b7b747bae166c9bbd4d/A-B,vps/M-unit-soldier-strikesPerAttack-fixed-counts/a74b3b7b747bae166c9bbd4d/A-B
8a5fbdbf1b558dc200eab97d67343355792afdf24d5bbb0e91f754b86f3a02ef,pc/M-combat-capturePercent/a74b3b7b747bae166c9bbd4d/B-A,vps/M-unit-soldier-strikesPerAttack-fixed-counts/a74b3b7b747bae166c9bbd4d/B-A
7021d39476c082c69391aa7d9d107c8598ae66c5b1828c73e129c275542d42fb,pc/M-combat-capturePercent/adf2a33f332db08d4d373bba/A-B,vps/M-unit-soldier-strikesPerAttack-fixed-counts/adf2a33f332db08d4d373bba/A-B
0a6998a19d108d4ea47989fe9c9346eb6b099ed85b399e3702e1d1add2785d07,pc/M-combat-capturePercent/adf2a33f332db08d4d373bba/B-A,vps/M-unit-soldier-strikesPerAttack-fixed-counts/adf2a33f332db08d4d373bba/B-A
e1e29aab7102365136b614a54a8aeb0bee449145f3bc465a205963f9f554f006,pc/M-combat-capturePercent/bf898c747897728e9c646b00/A-B,vps/M-unit-soldier-strikesPerAttack-fixed-counts/bf898c747897728e9c646b00/A-B
0c2b4bb54f68750a49827995ac5ca7c41b885ac68f663af9b71cf4658f802372,pc/M-combat-capturePercent/bf898c747897728e9c646b00/B-A,vps/M-unit-soldier-strikesPerAttack-fixed-counts/bf898c747897728e9c646b00/B-A
6d407622c60b016795f97c89a6a5574696df9124c61c66dd231ce4e7c7aa2393,pc/M-combat-capturePercent/ec03e2f3b6e41ea5555df14c/A-B,vps/M-unit-soldier-strikesPerAttack-fixed-counts/ec03e2f3b6e41ea5555df14c/A-B
5b40b5d08240a3cb41ac0662b746bf7848264fd5d59a18b9cccd174e1c8a970f,pc/M-combat-capturePercent/ec03e2f3b6e41ea5555df14c/B-A,vps/M-unit-soldier-strikesPerAttack-fixed-counts/ec03e2f3b6e41ea5555df14c/B-A
587a0b6c8fbf92e9e393e63a374c6bdc95fc594470b7c8ee42ee3df5c4a6b8ef,pc/M-combat-capturePercent/1a50bd67feb4ca4f159a4cfe/A-B,vps/M-unit-soldier-structure-fixed-counts/1a50bd67feb4ca4f159a4cfe/A-B
cab79020193af6f55744135f0197a1630e3c2215411e9bdd269a836e052ec646,pc/M-combat-capturePercent/1a50bd67feb4ca4f159a4cfe/B-A,vps/M-unit-soldier-structure-fixed-counts/1a50bd67feb4ca4f159a4cfe/B-A
9ca322cb96477f8f2d6b2e7673307285a8c1ac1a2124cfb6ddfbf09efb0d4075,pc/M-combat-capturePercent/48d3967fcd05b8de1e34c2d4/A-B,vps/M-unit-soldier-structure-fixed-counts/48d3967fcd05b8de1e34c2d4/A-B
0ef488184d72f1f098ab6566fb80c72140d7078400dd1a9587141fe8b34a13ec,pc/M-combat-capturePercent/48d3967fcd05b8de1e34c2d4/B-A,vps/M-unit-soldier-structure-fixed-counts/48d3967fcd05b8de1e34c2d4/B-A
00f252d5722657943a4cb0718ce0da7e8a4611896fa35ea5621c1322e14ef866,pc/M-combat-capturePercent/54e1d4f2a6e7f51febebdd8e/A-B,vps/M-unit-soldier-structure-fixed-counts/54e1d4f2a6e7f51febebdd8e/A-B
9000dde07f557a8d66b3ea4000e55211bbd45f04e3469db5cbc747249d14ba6c,pc/M-combat-capturePercent/54e1d4f2a6e7f51febebdd8e/B-A,vps/M-unit-soldier-structure-fixed-counts/54e1d4f2a6e7f51febebdd8e/B-A
4970d1f6b5265fad201517f3825ff40d79aa8b20306bc545f88c8e11a313708e,pc/M-combat-capturePercent/6aee5ba4cebd035270c43536/A-B,vps/M-unit-soldier-structure-fixed-counts/6aee5ba4cebd035270c43536/A-B
0243eeadabcc14bc5e95fa1b391f9a0fbfc6c55db116c0e75d961227e7785c42,pc/M-combat-capturePercent/6aee5ba4cebd035270c43536/B-A,vps/M-unit-soldier-structure-fixed-counts/6aee5ba4cebd035270c43536/B-A
f5eaa97da71df5298d7c5b30554bec43da7311247b6bf61d3299b38dd99ce886,pc/M-combat-capturePercent/80ebf93b386771704cc70bab/A-B,vps/M-unit-soldier-structure-fixed-counts/80ebf93b386771704cc70bab/A-B
6a49a491a5ff72a4b8db0cc1fcd37742813f1f1a76d4b11bb02af21e20d1e1ce,pc/M-combat-capturePercent/80ebf93b386771704cc70bab/B-A,vps/M-unit-soldier-structure-fixed-counts/80ebf93b386771704cc70bab/B-A
647ab88a83aa6f834990989ca24911ddf969595c4a5f5d85e2c151fdaebac92b,pc/M-combat-capturePercent/93f29e181d26c9d16b60ee8b/A-B,vps/M-unit-soldier-structure-fixed-counts/93f29e181d26c9d16b60ee8b/A-B
cb5849664fb65ac00466aa61563a1f9baace77ad985b9c02a92e371cf45b1603,pc/M-combat-capturePercent/93f29e181d26c9d16b60ee8b/B-A,vps/M-unit-soldier-structure-fixed-counts/93f29e181d26c9d16b60ee8b/B-A
2a1d1503a117713d05836a468b6a0d0d39d7d08702d9ca68ffe56c89d6f08704,pc/M-combat-capturePercent/98043342a0f7383cbda2c59d/A-B,vps/M-unit-soldier-structure-fixed-counts/98043342a0f7383cbda2c59d/A-B
cdd056f355bfd3009ca6798847f425d092b2fa95fee94cbb9f1b9d30918fd936,pc/M-combat-capturePercent/98043342a0f7383cbda2c59d/B-A,vps/M-unit-soldier-structure-fixed-counts/98043342a0f7383cbda2c59d/B-A
3d79ed5983c89d0022c51a128734a7b36a8941c07b48f432dd6f260a0059cec7,pc/M-combat-capturePercent/9a1ddda43134d9061057be59/A-B,vps/M-unit-soldier-structure-fixed-counts/9a1ddda43134d9061057be59/A-B
b539cabaf72f26f266d867628052db7ffc7cfa333da902e943ce8bd34a752c17,pc/M-combat-capturePercent/9a1ddda43134d9061057be59/B-A,vps/M-unit-soldier-structure-fixed-counts/9a1ddda43134d9061057be59/B-A
a5bb96235bf6f9a76b769ff737d8e922df94b0a52f749525853085cd022bf3ef,pc/M-combat-capturePercent/a74b3b7b747bae166c9bbd4d/A-B,vps/M-unit-soldier-structure-fixed-counts/a74b3b7b747bae166c9bbd4d/A-B
8a5fbdbf1b558dc200eab97d67343355792afdf24d5bbb0e91f754b86f3a02ef,pc/M-combat-capturePercent/a74b3b7b747bae166c9bbd4d/B-A,vps/M-unit-soldier-structure-fixed-counts/a74b3b7b747bae166c9bbd4d/B-A
7021d39476c082c69391aa7d9d107c8598ae66c5b1828c73e129c275542d42fb,pc/M-combat-capturePercent/adf2a33f332db08d4d373bba/A-B,vps/M-unit-soldier-structure-fixed-counts/adf2a33f332db08d4d373bba/A-B
0a6998a19d108d4ea47989fe9c9346eb6b099ed85b399e3702e1d1add2785d07,pc/M-combat-capturePercent/adf2a33f332db08d4d373bba/B-A,vps/M-unit-soldier-structure-fixed-counts/adf2a33f332db08d4d373bba/B-A
e1e29aab7102365136b614a54a8aeb0bee449145f3bc465a205963f9f554f006,pc/M-combat-capturePercent/bf898c747897728e9c646b00/A-B,vps/M-unit-soldier-structure-fixed-counts/bf898c747897728e9c646b00/A-B
0c2b4bb54f68750a49827995ac5ca7c41b885ac68f663af9b71cf4658f802372,pc/M-combat-capturePercent/bf898c747897728e9c646b00/B-A,vps/M-unit-soldier-structure-fixed-counts/bf898c747897728e9c646b00/B-A
6d407622c60b016795f97c89a6a5574696df9124c61c66dd231ce4e7c7aa2393,pc/M-combat-capturePercent/ec03e2f3b6e41ea5555df14c/A-B,vps/M-unit-soldier-structure-fixed-counts/ec03e2f3b6e41ea5555df14c/A-B
5b40b5d08240a3cb41ac0662b746bf7848264fd5d59a18b9cccd174e1c8a970f,pc/M-combat-capturePercent/ec03e2f3b6e41ea5555df14c/B-A,vps/M-unit-soldier-structure-fixed-counts/ec03e2f3b6e41ea5555df14c/B-A
85f859f840726422ec7d710e5557c9d3b6715fd7fc74bfe34607d4d92c94e777,pc/M-combat-capturePercent/0c0085870630c59e82d2d03f/A-B,vps/M-unit-spearman-accuracySpread-fixed-counts/0c0085870630c59e82d2d03f/A-B
03908c0fa4ced8ca60a7e0fb3a0f39260e015950626c7db85dad0402f2d3619e,pc/M-combat-capturePercent/0c0085870630c59e82d2d03f/B-A,vps/M-unit-spearman-accuracySpread-fixed-counts/0c0085870630c59e82d2d03f/B-A
58cd7ae8deb38800a7970576196ee8f591af45338dcec1590dcfba297fa69701,pc/M-combat-capturePercent/0fad6426e216ce1d497cd944/A-B,vps/M-unit-spearman-accuracySpread-fixed-counts/0fad6426e216ce1d497cd944/A-B
71c1edf0b3076609f0d5f6632549a6592128c1a272b42a58354f9fb187b4a370,pc/M-combat-capturePercent/0fad6426e216ce1d497cd944/B-A,vps/M-unit-spearman-accuracySpread-fixed-counts/0fad6426e216ce1d497cd944/B-A
7d7abac10e512ec2c70d5d25a59d0d144ba2b19ce4372cc4f09baf310123eafb,pc/M-combat-capturePercent/15b79b9ef5cbd9e794375476/A-B,vps/M-unit-spearman-accuracySpread-fixed-counts/15b79b9ef5cbd9e794375476/A-B
75facca78d59da8acebf5520dc1aec84674008dca00e85ffe5137a6371d683bd,pc/M-combat-capturePercent/15b79b9ef5cbd9e794375476/B-A,vps/M-unit-spearman-accuracySpread-fixed-counts/15b79b9ef5cbd9e794375476/B-A
ac0328d7e848fe34c754caa6b9c4b0ed2030d2e4d6fcccd1ed330988caf253df,pc/M-combat-capturePercent/2497be6bce26a22f97e6e95e/A-B,vps/M-unit-spearman-accuracySpread-fixed-counts/2497be6bce26a22f97e6e95e/A-B
cdf02ca8a3da35cbdb52ea241c610d7fdc069d44ffd601725625d6de3e1c67e1,pc/M-combat-capturePercent/2497be6bce26a22f97e6e95e/B-A,vps/M-unit-spearman-accuracySpread-fixed-counts/2497be6bce26a22f97e6e95e/B-A
d008a6c4cea3edb58d3e49bd4fe6a9dc06177f8442e6495e138e98d884af187e,pc/M-combat-capturePercent/7701dd750551af246ed1b8c5/A-B,vps/M-unit-spearman-accuracySpread-fixed-counts/7701dd750551af246ed1b8c5/A-B
bcbc877f0cf8b1db3ca6328cc8d75854e56dc0b5735561ddaff5ce14c2a229f6,pc/M-combat-capturePercent/7701dd750551af246ed1b8c5/B-A,vps/M-unit-spearman-accuracySpread-fixed-counts/7701dd750551af246ed1b8c5/B-A
2a1d1503a117713d05836a468b6a0d0d39d7d08702d9ca68ffe56c89d6f08704,pc/M-combat-capturePercent/98043342a0f7383cbda2c59d/A-B,vps/M-unit-spearman-accuracySpread-fixed-counts/98043342a0f7383cbda2c59d/A-B
cdd056f355bfd3009ca6798847f425d092b2fa95fee94cbb9f1b9d30918fd936,pc/M-combat-capturePercent/98043342a0f7383cbda2c59d/B-A,vps/M-unit-spearman-accuracySpread-fixed-counts/98043342a0f7383cbda2c59d/B-A
2bc6219638d312265f5c45e3ff80bf6b75c9c3992211780b96db52997872da32,pc/M-combat-capturePercent/9ee1c7b7c3d22f186dea063d/A-B,vps/M-unit-spearman-accuracySpread-fixed-counts/9ee1c7b7c3d22f186dea063d/A-B
120c55e4f29e4d0105d6cc15c34f2d0b90e315f38cd4336b4554e662eda73d66,pc/M-combat-capturePercent/9ee1c7b7c3d22f186dea063d/B-A,vps/M-unit-spearman-accuracySpread-fixed-counts/9ee1c7b7c3d22f186dea063d/B-A
b965633c898c10ac48cc0b945d886ca291a7c3df9f2bc8fbbd6924891bba8756,pc/M-combat-capturePercent/a477667580eb4a6cca4bfd35/A-B,vps/M-unit-spearman-accuracySpread-fixed-counts/a477667580eb4a6cca4bfd35/A-B
04d26513bee41f8de98ab49cd97c992b3a0017b0ad91dc428f6066f007ce270c,pc/M-combat-capturePercent/a477667580eb4a6cca4bfd35/B-A,vps/M-unit-spearman-accuracySpread-fixed-counts/a477667580eb4a6cca4bfd35/B-A
7021d39476c082c69391aa7d9d107c8598ae66c5b1828c73e129c275542d42fb,pc/M-combat-capturePercent/adf2a33f332db08d4d373bba/A-B,vps/M-unit-spearman-accuracySpread-fixed-counts/adf2a33f332db08d4d373bba/A-B
0a6998a19d108d4ea47989fe9c9346eb6b099ed85b399e3702e1d1add2785d07,pc/M-combat-capturePercent/adf2a33f332db08d4d373bba/B-A,vps/M-unit-spearman-accuracySpread-fixed-counts/adf2a33f332db08d4d373bba/B-A
4227f054b87e527b1d1b0274ed1998e330c5df10704580221a9b575b4a8798c6,pc/M-combat-capturePercent/b4b94da886e061c92142841a/A-B,vps/M-unit-spearman-accuracySpread-fixed-counts/b4b94da886e061c92142841a/A-B
ed29d7971438fc1a049999694ca61a2424e52dc6124815c6cadb6b6c1daaffd8,pc/M-combat-capturePercent/b4b94da886e061c92142841a/B-A,vps/M-unit-spearman-accuracySpread-fixed-counts/b4b94da886e061c92142841a/B-A
e1e29aab7102365136b614a54a8aeb0bee449145f3bc465a205963f9f554f006,pc/M-combat-capturePercent/bf898c747897728e9c646b00/A-B,vps/M-unit-spearman-accuracySpread-fixed-counts/bf898c747897728e9c646b00/A-B
0c2b4bb54f68750a49827995ac5ca7c41b885ac68f663af9b71cf4658f802372,pc/M-combat-capturePercent/bf898c747897728e9c646b00/B-A,vps/M-unit-spearman-accuracySpread-fixed-counts/bf898c747897728e9c646b00/B-A
54b8eb5652e7a14e2d23dbf5a122ee8f8758e3e126c18b1c2077bfe200269275,pc/M-combat-capturePercent/e03c8d62aa94aae4fc0f13f1/A-B,vps/M-unit-spearman-accuracySpread-fixed-counts/e03c8d62aa94aae4fc0f13f1/A-B
078641e562821c4012d1a24d08878af3f97f45aea622350727a2eb5edcbd524c,pc/M-combat-capturePercent/e03c8d62aa94aae4fc0f13f1/B-A,vps/M-unit-spearman-accuracySpread-fixed-counts/e03c8d62aa94aae4fc0f13f1/B-A
85f859f840726422ec7d710e5557c9d3b6715fd7fc74bfe34607d4d92c94e777,pc/M-combat-capturePercent/0c0085870630c59e82d2d03f/A-B,vps/M-unit-spearman-attack-fixed-counts/0c0085870630c59e82d2d03f/A-B
03908c0fa4ced8ca60a7e0fb3a0f39260e015950626c7db85dad0402f2d3619e,pc/M-combat-capturePercent/0c0085870630c59e82d2d03f/B-A,vps/M-unit-spearman-attack-fixed-counts/0c0085870630c59e82d2d03f/B-A
58cd7ae8deb38800a7970576196ee8f591af45338dcec1590dcfba297fa69701,pc/M-combat-capturePercent/0fad6426e216ce1d497cd944/A-B,vps/M-unit-spearman-attack-fixed-counts/0fad6426e216ce1d497cd944/A-B
71c1edf0b3076609f0d5f6632549a6592128c1a272b42a58354f9fb187b4a370,pc/M-combat-capturePercent/0fad6426e216ce1d497cd944/B-A,vps/M-unit-spearman-attack-fixed-counts/0fad6426e216ce1d497cd944/B-A
7d7abac10e512ec2c70d5d25a59d0d144ba2b19ce4372cc4f09baf310123eafb,pc/M-combat-capturePercent/15b79b9ef5cbd9e794375476/A-B,vps/M-unit-spearman-attack-fixed-counts/15b79b9ef5cbd9e794375476/A-B
75facca78d59da8acebf5520dc1aec84674008dca00e85ffe5137a6371d683bd,pc/M-combat-capturePercent/15b79b9ef5cbd9e794375476/B-A,vps/M-unit-spearman-attack-fixed-counts/15b79b9ef5cbd9e794375476/B-A
ac0328d7e848fe34c754caa6b9c4b0ed2030d2e4d6fcccd1ed330988caf253df,pc/M-combat-capturePercent/2497be6bce26a22f97e6e95e/A-B,vps/M-unit-spearman-attack-fixed-counts/2497be6bce26a22f97e6e95e/A-B
cdf02ca8a3da35cbdb52ea241c610d7fdc069d44ffd601725625d6de3e1c67e1,pc/M-combat-capturePercent/2497be6bce26a22f97e6e95e/B-A,vps/M-unit-spearman-attack-fixed-counts/2497be6bce26a22f97e6e95e/B-A
d008a6c4cea3edb58d3e49bd4fe6a9dc06177f8442e6495e138e98d884af187e,pc/M-combat-capturePercent/7701dd750551af246ed1b8c5/A-B,vps/M-unit-spearman-attack-fixed-counts/7701dd750551af246ed1b8c5/A-B
bcbc877f0cf8b1db3ca6328cc8d75854e56dc0b5735561ddaff5ce14c2a229f6,pc/M-combat-capturePercent/7701dd750551af246ed1b8c5/B-A,vps/M-unit-spearman-attack-fixed-counts/7701dd750551af246ed1b8c5/B-A
2a1d1503a117713d05836a468b6a0d0d39d7d08702d9ca68ffe56c89d6f08704,pc/M-combat-capturePercent/98043342a0f7383cbda2c59d/A-B,vps/M-unit-spearman-attack-fixed-counts/98043342a0f7383cbda2c59d/A-B
cdd056f355bfd3009ca6798847f425d092b2fa95fee94cbb9f1b9d30918fd936,pc/M-combat-capturePercent/98043342a0f7383cbda2c59d/B-A,vps/M-unit-spearman-attack-fixed-counts/98043342a0f7383cbda2c59d/B-A
2bc6219638d312265f5c45e3ff80bf6b75c9c3992211780b96db52997872da32,pc/M-combat-capturePercent/9ee1c7b7c3d22f186dea063d/A-B,vps/M-unit-spearman-attack-fixed-counts/9ee1c7b7c3d22f186dea063d/A-B
120c55e4f29e4d0105d6cc15c34f2d0b90e315f38cd4336b4554e662eda73d66,pc/M-combat-capturePercent/9ee1c7b7c3d22f186dea063d/B-A,vps/M-unit-spearman-attack-fixed-counts/9ee1c7b7c3d22f186dea063d/B-A
b965633c898c10ac48cc0b945d886ca291a7c3df9f2bc8fbbd6924891bba8756,pc/M-combat-capturePercent/a477667580eb4a6cca4bfd35/A-B,vps/M-unit-spearman-attack-fixed-counts/a477667580eb4a6cca4bfd35/A-B
04d26513bee41f8de98ab49cd97c992b3a0017b0ad91dc428f6066f007ce270c,pc/M-combat-capturePercent/a477667580eb4a6cca4bfd35/B-A,vps/M-unit-spearman-attack-fixed-counts/a477667580eb4a6cca4bfd35/B-A
7021d39476c082c69391aa7d9d107c8598ae66c5b1828c73e129c275542d42fb,pc/M-combat-capturePercent/adf2a33f332db08d4d373bba/A-B,vps/M-unit-spearman-attack-fixed-counts/adf2a33f332db08d4d373bba/A-B
0a6998a19d108d4ea47989fe9c9346eb6b099ed85b399e3702e1d1add2785d07,pc/M-combat-capturePercent/adf2a33f332db08d4d373bba/B-A,vps/M-unit-spearman-attack-fixed-counts/adf2a33f332db08d4d373bba/B-A
4227f054b87e527b1d1b0274ed1998e330c5df10704580221a9b575b4a8798c6,pc/M-combat-capturePercent/b4b94da886e061c92142841a/A-B,vps/M-unit-spearman-attack-fixed-counts/b4b94da886e061c92142841a/A-B
ed29d7971438fc1a049999694ca61a2424e52dc6124815c6cadb6b6c1daaffd8,pc/M-combat-capturePercent/b4b94da886e061c92142841a/B-A,vps/M-unit-spearman-attack-fixed-counts/b4b94da886e061c92142841a/B-A
e1e29aab7102365136b614a54a8aeb0bee449145f3bc465a205963f9f554f006,pc/M-combat-capturePercent/bf898c747897728e9c646b00/A-B,vps/M-unit-spearman-attack-fixed-counts/bf898c747897728e9c646b00/A-B
0c2b4bb54f68750a49827995ac5ca7c41b885ac68f663af9b71cf4658f802372,pc/M-combat-capturePercent/bf898c747897728e9c646b00/B-A,vps/M-unit-spearman-attack-fixed-counts/bf898c747897728e9c646b00/B-A
54b8eb5652e7a14e2d23dbf5a122ee8f8758e3e126c18b1c2077bfe200269275,pc/M-combat-capturePercent/e03c8d62aa94aae4fc0f13f1/A-B,vps/M-unit-spearman-attack-fixed-counts/e03c8d62aa94aae4fc0f13f1/A-B
078641e562821c4012d1a24d08878af3f97f45aea622350727a2eb5edcbd524c,pc/M-combat-capturePercent/e03c8d62aa94aae4fc0f13f1/B-A,vps/M-unit-spearman-attack-fixed-counts/e03c8d62aa94aae4fc0f13f1/B-A
85f859f840726422ec7d710e5557c9d3b6715fd7fc74bfe34607d4d92c94e777,pc/M-combat-capturePercent/0c0085870630c59e82d2d03f/A-B,vps/M-unit-spearman-baseAccuracy-fixed-counts/0c0085870630c59e82d2d03f/A-B
03908c0fa4ced8ca60a7e0fb3a0f39260e015950626c7db85dad0402f2d3619e,pc/M-combat-capturePercent/0c0085870630c59e82d2d03f/B-A,vps/M-unit-spearman-baseAccuracy-fixed-counts/0c0085870630c59e82d2d03f/B-A
58cd7ae8deb38800a7970576196ee8f591af45338dcec1590dcfba297fa69701,pc/M-combat-capturePercent/0fad6426e216ce1d497cd944/A-B,vps/M-unit-spearman-baseAccuracy-fixed-counts/0fad6426e216ce1d497cd944/A-B
71c1edf0b3076609f0d5f6632549a6592128c1a272b42a58354f9fb187b4a370,pc/M-combat-capturePercent/0fad6426e216ce1d497cd944/B-A,vps/M-unit-spearman-baseAccuracy-fixed-counts/0fad6426e216ce1d497cd944/B-A
7d7abac10e512ec2c70d5d25a59d0d144ba2b19ce4372cc4f09baf310123eafb,pc/M-combat-capturePercent/15b79b9ef5cbd9e794375476/A-B,vps/M-unit-spearman-baseAccuracy-fixed-counts/15b79b9ef5cbd9e794375476/A-B
75facca78d59da8acebf5520dc1aec84674008dca00e85ffe5137a6371d683bd,pc/M-combat-capturePercent/15b79b9ef5cbd9e794375476/B-A,vps/M-unit-spearman-baseAccuracy-fixed-counts/15b79b9ef5cbd9e794375476/B-A
ac0328d7e848fe34c754caa6b9c4b0ed2030d2e4d6fcccd1ed330988caf253df,pc/M-combat-capturePercent/2497be6bce26a22f97e6e95e/A-B,vps/M-unit-spearman-baseAccuracy-fixed-counts/2497be6bce26a22f97e6e95e/A-B
cdf02ca8a3da35cbdb52ea241c610d7fdc069d44ffd601725625d6de3e1c67e1,pc/M-combat-capturePercent/2497be6bce26a22f97e6e95e/B-A,vps/M-unit-spearman-baseAccuracy-fixed-counts/2497be6bce26a22f97e6e95e/B-A
d008a6c4cea3edb58d3e49bd4fe6a9dc06177f8442e6495e138e98d884af187e,pc/M-combat-capturePercent/7701dd750551af246ed1b8c5/A-B,vps/M-unit-spearman-baseAccuracy-fixed-counts/7701dd750551af246ed1b8c5/A-B
bcbc877f0cf8b1db3ca6328cc8d75854e56dc0b5735561ddaff5ce14c2a229f6,pc/M-combat-capturePercent/7701dd750551af246ed1b8c5/B-A,vps/M-unit-spearman-baseAccuracy-fixed-counts/7701dd750551af246ed1b8c5/B-A
2a1d1503a117713d05836a468b6a0d0d39d7d08702d9ca68ffe56c89d6f08704,pc/M-combat-capturePercent/98043342a0f7383cbda2c59d/A-B,vps/M-unit-spearman-baseAccuracy-fixed-counts/98043342a0f7383cbda2c59d/A-B
cdd056f355bfd3009ca6798847f425d092b2fa95fee94cbb9f1b9d30918fd936,pc/M-combat-capturePercent/98043342a0f7383cbda2c59d/B-A,vps/M-unit-spearman-baseAccuracy-fixed-counts/98043342a0f7383cbda2c59d/B-A
2bc6219638d312265f5c45e3ff80bf6b75c9c3992211780b96db52997872da32,pc/M-combat-capturePercent/9ee1c7b7c3d22f186dea063d/A-B,vps/M-unit-spearman-baseAccuracy-fixed-counts/9ee1c7b7c3d22f186dea063d/A-B
120c55e4f29e4d0105d6cc15c34f2d0b90e315f38cd4336b4554e662eda73d66,pc/M-combat-capturePercent/9ee1c7b7c3d22f186dea063d/B-A,vps/M-unit-spearman-baseAccuracy-fixed-counts/9ee1c7b7c3d22f186dea063d/B-A
b965633c898c10ac48cc0b945d886ca291a7c3df9f2bc8fbbd6924891bba8756,pc/M-combat-capturePercent/a477667580eb4a6cca4bfd35/A-B,vps/M-unit-spearman-baseAccuracy-fixed-counts/a477667580eb4a6cca4bfd35/A-B
04d26513bee41f8de98ab49cd97c992b3a0017b0ad91dc428f6066f007ce270c,pc/M-combat-capturePercent/a477667580eb4a6cca4bfd35/B-A,vps/M-unit-spearman-baseAccuracy-fixed-counts/a477667580eb4a6cca4bfd35/B-A
7021d39476c082c69391aa7d9d107c8598ae66c5b1828c73e129c275542d42fb,pc/M-combat-capturePercent/adf2a33f332db08d4d373bba/A-B,vps/M-unit-spearman-baseAccuracy-fixed-counts/adf2a33f332db08d4d373bba/A-B
0a6998a19d108d4ea47989fe9c9346eb6b099ed85b399e3702e1d1add2785d07,pc/M-combat-capturePercent/adf2a33f332db08d4d373bba/B-A,vps/M-unit-spearman-baseAccuracy-fixed-counts/adf2a33f332db08d4d373bba/B-A
4227f054b87e527b1d1b0274ed1998e330c5df10704580221a9b575b4a8798c6,pc/M-combat-capturePercent/b4b94da886e061c92142841a/A-B,vps/M-unit-spearman-baseAccuracy-fixed-counts/b4b94da886e061c92142841a/A-B
ed29d7971438fc1a049999694ca61a2424e52dc6124815c6cadb6b6c1daaffd8,pc/M-combat-capturePercent/b4b94da886e061c92142841a/B-A,vps/M-unit-spearman-baseAccuracy-fixed-counts/b4b94da886e061c92142841a/B-A
e1e29aab7102365136b614a54a8aeb0bee449145f3bc465a205963f9f554f006,pc/M-combat-capturePercent/bf898c747897728e9c646b00/A-B,vps/M-unit-spearman-baseAccuracy-fixed-counts/bf898c747897728e9c646b00/A-B
0c2b4bb54f68750a49827995ac5ca7c41b885ac68f663af9b71cf4658f802372,pc/M-combat-capturePercent/bf898c747897728e9c646b00/B-A,vps/M-unit-spearman-baseAccuracy-fixed-counts/bf898c747897728e9c646b00/B-A
54b8eb5652e7a14e2d23dbf5a122ee8f8758e3e126c18b1c2077bfe200269275,pc/M-combat-capturePercent/e03c8d62aa94aae4fc0f13f1/A-B,vps/M-unit-spearman-baseAccuracy-fixed-counts/e03c8d62aa94aae4fc0f13f1/A-B
078641e562821c4012d1a24d08878af3f97f45aea622350727a2eb5edcbd524c,pc/M-combat-capturePercent/e03c8d62aa94aae4fc0f13f1/B-A,vps/M-unit-spearman-baseAccuracy-fixed-counts/e03c8d62aa94aae4fc0f13f1/B-A
85f859f840726422ec7d710e5557c9d3b6715fd7fc74bfe34607d4d92c94e777,pc/M-combat-capturePercent/0c0085870630c59e82d2d03f/A-B,vps/M-unit-spearman-capturable-fixed-counts/0c0085870630c59e82d2d03f/A-B
03908c0fa4ced8ca60a7e0fb3a0f39260e015950626c7db85dad0402f2d3619e,pc/M-combat-capturePercent/0c0085870630c59e82d2d03f/B-A,vps/M-unit-spearman-capturable-fixed-counts/0c0085870630c59e82d2d03f/B-A
58cd7ae8deb38800a7970576196ee8f591af45338dcec1590dcfba297fa69701,pc/M-combat-capturePercent/0fad6426e216ce1d497cd944/A-B,vps/M-unit-spearman-capturable-fixed-counts/0fad6426e216ce1d497cd944/A-B
71c1edf0b3076609f0d5f6632549a6592128c1a272b42a58354f9fb187b4a370,pc/M-combat-capturePercent/0fad6426e216ce1d497cd944/B-A,vps/M-unit-spearman-capturable-fixed-counts/0fad6426e216ce1d497cd944/B-A
7d7abac10e512ec2c70d5d25a59d0d144ba2b19ce4372cc4f09baf310123eafb,pc/M-combat-capturePercent/15b79b9ef5cbd9e794375476/A-B,vps/M-unit-spearman-capturable-fixed-counts/15b79b9ef5cbd9e794375476/A-B
75facca78d59da8acebf5520dc1aec84674008dca00e85ffe5137a6371d683bd,pc/M-combat-capturePercent/15b79b9ef5cbd9e794375476/B-A,vps/M-unit-spearman-capturable-fixed-counts/15b79b9ef5cbd9e794375476/B-A
ac0328d7e848fe34c754caa6b9c4b0ed2030d2e4d6fcccd1ed330988caf253df,pc/M-combat-capturePercent/2497be6bce26a22f97e6e95e/A-B,vps/M-unit-spearman-capturable-fixed-counts/2497be6bce26a22f97e6e95e/A-B
cdf02ca8a3da35cbdb52ea241c610d7fdc069d44ffd601725625d6de3e1c67e1,pc/M-combat-capturePercent/2497be6bce26a22f97e6e95e/B-A,vps/M-unit-spearman-capturable-fixed-counts/2497be6bce26a22f97e6e95e/B-A
d008a6c4cea3edb58d3e49bd4fe6a9dc06177f8442e6495e138e98d884af187e,pc/M-combat-capturePercent/7701dd750551af246ed1b8c5/A-B,vps/M-unit-spearman-capturable-fixed-counts/7701dd750551af246ed1b8c5/A-B
bcbc877f0cf8b1db3ca6328cc8d75854e56dc0b5735561ddaff5ce14c2a229f6,pc/M-combat-capturePercent/7701dd750551af246ed1b8c5/B-A,vps/M-unit-spearman-capturable-fixed-counts/7701dd750551af246ed1b8c5/B-A
2a1d1503a117713d05836a468b6a0d0d39d7d08702d9ca68ffe56c89d6f08704,pc/M-combat-capturePercent/98043342a0f7383cbda2c59d/A-B,vps/M-unit-spearman-capturable-fixed-counts/98043342a0f7383cbda2c59d/A-B
cdd056f355bfd3009ca6798847f425d092b2fa95fee94cbb9f1b9d30918fd936,pc/M-combat-capturePercent/98043342a0f7383cbda2c59d/B-A,vps/M-unit-spearman-capturable-fixed-counts/98043342a0f7383cbda2c59d/B-A
2bc6219638d312265f5c45e3ff80bf6b75c9c3992211780b96db52997872da32,pc/M-combat-capturePercent/9ee1c7b7c3d22f186dea063d/A-B,vps/M-unit-spearman-capturable-fixed-counts/9ee1c7b7c3d22f186dea063d/A-B
120c55e4f29e4d0105d6cc15c34f2d0b90e315f38cd4336b4554e662eda73d66,pc/M-combat-capturePercent/9ee1c7b7c3d22f186dea063d/B-A,vps/M-unit-spearman-capturable-fixed-counts/9ee1c7b7c3d22f186dea063d/B-A
b965633c898c10ac48cc0b945d886ca291a7c3df9f2bc8fbbd6924891bba8756,pc/M-combat-capturePercent/a477667580eb4a6cca4bfd35/A-B,vps/M-unit-spearman-capturable-fixed-counts/a477667580eb4a6cca4bfd35/A-B
04d26513bee41f8de98ab49cd97c992b3a0017b0ad91dc428f6066f007ce270c,pc/M-combat-capturePercent/a477667580eb4a6cca4bfd35/B-A,vps/M-unit-spearman-capturable-fixed-counts/a477667580eb4a6cca4bfd35/B-A
7021d39476c082c69391aa7d9d107c8598ae66c5b1828c73e129c275542d42fb,pc/M-combat-capturePercent/adf2a33f332db08d4d373bba/A-B,vps/M-unit-spearman-capturable-fixed-counts/adf2a33f332db08d4d373bba/A-B
0a6998a19d108d4ea47989fe9c9346eb6b099ed85b399e3702e1d1add2785d07,pc/M-combat-capturePercent/adf2a33f332db08d4d373bba/B-A,vps/M-unit-spearman-capturable-fixed-counts/adf2a33f332db08d4d373bba/B-A
4227f054b87e527b1d1b0274ed1998e330c5df10704580221a9b575b4a8798c6,pc/M-combat-capturePercent/b4b94da886e061c92142841a/A-B,vps/M-unit-spearman-capturable-fixed-counts/b4b94da886e061c92142841a/A-B
ed29d7971438fc1a049999694ca61a2424e52dc6124815c6cadb6b6c1daaffd8,pc/M-combat-capturePercent/b4b94da886e061c92142841a/B-A,vps/M-unit-spearman-capturable-fixed-counts/b4b94da886e061c92142841a/B-A
e1e29aab7102365136b614a54a8aeb0bee449145f3bc465a205963f9f554f006,pc/M-combat-capturePercent/bf898c747897728e9c646b00/A-B,vps/M-unit-spearman-capturable-fixed-counts/bf898c747897728e9c646b00/A-B
0c2b4bb54f68750a49827995ac5ca7c41b885ac68f663af9b71cf4658f802372,pc/M-combat-capturePercent/bf898c747897728e9c646b00/B-A,vps/M-unit-spearman-capturable-fixed-counts/bf898c747897728e9c646b00/B-A
54b8eb5652e7a14e2d23dbf5a122ee8f8758e3e126c18b1c2077bfe200269275,pc/M-combat-capturePercent/e03c8d62aa94aae4fc0f13f1/A-B,vps/M-unit-spearman-capturable-fixed-counts/e03c8d62aa94aae4fc0f13f1/A-B
078641e562821c4012d1a24d08878af3f97f45aea622350727a2eb5edcbd524c,pc/M-combat-capturePercent/e03c8d62aa94aae4fc0f13f1/B-A,vps/M-unit-spearman-capturable-fixed-counts/e03c8d62aa94aae4fc0f13f1/B-A
7021d39476c082c69391aa7d9d107c8598ae66c5b1828c73e129c275542d42fb,pc/M-combat-capturePercent/adf2a33f332db08d4d373bba/A-B,vps/M-unit-spearman-cost-fixed-budget/059b1347100abac5c37de1bb/A-B
0a6998a19d108d4ea47989fe9c9346eb6b099ed85b399e3702e1d1add2785d07,pc/M-combat-capturePercent/adf2a33f332db08d4d373bba/B-A,vps/M-unit-spearman-cost-fixed-budget/059b1347100abac5c37de1bb/B-A
58cd7ae8deb38800a7970576196ee8f591af45338dcec1590dcfba297fa69701,pc/M-combat-capturePercent/0fad6426e216ce1d497cd944/A-B,vps/M-unit-spearman-cost-fixed-budget/17300a5a5a0409d88da33cf4/A-B
71c1edf0b3076609f0d5f6632549a6592128c1a272b42a58354f9fb187b4a370,pc/M-combat-capturePercent/0fad6426e216ce1d497cd944/B-A,vps/M-unit-spearman-cost-fixed-budget/17300a5a5a0409d88da33cf4/B-A
ac0328d7e848fe34c754caa6b9c4b0ed2030d2e4d6fcccd1ed330988caf253df,pc/M-combat-capturePercent/2497be6bce26a22f97e6e95e/A-B,vps/M-unit-spearman-cost-fixed-budget/224b20ea31b5c7e87ec2b1bd/A-B
cdf02ca8a3da35cbdb52ea241c610d7fdc069d44ffd601725625d6de3e1c67e1,pc/M-combat-capturePercent/2497be6bce26a22f97e6e95e/B-A,vps/M-unit-spearman-cost-fixed-budget/224b20ea31b5c7e87ec2b1bd/B-A
2bc6219638d312265f5c45e3ff80bf6b75c9c3992211780b96db52997872da32,pc/M-combat-capturePercent/9ee1c7b7c3d22f186dea063d/A-B,vps/M-unit-spearman-cost-fixed-budget/2c8b151195c65eef7b411a0c/A-B
120c55e4f29e4d0105d6cc15c34f2d0b90e315f38cd4336b4554e662eda73d66,pc/M-combat-capturePercent/9ee1c7b7c3d22f186dea063d/B-A,vps/M-unit-spearman-cost-fixed-budget/2c8b151195c65eef7b411a0c/B-A
2a1d1503a117713d05836a468b6a0d0d39d7d08702d9ca68ffe56c89d6f08704,pc/M-combat-capturePercent/98043342a0f7383cbda2c59d/A-B,vps/M-unit-spearman-cost-fixed-budget/3dc82c9e088b4b89a31040ae/A-B
cdd056f355bfd3009ca6798847f425d092b2fa95fee94cbb9f1b9d30918fd936,pc/M-combat-capturePercent/98043342a0f7383cbda2c59d/B-A,vps/M-unit-spearman-cost-fixed-budget/3dc82c9e088b4b89a31040ae/B-A
7d7abac10e512ec2c70d5d25a59d0d144ba2b19ce4372cc4f09baf310123eafb,pc/M-combat-capturePercent/15b79b9ef5cbd9e794375476/A-B,vps/M-unit-spearman-cost-fixed-budget/3fef9f920ae2398062a939e2/A-B
75facca78d59da8acebf5520dc1aec84674008dca00e85ffe5137a6371d683bd,pc/M-combat-capturePercent/15b79b9ef5cbd9e794375476/B-A,vps/M-unit-spearman-cost-fixed-budget/3fef9f920ae2398062a939e2/B-A
e1e29aab7102365136b614a54a8aeb0bee449145f3bc465a205963f9f554f006,pc/M-combat-capturePercent/bf898c747897728e9c646b00/A-B,vps/M-unit-spearman-cost-fixed-budget/585114497546f8f2d6c48cb7/A-B
0c2b4bb54f68750a49827995ac5ca7c41b885ac68f663af9b71cf4658f802372,pc/M-combat-capturePercent/bf898c747897728e9c646b00/B-A,vps/M-unit-spearman-cost-fixed-budget/585114497546f8f2d6c48cb7/B-A
54b8eb5652e7a14e2d23dbf5a122ee8f8758e3e126c18b1c2077bfe200269275,pc/M-combat-capturePercent/e03c8d62aa94aae4fc0f13f1/A-B,vps/M-unit-spearman-cost-fixed-budget/784540a28b255b12e68fd3da/A-B
078641e562821c4012d1a24d08878af3f97f45aea622350727a2eb5edcbd524c,pc/M-combat-capturePercent/e03c8d62aa94aae4fc0f13f1/B-A,vps/M-unit-spearman-cost-fixed-budget/784540a28b255b12e68fd3da/B-A
b965633c898c10ac48cc0b945d886ca291a7c3df9f2bc8fbbd6924891bba8756,pc/M-combat-capturePercent/a477667580eb4a6cca4bfd35/A-B,vps/M-unit-spearman-cost-fixed-budget/a3c6e1120b9aa3d31249b356/A-B
04d26513bee41f8de98ab49cd97c992b3a0017b0ad91dc428f6066f007ce270c,pc/M-combat-capturePercent/a477667580eb4a6cca4bfd35/B-A,vps/M-unit-spearman-cost-fixed-budget/a3c6e1120b9aa3d31249b356/B-A
85f859f840726422ec7d710e5557c9d3b6715fd7fc74bfe34607d4d92c94e777,pc/M-combat-capturePercent/0c0085870630c59e82d2d03f/A-B,vps/M-unit-spearman-cost-fixed-budget/afdd06b49732ec7312e6087b/A-B
03908c0fa4ced8ca60a7e0fb3a0f39260e015950626c7db85dad0402f2d3619e,pc/M-combat-capturePercent/0c0085870630c59e82d2d03f/B-A,vps/M-unit-spearman-cost-fixed-budget/afdd06b49732ec7312e6087b/B-A
4227f054b87e527b1d1b0274ed1998e330c5df10704580221a9b575b4a8798c6,pc/M-combat-capturePercent/b4b94da886e061c92142841a/A-B,vps/M-unit-spearman-cost-fixed-budget/b696437061ac9d351ce6a092/A-B
ed29d7971438fc1a049999694ca61a2424e52dc6124815c6cadb6b6c1daaffd8,pc/M-combat-capturePercent/b4b94da886e061c92142841a/B-A,vps/M-unit-spearman-cost-fixed-budget/b696437061ac9d351ce6a092/B-A
d008a6c4cea3edb58d3e49bd4fe6a9dc06177f8442e6495e138e98d884af187e,pc/M-combat-capturePercent/7701dd750551af246ed1b8c5/A-B,vps/M-unit-spearman-cost-fixed-budget/be0b1f0c489b1f1f5d896a79/A-B
bcbc877f0cf8b1db3ca6328cc8d75854e56dc0b5735561ddaff5ce14c2a229f6,pc/M-combat-capturePercent/7701dd750551af246ed1b8c5/B-A,vps/M-unit-spearman-cost-fixed-budget/be0b1f0c489b1f1f5d896a79/B-A
85f859f840726422ec7d710e5557c9d3b6715fd7fc74bfe34607d4d92c94e777,pc/M-combat-capturePercent/0c0085870630c59e82d2d03f/A-B,vps/M-unit-spearman-cost-fixed-counts/0c0085870630c59e82d2d03f/A-B
03908c0fa4ced8ca60a7e0fb3a0f39260e015950626c7db85dad0402f2d3619e,pc/M-combat-capturePercent/0c0085870630c59e82d2d03f/B-A,vps/M-unit-spearman-cost-fixed-counts/0c0085870630c59e82d2d03f/B-A
58cd7ae8deb38800a7970576196ee8f591af45338dcec1590dcfba297fa69701,pc/M-combat-capturePercent/0fad6426e216ce1d497cd944/A-B,vps/M-unit-spearman-cost-fixed-counts/0fad6426e216ce1d497cd944/A-B
71c1edf0b3076609f0d5f6632549a6592128c1a272b42a58354f9fb187b4a370,pc/M-combat-capturePercent/0fad6426e216ce1d497cd944/B-A,vps/M-unit-spearman-cost-fixed-counts/0fad6426e216ce1d497cd944/B-A
7d7abac10e512ec2c70d5d25a59d0d144ba2b19ce4372cc4f09baf310123eafb,pc/M-combat-capturePercent/15b79b9ef5cbd9e794375476/A-B,vps/M-unit-spearman-cost-fixed-counts/15b79b9ef5cbd9e794375476/A-B
75facca78d59da8acebf5520dc1aec84674008dca00e85ffe5137a6371d683bd,pc/M-combat-capturePercent/15b79b9ef5cbd9e794375476/B-A,vps/M-unit-spearman-cost-fixed-counts/15b79b9ef5cbd9e794375476/B-A
ac0328d7e848fe34c754caa6b9c4b0ed2030d2e4d6fcccd1ed330988caf253df,pc/M-combat-capturePercent/2497be6bce26a22f97e6e95e/A-B,vps/M-unit-spearman-cost-fixed-counts/2497be6bce26a22f97e6e95e/A-B
cdf02ca8a3da35cbdb52ea241c610d7fdc069d44ffd601725625d6de3e1c67e1,pc/M-combat-capturePercent/2497be6bce26a22f97e6e95e/B-A,vps/M-unit-spearman-cost-fixed-counts/2497be6bce26a22f97e6e95e/B-A
d008a6c4cea3edb58d3e49bd4fe6a9dc06177f8442e6495e138e98d884af187e,pc/M-combat-capturePercent/7701dd750551af246ed1b8c5/A-B,vps/M-unit-spearman-cost-fixed-counts/7701dd750551af246ed1b8c5/A-B
bcbc877f0cf8b1db3ca6328cc8d75854e56dc0b5735561ddaff5ce14c2a229f6,pc/M-combat-capturePercent/7701dd750551af246ed1b8c5/B-A,vps/M-unit-spearman-cost-fixed-counts/7701dd750551af246ed1b8c5/B-A
2a1d1503a117713d05836a468b6a0d0d39d7d08702d9ca68ffe56c89d6f08704,pc/M-combat-capturePercent/98043342a0f7383cbda2c59d/A-B,vps/M-unit-spearman-cost-fixed-counts/98043342a0f7383cbda2c59d/A-B
cdd056f355bfd3009ca6798847f425d092b2fa95fee94cbb9f1b9d30918fd936,pc/M-combat-capturePercent/98043342a0f7383cbda2c59d/B-A,vps/M-unit-spearman-cost-fixed-counts/98043342a0f7383cbda2c59d/B-A
2bc6219638d312265f5c45e3ff80bf6b75c9c3992211780b96db52997872da32,pc/M-combat-capturePercent/9ee1c7b7c3d22f186dea063d/A-B,vps/M-unit-spearman-cost-fixed-counts/9ee1c7b7c3d22f186dea063d/A-B
120c55e4f29e4d0105d6cc15c34f2d0b90e315f38cd4336b4554e662eda73d66,pc/M-combat-capturePercent/9ee1c7b7c3d22f186dea063d/B-A,vps/M-unit-spearman-cost-fixed-counts/9ee1c7b7c3d22f186dea063d/B-A
b965633c898c10ac48cc0b945d886ca291a7c3df9f2bc8fbbd6924891bba8756,pc/M-combat-capturePercent/a477667580eb4a6cca4bfd35/A-B,vps/M-unit-spearman-cost-fixed-counts/a477667580eb4a6cca4bfd35/A-B
04d26513bee41f8de98ab49cd97c992b3a0017b0ad91dc428f6066f007ce270c,pc/M-combat-capturePercent/a477667580eb4a6cca4bfd35/B-A,vps/M-unit-spearman-cost-fixed-counts/a477667580eb4a6cca4bfd35/B-A
7021d39476c082c69391aa7d9d107c8598ae66c5b1828c73e129c275542d42fb,pc/M-combat-capturePercent/adf2a33f332db08d4d373bba/A-B,vps/M-unit-spearman-cost-fixed-counts/adf2a33f332db08d4d373bba/A-B
0a6998a19d108d4ea47989fe9c9346eb6b099ed85b399e3702e1d1add2785d07,pc/M-combat-capturePercent/adf2a33f332db08d4d373bba/B-A,vps/M-unit-spearman-cost-fixed-counts/adf2a33f332db08d4d373bba/B-A
4227f054b87e527b1d1b0274ed1998e330c5df10704580221a9b575b4a8798c6,pc/M-combat-capturePercent/b4b94da886e061c92142841a/A-B,vps/M-unit-spearman-cost-fixed-counts/b4b94da886e061c92142841a/A-B
ed29d7971438fc1a049999694ca61a2424e52dc6124815c6cadb6b6c1daaffd8,pc/M-combat-capturePercent/b4b94da886e061c92142841a/B-A,vps/M-unit-spearman-cost-fixed-counts/b4b94da886e061c92142841a/B-A
e1e29aab7102365136b614a54a8aeb0bee449145f3bc465a205963f9f554f006,pc/M-combat-capturePercent/bf898c747897728e9c646b00/A-B,vps/M-unit-spearman-cost-fixed-counts/bf898c747897728e9c646b00/A-B
0c2b4bb54f68750a49827995ac5ca7c41b885ac68f663af9b71cf4658f802372,pc/M-combat-capturePercent/bf898c747897728e9c646b00/B-A,vps/M-unit-spearman-cost-fixed-counts/bf898c747897728e9c646b00/B-A
54b8eb5652e7a14e2d23dbf5a122ee8f8758e3e126c18b1c2077bfe200269275,pc/M-combat-capturePercent/e03c8d62aa94aae4fc0f13f1/A-B,vps/M-unit-spearman-cost-fixed-counts/e03c8d62aa94aae4fc0f13f1/A-B
078641e562821c4012d1a24d08878af3f97f45aea622350727a2eb5edcbd524c,pc/M-combat-capturePercent/e03c8d62aa94aae4fc0f13f1/B-A,vps/M-unit-spearman-cost-fixed-counts/e03c8d62aa94aae4fc0f13f1/B-A
85f859f840726422ec7d710e5557c9d3b6715fd7fc74bfe34607d4d92c94e777,pc/M-combat-capturePercent/0c0085870630c59e82d2d03f/A-B,vps/M-unit-spearman-defendingEfficiency-fixed-counts/0c0085870630c59e82d2d03f/A-B
03908c0fa4ced8ca60a7e0fb3a0f39260e015950626c7db85dad0402f2d3619e,pc/M-combat-capturePercent/0c0085870630c59e82d2d03f/B-A,vps/M-unit-spearman-defendingEfficiency-fixed-counts/0c0085870630c59e82d2d03f/B-A
58cd7ae8deb38800a7970576196ee8f591af45338dcec1590dcfba297fa69701,pc/M-combat-capturePercent/0fad6426e216ce1d497cd944/A-B,vps/M-unit-spearman-defendingEfficiency-fixed-counts/0fad6426e216ce1d497cd944/A-B
71c1edf0b3076609f0d5f6632549a6592128c1a272b42a58354f9fb187b4a370,pc/M-combat-capturePercent/0fad6426e216ce1d497cd944/B-A,vps/M-unit-spearman-defendingEfficiency-fixed-counts/0fad6426e216ce1d497cd944/B-A
7d7abac10e512ec2c70d5d25a59d0d144ba2b19ce4372cc4f09baf310123eafb,pc/M-combat-capturePercent/15b79b9ef5cbd9e794375476/A-B,vps/M-unit-spearman-defendingEfficiency-fixed-counts/15b79b9ef5cbd9e794375476/A-B
75facca78d59da8acebf5520dc1aec84674008dca00e85ffe5137a6371d683bd,pc/M-combat-capturePercent/15b79b9ef5cbd9e794375476/B-A,vps/M-unit-spearman-defendingEfficiency-fixed-counts/15b79b9ef5cbd9e794375476/B-A
ac0328d7e848fe34c754caa6b9c4b0ed2030d2e4d6fcccd1ed330988caf253df,pc/M-combat-capturePercent/2497be6bce26a22f97e6e95e/A-B,vps/M-unit-spearman-defendingEfficiency-fixed-counts/2497be6bce26a22f97e6e95e/A-B
cdf02ca8a3da35cbdb52ea241c610d7fdc069d44ffd601725625d6de3e1c67e1,pc/M-combat-capturePercent/2497be6bce26a22f97e6e95e/B-A,vps/M-unit-spearman-defendingEfficiency-fixed-counts/2497be6bce26a22f97e6e95e/B-A
d008a6c4cea3edb58d3e49bd4fe6a9dc06177f8442e6495e138e98d884af187e,pc/M-combat-capturePercent/7701dd750551af246ed1b8c5/A-B,vps/M-unit-spearman-defendingEfficiency-fixed-counts/7701dd750551af246ed1b8c5/A-B
bcbc877f0cf8b1db3ca6328cc8d75854e56dc0b5735561ddaff5ce14c2a229f6,pc/M-combat-capturePercent/7701dd750551af246ed1b8c5/B-A,vps/M-unit-spearman-defendingEfficiency-fixed-counts/7701dd750551af246ed1b8c5/B-A
2a1d1503a117713d05836a468b6a0d0d39d7d08702d9ca68ffe56c89d6f08704,pc/M-combat-capturePercent/98043342a0f7383cbda2c59d/A-B,vps/M-unit-spearman-defendingEfficiency-fixed-counts/98043342a0f7383cbda2c59d/A-B
cdd056f355bfd3009ca6798847f425d092b2fa95fee94cbb9f1b9d30918fd936,pc/M-combat-capturePercent/98043342a0f7383cbda2c59d/B-A,vps/M-unit-spearman-defendingEfficiency-fixed-counts/98043342a0f7383cbda2c59d/B-A
2bc6219638d312265f5c45e3ff80bf6b75c9c3992211780b96db52997872da32,pc/M-combat-capturePercent/9ee1c7b7c3d22f186dea063d/A-B,vps/M-unit-spearman-defendingEfficiency-fixed-counts/9ee1c7b7c3d22f186dea063d/A-B
120c55e4f29e4d0105d6cc15c34f2d0b90e315f38cd4336b4554e662eda73d66,pc/M-combat-capturePercent/9ee1c7b7c3d22f186dea063d/B-A,vps/M-unit-spearman-defendingEfficiency-fixed-counts/9ee1c7b7c3d22f186dea063d/B-A
b965633c898c10ac48cc0b945d886ca291a7c3df9f2bc8fbbd6924891bba8756,pc/M-combat-capturePercent/a477667580eb4a6cca4bfd35/A-B,vps/M-unit-spearman-defendingEfficiency-fixed-counts/a477667580eb4a6cca4bfd35/A-B
04d26513bee41f8de98ab49cd97c992b3a0017b0ad91dc428f6066f007ce270c,pc/M-combat-capturePercent/a477667580eb4a6cca4bfd35/B-A,vps/M-unit-spearman-defendingEfficiency-fixed-counts/a477667580eb4a6cca4bfd35/B-A
7021d39476c082c69391aa7d9d107c8598ae66c5b1828c73e129c275542d42fb,pc/M-combat-capturePercent/adf2a33f332db08d4d373bba/A-B,vps/M-unit-spearman-defendingEfficiency-fixed-counts/adf2a33f332db08d4d373bba/A-B
0a6998a19d108d4ea47989fe9c9346eb6b099ed85b399e3702e1d1add2785d07,pc/M-combat-capturePercent/adf2a33f332db08d4d373bba/B-A,vps/M-unit-spearman-defendingEfficiency-fixed-counts/adf2a33f332db08d4d373bba/B-A
4227f054b87e527b1d1b0274ed1998e330c5df10704580221a9b575b4a8798c6,pc/M-combat-capturePercent/b4b94da886e061c92142841a/A-B,vps/M-unit-spearman-defendingEfficiency-fixed-counts/b4b94da886e061c92142841a/A-B
ed29d7971438fc1a049999694ca61a2424e52dc6124815c6cadb6b6c1daaffd8,pc/M-combat-capturePercent/b4b94da886e061c92142841a/B-A,vps/M-unit-spearman-defendingEfficiency-fixed-counts/b4b94da886e061c92142841a/B-A
e1e29aab7102365136b614a54a8aeb0bee449145f3bc465a205963f9f554f006,pc/M-combat-capturePercent/bf898c747897728e9c646b00/A-B,vps/M-unit-spearman-defendingEfficiency-fixed-counts/bf898c747897728e9c646b00/A-B
0c2b4bb54f68750a49827995ac5ca7c41b885ac68f663af9b71cf4658f802372,pc/M-combat-capturePercent/bf898c747897728e9c646b00/B-A,vps/M-unit-spearman-defendingEfficiency-fixed-counts/bf898c747897728e9c646b00/B-A
54b8eb5652e7a14e2d23dbf5a122ee8f8758e3e126c18b1c2077bfe200269275,pc/M-combat-capturePercent/e03c8d62aa94aae4fc0f13f1/A-B,vps/M-unit-spearman-defendingEfficiency-fixed-counts/e03c8d62aa94aae4fc0f13f1/A-B
078641e562821c4012d1a24d08878af3f97f45aea622350727a2eb5edcbd524c,pc/M-combat-capturePercent/e03c8d62aa94aae4fc0f13f1/B-A,vps/M-unit-spearman-defendingEfficiency-fixed-counts/e03c8d62aa94aae4fc0f13f1/B-A
85f859f840726422ec7d710e5557c9d3b6715fd7fc74bfe34607d4d92c94e777,pc/M-combat-capturePercent/0c0085870630c59e82d2d03f/A-B,vps/M-unit-spearman-strikesPerAttack-fixed-counts/0c0085870630c59e82d2d03f/A-B
03908c0fa4ced8ca60a7e0fb3a0f39260e015950626c7db85dad0402f2d3619e,pc/M-combat-capturePercent/0c0085870630c59e82d2d03f/B-A,vps/M-unit-spearman-strikesPerAttack-fixed-counts/0c0085870630c59e82d2d03f/B-A
58cd7ae8deb38800a7970576196ee8f591af45338dcec1590dcfba297fa69701,pc/M-combat-capturePercent/0fad6426e216ce1d497cd944/A-B,vps/M-unit-spearman-strikesPerAttack-fixed-counts/0fad6426e216ce1d497cd944/A-B
71c1edf0b3076609f0d5f6632549a6592128c1a272b42a58354f9fb187b4a370,pc/M-combat-capturePercent/0fad6426e216ce1d497cd944/B-A,vps/M-unit-spearman-strikesPerAttack-fixed-counts/0fad6426e216ce1d497cd944/B-A
7d7abac10e512ec2c70d5d25a59d0d144ba2b19ce4372cc4f09baf310123eafb,pc/M-combat-capturePercent/15b79b9ef5cbd9e794375476/A-B,vps/M-unit-spearman-strikesPerAttack-fixed-counts/15b79b9ef5cbd9e794375476/A-B
75facca78d59da8acebf5520dc1aec84674008dca00e85ffe5137a6371d683bd,pc/M-combat-capturePercent/15b79b9ef5cbd9e794375476/B-A,vps/M-unit-spearman-strikesPerAttack-fixed-counts/15b79b9ef5cbd9e794375476/B-A
ac0328d7e848fe34c754caa6b9c4b0ed2030d2e4d6fcccd1ed330988caf253df,pc/M-combat-capturePercent/2497be6bce26a22f97e6e95e/A-B,vps/M-unit-spearman-strikesPerAttack-fixed-counts/2497be6bce26a22f97e6e95e/A-B
cdf02ca8a3da35cbdb52ea241c610d7fdc069d44ffd601725625d6de3e1c67e1,pc/M-combat-capturePercent/2497be6bce26a22f97e6e95e/B-A,vps/M-unit-spearman-strikesPerAttack-fixed-counts/2497be6bce26a22f97e6e95e/B-A
d008a6c4cea3edb58d3e49bd4fe6a9dc06177f8442e6495e138e98d884af187e,pc/M-combat-capturePercent/7701dd750551af246ed1b8c5/A-B,vps/M-unit-spearman-strikesPerAttack-fixed-counts/7701dd750551af246ed1b8c5/A-B
bcbc877f0cf8b1db3ca6328cc8d75854e56dc0b5735561ddaff5ce14c2a229f6,pc/M-combat-capturePercent/7701dd750551af246ed1b8c5/B-A,vps/M-unit-spearman-strikesPerAttack-fixed-counts/7701dd750551af246ed1b8c5/B-A
2a1d1503a117713d05836a468b6a0d0d39d7d08702d9ca68ffe56c89d6f08704,pc/M-combat-capturePercent/98043342a0f7383cbda2c59d/A-B,vps/M-unit-spearman-strikesPerAttack-fixed-counts/98043342a0f7383cbda2c59d/A-B
cdd056f355bfd3009ca6798847f425d092b2fa95fee94cbb9f1b9d30918fd936,pc/M-combat-capturePercent/98043342a0f7383cbda2c59d/B-A,vps/M-unit-spearman-strikesPerAttack-fixed-counts/98043342a0f7383cbda2c59d/B-A
2bc6219638d312265f5c45e3ff80bf6b75c9c3992211780b96db52997872da32,pc/M-combat-capturePercent/9ee1c7b7c3d22f186dea063d/A-B,vps/M-unit-spearman-strikesPerAttack-fixed-counts/9ee1c7b7c3d22f186dea063d/A-B
120c55e4f29e4d0105d6cc15c34f2d0b90e315f38cd4336b4554e662eda73d66,pc/M-combat-capturePercent/9ee1c7b7c3d22f186dea063d/B-A,vps/M-unit-spearman-strikesPerAttack-fixed-counts/9ee1c7b7c3d22f186dea063d/B-A
b965633c898c10ac48cc0b945d886ca291a7c3df9f2bc8fbbd6924891bba8756,pc/M-combat-capturePercent/a477667580eb4a6cca4bfd35/A-B,vps/M-unit-spearman-strikesPerAttack-fixed-counts/a477667580eb4a6cca4bfd35/A-B
04d26513bee41f8de98ab49cd97c992b3a0017b0ad91dc428f6066f007ce270c,pc/M-combat-capturePercent/a477667580eb4a6cca4bfd35/B-A,vps/M-unit-spearman-strikesPerAttack-fixed-counts/a477667580eb4a6cca4bfd35/B-A
7021d39476c082c69391aa7d9d107c8598ae66c5b1828c73e129c275542d42fb,pc/M-combat-capturePercent/adf2a33f332db08d4d373bba/A-B,vps/M-unit-spearman-strikesPerAttack-fixed-counts/adf2a33f332db08d4d373bba/A-B
0a6998a19d108d4ea47989fe9c9346eb6b099ed85b399e3702e1d1add2785d07,pc/M-combat-capturePercent/adf2a33f332db08d4d373bba/B-A,vps/M-unit-spearman-strikesPerAttack-fixed-counts/adf2a33f332db08d4d373bba/B-A
4227f054b87e527b1d1b0274ed1998e330c5df10704580221a9b575b4a8798c6,pc/M-combat-capturePercent/b4b94da886e061c92142841a/A-B,vps/M-unit-spearman-strikesPerAttack-fixed-counts/b4b94da886e061c92142841a/A-B
ed29d7971438fc1a049999694ca61a2424e52dc6124815c6cadb6b6c1daaffd8,pc/M-combat-capturePercent/b4b94da886e061c92142841a/B-A,vps/M-unit-spearman-strikesPerAttack-fixed-counts/b4b94da886e061c92142841a/B-A
e1e29aab7102365136b614a54a8aeb0bee449145f3bc465a205963f9f554f006,pc/M-combat-capturePercent/bf898c747897728e9c646b00/A-B,vps/M-unit-spearman-strikesPerAttack-fixed-counts/bf898c747897728e9c646b00/A-B
0c2b4bb54f68750a49827995ac5ca7c41b885ac68f663af9b71cf4658f802372,pc/M-combat-capturePercent/bf898c747897728e9c646b00/B-A,vps/M-unit-spearman-strikesPerAttack-fixed-counts/bf898c747897728e9c646b00/B-A
54b8eb5652e7a14e2d23dbf5a122ee8f8758e3e126c18b1c2077bfe200269275,pc/M-combat-capturePercent/e03c8d62aa94aae4fc0f13f1/A-B,vps/M-unit-spearman-strikesPerAttack-fixed-counts/e03c8d62aa94aae4fc0f13f1/A-B
078641e562821c4012d1a24d08878af3f97f45aea622350727a2eb5edcbd524c,pc/M-combat-capturePercent/e03c8d62aa94aae4fc0f13f1/B-A,vps/M-unit-spearman-strikesPerAttack-fixed-counts/e03c8d62aa94aae4fc0f13f1/B-A
85f859f840726422ec7d710e5557c9d3b6715fd7fc74bfe34607d4d92c94e777,pc/M-combat-capturePercent/0c0085870630c59e82d2d03f/A-B,vps/M-unit-spearman-structure-fixed-counts/0c0085870630c59e82d2d03f/A-B
03908c0fa4ced8ca60a7e0fb3a0f39260e015950626c7db85dad0402f2d3619e,pc/M-combat-capturePercent/0c0085870630c59e82d2d03f/B-A,vps/M-unit-spearman-structure-fixed-counts/0c0085870630c59e82d2d03f/B-A
58cd7ae8deb38800a7970576196ee8f591af45338dcec1590dcfba297fa69701,pc/M-combat-capturePercent/0fad6426e216ce1d497cd944/A-B,vps/M-unit-spearman-structure-fixed-counts/0fad6426e216ce1d497cd944/A-B
71c1edf0b3076609f0d5f6632549a6592128c1a272b42a58354f9fb187b4a370,pc/M-combat-capturePercent/0fad6426e216ce1d497cd944/B-A,vps/M-unit-spearman-structure-fixed-counts/0fad6426e216ce1d497cd944/B-A
7d7abac10e512ec2c70d5d25a59d0d144ba2b19ce4372cc4f09baf310123eafb,pc/M-combat-capturePercent/15b79b9ef5cbd9e794375476/A-B,vps/M-unit-spearman-structure-fixed-counts/15b79b9ef5cbd9e794375476/A-B
75facca78d59da8acebf5520dc1aec84674008dca00e85ffe5137a6371d683bd,pc/M-combat-capturePercent/15b79b9ef5cbd9e794375476/B-A,vps/M-unit-spearman-structure-fixed-counts/15b79b9ef5cbd9e794375476/B-A
ac0328d7e848fe34c754caa6b9c4b0ed2030d2e4d6fcccd1ed330988caf253df,pc/M-combat-capturePercent/2497be6bce26a22f97e6e95e/A-B,vps/M-unit-spearman-structure-fixed-counts/2497be6bce26a22f97e6e95e/A-B
cdf02ca8a3da35cbdb52ea241c610d7fdc069d44ffd601725625d6de3e1c67e1,pc/M-combat-capturePercent/2497be6bce26a22f97e6e95e/B-A,vps/M-unit-spearman-structure-fixed-counts/2497be6bce26a22f97e6e95e/B-A
d008a6c4cea3edb58d3e49bd4fe6a9dc06177f8442e6495e138e98d884af187e,pc/M-combat-capturePercent/7701dd750551af246ed1b8c5/A-B,vps/M-unit-spearman-structure-fixed-counts/7701dd750551af246ed1b8c5/A-B
bcbc877f0cf8b1db3ca6328cc8d75854e56dc0b5735561ddaff5ce14c2a229f6,pc/M-combat-capturePercent/7701dd750551af246ed1b8c5/B-A,vps/M-unit-spearman-structure-fixed-counts/7701dd750551af246ed1b8c5/B-A
2a1d1503a117713d05836a468b6a0d0d39d7d08702d9ca68ffe56c89d6f08704,pc/M-combat-capturePercent/98043342a0f7383cbda2c59d/A-B,vps/M-unit-spearman-structure-fixed-counts/98043342a0f7383cbda2c59d/A-B
cdd056f355bfd3009ca6798847f425d092b2fa95fee94cbb9f1b9d30918fd936,pc/M-combat-capturePercent/98043342a0f7383cbda2c59d/B-A,vps/M-unit-spearman-structure-fixed-counts/98043342a0f7383cbda2c59d/B-A
2bc6219638d312265f5c45e3ff80bf6b75c9c3992211780b96db52997872da32,pc/M-combat-capturePercent/9ee1c7b7c3d22f186dea063d/A-B,vps/M-unit-spearman-structure-fixed-counts/9ee1c7b7c3d22f186dea063d/A-B
120c55e4f29e4d0105d6cc15c34f2d0b90e315f38cd4336b4554e662eda73d66,pc/M-combat-capturePercent/9ee1c7b7c3d22f186dea063d/B-A,vps/M-unit-spearman-structure-fixed-counts/9ee1c7b7c3d22f186dea063d/B-A
b965633c898c10ac48cc0b945d886ca291a7c3df9f2bc8fbbd6924891bba8756,pc/M-combat-capturePercent/a477667580eb4a6cca4bfd35/A-B,vps/M-unit-spearman-structure-fixed-counts/a477667580eb4a6cca4bfd35/A-B
04d26513bee41f8de98ab49cd97c992b3a0017b0ad91dc428f6066f007ce270c,pc/M-combat-capturePercent/a477667580eb4a6cca4bfd35/B-A,vps/M-unit-spearman-structure-fixed-counts/a477667580eb4a6cca4bfd35/B-A
7021d39476c082c69391aa7d9d107c8598ae66c5b1828c73e129c275542d42fb,pc/M-combat-capturePercent/adf2a33f332db08d4d373bba/A-B,vps/M-unit-spearman-structure-fixed-counts/adf2a33f332db08d4d373bba/A-B
0a6998a19d108d4ea47989fe9c9346eb6b099ed85b399e3702e1d1add2785d07,pc/M-combat-capturePercent/adf2a33f332db08d4d373bba/B-A,vps/M-unit-spearman-structure-fixed-counts/adf2a33f332db08d4d373bba/B-A
4227f054b87e527b1d1b0274ed1998e330c5df10704580221a9b575b4a8798c6,pc/M-combat-capturePercent/b4b94da886e061c92142841a/A-B,vps/M-unit-spearman-structure-fixed-counts/b4b94da886e061c92142841a/A-B
ed29d7971438fc1a049999694ca61a2424e52dc6124815c6cadb6b6c1daaffd8,pc/M-combat-capturePercent/b4b94da886e061c92142841a/B-A,vps/M-unit-spearman-structure-fixed-counts/b4b94da886e061c92142841a/B-A
e1e29aab7102365136b614a54a8aeb0bee449145f3bc465a205963f9f554f006,pc/M-combat-capturePercent/bf898c747897728e9c646b00/A-B,vps/M-unit-spearman-structure-fixed-counts/bf898c747897728e9c646b00/A-B
0c2b4bb54f68750a49827995ac5ca7c41b885ac68f663af9b71cf4658f802372,pc/M-combat-capturePercent/bf898c747897728e9c646b00/B-A,vps/M-unit-spearman-structure-fixed-counts/bf898c747897728e9c646b00/B-A
54b8eb5652e7a14e2d23dbf5a122ee8f8758e3e126c18b1c2077bfe200269275,pc/M-combat-capturePercent/e03c8d62aa94aae4fc0f13f1/A-B,vps/M-unit-spearman-structure-fixed-counts/e03c8d62aa94aae4fc0f13f1/A-B
078641e562821c4012d1a24d08878af3f97f45aea622350727a2eb5edcbd524c,pc/M-combat-capturePercent/e03c8d62aa94aae4fc0f13f1/B-A,vps/M-unit-spearman-structure-fixed-counts/e03c8d62aa94aae4fc0f13f1/B-A
85f859f840726422ec7d710e5557c9d3b6715fd7fc74bfe34607d4d92c94e777,pc/M-combat-capturePercent/0c0085870630c59e82d2d03f/A-B,vps/segments/M-combat-lossCompressionPercent-b12000/0c0085870630c59e82d2d03f/A-B
03908c0fa4ced8ca60a7e0fb3a0f39260e015950626c7db85dad0402f2d3619e,pc/M-combat-capturePercent/0c0085870630c59e82d2d03f/B-A,vps/segments/M-combat-lossCompressionPercent-b12000/0c0085870630c59e82d2d03f/B-A
9ca322cb96477f8f2d6b2e7673307285a8c1ac1a2124cfb6ddfbf09efb0d4075,pc/M-combat-capturePercent/48d3967fcd05b8de1e34c2d4/A-B,vps/segments/M-combat-lossCompressionPercent-b12000/48d3967fcd05b8de1e34c2d4/A-B
0ef488184d72f1f098ab6566fb80c72140d7078400dd1a9587141fe8b34a13ec,pc/M-combat-capturePercent/48d3967fcd05b8de1e34c2d4/B-A,vps/segments/M-combat-lossCompressionPercent-b12000/48d3967fcd05b8de1e34c2d4/B-A
00f252d5722657943a4cb0718ce0da7e8a4611896fa35ea5621c1322e14ef866,pc/M-combat-capturePercent/54e1d4f2a6e7f51febebdd8e/A-B,vps/segments/M-combat-lossCompressionPercent-b12000/54e1d4f2a6e7f51febebdd8e/A-B
9000dde07f557a8d66b3ea4000e55211bbd45f04e3469db5cbc747249d14ba6c,pc/M-combat-capturePercent/54e1d4f2a6e7f51febebdd8e/B-A,vps/segments/M-combat-lossCompressionPercent-b12000/54e1d4f2a6e7f51febebdd8e/B-A
35be79c5c128b6e4343bfeefa1db2f2aeb0a0150c17aa99303e7622a603c351b,pc/M-combat-capturePercent/7498c9f948922906239ad8d6/A-B,vps/segments/M-combat-lossCompressionPercent-b12000/7498c9f948922906239ad8d6/A-B
49d4b23c42e173b1bcdc7cd48f22932e3a82504dd30129431f21b83876d94cb2,pc/M-combat-capturePercent/7498c9f948922906239ad8d6/B-A,vps/segments/M-combat-lossCompressionPercent-b12000/7498c9f948922906239ad8d6/B-A
2a1d1503a117713d05836a468b6a0d0d39d7d08702d9ca68ffe56c89d6f08704,pc/M-combat-capturePercent/98043342a0f7383cbda2c59d/A-B,vps/segments/M-combat-lossCompressionPercent-b12000/98043342a0f7383cbda2c59d/A-B
cdd056f355bfd3009ca6798847f425d092b2fa95fee94cbb9f1b9d30918fd936,pc/M-combat-capturePercent/98043342a0f7383cbda2c59d/B-A,vps/segments/M-combat-lossCompressionPercent-b12000/98043342a0f7383cbda2c59d/B-A
1178f1206facb99d474deb6896610eb381b51065a110d670b64abf6c01184760,pc/M-combat-capturePercent/9ea4f603e73d531fd3c8df44/A-B,vps/segments/M-combat-lossCompressionPercent-b12000/9ea4f603e73d531fd3c8df44/A-B
db8d3921ad4c7ffbcfdfcbf53d72da2e8c438f83b03f5de5e5b8aab344978ab5,pc/M-combat-capturePercent/9ea4f603e73d531fd3c8df44/B-A,vps/segments/M-combat-lossCompressionPercent-b12000/9ea4f603e73d531fd3c8df44/B-A
b965633c898c10ac48cc0b945d886ca291a7c3df9f2bc8fbbd6924891bba8756,pc/M-combat-capturePercent/a477667580eb4a6cca4bfd35/A-B,vps/segments/M-combat-lossCompressionPercent-b12000/a477667580eb4a6cca4bfd35/A-B
04d26513bee41f8de98ab49cd97c992b3a0017b0ad91dc428f6066f007ce270c,pc/M-combat-capturePercent/a477667580eb4a6cca4bfd35/B-A,vps/segments/M-combat-lossCompressionPercent-b12000/a477667580eb4a6cca4bfd35/B-A
a5cef95da0740171d974b1b8238a058e26fade3fe8a8f09d6de3182d2fb25476,pc/M-combat-capturePercent/ac748b9a7bbadd1b4ccb3da4/A-B,vps/segments/M-combat-lossCompressionPercent-b12000/ac748b9a7bbadd1b4ccb3da4/A-B
22588da900fbea8c00b87d769132d035359f1c3deae9b763847a866d744b79ff,pc/M-combat-capturePercent/ac748b9a7bbadd1b4ccb3da4/B-A,vps/segments/M-combat-lossCompressionPercent-b12000/ac748b9a7bbadd1b4ccb3da4/B-A
4227f054b87e527b1d1b0274ed1998e330c5df10704580221a9b575b4a8798c6,pc/M-combat-capturePercent/b4b94da886e061c92142841a/A-B,vps/segments/M-combat-lossCompressionPercent-b12000/b4b94da886e061c92142841a/A-B
ed29d7971438fc1a049999694ca61a2424e52dc6124815c6cadb6b6c1daaffd8,pc/M-combat-capturePercent/b4b94da886e061c92142841a/B-A,vps/segments/M-combat-lossCompressionPercent-b12000/b4b94da886e061c92142841a/B-A
6d407622c60b016795f97c89a6a5574696df9124c61c66dd231ce4e7c7aa2393,pc/M-combat-capturePercent/ec03e2f3b6e41ea5555df14c/A-B,vps/segments/M-combat-lossCompressionPercent-b12000/ec03e2f3b6e41ea5555df14c/A-B
5b40b5d08240a3cb41ac0662b746bf7848264fd5d59a18b9cccd174e1c8a970f,pc/M-combat-capturePercent/ec03e2f3b6e41ea5555df14c/B-A,vps/segments/M-combat-lossCompressionPercent-b12000/ec03e2f3b6e41ea5555df14c/B-A
58cd7ae8deb38800a7970576196ee8f591af45338dcec1590dcfba297fa69701,pc/M-combat-capturePercent/0fad6426e216ce1d497cd944/A-B,vps/segments/M-combat-lossCompressionPercent-b120000/0fad6426e216ce1d497cd944/A-B
71c1edf0b3076609f0d5f6632549a6592128c1a272b42a58354f9fb187b4a370,pc/M-combat-capturePercent/0fad6426e216ce1d497cd944/B-A,vps/segments/M-combat-lossCompressionPercent-b120000/0fad6426e216ce1d497cd944/B-A
ac0328d7e848fe34c754caa6b9c4b0ed2030d2e4d6fcccd1ed330988caf253df,pc/M-combat-capturePercent/2497be6bce26a22f97e6e95e/A-B,vps/segments/M-combat-lossCompressionPercent-b120000/2497be6bce26a22f97e6e95e/A-B
cdf02ca8a3da35cbdb52ea241c610d7fdc069d44ffd601725625d6de3e1c67e1,pc/M-combat-capturePercent/2497be6bce26a22f97e6e95e/B-A,vps/segments/M-combat-lossCompressionPercent-b120000/2497be6bce26a22f97e6e95e/B-A
9858c7ffa1a6a847079e50482789f9a042cfeb281ada503d2c73d74b65c9d985,pc/M-combat-capturePercent/2eb2746a70cb35fe1ce25f98/A-B,vps/segments/M-combat-lossCompressionPercent-b120000/2eb2746a70cb35fe1ce25f98/A-B
151989b8d1b1c0ca759fab7eaf3b152abc03724944a1ef9ad70118e7a90322e4,pc/M-combat-capturePercent/2eb2746a70cb35fe1ce25f98/B-A,vps/segments/M-combat-lossCompressionPercent-b120000/2eb2746a70cb35fe1ce25f98/B-A
4597ad24b5a2e47b6a7dce9496a9b6f4b1f246dce33a40845b0982a200fb8806,pc/M-combat-capturePercent/5be07c6fc69f472eef0ee17f/A-B,vps/segments/M-combat-lossCompressionPercent-b120000/5be07c6fc69f472eef0ee17f/A-B
7c1e87a0769464bd834f5d84f3fd33eaf9071aabdb90673a4cec8f5b7383d2cf,pc/M-combat-capturePercent/5be07c6fc69f472eef0ee17f/B-A,vps/segments/M-combat-lossCompressionPercent-b120000/5be07c6fc69f472eef0ee17f/B-A
f5eaa97da71df5298d7c5b30554bec43da7311247b6bf61d3299b38dd99ce886,pc/M-combat-capturePercent/80ebf93b386771704cc70bab/A-B,vps/segments/M-combat-lossCompressionPercent-b120000/80ebf93b386771704cc70bab/A-B
6a49a491a5ff72a4b8db0cc1fcd37742813f1f1a76d4b11bb02af21e20d1e1ce,pc/M-combat-capturePercent/80ebf93b386771704cc70bab/B-A,vps/segments/M-combat-lossCompressionPercent-b120000/80ebf93b386771704cc70bab/B-A
647ab88a83aa6f834990989ca24911ddf969595c4a5f5d85e2c151fdaebac92b,pc/M-combat-capturePercent/93f29e181d26c9d16b60ee8b/A-B,vps/segments/M-combat-lossCompressionPercent-b120000/93f29e181d26c9d16b60ee8b/A-B
cb5849664fb65ac00466aa61563a1f9baace77ad985b9c02a92e371cf45b1603,pc/M-combat-capturePercent/93f29e181d26c9d16b60ee8b/B-A,vps/segments/M-combat-lossCompressionPercent-b120000/93f29e181d26c9d16b60ee8b/B-A
a5bb96235bf6f9a76b769ff737d8e922df94b0a52f749525853085cd022bf3ef,pc/M-combat-capturePercent/a74b3b7b747bae166c9bbd4d/A-B,vps/segments/M-combat-lossCompressionPercent-b120000/a74b3b7b747bae166c9bbd4d/A-B
8a5fbdbf1b558dc200eab97d67343355792afdf24d5bbb0e91f754b86f3a02ef,pc/M-combat-capturePercent/a74b3b7b747bae166c9bbd4d/B-A,vps/segments/M-combat-lossCompressionPercent-b120000/a74b3b7b747bae166c9bbd4d/B-A
e1e29aab7102365136b614a54a8aeb0bee449145f3bc465a205963f9f554f006,pc/M-combat-capturePercent/bf898c747897728e9c646b00/A-B,vps/segments/M-combat-lossCompressionPercent-b120000/bf898c747897728e9c646b00/A-B
0c2b4bb54f68750a49827995ac5ca7c41b885ac68f663af9b71cf4658f802372,pc/M-combat-capturePercent/bf898c747897728e9c646b00/B-A,vps/segments/M-combat-lossCompressionPercent-b120000/bf898c747897728e9c646b00/B-A
6b4a529fbc125b23882833e0aed634bec1b5f0b2174c3e7ece269e3168b0f82f,pc/M-combat-capturePercent/c88b855645bc720b498875d2/A-B,vps/segments/M-combat-lossCompressionPercent-b120000/c88b855645bc720b498875d2/A-B
7e4672019367fb02f1f4413e94829b3f5c23d2fa9d1ba5802105a04a62fdf6a1,pc/M-combat-capturePercent/c88b855645bc720b498875d2/B-A,vps/segments/M-combat-lossCompressionPercent-b120000/c88b855645bc720b498875d2/B-A
54b8eb5652e7a14e2d23dbf5a122ee8f8758e3e126c18b1c2077bfe200269275,pc/M-combat-capturePercent/e03c8d62aa94aae4fc0f13f1/A-B,vps/segments/M-combat-lossCompressionPercent-b120000/e03c8d62aa94aae4fc0f13f1/A-B
078641e562821c4012d1a24d08878af3f97f45aea622350727a2eb5edcbd524c,pc/M-combat-capturePercent/e03c8d62aa94aae4fc0f13f1/B-A,vps/segments/M-combat-lossCompressionPercent-b120000/e03c8d62aa94aae4fc0f13f1/B-A
85f859f840726422ec7d710e5557c9d3b6715fd7fc74bfe34607d4d92c94e777,pc/M-combat-capturePercent/0c0085870630c59e82d2d03f/A-B,vps/segments/M-combat-maxRounds-b12000/0c0085870630c59e82d2d03f/A-B
03908c0fa4ced8ca60a7e0fb3a0f39260e015950626c7db85dad0402f2d3619e,pc/M-combat-capturePercent/0c0085870630c59e82d2d03f/B-A,vps/segments/M-combat-maxRounds-b12000/0c0085870630c59e82d2d03f/B-A
9ca322cb96477f8f2d6b2e7673307285a8c1ac1a2124cfb6ddfbf09efb0d4075,pc/M-combat-capturePercent/48d3967fcd05b8de1e34c2d4/A-B,vps/segments/M-combat-maxRounds-b12000/48d3967fcd05b8de1e34c2d4/A-B
0ef488184d72f1f098ab6566fb80c72140d7078400dd1a9587141fe8b34a13ec,pc/M-combat-capturePercent/48d3967fcd05b8de1e34c2d4/B-A,vps/segments/M-combat-maxRounds-b12000/48d3967fcd05b8de1e34c2d4/B-A
00f252d5722657943a4cb0718ce0da7e8a4611896fa35ea5621c1322e14ef866,pc/M-combat-capturePercent/54e1d4f2a6e7f51febebdd8e/A-B,vps/segments/M-combat-maxRounds-b12000/54e1d4f2a6e7f51febebdd8e/A-B
9000dde07f557a8d66b3ea4000e55211bbd45f04e3469db5cbc747249d14ba6c,pc/M-combat-capturePercent/54e1d4f2a6e7f51febebdd8e/B-A,vps/segments/M-combat-maxRounds-b12000/54e1d4f2a6e7f51febebdd8e/B-A
35be79c5c128b6e4343bfeefa1db2f2aeb0a0150c17aa99303e7622a603c351b,pc/M-combat-capturePercent/7498c9f948922906239ad8d6/A-B,vps/segments/M-combat-maxRounds-b12000/7498c9f948922906239ad8d6/A-B
49d4b23c42e173b1bcdc7cd48f22932e3a82504dd30129431f21b83876d94cb2,pc/M-combat-capturePercent/7498c9f948922906239ad8d6/B-A,vps/segments/M-combat-maxRounds-b12000/7498c9f948922906239ad8d6/B-A
2a1d1503a117713d05836a468b6a0d0d39d7d08702d9ca68ffe56c89d6f08704,pc/M-combat-capturePercent/98043342a0f7383cbda2c59d/A-B,vps/segments/M-combat-maxRounds-b12000/98043342a0f7383cbda2c59d/A-B
cdd056f355bfd3009ca6798847f425d092b2fa95fee94cbb9f1b9d30918fd936,pc/M-combat-capturePercent/98043342a0f7383cbda2c59d/B-A,vps/segments/M-combat-maxRounds-b12000/98043342a0f7383cbda2c59d/B-A
1178f1206facb99d474deb6896610eb381b51065a110d670b64abf6c01184760,pc/M-combat-capturePercent/9ea4f603e73d531fd3c8df44/A-B,vps/segments/M-combat-maxRounds-b12000/9ea4f603e73d531fd3c8df44/A-B
db8d3921ad4c7ffbcfdfcbf53d72da2e8c438f83b03f5de5e5b8aab344978ab5,pc/M-combat-capturePercent/9ea4f603e73d531fd3c8df44/B-A,vps/segments/M-combat-maxRounds-b12000/9ea4f603e73d531fd3c8df44/B-A
b965633c898c10ac48cc0b945d886ca291a7c3df9f2bc8fbbd6924891bba8756,pc/M-combat-capturePercent/a477667580eb4a6cca4bfd35/A-B,vps/segments/M-combat-maxRounds-b12000/a477667580eb4a6cca4bfd35/A-B
04d26513bee41f8de98ab49cd97c992b3a0017b0ad91dc428f6066f007ce270c,pc/M-combat-capturePercent/a477667580eb4a6cca4bfd35/B-A,vps/segments/M-combat-maxRounds-b12000/a477667580eb4a6cca4bfd35/B-A
a5cef95da0740171d974b1b8238a058e26fade3fe8a8f09d6de3182d2fb25476,pc/M-combat-capturePercent/ac748b9a7bbadd1b4ccb3da4/A-B,vps/segments/M-combat-maxRounds-b12000/ac748b9a7bbadd1b4ccb3da4/A-B
22588da900fbea8c00b87d769132d035359f1c3deae9b763847a866d744b79ff,pc/M-combat-capturePercent/ac748b9a7bbadd1b4ccb3da4/B-A,vps/segments/M-combat-maxRounds-b12000/ac748b9a7bbadd1b4ccb3da4/B-A
4227f054b87e527b1d1b0274ed1998e330c5df10704580221a9b575b4a8798c6,pc/M-combat-capturePercent/b4b94da886e061c92142841a/A-B,vps/segments/M-combat-maxRounds-b12000/b4b94da886e061c92142841a/A-B
ed29d7971438fc1a049999694ca61a2424e52dc6124815c6cadb6b6c1daaffd8,pc/M-combat-capturePercent/b4b94da886e061c92142841a/B-A,vps/segments/M-combat-maxRounds-b12000/b4b94da886e061c92142841a/B-A
6d407622c60b016795f97c89a6a5574696df9124c61c66dd231ce4e7c7aa2393,pc/M-combat-capturePercent/ec03e2f3b6e41ea5555df14c/A-B,vps/segments/M-combat-maxRounds-b12000/ec03e2f3b6e41ea5555df14c/A-B
5b40b5d08240a3cb41ac0662b746bf7848264fd5d59a18b9cccd174e1c8a970f,pc/M-combat-capturePercent/ec03e2f3b6e41ea5555df14c/B-A,vps/segments/M-combat-maxRounds-b12000/ec03e2f3b6e41ea5555df14c/B-A
58cd7ae8deb38800a7970576196ee8f591af45338dcec1590dcfba297fa69701,pc/M-combat-capturePercent/0fad6426e216ce1d497cd944/A-B,vps/segments/M-combat-maxRounds-b120000/0fad6426e216ce1d497cd944/A-B
71c1edf0b3076609f0d5f6632549a6592128c1a272b42a58354f9fb187b4a370,pc/M-combat-capturePercent/0fad6426e216ce1d497cd944/B-A,vps/segments/M-combat-maxRounds-b120000/0fad6426e216ce1d497cd944/B-A
ac0328d7e848fe34c754caa6b9c4b0ed2030d2e4d6fcccd1ed330988caf253df,pc/M-combat-capturePercent/2497be6bce26a22f97e6e95e/A-B,vps/segments/M-combat-maxRounds-b120000/2497be6bce26a22f97e6e95e/A-B
cdf02ca8a3da35cbdb52ea241c610d7fdc069d44ffd601725625d6de3e1c67e1,pc/M-combat-capturePercent/2497be6bce26a22f97e6e95e/B-A,vps/segments/M-combat-maxRounds-b120000/2497be6bce26a22f97e6e95e/B-A
9858c7ffa1a6a847079e50482789f9a042cfeb281ada503d2c73d74b65c9d985,pc/M-combat-capturePercent/2eb2746a70cb35fe1ce25f98/A-B,vps/segments/M-combat-maxRounds-b120000/2eb2746a70cb35fe1ce25f98/A-B
151989b8d1b1c0ca759fab7eaf3b152abc03724944a1ef9ad70118e7a90322e4,pc/M-combat-capturePercent/2eb2746a70cb35fe1ce25f98/B-A,vps/segments/M-combat-maxRounds-b120000/2eb2746a70cb35fe1ce25f98/B-A
4597ad24b5a2e47b6a7dce9496a9b6f4b1f246dce33a40845b0982a200fb8806,pc/M-combat-capturePercent/5be07c6fc69f472eef0ee17f/A-B,vps/segments/M-combat-maxRounds-b120000/5be07c6fc69f472eef0ee17f/A-B
7c1e87a0769464bd834f5d84f3fd33eaf9071aabdb90673a4cec8f5b7383d2cf,pc/M-combat-capturePercent/5be07c6fc69f472eef0ee17f/B-A,vps/segments/M-combat-maxRounds-b120000/5be07c6fc69f472eef0ee17f/B-A
f5eaa97da71df5298d7c5b30554bec43da7311247b6bf61d3299b38dd99ce886,pc/M-combat-capturePercent/80ebf93b386771704cc70bab/A-B,vps/segments/M-combat-maxRounds-b120000/80ebf93b386771704cc70bab/A-B
6a49a491a5ff72a4b8db0cc1fcd37742813f1f1a76d4b11bb02af21e20d1e1ce,pc/M-combat-capturePercent/80ebf93b386771704cc70bab/B-A,vps/segments/M-combat-maxRounds-b120000/80ebf93b386771704cc70bab/B-A
647ab88a83aa6f834990989ca24911ddf969595c4a5f5d85e2c151fdaebac92b,pc/M-combat-capturePercent/93f29e181d26c9d16b60ee8b/A-B,vps/segments/M-combat-maxRounds-b120000/93f29e181d26c9d16b60ee8b/A-B
cb5849664fb65ac00466aa61563a1f9baace77ad985b9c02a92e371cf45b1603,pc/M-combat-capturePercent/93f29e181d26c9d16b60ee8b/B-A,vps/segments/M-combat-maxRounds-b120000/93f29e181d26c9d16b60ee8b/B-A
a5bb96235bf6f9a76b769ff737d8e922df94b0a52f749525853085cd022bf3ef,pc/M-combat-capturePercent/a74b3b7b747bae166c9bbd4d/A-B,vps/segments/M-combat-maxRounds-b120000/a74b3b7b747bae166c9bbd4d/A-B
8a5fbdbf1b558dc200eab97d67343355792afdf24d5bbb0e91f754b86f3a02ef,pc/M-combat-capturePercent/a74b3b7b747bae166c9bbd4d/B-A,vps/segments/M-combat-maxRounds-b120000/a74b3b7b747bae166c9bbd4d/B-A
e1e29aab7102365136b614a54a8aeb0bee449145f3bc465a205963f9f554f006,pc/M-combat-capturePercent/bf898c747897728e9c646b00/A-B,vps/segments/M-combat-maxRounds-b120000/bf898c747897728e9c646b00/A-B
0c2b4bb54f68750a49827995ac5ca7c41b885ac68f663af9b71cf4658f802372,pc/M-combat-capturePercent/bf898c747897728e9c646b00/B-A,vps/segments/M-combat-maxRounds-b120000/bf898c747897728e9c646b00/B-A
6b4a529fbc125b23882833e0aed634bec1b5f0b2174c3e7ece269e3168b0f82f,pc/M-combat-capturePercent/c88b855645bc720b498875d2/A-B,vps/segments/M-combat-maxRounds-b120000/c88b855645bc720b498875d2/A-B
7e4672019367fb02f1f4413e94829b3f5c23d2fa9d1ba5802105a04a62fdf6a1,pc/M-combat-capturePercent/c88b855645bc720b498875d2/B-A,vps/segments/M-combat-maxRounds-b120000/c88b855645bc720b498875d2/B-A
54b8eb5652e7a14e2d23dbf5a122ee8f8758e3e126c18b1c2077bfe200269275,pc/M-combat-capturePercent/e03c8d62aa94aae4fc0f13f1/A-B,vps/segments/M-combat-maxRounds-b120000/e03c8d62aa94aae4fc0f13f1/A-B
078641e562821c4012d1a24d08878af3f97f45aea622350727a2eb5edcbd524c,pc/M-combat-capturePercent/e03c8d62aa94aae4fc0f13f1/B-A,vps/segments/M-combat-maxRounds-b120000/e03c8d62aa94aae4fc0f13f1/B-A
85f859f840726422ec7d710e5557c9d3b6715fd7fc74bfe34607d4d92c94e777,pc/M-combat-capturePercent/0c0085870630c59e82d2d03f/A-B,vps/segments/M-combat-surrender-b12000/0c0085870630c59e82d2d03f/A-B
03908c0fa4ced8ca60a7e0fb3a0f39260e015950626c7db85dad0402f2d3619e,pc/M-combat-capturePercent/0c0085870630c59e82d2d03f/B-A,vps/segments/M-combat-surrender-b12000/0c0085870630c59e82d2d03f/B-A
9ca322cb96477f8f2d6b2e7673307285a8c1ac1a2124cfb6ddfbf09efb0d4075,pc/M-combat-capturePercent/48d3967fcd05b8de1e34c2d4/A-B,vps/segments/M-combat-surrender-b12000/48d3967fcd05b8de1e34c2d4/A-B
0ef488184d72f1f098ab6566fb80c72140d7078400dd1a9587141fe8b34a13ec,pc/M-combat-capturePercent/48d3967fcd05b8de1e34c2d4/B-A,vps/segments/M-combat-surrender-b12000/48d3967fcd05b8de1e34c2d4/B-A
00f252d5722657943a4cb0718ce0da7e8a4611896fa35ea5621c1322e14ef866,pc/M-combat-capturePercent/54e1d4f2a6e7f51febebdd8e/A-B,vps/segments/M-combat-surrender-b12000/54e1d4f2a6e7f51febebdd8e/A-B
9000dde07f557a8d66b3ea4000e55211bbd45f04e3469db5cbc747249d14ba6c,pc/M-combat-capturePercent/54e1d4f2a6e7f51febebdd8e/B-A,vps/segments/M-combat-surrender-b12000/54e1d4f2a6e7f51febebdd8e/B-A
35be79c5c128b6e4343bfeefa1db2f2aeb0a0150c17aa99303e7622a603c351b,pc/M-combat-capturePercent/7498c9f948922906239ad8d6/A-B,vps/segments/M-combat-surrender-b12000/7498c9f948922906239ad8d6/A-B
49d4b23c42e173b1bcdc7cd48f22932e3a82504dd30129431f21b83876d94cb2,pc/M-combat-capturePercent/7498c9f948922906239ad8d6/B-A,vps/segments/M-combat-surrender-b12000/7498c9f948922906239ad8d6/B-A
2a1d1503a117713d05836a468b6a0d0d39d7d08702d9ca68ffe56c89d6f08704,pc/M-combat-capturePercent/98043342a0f7383cbda2c59d/A-B,vps/segments/M-combat-surrender-b12000/98043342a0f7383cbda2c59d/A-B
cdd056f355bfd3009ca6798847f425d092b2fa95fee94cbb9f1b9d30918fd936,pc/M-combat-capturePercent/98043342a0f7383cbda2c59d/B-A,vps/segments/M-combat-surrender-b12000/98043342a0f7383cbda2c59d/B-A
1178f1206facb99d474deb6896610eb381b51065a110d670b64abf6c01184760,pc/M-combat-capturePercent/9ea4f603e73d531fd3c8df44/A-B,vps/segments/M-combat-surrender-b12000/9ea4f603e73d531fd3c8df44/A-B
db8d3921ad4c7ffbcfdfcbf53d72da2e8c438f83b03f5de5e5b8aab344978ab5,pc/M-combat-capturePercent/9ea4f603e73d531fd3c8df44/B-A,vps/segments/M-combat-surrender-b12000/9ea4f603e73d531fd3c8df44/B-A
b965633c898c10ac48cc0b945d886ca291a7c3df9f2bc8fbbd6924891bba8756,pc/M-combat-capturePercent/a477667580eb4a6cca4bfd35/A-B,vps/segments/M-combat-surrender-b12000/a477667580eb4a6cca4bfd35/A-B
04d26513bee41f8de98ab49cd97c992b3a0017b0ad91dc428f6066f007ce270c,pc/M-combat-capturePercent/a477667580eb4a6cca4bfd35/B-A,vps/segments/M-combat-surrender-b12000/a477667580eb4a6cca4bfd35/B-A
a5cef95da0740171d974b1b8238a058e26fade3fe8a8f09d6de3182d2fb25476,pc/M-combat-capturePercent/ac748b9a7bbadd1b4ccb3da4/A-B,vps/segments/M-combat-surrender-b12000/ac748b9a7bbadd1b4ccb3da4/A-B
22588da900fbea8c00b87d769132d035359f1c3deae9b763847a866d744b79ff,pc/M-combat-capturePercent/ac748b9a7bbadd1b4ccb3da4/B-A,vps/segments/M-combat-surrender-b12000/ac748b9a7bbadd1b4ccb3da4/B-A
4227f054b87e527b1d1b0274ed1998e330c5df10704580221a9b575b4a8798c6,pc/M-combat-capturePercent/b4b94da886e061c92142841a/A-B,vps/segments/M-combat-surrender-b12000/b4b94da886e061c92142841a/A-B
ed29d7971438fc1a049999694ca61a2424e52dc6124815c6cadb6b6c1daaffd8,pc/M-combat-capturePercent/b4b94da886e061c92142841a/B-A,vps/segments/M-combat-surrender-b12000/b4b94da886e061c92142841a/B-A
6d407622c60b016795f97c89a6a5574696df9124c61c66dd231ce4e7c7aa2393,pc/M-combat-capturePercent/ec03e2f3b6e41ea5555df14c/A-B,vps/segments/M-combat-surrender-b12000/ec03e2f3b6e41ea5555df14c/A-B
5b40b5d08240a3cb41ac0662b746bf7848264fd5d59a18b9cccd174e1c8a970f,pc/M-combat-capturePercent/ec03e2f3b6e41ea5555df14c/B-A,vps/segments/M-combat-surrender-b12000/ec03e2f3b6e41ea5555df14c/B-A
58cd7ae8deb38800a7970576196ee8f591af45338dcec1590dcfba297fa69701,pc/M-combat-capturePercent/0fad6426e216ce1d497cd944/A-B,vps/segments/M-combat-surrender-b120000/0fad6426e216ce1d497cd944/A-B
71c1edf0b3076609f0d5f6632549a6592128c1a272b42a58354f9fb187b4a370,pc/M-combat-capturePercent/0fad6426e216ce1d497cd944/B-A,vps/segments/M-combat-surrender-b120000/0fad6426e216ce1d497cd944/B-A
ac0328d7e848fe34c754caa6b9c4b0ed2030d2e4d6fcccd1ed330988caf253df,pc/M-combat-capturePercent/2497be6bce26a22f97e6e95e/A-B,vps/segments/M-combat-surrender-b120000/2497be6bce26a22f97e6e95e/A-B
cdf02ca8a3da35cbdb52ea241c610d7fdc069d44ffd601725625d6de3e1c67e1,pc/M-combat-capturePercent/2497be6bce26a22f97e6e95e/B-A,vps/segments/M-combat-surrender-b120000/2497be6bce26a22f97e6e95e/B-A
9858c7ffa1a6a847079e50482789f9a042cfeb281ada503d2c73d74b65c9d985,pc/M-combat-capturePercent/2eb2746a70cb35fe1ce25f98/A-B,vps/segments/M-combat-surrender-b120000/2eb2746a70cb35fe1ce25f98/A-B
151989b8d1b1c0ca759fab7eaf3b152abc03724944a1ef9ad70118e7a90322e4,pc/M-combat-capturePercent/2eb2746a70cb35fe1ce25f98/B-A,vps/segments/M-combat-surrender-b120000/2eb2746a70cb35fe1ce25f98/B-A
4597ad24b5a2e47b6a7dce9496a9b6f4b1f246dce33a40845b0982a200fb8806,pc/M-combat-capturePercent/5be07c6fc69f472eef0ee17f/A-B,vps/segments/M-combat-surrender-b120000/5be07c6fc69f472eef0ee17f/A-B
7c1e87a0769464bd834f5d84f3fd33eaf9071aabdb90673a4cec8f5b7383d2cf,pc/M-combat-capturePercent/5be07c6fc69f472eef0ee17f/B-A,vps/segments/M-combat-surrender-b120000/5be07c6fc69f472eef0ee17f/B-A
f5eaa97da71df5298d7c5b30554bec43da7311247b6bf61d3299b38dd99ce886,pc/M-combat-capturePercent/80ebf93b386771704cc70bab/A-B,vps/segments/M-combat-surrender-b120000/80ebf93b386771704cc70bab/A-B
6a49a491a5ff72a4b8db0cc1fcd37742813f1f1a76d4b11bb02af21e20d1e1ce,pc/M-combat-capturePercent/80ebf93b386771704cc70bab/B-A,vps/segments/M-combat-surrender-b120000/80ebf93b386771704cc70bab/B-A
647ab88a83aa6f834990989ca24911ddf969595c4a5f5d85e2c151fdaebac92b,pc/M-combat-capturePercent/93f29e181d26c9d16b60ee8b/A-B,vps/segments/M-combat-surrender-b120000/93f29e181d26c9d16b60ee8b/A-B
cb5849664fb65ac00466aa61563a1f9baace77ad985b9c02a92e371cf45b1603,pc/M-combat-capturePercent/93f29e181d26c9d16b60ee8b/B-A,vps/segments/M-combat-surrender-b120000/93f29e181d26c9d16b60ee8b/B-A
a5bb96235bf6f9a76b769ff737d8e922df94b0a52f749525853085cd022bf3ef,pc/M-combat-capturePercent/a74b3b7b747bae166c9bbd4d/A-B,vps/segments/M-combat-surrender-b120000/a74b3b7b747bae166c9bbd4d/A-B
8a5fbdbf1b558dc200eab97d67343355792afdf24d5bbb0e91f754b86f3a02ef,pc/M-combat-capturePercent/a74b3b7b747bae166c9bbd4d/B-A,vps/segments/M-combat-surrender-b120000/a74b3b7b747bae166c9bbd4d/B-A
e1e29aab7102365136b614a54a8aeb0bee449145f3bc465a205963f9f554f006,pc/M-combat-capturePercent/bf898c747897728e9c646b00/A-B,vps/segments/M-combat-surrender-b120000/bf898c747897728e9c646b00/A-B
0c2b4bb54f68750a49827995ac5ca7c41b885ac68f663af9b71cf4658f802372,pc/M-combat-capturePercent/bf898c747897728e9c646b00/B-A,vps/segments/M-combat-surrender-b120000/bf898c747897728e9c646b00/B-A
6b4a529fbc125b23882833e0aed634bec1b5f0b2174c3e7ece269e3168b0f82f,pc/M-combat-capturePercent/c88b855645bc720b498875d2/A-B,vps/segments/M-combat-surrender-b120000/c88b855645bc720b498875d2/A-B
7e4672019367fb02f1f4413e94829b3f5c23d2fa9d1ba5802105a04a62fdf6a1,pc/M-combat-capturePercent/c88b855645bc720b498875d2/B-A,vps/segments/M-combat-surrender-b120000/c88b855645bc720b498875d2/B-A
54b8eb5652e7a14e2d23dbf5a122ee8f8758e3e126c18b1c2077bfe200269275,pc/M-combat-capturePercent/e03c8d62aa94aae4fc0f13f1/A-B,vps/segments/M-combat-surrender-b120000/e03c8d62aa94aae4fc0f13f1/A-B
078641e562821c4012d1a24d08878af3f97f45aea622350727a2eb5edcbd524c,pc/M-combat-capturePercent/e03c8d62aa94aae4fc0f13f1/B-A,vps/segments/M-combat-surrender-b120000/e03c8d62aa94aae4fc0f13f1/B-A
85f859f840726422ec7d710e5557c9d3b6715fd7fc74bfe34607d4d92c94e777,pc/M-combat-capturePercent/0c0085870630c59e82d2d03f/A-B,vps/segments/M-combat-woundDamageThreshold-b12000/0c0085870630c59e82d2d03f/A-B
03908c0fa4ced8ca60a7e0fb3a0f39260e015950626c7db85dad0402f2d3619e,pc/M-combat-capturePercent/0c0085870630c59e82d2d03f/B-A,vps/segments/M-combat-woundDamageThreshold-b12000/0c0085870630c59e82d2d03f/B-A
9ca322cb96477f8f2d6b2e7673307285a8c1ac1a2124cfb6ddfbf09efb0d4075,pc/M-combat-capturePercent/48d3967fcd05b8de1e34c2d4/A-B,vps/segments/M-combat-woundDamageThreshold-b12000/48d3967fcd05b8de1e34c2d4/A-B
0ef488184d72f1f098ab6566fb80c72140d7078400dd1a9587141fe8b34a13ec,pc/M-combat-capturePercent/48d3967fcd05b8de1e34c2d4/B-A,vps/segments/M-combat-woundDamageThreshold-b12000/48d3967fcd05b8de1e34c2d4/B-A
00f252d5722657943a4cb0718ce0da7e8a4611896fa35ea5621c1322e14ef866,pc/M-combat-capturePercent/54e1d4f2a6e7f51febebdd8e/A-B,vps/segments/M-combat-woundDamageThreshold-b12000/54e1d4f2a6e7f51febebdd8e/A-B
9000dde07f557a8d66b3ea4000e55211bbd45f04e3469db5cbc747249d14ba6c,pc/M-combat-capturePercent/54e1d4f2a6e7f51febebdd8e/B-A,vps/segments/M-combat-woundDamageThreshold-b12000/54e1d4f2a6e7f51febebdd8e/B-A
35be79c5c128b6e4343bfeefa1db2f2aeb0a0150c17aa99303e7622a603c351b,pc/M-combat-capturePercent/7498c9f948922906239ad8d6/A-B,vps/segments/M-combat-woundDamageThreshold-b12000/7498c9f948922906239ad8d6/A-B
49d4b23c42e173b1bcdc7cd48f22932e3a82504dd30129431f21b83876d94cb2,pc/M-combat-capturePercent/7498c9f948922906239ad8d6/B-A,vps/segments/M-combat-woundDamageThreshold-b12000/7498c9f948922906239ad8d6/B-A
2a1d1503a117713d05836a468b6a0d0d39d7d08702d9ca68ffe56c89d6f08704,pc/M-combat-capturePercent/98043342a0f7383cbda2c59d/A-B,vps/segments/M-combat-woundDamageThreshold-b12000/98043342a0f7383cbda2c59d/A-B
cdd056f355bfd3009ca6798847f425d092b2fa95fee94cbb9f1b9d30918fd936,pc/M-combat-capturePercent/98043342a0f7383cbda2c59d/B-A,vps/segments/M-combat-woundDamageThreshold-b12000/98043342a0f7383cbda2c59d/B-A
1178f1206facb99d474deb6896610eb381b51065a110d670b64abf6c01184760,pc/M-combat-capturePercent/9ea4f603e73d531fd3c8df44/A-B,vps/segments/M-combat-woundDamageThreshold-b12000/9ea4f603e73d531fd3c8df44/A-B
db8d3921ad4c7ffbcfdfcbf53d72da2e8c438f83b03f5de5e5b8aab344978ab5,pc/M-combat-capturePercent/9ea4f603e73d531fd3c8df44/B-A,vps/segments/M-combat-woundDamageThreshold-b12000/9ea4f603e73d531fd3c8df44/B-A
b965633c898c10ac48cc0b945d886ca291a7c3df9f2bc8fbbd6924891bba8756,pc/M-combat-capturePercent/a477667580eb4a6cca4bfd35/A-B,vps/segments/M-combat-woundDamageThreshold-b12000/a477667580eb4a6cca4bfd35/A-B
04d26513bee41f8de98ab49cd97c992b3a0017b0ad91dc428f6066f007ce270c,pc/M-combat-capturePercent/a477667580eb4a6cca4bfd35/B-A,vps/segments/M-combat-woundDamageThreshold-b12000/a477667580eb4a6cca4bfd35/B-A
a5cef95da0740171d974b1b8238a058e26fade3fe8a8f09d6de3182d2fb25476,pc/M-combat-capturePercent/ac748b9a7bbadd1b4ccb3da4/A-B,vps/segments/M-combat-woundDamageThreshold-b12000/ac748b9a7bbadd1b4ccb3da4/A-B
22588da900fbea8c00b87d769132d035359f1c3deae9b763847a866d744b79ff,pc/M-combat-capturePercent/ac748b9a7bbadd1b4ccb3da4/B-A,vps/segments/M-combat-woundDamageThreshold-b12000/ac748b9a7bbadd1b4ccb3da4/B-A
4227f054b87e527b1d1b0274ed1998e330c5df10704580221a9b575b4a8798c6,pc/M-combat-capturePercent/b4b94da886e061c92142841a/A-B,vps/segments/M-combat-woundDamageThreshold-b12000/b4b94da886e061c92142841a/A-B
ed29d7971438fc1a049999694ca61a2424e52dc6124815c6cadb6b6c1daaffd8,pc/M-combat-capturePercent/b4b94da886e061c92142841a/B-A,vps/segments/M-combat-woundDamageThreshold-b12000/b4b94da886e061c92142841a/B-A
6d407622c60b016795f97c89a6a5574696df9124c61c66dd231ce4e7c7aa2393,pc/M-combat-capturePercent/ec03e2f3b6e41ea5555df14c/A-B,vps/segments/M-combat-woundDamageThreshold-b12000/ec03e2f3b6e41ea5555df14c/A-B
5b40b5d08240a3cb41ac0662b746bf7848264fd5d59a18b9cccd174e1c8a970f,pc/M-combat-capturePercent/ec03e2f3b6e41ea5555df14c/B-A,vps/segments/M-combat-woundDamageThreshold-b12000/ec03e2f3b6e41ea5555df14c/B-A
