canonical_request_sha256,first,alias
deb52954fc5ec0c66fd793c186e81a12407a5cba77f12f45476a1b1ae81be592,pc/C1-mirrors-independent/7b9f91b54c3f019cffba5099/A-B,pc/C2-archer-defense-independent/746de7156ceffbc9bd9011ba/A-B
0ddcb2c1cbd2953c21f64936f08597cd770ca3085f7e713d8ad31fd58b96ca31,pc/C1-mirrors-independent/7b9f91b54c3f019cffba5099/B-A,pc/C2-archer-defense-independent/746de7156ceffbc9bd9011ba/B-A
786a18d8064f8c7dcc4b60b5eabcb8c9030533b4baf6d27543e835161587201c,pc/C1-mirrors-independent/908d0045111799bcef061319/A-B,pc/C3-spearman-defense-independent/7cbca32d76cb94b01c732987/A-B
68631356f4bbfa2b305ea68a0576fe8b9cdad3d669667ce6b808466377441763,pc/C1-mirrors-independent/908d0045111799bcef061319/B-A,pc/C3-spearman-defense-independent/7cbca32d76cb94b01c732987/B-A
07cb902ef68d05f9a750f0c48aa26b83df06703f809fd49c9a068a0f9963b41a,pc/D1-small-mirrors/c276cb7465e64aaef6370ba5/A-B,pc/D2-defense-archer/45c4fc9b0e9c402054f2d647/A-B
f78e8cc0430f37906f0bc8de515374285d9db33476b61ddb4cbf1cbe552f3753,pc/D1-small-mirrors/c276cb7465e64aaef6370ba5/B-A,pc/D2-defense-archer/45c4fc9b0e9c402054f2d647/B-A
c02e50dd6d42b011f5139eb23329feaa2bd41a2b9de555c049c36f85c838c813,pc/D1-small-mirrors/f6782003874fb97bf01d298a/A-B,pc/D2-defense-archer/54bd586422f9b4c7f95ea2ae/A-B
ca6c7f8892ea983178a0f3f7c2170910458ec305e50c02e8937e23b0716609b0,pc/D1-small-mirrors/f6782003874fb97bf01d298a/B-A,pc/D2-defense-archer/54bd586422f9b4c7f95ea2ae/B-A
7b9afc424636d82738c5b2aa6e3face72af93f822d2e8c1257649d2729cd2588,pc/D1-small-mirrors/4a4614b7b773f5132ab25e8d/A-B,pc/D2-defense-knight/789ad934d1603c54e9bb0ba9/A-B
ee73c940cb1a1876e5bde612bd4ee1a8e52b6531b486fe30e214c22e76945e70,pc/D1-small-mirrors/4a4614b7b773f5132ab25e8d/B-A,pc/D2-defense-knight/789ad934d1603c54e9bb0ba9/B-A
07d8078cbeb8d0000d08062def36f9de06c483d7cb26faa00c2f992c548c2b7c,pc/D1-small-mirrors/4864dc01e3198cf74054b789/A-B,pc/D2-defense-soldier/568dc45603b3221e292f59c3/A-B
7fbf7d714f087e88ed625bae8c60dd873acdedaf075a358acdd743738bbf902c,pc/D1-small-mirrors/4864dc01e3198cf74054b789/B-A,pc/D2-defense-soldier/568dc45603b3221e292f59c3/B-A
c7f3b7a3f8461a52d04530cf7647617919581d001c34db9bf0c76217949d1552,pc/D1-small-mirrors/b0b5634238fc8ea0773c987e/A-B,pc/D2-defense-spearman/93e2cb856c173ba644d4bd9f/A-B
a3f117923a681538b2ccb50c76cd6d45a29f1d235c6960710910686a7da69315,pc/D1-small-mirrors/b0b5634238fc8ea0773c987e/B-A,pc/D2-defense-spearman/93e2cb856c173ba644d4bd9f/B-A
85f859f840726422ec7d710e5557c9d3b6715fd7fc74bfe34607d4d92c94e777,pc/M-combat-capturePercent/0c0085870630c59e82d2d03f/A-B,pc/M-combat-equalityPolicy/0c0085870630c59e82d2d03f/A-B
03908c0fa4ced8ca60a7e0fb3a0f39260e015950626c7db85dad0402f2d3619e,pc/M-combat-capturePercent/0c0085870630c59e82d2d03f/B-A,pc/M-combat-equalityPolicy/0c0085870630c59e82d2d03f/B-A
58cd7ae8deb38800a7970576196ee8f591af45338dcec1590dcfba297fa69701,pc/M-combat-capturePercent/0fad6426e216ce1d497cd944/A-B,pc/M-combat-equalityPolicy/0fad6426e216ce1d497cd944/A-B
71c1edf0b3076609f0d5f6632549a6592128c1a272b42a58354f9fb187b4a370,pc/M-combat-capturePercent/0fad6426e216ce1d497cd944/B-A,pc/M-combat-equalityPolicy/0fad6426e216ce1d497cd944/B-A
ee9e20890d11662504f7fe1e38034c18b966e01cd6c9e5396948c62e4ef00edc,pc/M-combat-capturePercent/1216817fbd021bfb8a800544/A-B,pc/M-combat-equalityPolicy/1216817fbd021bfb8a800544/A-B
6716753b8e8b76b4a64e3b17a97ed8046605bed1f7d8159437110a4c2a02ffa9,pc/M-combat-capturePercent/1216817fbd021bfb8a800544/B-A,pc/M-combat-equalityPolicy/1216817fbd021bfb8a800544/B-A
7d7abac10e512ec2c70d5d25a59d0d144ba2b19ce4372cc4f09baf310123eafb,pc/M-combat-capturePercent/15b79b9ef5cbd9e794375476/A-B,pc/M-combat-equalityPolicy/15b79b9ef5cbd9e794375476/A-B
75facca78d59da8acebf5520dc1aec84674008dca00e85ffe5137a6371d683bd,pc/M-combat-capturePercent/15b79b9ef5cbd9e794375476/B-A,pc/M-combat-equalityPolicy/15b79b9ef5cbd9e794375476/B-A
587a0b6c8fbf92e9e393e63a374c6bdc95fc594470b7c8ee42ee3df5c4a6b8ef,pc/M-combat-capturePercent/1a50bd67feb4ca4f159a4cfe/A-B,pc/M-combat-equalityPolicy/1a50bd67feb4ca4f159a4cfe/A-B
cab79020193af6f55744135f0197a1630e3c2215411e9bdd269a836e052ec646,pc/M-combat-capturePercent/1a50bd67feb4ca4f159a4cfe/B-A,pc/M-combat-equalityPolicy/1a50bd67feb4ca4f159a4cfe/B-A
ac0328d7e848fe34c754caa6b9c4b0ed2030d2e4d6fcccd1ed330988caf253df,pc/M-combat-capturePercent/2497be6bce26a22f97e6e95e/A-B,pc/M-combat-equalityPolicy/2497be6bce26a22f97e6e95e/A-B
cdf02ca8a3da35cbdb52ea241c610d7fdc069d44ffd601725625d6de3e1c67e1,pc/M-combat-capturePercent/2497be6bce26a22f97e6e95e/B-A,pc/M-combat-equalityPolicy/2497be6bce26a22f97e6e95e/B-A
87844e416d861f5c9ead6ab9b78dcfb00006427ddc351bd0388c1eabd412ea8d,pc/M-combat-capturePercent/2d6350473497c883675afa80/A-B,pc/M-combat-equalityPolicy/2d6350473497c883675afa80/A-B
e137c8706ef5acd42c2d3113acb60f6a980b709cb9423e1758161e5fa6ce3ea3,pc/M-combat-capturePercent/2d6350473497c883675afa80/B-A,pc/M-combat-equalityPolicy/2d6350473497c883675afa80/B-A
9858c7ffa1a6a847079e50482789f9a042cfeb281ada503d2c73d74b65c9d985,pc/M-combat-capturePercent/2eb2746a70cb35fe1ce25f98/A-B,pc/M-combat-equalityPolicy/2eb2746a70cb35fe1ce25f98/A-B
151989b8d1b1c0ca759fab7eaf3b152abc03724944a1ef9ad70118e7a90322e4,pc/M-combat-capturePercent/2eb2746a70cb35fe1ce25f98/B-A,pc/M-combat-equalityPolicy/2eb2746a70cb35fe1ce25f98/B-A
9ca322cb96477f8f2d6b2e7673307285a8c1ac1a2124cfb6ddfbf09efb0d4075,pc/M-combat-capturePercent/48d3967fcd05b8de1e34c2d4/A-B,pc/M-combat-equalityPolicy/48d3967fcd05b8de1e34c2d4/A-B
0ef488184d72f1f098ab6566fb80c72140d7078400dd1a9587141fe8b34a13ec,pc/M-combat-capturePercent/48d3967fcd05b8de1e34c2d4/B-A,pc/M-combat-equalityPolicy/48d3967fcd05b8de1e34c2d4/B-A
00f252d5722657943a4cb0718ce0da7e8a4611896fa35ea5621c1322e14ef866,pc/M-combat-capturePercent/54e1d4f2a6e7f51febebdd8e/A-B,pc/M-combat-equalityPolicy/54e1d4f2a6e7f51febebdd8e/A-B
9000dde07f557a8d66b3ea4000e55211bbd45f04e3469db5cbc747249d14ba6c,pc/M-combat-capturePercent/54e1d4f2a6e7f51febebdd8e/B-A,pc/M-combat-equalityPolicy/54e1d4f2a6e7f51febebdd8e/B-A
4597ad24b5a2e47b6a7dce9496a9b6f4b1f246dce33a40845b0982a200fb8806,pc/M-combat-capturePercent/5be07c6fc69f472eef0ee17f/A-B,pc/M-combat-equalityPolicy/5be07c6fc69f472eef0ee17f/A-B
7c1e87a0769464bd834f5d84f3fd33eaf9071aabdb90673a4cec8f5b7383d2cf,pc/M-combat-capturePercent/5be07c6fc69f472eef0ee17f/B-A,pc/M-combat-equalityPolicy/5be07c6fc69f472eef0ee17f/B-A
4970d1f6b5265fad201517f3825ff40d79aa8b20306bc545f88c8e11a313708e,pc/M-combat-capturePercent/6aee5ba4cebd035270c43536/A-B,pc/M-combat-equalityPolicy/6aee5ba4cebd035270c43536/A-B
0243eeadabcc14bc5e95fa1b391f9a0fbfc6c55db116c0e75d961227e7785c42,pc/M-combat-capturePercent/6aee5ba4cebd035270c43536/B-A,pc/M-combat-equalityPolicy/6aee5ba4cebd035270c43536/B-A
35be79c5c128b6e4343bfeefa1db2f2aeb0a0150c17aa99303e7622a603c351b,pc/M-combat-capturePercent/7498c9f948922906239ad8d6/A-B,pc/M-combat-equalityPolicy/7498c9f948922906239ad8d6/A-B
49d4b23c42e173b1bcdc7cd48f22932e3a82504dd30129431f21b83876d94cb2,pc/M-combat-capturePercent/7498c9f948922906239ad8d6/B-A,pc/M-combat-equalityPolicy/7498c9f948922906239ad8d6/B-A
d008a6c4cea3edb58d3e49bd4fe6a9dc06177f8442e6495e138e98d884af187e,pc/M-combat-capturePercent/7701dd750551af246ed1b8c5/A-B,pc/M-combat-equalityPolicy/7701dd750551af246ed1b8c5/A-B
bcbc877f0cf8b1db3ca6328cc8d75854e56dc0b5735561ddaff5ce14c2a229f6,pc/M-combat-capturePercent/7701dd750551af246ed1b8c5/B-A,pc/M-combat-equalityPolicy/7701dd750551af246ed1b8c5/B-A
f5eaa97da71df5298d7c5b30554bec43da7311247b6bf61d3299b38dd99ce886,pc/M-combat-capturePercent/80ebf93b386771704cc70bab/A-B,pc/M-combat-equalityPolicy/80ebf93b386771704cc70bab/A-B
6a49a491a5ff72a4b8db0cc1fcd37742813f1f1a76d4b11bb02af21e20d1e1ce,pc/M-combat-capturePercent/80ebf93b386771704cc70bab/B-A,pc/M-combat-equalityPolicy/80ebf93b386771704cc70bab/B-A
647ab88a83aa6f834990989ca24911ddf969595c4a5f5d85e2c151fdaebac92b,pc/M-combat-capturePercent/93f29e181d26c9d16b60ee8b/A-B,pc/M-combat-equalityPolicy/93f29e181d26c9d16b60ee8b/A-B
cb5849664fb65ac00466aa61563a1f9baace77ad985b9c02a92e371cf45b1603,pc/M-combat-capturePercent/93f29e181d26c9d16b60ee8b/B-A,pc/M-combat-equalityPolicy/93f29e181d26c9d16b60ee8b/B-A
2a1d1503a117713d05836a468b6a0d0d39d7d08702d9ca68ffe56c89d6f08704,pc/M-combat-capturePercent/98043342a0f7383cbda2c59d/A-B,pc/M-combat-equalityPolicy/98043342a0f7383cbda2c59d/A-B
cdd056f355bfd3009ca6798847f425d092b2fa95fee94cbb9f1b9d30918fd936,pc/M-combat-capturePercent/98043342a0f7383cbda2c59d/B-A,pc/M-combat-equalityPolicy/98043342a0f7383cbda2c59d/B-A
3d79ed5983c89d0022c51a128734a7b36a8941c07b48f432dd6f260a0059cec7,pc/M-combat-capturePercent/9a1ddda43134d9061057be59/A-B,pc/M-combat-equalityPolicy/9a1ddda43134d9061057be59/A-B
b539cabaf72f26f266d867628052db7ffc7cfa333da902e943ce8bd34a752c17,pc/M-combat-capturePercent/9a1ddda43134d9061057be59/B-A,pc/M-combat-equalityPolicy/9a1ddda43134d9061057be59/B-A
1178f1206facb99d474deb6896610eb381b51065a110d670b64abf6c01184760,pc/M-combat-capturePercent/9ea4f603e73d531fd3c8df44/A-B,pc/M-combat-equalityPolicy/9ea4f603e73d531fd3c8df44/A-B
db8d3921ad4c7ffbcfdfcbf53d72da2e8c438f83b03f5de5e5b8aab344978ab5,pc/M-combat-capturePercent/9ea4f603e73d531fd3c8df44/B-A,pc/M-combat-equalityPolicy/9ea4f603e73d531fd3c8df44/B-A
2bc6219638d312265f5c45e3ff80bf6b75c9c3992211780b96db52997872da32,pc/M-combat-capturePercent/9ee1c7b7c3d22f186dea063d/A-B,pc/M-combat-equalityPolicy/9ee1c7b7c3d22f186dea063d/A-B
120c55e4f29e4d0105d6cc15c34f2d0b90e315f38cd4336b4554e662eda73d66,pc/M-combat-capturePercent/9ee1c7b7c3d22f186dea063d/B-A,pc/M-combat-equalityPolicy/9ee1c7b7c3d22f186dea063d/B-A
b965633c898c10ac48cc0b945d886ca291a7c3df9f2bc8fbbd6924891bba8756,pc/M-combat-capturePercent/a477667580eb4a6cca4bfd35/A-B,pc/M-combat-equalityPolicy/a477667580eb4a6cca4bfd35/A-B
04d26513bee41f8de98ab49cd97c992b3a0017b0ad91dc428f6066f007ce270c,pc/M-combat-capturePercent/a477667580eb4a6cca4bfd35/B-A,pc/M-combat-equalityPolicy/a477667580eb4a6cca4bfd35/B-A
a5bb96235bf6f9a76b769ff737d8e922df94b0a52f749525853085cd022bf3ef,pc/M-combat-capturePercent/a74b3b7b747bae166c9bbd4d/A-B,pc/M-combat-equalityPolicy/a74b3b7b747bae166c9bbd4d/A-B
8a5fbdbf1b558dc200eab97d67343355792afdf24d5bbb0e91f754b86f3a02ef,pc/M-combat-capturePercent/a74b3b7b747bae166c9bbd4d/B-A,pc/M-combat-equalityPolicy/a74b3b7b747bae166c9bbd4d/B-A
a5cef95da0740171d974b1b8238a058e26fade3fe8a8f09d6de3182d2fb25476,pc/M-combat-capturePercent/ac748b9a7bbadd1b4ccb3da4/A-B,pc/M-combat-equalityPolicy/ac748b9a7bbadd1b4ccb3da4/A-B
22588da900fbea8c00b87d769132d035359f1c3deae9b763847a866d744b79ff,pc/M-combat-capturePercent/ac748b9a7bbadd1b4ccb3da4/B-A,pc/M-combat-equalityPolicy/ac748b9a7bbadd1b4ccb3da4/B-A
7021d39476c082c69391aa7d9d107c8598ae66c5b1828c73e129c275542d42fb,pc/M-combat-capturePercent/adf2a33f332db08d4d373bba/A-B,pc/M-combat-equalityPolicy/adf2a33f332db08d4d373bba/A-B
0a6998a19d108d4ea47989fe9c9346eb6b099ed85b399e3702e1d1add2785d07,pc/M-combat-capturePercent/adf2a33f332db08d4d373bba/B-A,pc/M-combat-equalityPolicy/adf2a33f332db08d4d373bba/B-A
4227f054b87e527b1d1b0274ed1998e330c5df10704580221a9b575b4a8798c6,pc/M-combat-capturePercent/b4b94da886e061c92142841a/A-B,pc/M-combat-equalityPolicy/b4b94da886e061c92142841a/A-B
ed29d7971438fc1a049999694ca61a2424e52dc6124815c6cadb6b6c1daaffd8,pc/M-combat-capturePercent/b4b94da886e061c92142841a/B-A,pc/M-combat-equalityPolicy/b4b94da886e061c92142841a/B-A
e1e29aab7102365136b614a54a8aeb0bee449145f3bc465a205963f9f554f006,pc/M-combat-capturePercent/bf898c747897728e9c646b00/A-B,pc/M-combat-equalityPolicy/bf898c747897728e9c646b00/A-B
0c2b4bb54f68750a49827995ac5ca7c41b885ac68f663af9b71cf4658f802372,pc/M-combat-capturePercent/bf898c747897728e9c646b00/B-A,pc/M-combat-equalityPolicy/bf898c747897728e9c646b00/B-A
6b4a529fbc125b23882833e0aed634bec1b5f0b2174c3e7ece269e3168b0f82f,pc/M-combat-capturePercent/c88b855645bc720b498875d2/A-B,pc/M-combat-equalityPolicy/c88b855645bc720b498875d2/A-B
7e4672019367fb02f1f4413e94829b3f5c23d2fa9d1ba5802105a04a62fdf6a1,pc/M-combat-capturePercent/c88b855645bc720b498875d2/B-A,pc/M-combat-equalityPolicy/c88b855645bc720b498875d2/B-A
54b8eb5652e7a14e2d23dbf5a122ee8f8758e3e126c18b1c2077bfe200269275,pc/M-combat-capturePercent/e03c8d62aa94aae4fc0f13f1/A-B,pc/M-combat-equalityPolicy/e03c8d62aa94aae4fc0f13f1/A-B
078641e562821c4012d1a24d08878af3f97f45aea622350727a2eb5edcbd524c,pc/M-combat-capturePercent/e03c8d62aa94aae4fc0f13f1/B-A,pc/M-combat-equalityPolicy/e03c8d62aa94aae4fc0f13f1/B-A
6d407622c60b016795f97c89a6a5574696df9124c61c66dd231ce4e7c7aa2393,pc/M-combat-capturePercent/ec03e2f3b6e41ea5555df14c/A-B,pc/M-combat-equalityPolicy/ec03e2f3b6e41ea5555df14c/A-B
5b40b5d08240a3cb41ac0662b746bf7848264fd5d59a18b9cccd174e1c8a970f,pc/M-combat-capturePercent/ec03e2f3b6e41ea5555df14c/B-A,pc/M-combat-equalityPolicy/ec03e2f3b6e41ea5555df14c/B-A
092ff6440ba52367b900849f38396771039917fdafcad50e5a9b3669a0a1a448,pc/M-combat-capturePercent/f78c1d62cca9f23dba9520f5/A-B,pc/M-combat-equalityPolicy/f78c1d62cca9f23dba9520f5/A-B
40e5890746cdbe0ba659fc1854a9e8c3218947407cf39f571ec0b4f63dfcca5c,pc/M-combat-capturePercent/f78c1d62cca9f23dba9520f5/B-A,pc/M-combat-equalityPolicy/f78c1d62cca9f23dba9520f5/B-A
85f859f840726422ec7d710e5557c9d3b6715fd7fc74bfe34607d4d92c94e777,pc/M-combat-capturePercent/0c0085870630c59e82d2d03f/A-B,pc/M-combat-tieBreakCriterion/0c0085870630c59e82d2d03f/A-B
03908c0fa4ced8ca60a7e0fb3a0f39260e015950626c7db85dad0402f2d3619e,pc/M-combat-capturePercent/0c0085870630c59e82d2d03f/B-A,pc/M-combat-tieBreakCriterion/0c0085870630c59e82d2d03f/B-A
58cd7ae8deb38800a7970576196ee8f591af45338dcec1590dcfba297fa69701,pc/M-combat-capturePercent/0fad6426e216ce1d497cd944/A-B,pc/M-combat-tieBreakCriterion/0fad6426e216ce1d497cd944/A-B
71c1edf0b3076609f0d5f6632549a6592128c1a272b42a58354f9fb187b4a370,pc/M-combat-capturePercent/0fad6426e216ce1d497cd944/B-A,pc/M-combat-tieBreakCriterion/0fad6426e216ce1d497cd944/B-A
ee9e20890d11662504f7fe1e38034c18b966e01cd6c9e5396948c62e4ef00edc,pc/M-combat-capturePercent/1216817fbd021bfb8a800544/A-B,pc/M-combat-tieBreakCriterion/1216817fbd021bfb8a800544/A-B
6716753b8e8b76b4a64e3b17a97ed8046605bed1f7d8159437110a4c2a02ffa9,pc/M-combat-capturePercent/1216817fbd021bfb8a800544/B-A,pc/M-combat-tieBreakCriterion/1216817fbd021bfb8a800544/B-A
7d7abac10e512ec2c70d5d25a59d0d144ba2b19ce4372cc4f09baf310123eafb,pc/M-combat-capturePercent/15b79b9ef5cbd9e794375476/A-B,pc/M-combat-tieBreakCriterion/15b79b9ef5cbd9e794375476/A-B
75facca78d59da8acebf5520dc1aec84674008dca00e85ffe5137a6371d683bd,pc/M-combat-capturePercent/15b79b9ef5cbd9e794375476/B-A,pc/M-combat-tieBreakCriterion/15b79b9ef5cbd9e794375476/B-A
587a0b6c8fbf92e9e393e63a374c6bdc95fc594470b7c8ee42ee3df5c4a6b8ef,pc/M-combat-capturePercent/1a50bd67feb4ca4f159a4cfe/A-B,pc/M-combat-tieBreakCriterion/1a50bd67feb4ca4f159a4cfe/A-B
cab79020193af6f55744135f0197a1630e3c2215411e9bdd269a836e052ec646,pc/M-combat-capturePercent/1a50bd67feb4ca4f159a4cfe/B-A,pc/M-combat-tieBreakCriterion/1a50bd67feb4ca4f159a4cfe/B-A
ac0328d7e848fe34c754caa6b9c4b0ed2030d2e4d6fcccd1ed330988caf253df,pc/M-combat-capturePercent/2497be6bce26a22f97e6e95e/A-B,pc/M-combat-tieBreakCriterion/2497be6bce26a22f97e6e95e/A-B
cdf02ca8a3da35cbdb52ea241c610d7fdc069d44ffd601725625d6de3e1c67e1,pc/M-combat-capturePercent/2497be6bce26a22f97e6e95e/B-A,pc/M-combat-tieBreakCriterion/2497be6bce26a22f97e6e95e/B-A
87844e416d861f5c9ead6ab9b78dcfb00006427ddc351bd0388c1eabd412ea8d,pc/M-combat-capturePercent/2d6350473497c883675afa80/A-B,pc/M-combat-tieBreakCriterion/2d6350473497c883675afa80/A-B
e137c8706ef5acd42c2d3113acb60f6a980b709cb9423e1758161e5fa6ce3ea3,pc/M-combat-capturePercent/2d6350473497c883675afa80/B-A,pc/M-combat-tieBreakCriterion/2d6350473497c883675afa80/B-A
9858c7ffa1a6a847079e50482789f9a042cfeb281ada503d2c73d74b65c9d985,pc/M-combat-capturePercent/2eb2746a70cb35fe1ce25f98/A-B,pc/M-combat-tieBreakCriterion/2eb2746a70cb35fe1ce25f98/A-B
151989b8d1b1c0ca759fab7eaf3b152abc03724944a1ef9ad70118e7a90322e4,pc/M-combat-capturePercent/2eb2746a70cb35fe1ce25f98/B-A,pc/M-combat-tieBreakCriterion/2eb2746a70cb35fe1ce25f98/B-A
9ca322cb96477f8f2d6b2e7673307285a8c1ac1a2124cfb6ddfbf09efb0d4075,pc/M-combat-capturePercent/48d3967fcd05b8de1e34c2d4/A-B,pc/M-combat-tieBreakCriterion/48d3967fcd05b8de1e34c2d4/A-B
0ef488184d72f1f098ab6566fb80c72140d7078400dd1a9587141fe8b34a13ec,pc/M-combat-capturePercent/48d3967fcd05b8de1e34c2d4/B-A,pc/M-combat-tieBreakCriterion/48d3967fcd05b8de1e34c2d4/B-A
00f252d5722657943a4cb0718ce0da7e8a4611896fa35ea5621c1322e14ef866,pc/M-combat-capturePercent/54e1d4f2a6e7f51febebdd8e/A-B,pc/M-combat-tieBreakCriterion/54e1d4f2a6e7f51febebdd8e/A-B
9000dde07f557a8d66b3ea4000e55211bbd45f04e3469db5cbc747249d14ba6c,pc/M-combat-capturePercent/54e1d4f2a6e7f51febebdd8e/B-A,pc/M-combat-tieBreakCriterion/54e1d4f2a6e7f51febebdd8e/B-A
4597ad24b5a2e47b6a7dce9496a9b6f4b1f246dce33a40845b0982a200fb8806,pc/M-combat-capturePercent/5be07c6fc69f472eef0ee17f/A-B,pc/M-combat-tieBreakCriterion/5be07c6fc69f472eef0ee17f/A-B
7c1e87a0769464bd834f5d84f3fd33eaf9071aabdb90673a4cec8f5b7383d2cf,pc/M-combat-capturePercent/5be07c6fc69f472eef0ee17f/B-A,pc/M-combat-tieBreakCriterion/5be07c6fc69f472eef0ee17f/B-A
4970d1f6b5265fad201517f3825ff40d79aa8b20306bc545f88c8e11a313708e,pc/M-combat-capturePercent/6aee5ba4cebd035270c43536/A-B,pc/M-combat-tieBreakCriterion/6aee5ba4cebd035270c43536/A-B
0243eeadabcc14bc5e95fa1b391f9a0fbfc6c55db116c0e75d961227e7785c42,pc/M-combat-capturePercent/6aee5ba4cebd035270c43536/B-A,pc/M-combat-tieBreakCriterion/6aee5ba4cebd035270c43536/B-A
35be79c5c128b6e4343bfeefa1db2f2aeb0a0150c17aa99303e7622a603c351b,pc/M-combat-capturePercent/7498c9f948922906239ad8d6/A-B,pc/M-combat-tieBreakCriterion/7498c9f948922906239ad8d6/A-B
49d4b23c42e173b1bcdc7cd48f22932e3a82504dd30129431f21b83876d94cb2,pc/M-combat-capturePercent/7498c9f948922906239ad8d6/B-A,pc/M-combat-tieBreakCriterion/7498c9f948922906239ad8d6/B-A
d008a6c4cea3edb58d3e49bd4fe6a9dc06177f8442e6495e138e98d884af187e,pc/M-combat-capturePercent/7701dd750551af246ed1b8c5/A-B,pc/M-combat-tieBreakCriterion/7701dd750551af246ed1b8c5/A-B
bcbc877f0cf8b1db3ca6328cc8d75854e56dc0b5735561ddaff5ce14c2a229f6,pc/M-combat-capturePercent/7701dd750551af246ed1b8c5/B-A,pc/M-combat-tieBreakCriterion/7701dd750551af246ed1b8c5/B-A
f5eaa97da71df5298d7c5b30554bec43da7311247b6bf61d3299b38dd99ce886,pc/M-combat-capturePercent/80ebf93b386771704cc70bab/A-B,pc/M-combat-tieBreakCriterion/80ebf93b386771704cc70bab/A-B
6a49a491a5ff72a4b8db0cc1fcd37742813f1f1a76d4b11bb02af21e20d1e1ce,pc/M-combat-capturePercent/80ebf93b386771704cc70bab/B-A,pc/M-combat-tieBreakCriterion/80ebf93b386771704cc70bab/B-A
647ab88a83aa6f834990989ca24911ddf969595c4a5f5d85e2c151fdaebac92b,pc/M-combat-capturePercent/93f29e181d26c9d16b60ee8b/A-B,pc/M-combat-tieBreakCriterion/93f29e181d26c9d16b60ee8b/A-B
cb5849664fb65ac00466aa61563a1f9baace77ad985b9c02a92e371cf45b1603,pc/M-combat-capturePercent/93f29e181d26c9d16b60ee8b/B-A,pc/M-combat-tieBreakCriterion/93f29e181d26c9d16b60ee8b/B-A
2a1d1503a117713d05836a468b6a0d0d39d7d08702d9ca68ffe56c89d6f08704,pc/M-combat-capturePercent/98043342a0f7383cbda2c59d/A-B,pc/M-combat-tieBreakCriterion/98043342a0f7383cbda2c59d/A-B
cdd056f355bfd3009ca6798847f425d092b2fa95fee94cbb9f1b9d30918fd936,pc/M-combat-capturePercent/98043342a0f7383cbda2c59d/B-A,pc/M-combat-tieBreakCriterion/98043342a0f7383cbda2c59d/B-A
3d79ed5983c89d0022c51a128734a7b36a8941c07b48f432dd6f260a0059cec7,pc/M-combat-capturePercent/9a1ddda43134d9061057be59/A-B,pc/M-combat-tieBreakCriterion/9a1ddda43134d9061057be59/A-B
b539cabaf72f26f266d867628052db7ffc7cfa333da902e943ce8bd34a752c17,pc/M-combat-capturePercent/9a1ddda43134d9061057be59/B-A,pc/M-combat-tieBreakCriterion/9a1ddda43134d9061057be59/B-A
1178f1206facb99d474deb6896610eb381b51065a110d670b64abf6c01184760,pc/M-combat-capturePercent/9ea4f603e73d531fd3c8df44/A-B,pc/M-combat-tieBreakCriterion/9ea4f603e73d531fd3c8df44/A-B
db8d3921ad4c7ffbcfdfcbf53d72da2e8c438f83b03f5de5e5b8aab344978ab5,pc/M-combat-capturePercent/9ea4f603e73d531fd3c8df44/B-A,pc/M-combat-tieBreakCriterion/9ea4f603e73d531fd3c8df44/B-A
2bc6219638d312265f5c45e3ff80bf6b75c9c3992211780b96db52997872da32,pc/M-combat-capturePercent/9ee1c7b7c3d22f186dea063d/A-B,pc/M-combat-tieBreakCriterion/9ee1c7b7c3d22f186dea063d/A-B
120c55e4f29e4d0105d6cc15c34f2d0b90e315f38cd4336b4554e662eda73d66,pc/M-combat-capturePercent/9ee1c7b7c3d22f186dea063d/B-A,pc/M-combat-tieBreakCriterion/9ee1c7b7c3d22f186dea063d/B-A
b965633c898c10ac48cc0b945d886ca291a7c3df9f2bc8fbbd6924891bba8756,pc/M-combat-capturePercent/a477667580eb4a6cca4bfd35/A-B,pc/M-combat-tieBreakCriterion/a477667580eb4a6cca4bfd35/A-B
04d26513bee41f8de98ab49cd97c992b3a0017b0ad91dc428f6066f007ce270c,pc/M-combat-capturePercent/a477667580eb4a6cca4bfd35/B-A,pc/M-combat-tieBreakCriterion/a477667580eb4a6cca4bfd35/B-A
a5bb96235bf6f9a76b769ff737d8e922df94b0a52f749525853085cd022bf3ef,pc/M-combat-capturePercent/a74b3b7b747bae166c9bbd4d/A-B,pc/M-combat-tieBreakCriterion/a74b3b7b747bae166c9bbd4d/A-B
8a5fbdbf1b558dc200eab97d67343355792afdf24d5bbb0e91f754b86f3a02ef,pc/M-combat-capturePercent/a74b3b7b747bae166c9bbd4d/B-A,pc/M-combat-tieBreakCriterion/a74b3b7b747bae166c9bbd4d/B-A
a5cef95da0740171d974b1b8238a058e26fade3fe8a8f09d6de3182d2fb25476,pc/M-combat-capturePercent/ac748b9a7bbadd1b4ccb3da4/A-B,pc/M-combat-tieBreakCriterion/ac748b9a7bbadd1b4ccb3da4/A-B
22588da900fbea8c00b87d769132d035359f1c3deae9b763847a866d744b79ff,pc/M-combat-capturePercent/ac748b9a7bbadd1b4ccb3da4/B-A,pc/M-combat-tieBreakCriterion/ac748b9a7bbadd1b4ccb3da4/B-A
7021d39476c082c69391aa7d9d107c8598ae66c5b1828c73e129c275542d42fb,pc/M-combat-capturePercent/adf2a33f332db08d4d373bba/A-B,pc/M-combat-tieBreakCriterion/adf2a33f332db08d4d373bba/A-B
0a6998a19d108d4ea47989fe9c9346eb6b099ed85b399e3702e1d1add2785d07,pc/M-combat-capturePercent/adf2a33f332db08d4d373bba/B-A,pc/M-combat-tieBreakCriterion/adf2a33f332db08d4d373bba/B-A
4227f054b87e527b1d1b0274ed1998e330c5df10704580221a9b575b4a8798c6,pc/M-combat-capturePercent/b4b94da886e061c92142841a/A-B,pc/M-combat-tieBreakCriterion/b4b94da886e061c92142841a/A-B
ed29d7971438fc1a049999694ca61a2424e52dc6124815c6cadb6b6c1daaffd8,pc/M-combat-capturePercent/b4b94da886e061c92142841a/B-A,pc/M-combat-tieBreakCriterion/b4b94da886e061c92142841a/B-A
e1e29aab7102365136b614a54a8aeb0bee449145f3bc465a205963f9f554f006,pc/M-combat-capturePercent/bf898c747897728e9c646b00/A-B,pc/M-combat-tieBreakCriterion/bf898c747897728e9c646b00/A-B
0c2b4bb54f68750a49827995ac5ca7c41b885ac68f663af9b71cf4658f802372,pc/M-combat-capturePercent/bf898c747897728e9c646b00/B-A,pc/M-combat-tieBreakCriterion/bf898c747897728e9c646b00/B-A
6b4a529fbc125b23882833e0aed634bec1b5f0b2174c3e7ece269e3168b0f82f,pc/M-combat-capturePercent/c88b855645bc720b498875d2/A-B,pc/M-combat-tieBreakCriterion/c88b855645bc720b498875d2/A-B
7e4672019367fb02f1f4413e94829b3f5c23d2fa9d1ba5802105a04a62fdf6a1,pc/M-combat-capturePercent/c88b855645bc720b498875d2/B-A,pc/M-combat-tieBreakCriterion/c88b855645bc720b498875d2/B-A
54b8eb5652e7a14e2d23dbf5a122ee8f8758e3e126c18b1c2077bfe200269275,pc/M-combat-capturePercent/e03c8d62aa94aae4fc0f13f1/A-B,pc/M-combat-tieBreakCriterion/e03c8d62aa94aae4fc0f13f1/A-B
078641e562821c4012d1a24d08878af3f97f45aea622350727a2eb5edcbd524c,pc/M-combat-capturePercent/e03c8d62aa94aae4fc0f13f1/B-A,pc/M-combat-tieBreakCriterion/e03c8d62aa94aae4fc0f13f1/B-A
6d407622c60b016795f97c89a6a5574696df9124c61c66dd231ce4e7c7aa2393,pc/M-combat-capturePercent/ec03e2f3b6e41ea5555df14c/A-B,pc/M-combat-tieBreakCriterion/ec03e2f3b6e41ea5555df14c/A-B
5b40b5d08240a3cb41ac0662b746bf7848264fd5d59a18b9cccd174e1c8a970f,pc/M-combat-capturePercent/ec03e2f3b6e41ea5555df14c/B-A,pc/M-combat-tieBreakCriterion/ec03e2f3b6e41ea5555df14c/B-A
092ff6440ba52367b900849f38396771039917fdafcad50e5a9b3669a0a1a448,pc/M-combat-capturePercent/f78c1d62cca9f23dba9520f5/A-B,pc/M-combat-tieBreakCriterion/f78c1d62cca9f23dba9520f5/A-B
40e5890746cdbe0ba659fc1854a9e8c3218947407cf39f571ec0b4f63dfcca5c,pc/M-combat-capturePercent/f78c1d62cca9f23dba9520f5/B-A,pc/M-combat-tieBreakCriterion/f78c1d62cca9f23dba9520f5/B-A
092ff6440ba52367b900849f38396771039917fdafcad50e5a9b3669a0a1a448,pc/M-combat-capturePercent/f78c1d62cca9f23dba9520f5/A-B,pc/M-counter-archer-knight/5c1f576245e93368fc9467c6/A-B
40e5890746cdbe0ba659fc1854a9e8c3218947407cf39f571ec0b4f63dfcca5c,pc/M-combat-capturePercent/f78c1d62cca9f23dba9520f5/B-A,pc/M-counter-archer-knight/5c1f576245e93368fc9467c6/B-A
4597ad24b5a2e47b6a7dce9496a9b6f4b1f246dce33a40845b0982a200fb8806,pc/M-combat-capturePercent/5be07c6fc69f472eef0ee17f/A-B,pc/M-counter-archer-knight/acdefd93b2649b6c67cb433a/A-B
7c1e87a0769464bd834f5d84f3fd33eaf9071aabdb90673a4cec8f5b7383d2cf,pc/M-combat-capturePercent/5be07c6fc69f472eef0ee17f/B-A,pc/M-counter-archer-knight/acdefd93b2649b6c67cb433a/B-A
35be79c5c128b6e4343bfeefa1db2f2aeb0a0150c17aa99303e7622a603c351b,pc/M-combat-capturePercent/7498c9f948922906239ad8d6/A-B,pc/M-counter-archer-knight/ce5600533f7caf198c19d62a/A-B
49d4b23c42e173b1bcdc7cd48f22932e3a82504dd30129431f21b83876d94cb2,pc/M-combat-capturePercent/7498c9f948922906239ad8d6/B-A,pc/M-counter-archer-knight/ce5600533f7caf198c19d62a/B-A
3d79ed5983c89d0022c51a128734a7b36a8941c07b48f432dd6f260a0059cec7,pc/M-combat-capturePercent/9a1ddda43134d9061057be59/A-B,pc/M-counter-soldier-archer/26b76cb3e4f6fe7b5eb500b9/A-B
b539cabaf72f26f266d867628052db7ffc7cfa333da902e943ce8bd34a752c17,pc/M-combat-capturePercent/9a1ddda43134d9061057be59/B-A,pc/M-counter-soldier-archer/26b76cb3e4f6fe7b5eb500b9/B-A
00f252d5722657943a4cb0718ce0da7e8a4611896fa35ea5621c1322e14ef866,pc/M-combat-capturePercent/54e1d4f2a6e7f51febebdd8e/A-B,pc/M-counter-soldier-archer/9c2c55840b87fd2b0c1e6760/A-B
9000dde07f557a8d66b3ea4000e55211bbd45f04e3469db5cbc747249d14ba6c,pc/M-combat-capturePercent/54e1d4f2a6e7f51febebdd8e/B-A,pc/M-counter-soldier-archer/9c2c55840b87fd2b0c1e6760/B-A
a5bb96235bf6f9a76b769ff737d8e922df94b0a52f749525853085cd022bf3ef,pc/M-combat-capturePercent/a74b3b7b747bae166c9bbd4d/A-B,pc/M-counter-soldier-archer/d6683e4bfa10e07d72ca4804/A-B
8a5fbdbf1b558dc200eab97d67343355792afdf24d5bbb0e91f754b86f3a02ef,pc/M-combat-capturePercent/a74b3b7b747bae166c9bbd4d/B-A,pc/M-counter-soldier-archer/d6683e4bfa10e07d72ca4804/B-A
4970d1f6b5265fad201517f3825ff40d79aa8b20306bc545f88c8e11a313708e,pc/M-combat-capturePercent/6aee5ba4cebd035270c43536/A-B,pc/M-counter-soldier-knight/3c05ea7f7754953a408c5531/A-B
0243eeadabcc14bc5e95fa1b391f9a0fbfc6c55db116c0e75d961227e7785c42,pc/M-combat-capturePercent/6aee5ba4cebd035270c43536/B-A,pc/M-counter-soldier-knight/3c05ea7f7754953a408c5531/B-A
f5eaa97da71df5298d7c5b30554bec43da7311247b6bf61d3299b38dd99ce886,pc/M-combat-capturePercent/80ebf93b386771704cc70bab/A-B,pc/M-counter-soldier-knight/628047ea7f3873efa01d5784/A-B
6a49a491a5ff72a4b8db0cc1fcd37742813f1f1a76d4b11bb02af21e20d1e1ce,pc/M-combat-capturePercent/80ebf93b386771704cc70bab/B-A,pc/M-counter-soldier-knight/628047ea7f3873efa01d5784/B-A
9ca322cb96477f8f2d6b2e7673307285a8c1ac1a2124cfb6ddfbf09efb0d4075,pc/M-combat-capturePercent/48d3967fcd05b8de1e34c2d4/A-B,pc/M-counter-soldier-knight/f035959f4cd7e9f50143263b/A-B
0ef488184d72f1f098ab6566fb80c72140d7078400dd1a9587141fe8b34a13ec,pc/M-combat-capturePercent/48d3967fcd05b8de1e34c2d4/B-A,pc/M-counter-soldier-knight/f035959f4cd7e9f50143263b/B-A
e1e29aab7102365136b614a54a8aeb0bee449145f3bc465a205963f9f554f006,pc/M-combat-capturePercent/bf898c747897728e9c646b00/A-B,pc/M-counter-soldier-spearman/06be7e5e6e71908f394f2589/A-B
0c2b4bb54f68750a49827995ac5ca7c41b885ac68f663af9b71cf4658f802372,pc/M-combat-capturePercent/bf898c747897728e9c646b00/B-A,pc/M-counter-soldier-spearman/06be7e5e6e71908f394f2589/B-A
7021d39476c082c69391aa7d9d107c8598ae66c5b1828c73e129c275542d42fb,pc/M-combat-capturePercent/adf2a33f332db08d4d373bba/A-B,pc/M-counter-soldier-spearman/9580d9569a852c7dad51a0cb/A-B
0a6998a19d108d4ea47989fe9c9346eb6b099ed85b399e3702e1d1add2785d07,pc/M-combat-capturePercent/adf2a33f332db08d4d373bba/B-A,pc/M-counter-soldier-spearman/9580d9569a852c7dad51a0cb/B-A
2a1d1503a117713d05836a468b6a0d0d39d7d08702d9ca68ffe56c89d6f08704,pc/M-combat-capturePercent/98043342a0f7383cbda2c59d/A-B,pc/M-counter-soldier-spearman/d37eb8da88ea86d2599bf425/A-B
cdd056f355bfd3009ca6798847f425d092b2fa95fee94cbb9f1b9d30918fd936,pc/M-combat-capturePercent/98043342a0f7383cbda2c59d/B-A,pc/M-counter-soldier-spearman/d37eb8da88ea86d2599bf425/B-A
4227f054b87e527b1d1b0274ed1998e330c5df10704580221a9b575b4a8798c6,pc/M-combat-capturePercent/b4b94da886e061c92142841a/A-B,pc/M-counter-spearman-archer/1a5d0a3eaa9606245e46e7f7/A-B
ed29d7971438fc1a049999694ca61a2424e52dc6124815c6cadb6b6c1daaffd8,pc/M-combat-capturePercent/b4b94da886e061c92142841a/B-A,pc/M-counter-spearman-archer/1a5d0a3eaa9606245e46e7f7/B-A
54b8eb5652e7a14e2d23dbf5a122ee8f8758e3e126c18b1c2077bfe200269275,pc/M-combat-capturePercent/e03c8d62aa94aae4fc0f13f1/A-B,pc/M-counter-spearman-archer/80faa2cd3fead81e48c79660/A-B
078641e562821c4012d1a24d08878af3f97f45aea622350727a2eb5edcbd524c,pc/M-combat-capturePercent/e03c8d62aa94aae4fc0f13f1/B-A,pc/M-counter-spearman-archer/80faa2cd3fead81e48c79660/B-A
d008a6c4cea3edb58d3e49bd4fe6a9dc06177f8442e6495e138e98d884af187e,pc/M-combat-capturePercent/7701dd750551af246ed1b8c5/A-B,pc/M-counter-spearman-archer/d5fe29efd6e2e3c948104e86/A-B
bcbc877f0cf8b1db3ca6328cc8d75854e56dc0b5735561ddaff5ce14c2a229f6,pc/M-combat-capturePercent/7701dd750551af246ed1b8c5/B-A,pc/M-counter-spearman-archer/d5fe29efd6e2e3c948104e86/B-A
b965633c898c10ac48cc0b945d886ca291a7c3df9f2bc8fbbd6924891bba8756,pc/M-combat-capturePercent/a477667580eb4a6cca4bfd35/A-B,pc/M-counter-spearman-knight/27f758cd74a23db51e37d338/A-B
04d26513bee41f8de98ab49cd97c992b3a0017b0ad91dc428f6066f007ce270c,pc/M-combat-capturePercent/a477667580eb4a6cca4bfd35/B-A,pc/M-counter-spearman-knight/27f758cd74a23db51e37d338/B-A
7d7abac10e512ec2c70d5d25a59d0d144ba2b19ce4372cc4f09baf310123eafb,pc/M-combat-capturePercent/15b79b9ef5cbd9e794375476/A-B,pc/M-counter-spearman-knight/67e8f4a197f8cde663bd32fa/A-B
75facca78d59da8acebf5520dc1aec84674008dca00e85ffe5137a6371d683bd,pc/M-combat-capturePercent/15b79b9ef5cbd9e794375476/B-A,pc/M-counter-spearman-knight/67e8f4a197f8cde663bd32fa/B-A
ac0328d7e848fe34c754caa6b9c4b0ed2030d2e4d6fcccd1ed330988caf253df,pc/M-combat-capturePercent/2497be6bce26a22f97e6e95e/A-B,pc/M-counter-spearman-knight/83d9b39f73395ed2e41dc126/A-B
cdf02ca8a3da35cbdb52ea241c610d7fdc069d44ffd601725625d6de3e1c67e1,pc/M-combat-capturePercent/2497be6bce26a22f97e6e95e/B-A,pc/M-counter-spearman-knight/83d9b39f73395ed2e41dc126/B-A
ee9e20890d11662504f7fe1e38034c18b966e01cd6c9e5396948c62e4ef00edc,pc/M-combat-capturePercent/1216817fbd021bfb8a800544/A-B,pc/M-unit-archer-accuracySpread-fixed-counts/1216817fbd021bfb8a800544/A-B
6716753b8e8b76b4a64e3b17a97ed8046605bed1f7d8159437110a4c2a02ffa9,pc/M-combat-capturePercent/1216817fbd021bfb8a800544/B-A,pc/M-unit-archer-accuracySpread-fixed-counts/1216817fbd021bfb8a800544/B-A
00f252d5722657943a4cb0718ce0da7e8a4611896fa35ea5621c1322e14ef866,pc/M-combat-capturePercent/54e1d4f2a6e7f51febebdd8e/A-B,pc/M-unit-archer-accuracySpread-fixed-counts/54e1d4f2a6e7f51febebdd8e/A-B
9000dde07f557a8d66b3ea4000e55211bbd45f04e3469db5cbc747249d14ba6c,pc/M-combat-capturePercent/54e1d4f2a6e7f51febebdd8e/B-A,pc/M-unit-archer-accuracySpread-fixed-counts/54e1d4f2a6e7f51febebdd8e/B-A
4597ad24b5a2e47b6a7dce9496a9b6f4b1f246dce33a40845b0982a200fb8806,pc/M-combat-capturePercent/5be07c6fc69f472eef0ee17f/A-B,pc/M-unit-archer-accuracySpread-fixed-counts/5be07c6fc69f472eef0ee17f/A-B
7c1e87a0769464bd834f5d84f3fd33eaf9071aabdb90673a4cec8f5b7383d2cf,pc/M-combat-capturePercent/5be07c6fc69f472eef0ee17f/B-A,pc/M-unit-archer-accuracySpread-fixed-counts/5be07c6fc69f472eef0ee17f/B-A
35be79c5c128b6e4343bfeefa1db2f2aeb0a0150c17aa99303e7622a603c351b,pc/M-combat-capturePercent/7498c9f948922906239ad8d6/A-B,pc/M-unit-archer-accuracySpread-fixed-counts/7498c9f948922906239ad8d6/A-B
49d4b23c42e173b1bcdc7cd48f22932e3a82504dd30129431f21b83876d94cb2,pc/M-combat-capturePercent/7498c9f948922906239ad8d6/B-A,pc/M-unit-archer-accuracySpread-fixed-counts/7498c9f948922906239ad8d6/B-A
d008a6c4cea3edb58d3e49bd4fe6a9dc06177f8442e6495e138e98d884af187e,pc/M-combat-capturePercent/7701dd750551af246ed1b8c5/A-B,pc/M-unit-archer-accuracySpread-fixed-counts/7701dd750551af246ed1b8c5/A-B
bcbc877f0cf8b1db3ca6328cc8d75854e56dc0b5735561ddaff5ce14c2a229f6,pc/M-combat-capturePercent/7701dd750551af246ed1b8c5/B-A,pc/M-unit-archer-accuracySpread-fixed-counts/7701dd750551af246ed1b8c5/B-A
3d79ed5983c89d0022c51a128734a7b36a8941c07b48f432dd6f260a0059cec7,pc/M-combat-capturePercent/9a1ddda43134d9061057be59/A-B,pc/M-unit-archer-accuracySpread-fixed-counts/9a1ddda43134d9061057be59/A-B
b539cabaf72f26f266d867628052db7ffc7cfa333da902e943ce8bd34a752c17,pc/M-combat-capturePercent/9a1ddda43134d9061057be59/B-A,pc/M-unit-archer-accuracySpread-fixed-counts/9a1ddda43134d9061057be59/B-A
a5bb96235bf6f9a76b769ff737d8e922df94b0a52f749525853085cd022bf3ef,pc/M-combat-capturePercent/a74b3b7b747bae166c9bbd4d/A-B,pc/M-unit-archer-accuracySpread-fixed-counts/a74b3b7b747bae166c9bbd4d/A-B
8a5fbdbf1b558dc200eab97d67343355792afdf24d5bbb0e91f754b86f3a02ef,pc/M-combat-capturePercent/a74b3b7b747bae166c9bbd4d/B-A,pc/M-unit-archer-accuracySpread-fixed-counts/a74b3b7b747bae166c9bbd4d/B-A
a5cef95da0740171d974b1b8238a058e26fade3fe8a8f09d6de3182d2fb25476,pc/M-combat-capturePercent/ac748b9a7bbadd1b4ccb3da4/A-B,pc/M-unit-archer-accuracySpread-fixed-counts/ac748b9a7bbadd1b4ccb3da4/A-B
22588da900fbea8c00b87d769132d035359f1c3deae9b763847a866d744b79ff,pc/M-combat-capturePercent/ac748b9a7bbadd1b4ccb3da4/B-A,pc/M-unit-archer-accuracySpread-fixed-counts/ac748b9a7bbadd1b4ccb3da4/B-A
4227f054b87e527b1d1b0274ed1998e330c5df10704580221a9b575b4a8798c6,pc/M-combat-capturePercent/b4b94da886e061c92142841a/A-B,pc/M-unit-archer-accuracySpread-fixed-counts/b4b94da886e061c92142841a/A-B
ed29d7971438fc1a049999694ca61a2424e52dc6124815c6cadb6b6c1daaffd8,pc/M-combat-capturePercent/b4b94da886e061c92142841a/B-A,pc/M-unit-archer-accuracySpread-fixed-counts/b4b94da886e061c92142841a/B-A
6b4a529fbc125b23882833e0aed634bec1b5f0b2174c3e7ece269e3168b0f82f,pc/M-combat-capturePercent/c88b855645bc720b498875d2/A-B,pc/M-unit-archer-accuracySpread-fixed-counts/c88b855645bc720b498875d2/A-B
7e4672019367fb02f1f4413e94829b3f5c23d2fa9d1ba5802105a04a62fdf6a1,pc/M-combat-capturePercent/c88b855645bc720b498875d2/B-A,pc/M-unit-archer-accuracySpread-fixed-counts/c88b855645bc720b498875d2/B-A
54b8eb5652e7a14e2d23dbf5a122ee8f8758e3e126c18b1c2077bfe200269275,pc/M-combat-capturePercent/e03c8d62aa94aae4fc0f13f1/A-B,pc/M-unit-archer-accuracySpread-fixed-counts/e03c8d62aa94aae4fc0f13f1/A-B
078641e562821c4012d1a24d08878af3f97f45aea622350727a2eb5edcbd524c,pc/M-combat-capturePercent/e03c8d62aa94aae4fc0f13f1/B-A,pc/M-unit-archer-accuracySpread-fixed-counts/e03c8d62aa94aae4fc0f13f1/B-A
092ff6440ba52367b900849f38396771039917fdafcad50e5a9b3669a0a1a448,pc/M-combat-capturePercent/f78c1d62cca9f23dba9520f5/A-B,pc/M-unit-archer-accuracySpread-fixed-counts/f78c1d62cca9f23dba9520f5/A-B
40e5890746cdbe0ba659fc1854a9e8c3218947407cf39f571ec0b4f63dfcca5c,pc/M-combat-capturePercent/f78c1d62cca9f23dba9520f5/B-A,pc/M-unit-archer-accuracySpread-fixed-counts/f78c1d62cca9f23dba9520f5/B-A
ee9e20890d11662504f7fe1e38034c18b966e01cd6c9e5396948c62e4ef00edc,pc/M-combat-capturePercent/1216817fbd021bfb8a800544/A-B,pc/M-unit-archer-attack-fixed-counts/1216817fbd021bfb8a800544/A-B
6716753b8e8b76b4a64e3b17a97ed8046605bed1f7d8159437110a4c2a02ffa9,pc/M-combat-capturePercent/1216817fbd021bfb8a800544/B-A,pc/M-unit-archer-attack-fixed-counts/1216817fbd021bfb8a800544/B-A
00f252d5722657943a4cb0718ce0da7e8a4611896fa35ea5621c1322e14ef866,pc/M-combat-capturePercent/54e1d4f2a6e7f51febebdd8e/A-B,pc/M-unit-archer-attack-fixed-counts/54e1d4f2a6e7f51febebdd8e/A-B
9000dde07f557a8d66b3ea4000e55211bbd45f04e3469db5cbc747249d14ba6c,pc/M-combat-capturePercent/54e1d4f2a6e7f51febebdd8e/B-A,pc/M-unit-archer-attack-fixed-counts/54e1d4f2a6e7f51febebdd8e/B-A
4597ad24b5a2e47b6a7dce9496a9b6f4b1f246dce33a40845b0982a200fb8806,pc/M-combat-capturePercent/5be07c6fc69f472eef0ee17f/A-B,pc/M-unit-archer-attack-fixed-counts/5be07c6fc69f472eef0ee17f/A-B
7c1e87a0769464bd834f5d84f3fd33eaf9071aabdb90673a4cec8f5b7383d2cf,pc/M-combat-capturePercent/5be07c6fc69f472eef0ee17f/B-A,pc/M-unit-archer-attack-fixed-counts/5be07c6fc69f472eef0ee17f/B-A
35be79c5c128b6e4343bfeefa1db2f2aeb0a0150c17aa99303e7622a603c351b,pc/M-combat-capturePercent/7498c9f948922906239ad8d6/A-B,pc/M-unit-archer-attack-fixed-counts/7498c9f948922906239ad8d6/A-B
49d4b23c42e173b1bcdc7cd48f22932e3a82504dd30129431f21b83876d94cb2,pc/M-combat-capturePercent/7498c9f948922906239ad8d6/B-A,pc/M-unit-archer-attack-fixed-counts/7498c9f948922906239ad8d6/B-A
d008a6c4cea3edb58d3e49bd4fe6a9dc06177f8442e6495e138e98d884af187e,pc/M-combat-capturePercent/7701dd750551af246ed1b8c5/A-B,pc/M-unit-archer-attack-fixed-counts/7701dd750551af246ed1b8c5/A-B
bcbc877f0cf8b1db3ca6328cc8d75854e56dc0b5735561ddaff5ce14c2a229f6,pc/M-combat-capturePercent/7701dd750551af246ed1b8c5/B-A,pc/M-unit-archer-attack-fixed-counts/7701dd750551af246ed1b8c5/B-A
3d79ed5983c89d0022c51a128734a7b36a8941c07b48f432dd6f260a0059cec7,pc/M-combat-capturePercent/9a1ddda43134d9061057be59/A-B,pc/M-unit-archer-attack-fixed-counts/9a1ddda43134d9061057be59/A-B
b539cabaf72f26f266d867628052db7ffc7cfa333da902e943ce8bd34a752c17,pc/M-combat-capturePercent/9a1ddda43134d9061057be59/B-A,pc/M-unit-archer-attack-fixed-counts/9a1ddda43134d9061057be59/B-A
a5bb96235bf6f9a76b769ff737d8e922df94b0a52f749525853085cd022bf3ef,pc/M-combat-capturePercent/a74b3b7b747bae166c9bbd4d/A-B,pc/M-unit-archer-attack-fixed-counts/a74b3b7b747bae166c9bbd4d/A-B
8a5fbdbf1b558dc200eab97d67343355792afdf24d5bbb0e91f754b86f3a02ef,pc/M-combat-capturePercent/a74b3b7b747bae166c9bbd4d/B-A,pc/M-unit-archer-attack-fixed-counts/a74b3b7b747bae166c9bbd4d/B-A
a5cef95da0740171d974b1b8238a058e26fade3fe8a8f09d6de3182d2fb25476,pc/M-combat-capturePercent/ac748b9a7bbadd1b4ccb3da4/A-B,pc/M-unit-archer-attack-fixed-counts/ac748b9a7bbadd1b4ccb3da4/A-B
22588da900fbea8c00b87d769132d035359f1c3deae9b763847a866d744b79ff,pc/M-combat-capturePercent/ac748b9a7bbadd1b4ccb3da4/B-A,pc/M-unit-archer-attack-fixed-counts/ac748b9a7bbadd1b4ccb3da4/B-A
4227f054b87e527b1d1b0274ed1998e330c5df10704580221a9b575b4a8798c6,pc/M-combat-capturePercent/b4b94da886e061c92142841a/A-B,pc/M-unit-archer-attack-fixed-counts/b4b94da886e061c92142841a/A-B
ed29d7971438fc1a049999694ca61a2424e52dc6124815c6cadb6b6c1daaffd8,pc/M-combat-capturePercent/b4b94da886e061c92142841a/B-A,pc/M-unit-archer-attack-fixed-counts/b4b94da886e061c92142841a/B-A
6b4a529fbc125b23882833e0aed634bec1b5f0b2174c3e7ece269e3168b0f82f,pc/M-combat-capturePercent/c88b855645bc720b498875d2/A-B,pc/M-unit-archer-attack-fixed-counts/c88b855645bc720b498875d2/A-B
7e4672019367fb02f1f4413e94829b3f5c23d2fa9d1ba5802105a04a62fdf6a1,pc/M-combat-capturePercent/c88b855645bc720b498875d2/B-A,pc/M-unit-archer-attack-fixed-counts/c88b855645bc720b498875d2/B-A
54b8eb5652e7a14e2d23dbf5a122ee8f8758e3e126c18b1c2077bfe200269275,pc/M-combat-capturePercent/e03c8d62aa94aae4fc0f13f1/A-B,pc/M-unit-archer-attack-fixed-counts/e03c8d62aa94aae4fc0f13f1/A-B
078641e562821c4012d1a24d08878af3f97f45aea622350727a2eb5edcbd524c,pc/M-combat-capturePercent/e03c8d62aa94aae4fc0f13f1/B-A,pc/M-unit-archer-attack-fixed-counts/e03c8d62aa94aae4fc0f13f1/B-A
092ff6440ba52367b900849f38396771039917fdafcad50e5a9b3669a0a1a448,pc/M-combat-capturePercent/f78c1d62cca9f23dba9520f5/A-B,pc/M-unit-archer-attack-fixed-counts/f78c1d62cca9f23dba9520f5/A-B
40e5890746cdbe0ba659fc1854a9e8c3218947407cf39f571ec0b4f63dfcca5c,pc/M-combat-capturePercent/f78c1d62cca9f23dba9520f5/B-A,pc/M-unit-archer-attack-fixed-counts/f78c1d62cca9f23dba9520f5/B-A
ee9e20890d11662504f7fe1e38034c18b966e01cd6c9e5396948c62e4ef00edc,pc/M-combat-capturePercent/1216817fbd021bfb8a800544/A-B,pc/M-unit-archer-baseAccuracy-fixed-counts/1216817fbd021bfb8a800544/A-B
6716753b8e8b76b4a64e3b17a97ed8046605bed1f7d8159437110a4c2a02ffa9,pc/M-combat-capturePercent/1216817fbd021bfb8a800544/B-A,pc/M-unit-archer-baseAccuracy-fixed-counts/1216817fbd021bfb8a800544/B-A
00f252d5722657943a4cb0718ce0da7e8a4611896fa35ea5621c1322e14ef866,pc/M-combat-capturePercent/54e1d4f2a6e7f51febebdd8e/A-B,pc/M-unit-archer-baseAccuracy-fixed-counts/54e1d4f2a6e7f51febebdd8e/A-B
9000dde07f557a8d66b3ea4000e55211bbd45f04e3469db5cbc747249d14ba6c,pc/M-combat-capturePercent/54e1d4f2a6e7f51febebdd8e/B-A,pc/M-unit-archer-baseAccuracy-fixed-counts/54e1d4f2a6e7f51febebdd8e/B-A
4597ad24b5a2e47b6a7dce9496a9b6f4b1f246dce33a40845b0982a200fb8806,pc/M-combat-capturePercent/5be07c6fc69f472eef0ee17f/A-B,pc/M-unit-archer-baseAccuracy-fixed-counts/5be07c6fc69f472eef0ee17f/A-B
7c1e87a0769464bd834f5d84f3fd33eaf9071aabdb90673a4cec8f5b7383d2cf,pc/M-combat-capturePercent/5be07c6fc69f472eef0ee17f/B-A,pc/M-unit-archer-baseAccuracy-fixed-counts/5be07c6fc69f472eef0ee17f/B-A
35be79c5c128b6e4343bfeefa1db2f2aeb0a0150c17aa99303e7622a603c351b,pc/M-combat-capturePercent/7498c9f948922906239ad8d6/A-B,pc/M-unit-archer-baseAccuracy-fixed-counts/7498c9f948922906239ad8d6/A-B
49d4b23c42e173b1bcdc7cd48f22932e3a82504dd30129431f21b83876d94cb2,pc/M-combat-capturePercent/7498c9f948922906239ad8d6/B-A,pc/M-unit-archer-baseAccuracy-fixed-counts/7498c9f948922906239ad8d6/B-A
d008a6c4cea3edb58d3e49bd4fe6a9dc06177f8442e6495e138e98d884af187e,pc/M-combat-capturePercent/7701dd750551af246ed1b8c5/A-B,pc/M-unit-archer-baseAccuracy-fixed-counts/7701dd750551af246ed1b8c5/A-B
bcbc877f0cf8b1db3ca6328cc8d75854e56dc0b5735561ddaff5ce14c2a229f6,pc/M-combat-capturePercent/7701dd750551af246ed1b8c5/B-A,pc/M-unit-archer-baseAccuracy-fixed-counts/7701dd750551af246ed1b8c5/B-A
3d79ed5983c89d0022c51a128734a7b36a8941c07b48f432dd6f260a0059cec7,pc/M-combat-capturePercent/9a1ddda43134d9061057be59/A-B,pc/M-unit-archer-baseAccuracy-fixed-counts/9a1ddda43134d9061057be59/A-B
b539cabaf72f26f266d867628052db7ffc7cfa333da902e943ce8bd34a752c17,pc/M-combat-capturePercent/9a1ddda43134d9061057be59/B-A,pc/M-unit-archer-baseAccuracy-fixed-counts/9a1ddda43134d9061057be59/B-A
a5bb96235bf6f9a76b769ff737d8e922df94b0a52f749525853085cd022bf3ef,pc/M-combat-capturePercent/a74b3b7b747bae166c9bbd4d/A-B,pc/M-unit-archer-baseAccuracy-fixed-counts/a74b3b7b747bae166c9bbd4d/A-B
8a5fbdbf1b558dc200eab97d67343355792afdf24d5bbb0e91f754b86f3a02ef,pc/M-combat-capturePercent/a74b3b7b747bae166c9bbd4d/B-A,pc/M-unit-archer-baseAccuracy-fixed-counts/a74b3b7b747bae166c9bbd4d/B-A
a5cef95da0740171d974b1b8238a058e26fade3fe8a8f09d6de3182d2fb25476,pc/M-combat-capturePercent/ac748b9a7bbadd1b4ccb3da4/A-B,pc/M-unit-archer-baseAccuracy-fixed-counts/ac748b9a7bbadd1b4ccb3da4/A-B
22588da900fbea8c00b87d769132d035359f1c3deae9b763847a866d744b79ff,pc/M-combat-capturePercent/ac748b9a7bbadd1b4ccb3da4/B-A,pc/M-unit-archer-baseAccuracy-fixed-counts/ac748b9a7bbadd1b4ccb3da4/B-A
4227f054b87e527b1d1b0274ed1998e330c5df10704580221a9b575b4a8798c6,pc/M-combat-capturePercent/b4b94da886e061c92142841a/A-B,pc/M-unit-archer-baseAccuracy-fixed-counts/b4b94da886e061c92142841a/A-B
ed29d7971438fc1a049999694ca61a2424e52dc6124815c6cadb6b6c1daaffd8,pc/M-combat-capturePercent/b4b94da886e061c92142841a/B-A,pc/M-unit-archer-baseAccuracy-fixed-counts/b4b94da886e061c92142841a/B-A
6b4a529fbc125b23882833e0aed634bec1b5f0b2174c3e7ece269e3168b0f82f,pc/M-combat-capturePercent/c88b855645bc720b498875d2/A-B,pc/M-unit-archer-baseAccuracy-fixed-counts/c88b855645bc720b498875d2/A-B
7e4672019367fb02f1f4413e94829b3f5c23d2fa9d1ba5802105a04a62fdf6a1,pc/M-combat-capturePercent/c88b855645bc720b498875d2/B-A,pc/M-unit-archer-baseAccuracy-fixed-counts/c88b855645bc720b498875d2/B-A
54b8eb5652e7a14e2d23dbf5a122ee8f8758e3e126c18b1c2077bfe200269275,pc/M-combat-capturePercent/e03c8d62aa94aae4fc0f13f1/A-B,pc/M-unit-archer-baseAccuracy-fixed-counts/e03c8d62aa94aae4fc0f13f1/A-B
078641e562821c4012d1a24d08878af3f97f45aea622350727a2eb5edcbd524c,pc/M-combat-capturePercent/e03c8d62aa94aae4fc0f13f1/B-A,pc/M-unit-archer-baseAccuracy-fixed-counts/e03c8d62aa94aae4fc0f13f1/B-A
092ff6440ba52367b900849f38396771039917fdafcad50e5a9b3669a0a1a448,pc/M-combat-capturePercent/f78c1d62cca9f23dba9520f5/A-B,pc/M-unit-archer-baseAccuracy-fixed-counts/f78c1d62cca9f23dba9520f5/A-B
40e5890746cdbe0ba659fc1854a9e8c3218947407cf39f571ec0b4f63dfcca5c,pc/M-combat-capturePercent/f78c1d62cca9f23dba9520f5/B-A,pc/M-unit-archer-baseAccuracy-fixed-counts/f78c1d62cca9f23dba9520f5/B-A
4597ad24b5a2e47b6a7dce9496a9b6f4b1f246dce33a40845b0982a200fb8806,pc/M-combat-capturePercent/5be07c6fc69f472eef0ee17f/A-B,pc/plan-reference/02f93e06b10bf00d02ab7c6d/A-B
7c1e87a0769464bd834f5d84f3fd33eaf9071aabdb90673a4cec8f5b7383d2cf,pc/M-combat-capturePercent/5be07c6fc69f472eef0ee17f/B-A,pc/plan-reference/02f93e06b10bf00d02ab7c6d/B-A
7021d39476c082c69391aa7d9d107c8598ae66c5b1828c73e129c275542d42fb,pc/M-combat-capturePercent/adf2a33f332db08d4d373bba/A-B,pc/plan-reference/059b1347100abac5c37de1bb/A-B
0a6998a19d108d4ea47989fe9c9346eb6b099ed85b399e3702e1d1add2785d07,pc/M-combat-capturePercent/adf2a33f332db08d4d373bba/B-A,pc/plan-reference/059b1347100abac5c37de1bb/B-A
58cd7ae8deb38800a7970576196ee8f591af45338dcec1590dcfba297fa69701,pc/M-combat-capturePercent/0fad6426e216ce1d497cd944/A-B,pc/plan-reference/17300a5a5a0409d88da33cf4/A-B
71c1edf0b3076609f0d5f6632549a6592128c1a272b42a58354f9fb187b4a370,pc/M-combat-capturePercent/0fad6426e216ce1d497cd944/B-A,pc/plan-reference/17300a5a5a0409d88da33cf4/B-A
ac0328d7e848fe34c754caa6b9c4b0ed2030d2e4d6fcccd1ed330988caf253df,pc/M-combat-capturePercent/2497be6bce26a22f97e6e95e/A-B,pc/plan-reference/224b20ea31b5c7e87ec2b1bd/A-B
cdf02ca8a3da35cbdb52ea241c610d7fdc069d44ffd601725625d6de3e1c67e1,pc/M-combat-capturePercent/2497be6bce26a22f97e6e95e/B-A,pc/plan-reference/224b20ea31b5c7e87ec2b1bd/B-A
2bc6219638d312265f5c45e3ff80bf6b75c9c3992211780b96db52997872da32,pc/M-combat-capturePercent/9ee1c7b7c3d22f186dea063d/A-B,pc/plan-reference/2c8b151195c65eef7b411a0c/A-B
120c55e4f29e4d0105d6cc15c34f2d0b90e315f38cd4336b4554e662eda73d66,pc/M-combat-capturePercent/9ee1c7b7c3d22f186dea063d/B-A,pc/plan-reference/2c8b151195c65eef7b411a0c/B-A
00f252d5722657943a4cb0718ce0da7e8a4611896fa35ea5621c1322e14ef866,pc/M-combat-capturePercent/54e1d4f2a6e7f51febebdd8e/A-B,pc/plan-reference/2d6a059e6e3e5d4e1938facc/A-B
9000dde07f557a8d66b3ea4000e55211bbd45f04e3469db5cbc747249d14ba6c,pc/M-combat-capturePercent/54e1d4f2a6e7f51febebdd8e/B-A,pc/plan-reference/2d6a059e6e3e5d4e1938facc/B-A
6d407622c60b016795f97c89a6a5574696df9124c61c66dd231ce4e7c7aa2393,pc/M-combat-capturePercent/ec03e2f3b6e41ea5555df14c/A-B,pc/plan-reference/326802c0d4a0c5449e108a18/A-B
5b40b5d08240a3cb41ac0662b746bf7848264fd5d59a18b9cccd174e1c8a970f,pc/M-combat-capturePercent/ec03e2f3b6e41ea5555df14c/B-A,pc/plan-reference/326802c0d4a0c5449e108a18/B-A
2a1d1503a117713d05836a468b6a0d0d39d7d08702d9ca68ffe56c89d6f08704,pc/M-combat-capturePercent/98043342a0f7383cbda2c59d/A-B,pc/plan-reference/3dc82c9e088b4b89a31040ae/A-B
cdd056f355bfd3009ca6798847f425d092b2fa95fee94cbb9f1b9d30918fd936,pc/M-combat-capturePercent/98043342a0f7383cbda2c59d/B-A,pc/plan-reference/3dc82c9e088b4b89a31040ae/B-A
7d7abac10e512ec2c70d5d25a59d0d144ba2b19ce4372cc4f09baf310123eafb,pc/M-combat-capturePercent/15b79b9ef5cbd9e794375476/A-B,pc/plan-reference/3fef9f920ae2398062a939e2/A-B
75facca78d59da8acebf5520dc1aec84674008dca00e85ffe5137a6371d683bd,pc/M-combat-capturePercent/15b79b9ef5cbd9e794375476/B-A,pc/plan-reference/3fef9f920ae2398062a939e2/B-A
a5cef95da0740171d974b1b8238a058e26fade3fe8a8f09d6de3182d2fb25476,pc/M-combat-capturePercent/ac748b9a7bbadd1b4ccb3da4/A-B,pc/plan-reference/44e54e00710166b92be8c8d8/A-B
22588da900fbea8c00b87d769132d035359f1c3deae9b763847a866d744b79ff,pc/M-combat-capturePercent/ac748b9a7bbadd1b4ccb3da4/B-A,pc/plan-reference/44e54e00710166b92be8c8d8/B-A
87844e416d861f5c9ead6ab9b78dcfb00006427ddc351bd0388c1eabd412ea8d,pc/M-combat-capturePercent/2d6350473497c883675afa80/A-B,pc/plan-reference/45e17c2efbb5d4d72b53f072/A-B
e137c8706ef5acd42c2d3113acb60f6a980b709cb9423e1758161e5fa6ce3ea3,pc/M-combat-capturePercent/2d6350473497c883675afa80/B-A,pc/plan-reference/45e17c2efbb5d4d72b53f072/B-A
9ca322cb96477f8f2d6b2e7673307285a8c1ac1a2124cfb6ddfbf09efb0d4075,pc/M-combat-capturePercent/48d3967fcd05b8de1e34c2d4/A-B,pc/plan-reference/4d96e79b6015fadb93ed8b75/A-B
0ef488184d72f1f098ab6566fb80c72140d7078400dd1a9587141fe8b34a13ec,pc/M-combat-capturePercent/48d3967fcd05b8de1e34c2d4/B-A,pc/plan-reference/4d96e79b6015fadb93ed8b75/B-A
6b4a529fbc125b23882833e0aed634bec1b5f0b2174c3e7ece269e3168b0f82f,pc/M-combat-capturePercent/c88b855645bc720b498875d2/A-B,pc/plan-reference/4fbb82be45aefc382acbeaef/A-B
7e4672019367fb02f1f4413e94829b3f5c23d2fa9d1ba5802105a04a62fdf6a1,pc/M-combat-capturePercent/c88b855645bc720b498875d2/B-A,pc/plan-reference/4fbb82be45aefc382acbeaef/B-A
ee9e20890d11662504f7fe1e38034c18b966e01cd6c9e5396948c62e4ef00edc,pc/M-combat-capturePercent/1216817fbd021bfb8a800544/A-B,pc/plan-reference/5681db895ba554c984b505f5/A-B
6716753b8e8b76b4a64e3b17a97ed8046605bed1f7d8159437110a4c2a02ffa9,pc/M-combat-capturePercent/1216817fbd021bfb8a800544/B-A,pc/plan-reference/5681db895ba554c984b505f5/B-A
e1e29aab7102365136b614a54a8aeb0bee449145f3bc465a205963f9f554f006,pc/M-combat-capturePercent/bf898c747897728e9c646b00/A-B,pc/plan-reference/585114497546f8f2d6c48cb7/A-B
0c2b4bb54f68750a49827995ac5ca7c41b885ac68f663af9b71cf4658f802372,pc/M-combat-capturePercent/bf898c747897728e9c646b00/B-A,pc/plan-reference/585114497546f8f2d6c48cb7/B-A
f5eaa97da71df5298d7c5b30554bec43da7311247b6bf61d3299b38dd99ce886,pc/M-combat-capturePercent/80ebf93b386771704cc70bab/A-B,pc/plan-reference/6866debf34828ca289995be9/A-B
6a49a491a5ff72a4b8db0cc1fcd37742813f1f1a76d4b11bb02af21e20d1e1ce,pc/M-combat-capturePercent/80ebf93b386771704cc70bab/B-A,pc/plan-reference/6866debf34828ca289995be9/B-A
3d79ed5983c89d0022c51a128734a7b36a8941c07b48f432dd6f260a0059cec7,pc/M-combat-capturePercent/9a1ddda43134d9061057be59/A-B,pc/plan-reference/6ee739e25200820057718a19/A-B
b539cabaf72f26f266d867628052db7ffc7cfa333da902e943ce8bd34a752c17,pc/M-combat-capturePercent/9a1ddda43134d9061057be59/B-A,pc/plan-reference/6ee739e25200820057718a19/B-A
a5bb96235bf6f9a76b769ff737d8e922df94b0a52f749525853085cd022bf3ef,pc/M-combat-capturePercent/a74b3b7b747bae166c9bbd4d/A-B,pc/plan-reference/7381858932d41d6ad10468d9/A-B
8a5fbdbf1b558dc200eab97d67343355792afdf24d5bbb0e91f754b86f3a02ef,pc/M-combat-capturePercent/a74b3b7b747bae166c9bbd4d/B-A,pc/plan-reference/7381858932d41d6ad10468d9/B-A
4970d1f6b5265fad201517f3825ff40d79aa8b20306bc545f88c8e11a313708e,pc/M-combat-capturePercent/6aee5ba4cebd035270c43536/A-B,pc/plan-reference/773ed616788ab2958d80f9ac/A-B
0243eeadabcc14bc5e95fa1b391f9a0fbfc6c55db116c0e75d961227e7785c42,pc/M-combat-capturePercent/6aee5ba4cebd035270c43536/B-A,pc/plan-reference/773ed616788ab2958d80f9ac/B-A
54b8eb5652e7a14e2d23dbf5a122ee8f8758e3e126c18b1c2077bfe200269275,pc/M-combat-capturePercent/e03c8d62aa94aae4fc0f13f1/A-B,pc/plan-reference/784540a28b255b12e68fd3da/A-B
078641e562821c4012d1a24d08878af3f97f45aea622350727a2eb5edcbd524c,pc/M-combat-capturePercent/e03c8d62aa94aae4fc0f13f1/B-A,pc/plan-reference/784540a28b255b12e68fd3da/B-A
b965633c898c10ac48cc0b945d886ca291a7c3df9f2bc8fbbd6924891bba8756,pc/M-combat-capturePercent/a477667580eb4a6cca4bfd35/A-B,pc/plan-reference/a3c6e1120b9aa3d31249b356/A-B
04d26513bee41f8de98ab49cd97c992b3a0017b0ad91dc428f6066f007ce270c,pc/M-combat-capturePercent/a477667580eb4a6cca4bfd35/B-A,pc/plan-reference/a3c6e1120b9aa3d31249b356/B-A
9858c7ffa1a6a847079e50482789f9a042cfeb281ada503d2c73d74b65c9d985,pc/M-combat-capturePercent/2eb2746a70cb35fe1ce25f98/A-B,pc/plan-reference/a8b2d7f16b5bff75567a8ac1/A-B
151989b8d1b1c0ca759fab7eaf3b152abc03724944a1ef9ad70118e7a90322e4,pc/M-combat-capturePercent/2eb2746a70cb35fe1ce25f98/B-A,pc/plan-reference/a8b2d7f16b5bff75567a8ac1/B-A
85f859f840726422ec7d710e5557c9d3b6715fd7fc74bfe34607d4d92c94e777,pc/M-combat-capturePercent/0c0085870630c59e82d2d03f/A-B,pc/plan-reference/afdd06b49732ec7312e6087b/A-B
03908c0fa4ced8ca60a7e0fb3a0f39260e015950626c7db85dad0402f2d3619e,pc/M-combat-capturePercent/0c0085870630c59e82d2d03f/B-A,pc/plan-reference/afdd06b49732ec7312e6087b/B-A
092ff6440ba52367b900849f38396771039917fdafcad50e5a9b3669a0a1a448,pc/M-combat-capturePercent/f78c1d62cca9f23dba9520f5/A-B,pc/plan-reference/b205550bebd3060b76db9ddc/A-B
40e5890746cdbe0ba659fc1854a9e8c3218947407cf39f571ec0b4f63dfcca5c,pc/M-combat-capturePercent/f78c1d62cca9f23dba9520f5/B-A,pc/plan-reference/b205550bebd3060b76db9ddc/B-A
4227f054b87e527b1d1b0274ed1998e330c5df10704580221a9b575b4a8798c6,pc/M-combat-capturePercent/b4b94da886e061c92142841a/A-B,pc/plan-reference/b696437061ac9d351ce6a092/A-B
ed29d7971438fc1a049999694ca61a2424e52dc6124815c6cadb6b6c1daaffd8,pc/M-combat-capturePercent/b4b94da886e061c92142841a/B-A,pc/plan-reference/b696437061ac9d351ce6a092/B-A
d008a6c4cea3edb58d3e49bd4fe6a9dc06177f8442e6495e138e98d884af187e,pc/M-combat-capturePercent/7701dd750551af246ed1b8c5/A-B,pc/plan-reference/be0b1f0c489b1f1f5d896a79/A-B
bcbc877f0cf8b1db3ca6328cc8d75854e56dc0b5735561ddaff5ce14c2a229f6,pc/M-combat-capturePercent/7701dd750551af246ed1b8c5/B-A,pc/plan-reference/be0b1f0c489b1f1f5d896a79/B-A
1178f1206facb99d474deb6896610eb381b51065a110d670b64abf6c01184760,pc/M-combat-capturePercent/9ea4f603e73d531fd3c8df44/A-B,pc/plan-reference/dd327f794dcfd6e25a33d78e/A-B
db8d3921ad4c7ffbcfdfcbf53d72da2e8c438f83b03f5de5e5b8aab344978ab5,pc/M-combat-capturePercent/9ea4f603e73d531fd3c8df44/B-A,pc/plan-reference/dd327f794dcfd6e25a33d78e/B-A
647ab88a83aa6f834990989ca24911ddf969595c4a5f5d85e2c151fdaebac92b,pc/M-combat-capturePercent/93f29e181d26c9d16b60ee8b/A-B,pc/plan-reference/e3f3719bf357423bbb918a6d/A-B
cb5849664fb65ac00466aa61563a1f9baace77ad985b9c02a92e371cf45b1603,pc/M-combat-capturePercent/93f29e181d26c9d16b60ee8b/B-A,pc/plan-reference/e3f3719bf357423bbb918a6d/B-A
35be79c5c128b6e4343bfeefa1db2f2aeb0a0150c17aa99303e7622a603c351b,pc/M-combat-capturePercent/7498c9f948922906239ad8d6/A-B,pc/plan-reference/ea2c2059350c5f9ea9b696ab/A-B
49d4b23c42e173b1bcdc7cd48f22932e3a82504dd30129431f21b83876d94cb2,pc/M-combat-capturePercent/7498c9f948922906239ad8d6/B-A,pc/plan-reference/ea2c2059350c5f9ea9b696ab/B-A
587a0b6c8fbf92e9e393e63a374c6bdc95fc594470b7c8ee42ee3df5c4a6b8ef,pc/M-combat-capturePercent/1a50bd67feb4ca4f159a4cfe/A-B,pc/plan-reference/f4b7768c23347a952616d588/A-B
cab79020193af6f55744135f0197a1630e3c2215411e9bdd269a836e052ec646,pc/M-combat-capturePercent/1a50bd67feb4ca4f159a4cfe/B-A,pc/plan-reference/f4b7768c23347a952616d588/B-A
6b4a529fbc125b23882833e0aed634bec1b5f0b2174c3e7ece269e3168b0f82f,pc/M-combat-capturePercent/c88b855645bc720b498875d2/A-B,vps/E-add-archer/00dd071ec3d5e4240f071c34/A-B
7e4672019367fb02f1f4413e94829b3f5c23d2fa9d1ba5802105a04a62fdf6a1,pc/M-combat-capturePercent/c88b855645bc720b498875d2/B-A,vps/E-add-archer/00dd071ec3d5e4240f071c34/B-A
ee9e20890d11662504f7fe1e38034c18b966e01cd6c9e5396948c62e4ef00edc,pc/M-combat-capturePercent/1216817fbd021bfb8a800544/A-B,vps/E-add-archer/398b90b52047c0941593a85d/A-B
6716753b8e8b76b4a64e3b17a97ed8046605bed1f7d8159437110a4c2a02ffa9,pc/M-combat-capturePercent/1216817fbd021bfb8a800544/B-A,vps/E-add-archer/398b90b52047c0941593a85d/B-A
a5cef95da0740171d974b1b8238a058e26fade3fe8a8f09d6de3182d2fb25476,pc/M-combat-capturePercent/ac748b9a7bbadd1b4ccb3da4/A-B,vps/E-add-archer/6aee354d6eadf446a8412bbd/A-B
22588da900fbea8c00b87d769132d035359f1c3deae9b763847a866d744b79ff,pc/M-combat-capturePercent/ac748b9a7bbadd1b4ccb3da4/B-A,vps/E-add-archer/6aee354d6eadf446a8412bbd/B-A
537e84a5d22464f8d7c1deb6dcd26c79055a7da287012c266bbcfe8efbbb8765,pc/M-counter-archer-soldier/f432894ede780067e9c3b26d/A-B,vps/E-add-archer/850240304cc7689b21861aca/A-B
715ddcb52c63eb369b27e2863c2f74be561265d5ff08486ffb44d84d5cdc2917,pc/M-counter-archer-soldier/f432894ede780067e9c3b26d/B-A,vps/E-add-archer/850240304cc7689b21861aca/B-A
48e91cc5c60b4a23d0c41ecf8e76efb72fdc2920ed45157d05c491a5401aaf4d,pc/M-counter-archer-spearman/4855d248fc4b88ad3121523b/A-B,vps/E-add-archer/90452a8e0fc26bc011ac9c96/A-B
55858bb50470dc54ca6230faf3d07e9cb4523579bc6c1e80b43072fb9bacfd34,pc/M-counter-archer-spearman/4855d248fc4b88ad3121523b/B-A,vps/E-add-archer/90452a8e0fc26bc011ac9c96/B-A
4597ad24b5a2e47b6a7dce9496a9b6f4b1f246dce33a40845b0982a200fb8806,pc/M-combat-capturePercent/5be07c6fc69f472eef0ee17f/A-B,vps/E-add-archer/99c5d6612d7675c557dec1d9/A-B
7c1e87a0769464bd834f5d84f3fd33eaf9071aabdb90673a4cec8f5b7383d2cf,pc/M-combat-capturePercent/5be07c6fc69f472eef0ee17f/B-A,vps/E-add-archer/99c5d6612d7675c557dec1d9/B-A
b65a6478fa205a764519bc9efec97c2149f9936ef64a6a2aafe349694921efbe,pc/M-counter-archer-soldier/d5729c80b3505a8218f166f4/A-B,vps/E-add-archer/9ccf07e41dd0a9dc808dbda7/A-B
c14abffa723beb70afa0c8748d6700712304ccf27fc49718fac36a5656500a2d,pc/M-counter-archer-soldier/d5729c80b3505a8218f166f4/B-A,vps/E-add-archer/9ccf07e41dd0a9dc808dbda7/B-A
e3925504a6cce1422fc610fe342508487c7dd5995657d3cefa27408a22864604,pc/M-counter-archer-soldier/f99f73b80acc5e1701c017da/A-B,vps/E-add-archer/9dc70450af0d494f7577cfaf/A-B
579ab46e739ac9fb701f1df9021ed41769fee1e278b654c752fea55f4dd3cf28,pc/M-counter-archer-soldier/f99f73b80acc5e1701c017da/B-A,vps/E-add-archer/9dc70450af0d494f7577cfaf/B-A
35be79c5c128b6e4343bfeefa1db2f2aeb0a0150c17aa99303e7622a603c351b,pc/M-combat-capturePercent/7498c9f948922906239ad8d6/A-B,vps/E-add-archer/a336234b2bd2ac61331e39d4/A-B
49d4b23c42e173b1bcdc7cd48f22932e3a82504dd30129431f21b83876d94cb2,pc/M-combat-capturePercent/7498c9f948922906239ad8d6/B-A,vps/E-add-archer/a336234b2bd2ac61331e39d4/B-A
c22025f6493eec19f3c3d4561a5a9ac893a983d0021eb2d68647a4814eeb29fd,pc/M-counter-archer-spearman/5782b6cc785e9acab77e0b3f/A-B,vps/E-add-archer/b307f06eaa81875ba77a68f8/A-B
73390988fd74b7bd560745d989606f9ffcfc7dad9389eab1faea8f6d0f7e78a3,pc/M-counter-archer-spearman/5782b6cc785e9acab77e0b3f/B-A,vps/E-add-archer/b307f06eaa81875ba77a68f8/B-A
092ff6440ba52367b900849f38396771039917fdafcad50e5a9b3669a0a1a448,pc/M-combat-capturePercent/f78c1d62cca9f23dba9520f5/A-B,vps/E-add-archer/b87b6dd2c0632336c0e9bbe4/A-B
40e5890746cdbe0ba659fc1854a9e8c3218947407cf39f571ec0b4f63dfcca5c,pc/M-combat-capturePercent/f78c1d62cca9f23dba9520f5/B-A,vps/E-add-archer/b87b6dd2c0632336c0e9bbe4/B-A
ae51cd0bcfe5cda59d49d32cc79c9d469986176d2d0f927e82dd174407503817,pc/M-counter-archer-spearman/6b84a644dc6bccd4b87e09de/A-B,vps/E-add-archer/c9ccdab244010a047fb9c9d4/A-B
f5cd8287fd3545c302e2653e3bfedb3205321542ec32364d1d7dffda8ed11492,pc/M-counter-archer-spearman/6b84a644dc6bccd4b87e09de/B-A,vps/E-add-archer/c9ccdab244010a047fb9c9d4/B-A
87844e416d861f5c9ead6ab9b78dcfb00006427ddc351bd0388c1eabd412ea8d,pc/M-combat-capturePercent/2d6350473497c883675afa80/A-B,vps/E-add-knight/070bd0d19d9d35e280abdae1/A-B
e137c8706ef5acd42c2d3113acb60f6a980b709cb9423e1758161e5fa6ce3ea3,pc/M-combat-capturePercent/2d6350473497c883675afa80/B-A,vps/E-add-knight/070bd0d19d9d35e280abdae1/B-A
6505d546bd60966af34fcd6dcf062bdf8ed80e85b057fa20cd5de98e8019caa5,pc/M-counter-knight-archer/abca2cbecab372385db28f7a/A-B,vps/E-add-knight/1c05a04d239ff4059522226b/A-B
e35cd5aa8ade7e80792be33c8b882623f30c7473e12e4f30159150af28b1531a,pc/M-counter-knight-archer/abca2cbecab372385db28f7a/B-A,vps/E-add-knight/1c05a04d239ff4059522226b/B-A
e8ace81187585f9a9799ca32812522681ac41a635a15cad6f908602359c5924d,pc/M-counter-knight-archer/b1eb39050565060f2ac2c7bb/A-B,vps/E-add-knight/2e7d91b0bfb312cae574c25a/A-B
efae91d1ed12f877be4990b4e3359b2e883e22c52802dc93c28ac8ab47910dd2,pc/M-counter-knight-archer/b1eb39050565060f2ac2c7bb/B-A,vps/E-add-knight/2e7d91b0bfb312cae574c25a/B-A
d0fc8136b27c341b2b389664fd9cbfbae0b31d49eb10f409d3468b26031d2db5,pc/M-counter-knight-soldier/d1dc75172a91d3c61745f9d9/A-B,vps/E-add-knight/2efabebacbed162837707c81/A-B
5e1daaa5b52b45667e60f516d35ce1bbd3328cb3aaae21c7ec3934aad642822e,pc/M-counter-knight-soldier/d1dc75172a91d3c61745f9d9/B-A,vps/E-add-knight/2efabebacbed162837707c81/B-A
f6ab04f25f23acc16321c07d20e652c167d2da367dd3b2e1288b7184f3b59d9c,pc/M-counter-knight-archer/d7ea802833b1f1a779ecb795/A-B,vps/E-add-knight/6202c92b1cb8143ebcb0cfbf/A-B
303c04b0c4ade3a3311bcd14b5016d5615a58aa5017c7c918cabfc09f8ed53e4,pc/M-counter-knight-archer/d7ea802833b1f1a779ecb795/B-A,vps/E-add-knight/6202c92b1cb8143ebcb0cfbf/B-A
a83d5f0040763149f6b44340db00b94dba4c78d70addf03967778832995e1872,pc/M-counter-knight-spearman/cd7d999fb2394a9776a56b7e/A-B,vps/E-add-knight/7372c551506e00920f970eb2/A-B
e3d768e5053fa36bcb00289b8845073b6b53b06d8b9d2999b8e222b9d2e1bcb4,pc/M-counter-knight-spearman/cd7d999fb2394a9776a56b7e/B-A,vps/E-add-knight/7372c551506e00920f970eb2/B-A
efc4fdcd65621f58639b9a2c05b60cd02d32bd2145a7eeff7bf25c72464e8a79,pc/M-counter-knight-soldier/f038daaf4300af7f9df167d2/A-B,vps/E-add-knight/794b28ce0e47672fcb7a3aed/A-B
780a67a606c98875a90a136ddbc8152e9b394ac4c821bbd1585b13544ad23451,pc/M-counter-knight-soldier/f038daaf4300af7f9df167d2/B-A,vps/E-add-knight/794b28ce0e47672fcb7a3aed/B-A
3ba56ad4632dc7988935b5dae7fbe86c668cec79319163f4430194ba6669d3e5,pc/M-counter-knight-spearman/724e76e19c74cf2e998d1b0e/A-B,vps/E-add-knight/8e6a165a497b2b01d8f605f3/A-B
efa865b6e6994c746eb98a831b6871c218270231d8e6b21a92f83c550b0766ea,pc/M-counter-knight-spearman/724e76e19c74cf2e998d1b0e/B-A,vps/E-add-knight/8e6a165a497b2b01d8f605f3/B-A
5d1348b689763e1dec034bd25e10f3dd39bdddde41e7df7f9052f9365734cdc2,pc/M-counter-knight-soldier/106b506136090c74503cc757/A-B,vps/E-add-knight/aa03d3c8f67f8ad197c5d24d/A-B
ed56ff380198eebe0b3347981f4f6894a2e22c6ed5990016ae2196c6364c290f,pc/M-counter-knight-soldier/106b506136090c74503cc757/B-A,vps/E-add-knight/aa03d3c8f67f8ad197c5d24d/B-A
be262af8d40c5c29de76cd4f06065710ebc47f483b3f67fcea0e69f66d5ceaa1,pc/M-counter-knight-spearman/40fa3d6fb4fe25b8c7df996c/A-B,vps/E-add-knight/bef22a0e1e847471952eb629/A-B
9c342e15155ccf3566c9a20d69f1eaca1a551dcc50f665fab22c9d2429f9cc98,pc/M-counter-knight-spearman/40fa3d6fb4fe25b8c7df996c/B-A,vps/E-add-knight/bef22a0e1e847471952eb629/B-A
9858c7ffa1a6a847079e50482789f9a042cfeb281ada503d2c73d74b65c9d985,pc/M-combat-capturePercent/2eb2746a70cb35fe1ce25f98/A-B,vps/E-add-knight/f500dc25fe52370e72ad9840/A-B
151989b8d1b1c0ca759fab7eaf3b152abc03724944a1ef9ad70118e7a90322e4,pc/M-combat-capturePercent/2eb2746a70cb35fe1ce25f98/B-A,vps/E-add-knight/f500dc25fe52370e72ad9840/B-A
1178f1206facb99d474deb6896610eb381b51065a110d670b64abf6c01184760,pc/M-combat-capturePercent/9ea4f603e73d531fd3c8df44/A-B,vps/E-add-knight/f79585a97486e8049bd722f8/A-B
db8d3921ad4c7ffbcfdfcbf53d72da2e8c438f83b03f5de5e5b8aab344978ab5,pc/M-combat-capturePercent/9ea4f603e73d531fd3c8df44/B-A,vps/E-add-knight/f79585a97486e8049bd722f8/B-A
54b8eb5652e7a14e2d23dbf5a122ee8f8758e3e126c18b1c2077bfe200269275,pc/M-combat-capturePercent/e03c8d62aa94aae4fc0f13f1/A-B,vps/E-add-spearman/12fb134e3b9e69cb8830ba03/A-B
078641e562821c4012d1a24d08878af3f97f45aea622350727a2eb5edcbd524c,pc/M-combat-capturePercent/e03c8d62aa94aae4fc0f13f1/B-A,vps/E-add-spearman/12fb134e3b9e69cb8830ba03/B-A
b965633c898c10ac48cc0b945d886ca291a7c3df9f2bc8fbbd6924891bba8756,pc/M-combat-capturePercent/a477667580eb4a6cca4bfd35/A-B,vps/E-add-spearman/13c17edd7184e78626efe0e6/A-B
04d26513bee41f8de98ab49cd97c992b3a0017b0ad91dc428f6066f007ce270c,pc/M-combat-capturePercent/a477667580eb4a6cca4bfd35/B-A,vps/E-add-spearman/13c17edd7184e78626efe0e6/B-A
ac0328d7e848fe34c754caa6b9c4b0ed2030d2e4d6fcccd1ed330988caf253df,pc/M-combat-capturePercent/2497be6bce26a22f97e6e95e/A-B,vps/E-add-spearman/2e55cb04674afb04ce6d78fd/A-B
cdf02ca8a3da35cbdb52ea241c610d7fdc069d44ffd601725625d6de3e1c67e1,pc/M-combat-capturePercent/2497be6bce26a22f97e6e95e/B-A,vps/E-add-spearman/2e55cb04674afb04ce6d78fd/B-A
4cc7756faf4200e045b276dd9746f81803d06dbd345a04f815c1b28930e8f1c5,pc/M-counter-spearman-soldier/53af060b43ed6bfe92a7fc27/A-B,vps/E-add-spearman/35a66253027fbcf944d803b3/A-B
473f29f635d7cddbe224f67088634db9686a5b19e0094a96473b0f27244d2424,pc/M-counter-spearman-soldier/53af060b43ed6bfe92a7fc27/B-A,vps/E-add-spearman/35a66253027fbcf944d803b3/B-A
4227f054b87e527b1d1b0274ed1998e330c5df10704580221a9b575b4a8798c6,pc/M-combat-capturePercent/b4b94da886e061c92142841a/A-B,vps/E-add-spearman/425418f730169494e3adc880/A-B
ed29d7971438fc1a049999694ca61a2424e52dc6124815c6cadb6b6c1daaffd8,pc/M-combat-capturePercent/b4b94da886e061c92142841a/B-A,vps/E-add-spearman/425418f730169494e3adc880/B-A
e1e15074299de68705a0c780b2d3fb59197c1aac103ae07319f15d754de45d5a,pc/M-counter-spearman-soldier/e8d4301fb42eb5dc79e5d562/A-B,vps/E-add-spearman/434aec90af86a3e2d037dbae/A-B
40db732252fdbb4c83d829c619b8c5bb7675d6c707874829d4ef7d7f6be59e56,pc/M-counter-spearman-soldier/e8d4301fb42eb5dc79e5d562/B-A,vps/E-add-spearman/434aec90af86a3e2d037dbae/B-A
b73591b9f6abc73a280ac0ee1d8386bcade85430256e3f726b2cbcc088927d4b,pc/M-counter-spearman-soldier/2a7ab78a27d49cd7e351e330/A-B,vps/E-add-spearman/622a2253c3746b18433c41e5/A-B
e86c1609971a59d6f6f7f1964467fd28673b2257a151e6057fcb3bec365002f1,pc/M-counter-spearman-soldier/2a7ab78a27d49cd7e351e330/B-A,vps/E-add-spearman/622a2253c3746b18433c41e5/B-A
85f859f840726422ec7d710e5557c9d3b6715fd7fc74bfe34607d4d92c94e777,pc/M-combat-capturePercent/0c0085870630c59e82d2d03f/A-B,vps/E-add-spearman/62db35f9f62df083f31642e7/A-B
03908c0fa4ced8ca60a7e0fb3a0f39260e015950626c7db85dad0402f2d3619e,pc/M-combat-capturePercent/0c0085870630c59e82d2d03f/B-A,vps/E-add-spearman/62db35f9f62df083f31642e7/B-A
d008a6c4cea3edb58d3e49bd4fe6a9dc06177f8442e6495e138e98d884af187e,pc/M-combat-capturePercent/7701dd750551af246ed1b8c5/A-B,vps/E-add-spearman/91a281d9a049b950bd802b34/A-B
bcbc877f0cf8b1db3ca6328cc8d75854e56dc0b5735561ddaff5ce14c2a229f6,pc/M-combat-capturePercent/7701dd750551af246ed1b8c5/B-A,vps/E-add-spearman/91a281d9a049b950bd802b34/B-A
2bc6219638d312265f5c45e3ff80bf6b75c9c3992211780b96db52997872da32,pc/M-combat-capturePercent/9ee1c7b7c3d22f186dea063d/A-B,vps/E-add-spearman/bc729ce861a1e4e74ac8c3b7/A-B
120c55e4f29e4d0105d6cc15c34f2d0b90e315f38cd4336b4554e662eda73d66,pc/M-combat-capturePercent/9ee1c7b7c3d22f186dea063d/B-A,vps/E-add-spearman/bc729ce861a1e4e74ac8c3b7/B-A
7d7abac10e512ec2c70d5d25a59d0d144ba2b19ce4372cc4f09baf310123eafb,pc/M-combat-capturePercent/15b79b9ef5cbd9e794375476/A-B,vps/E-add-spearman/c45381ea256809e530a34a5d/A-B
75facca78d59da8acebf5520dc1aec84674008dca00e85ffe5137a6371d683bd,pc/M-combat-capturePercent/15b79b9ef5cbd9e794375476/B-A,vps/E-add-spearman/c45381ea256809e530a34a5d/B-A
58cd7ae8deb38800a7970576196ee8f591af45338dcec1590dcfba297fa69701,pc/M-combat-capturePercent/0fad6426e216ce1d497cd944/A-B,vps/E-add-spearman/ec04c5121a7d52ddc9756d30/A-B
71c1edf0b3076609f0d5f6632549a6592128c1a272b42a58354f9fb187b4a370,pc/M-combat-capturePercent/0fad6426e216ce1d497cd944/B-A,vps/E-add-spearman/ec04c5121a7d52ddc9756d30/B-A
00f252d5722657943a4cb0718ce0da7e8a4611896fa35ea5621c1322e14ef866,pc/M-combat-capturePercent/54e1d4f2a6e7f51febebdd8e/A-B,vps/E-replace-archer/0b0d813b67f8095be2fb9e5c/A-B
9000dde07f557a8d66b3ea4000e55211bbd45f04e3469db5cbc747249d14ba6c,pc/M-combat-capturePercent/54e1d4f2a6e7f51febebdd8e/B-A,vps/E-replace-archer/0b0d813b67f8095be2fb9e5c/B-A
b65a6478fa205a764519bc9efec97c2149f9936ef64a6a2aafe349694921efbe,pc/M-counter-archer-soldier/d5729c80b3505a8218f166f4/A-B,vps/E-replace-archer/12f9cd46a5d34ad285ffa518/A-B
c14abffa723beb70afa0c8748d6700712304ccf27fc49718fac36a5656500a2d,pc/M-counter-archer-soldier/d5729c80b3505a8218f166f4/B-A,vps/E-replace-archer/12f9cd46a5d34ad285ffa518/B-A
a5bb96235bf6f9a76b769ff737d8e922df94b0a52f749525853085cd022bf3ef,pc/M-combat-capturePercent/a74b3b7b747bae166c9bbd4d/A-B,vps/E-replace-archer/1fa1c1b11f6d1deb4a7bf1bd/A-B
8a5fbdbf1b558dc200eab97d67343355792afdf24d5bbb0e91f754b86f3a02ef,pc/M-combat-capturePercent/a74b3b7b747bae166c9bbd4d/B-A,vps/E-replace-archer/1fa1c1b11f6d1deb4a7bf1bd/B-A
9ca322cb96477f8f2d6b2e7673307285a8c1ac1a2124cfb6ddfbf09efb0d4075,pc/M-combat-capturePercent/48d3967fcd05b8de1e34c2d4/A-B,vps/E-replace-archer/397711b4a7d6737052eb7b1f/A-B
0ef488184d72f1f098ab6566fb80c72140d7078400dd1a9587141fe8b34a13ec,pc/M-combat-capturePercent/48d3967fcd05b8de1e34c2d4/B-A,vps/E-replace-archer/397711b4a7d6737052eb7b1f/B-A
35be79c5c128b6e4343bfeefa1db2f2aeb0a0150c17aa99303e7622a603c351b,pc/M-combat-capturePercent/7498c9f948922906239ad8d6/A-B,vps/E-replace-archer/4978011e89a97396e14c8bef/A-B
49d4b23c42e173b1bcdc7cd48f22932e3a82504dd30129431f21b83876d94cb2,pc/M-combat-capturePercent/7498c9f948922906239ad8d6/B-A,vps/E-replace-archer/4978011e89a97396e14c8bef/B-A
3d79ed5983c89d0022c51a128734a7b36a8941c07b48f432dd6f260a0059cec7,pc/M-combat-capturePercent/9a1ddda43134d9061057be59/A-B,vps/E-replace-archer/55bc71d8fe3795ec5ce5b448/A-B
b539cabaf72f26f266d867628052db7ffc7cfa333da902e943ce8bd34a752c17,pc/M-combat-capturePercent/9a1ddda43134d9061057be59/B-A,vps/E-replace-archer/55bc71d8fe3795ec5ce5b448/B-A
e1e29aab7102365136b614a54a8aeb0bee449145f3bc465a205963f9f554f006,pc/M-combat-capturePercent/bf898c747897728e9c646b00/A-B,vps/E-replace-archer/5d2fc3e3fd07dafd12170519/A-B
0c2b4bb54f68750a49827995ac5ca7c41b885ac68f663af9b71cf4658f802372,pc/M-combat-capturePercent/bf898c747897728e9c646b00/B-A,vps/E-replace-archer/5d2fc3e3fd07dafd12170519/B-A
6b4a529fbc125b23882833e0aed634bec1b5f0b2174c3e7ece269e3168b0f82f,pc/M-combat-capturePercent/c88b855645bc720b498875d2/A-B,vps/E-replace-archer/5feacc2188c05a019a642231/A-B
7e4672019367fb02f1f4413e94829b3f5c23d2fa9d1ba5802105a04a62fdf6a1,pc/M-combat-capturePercent/c88b855645bc720b498875d2/B-A,vps/E-replace-archer/5feacc2188c05a019a642231/B-A
2a1d1503a117713d05836a468b6a0d0d39d7d08702d9ca68ffe56c89d6f08704,pc/M-combat-capturePercent/98043342a0f7383cbda2c59d/A-B,vps/E-replace-archer/6fbb074c413fdde0bd456b4c/A-B
cdd056f355bfd3009ca6798847f425d092b2fa95fee94cbb9f1b9d30918fd936,pc/M-combat-capturePercent/98043342a0f7383cbda2c59d/B-A,vps/E-replace-archer/6fbb074c413fdde0bd456b4c/B-A
7021d39476c082c69391aa7d9d107c8598ae66c5b1828c73e129c275542d42fb,pc/M-combat-capturePercent/adf2a33f332db08d4d373bba/A-B,vps/E-replace-archer/745435b3295fc9540c87ad33/A-B
0a6998a19d108d4ea47989fe9c9346eb6b099ed85b399e3702e1d1add2785d07,pc/M-combat-capturePercent/adf2a33f332db08d4d373bba/B-A,vps/E-replace-archer/745435b3295fc9540c87ad33/B-A
6d407622c60b016795f97c89a6a5574696df9124c61c66dd231ce4e7c7aa2393,pc/M-combat-capturePercent/ec03e2f3b6e41ea5555df14c/A-B,vps/E-replace-archer/87982bc49a7f59efdf278c83/A-B
5b40b5d08240a3cb41ac0662b746bf7848264fd5d59a18b9cccd174e1c8a970f,pc/M-combat-capturePercent/ec03e2f3b6e41ea5555df14c/B-A,vps/E-replace-archer/87982bc49a7f59efdf278c83/B-A
ee9e20890d11662504f7fe1e38034c18b966e01cd6c9e5396948c62e4ef00edc,pc/M-combat-capturePercent/1216817fbd021bfb8a800544/A-B,vps/E-replace-archer/99f70c12a266555e71e99ecf/A-B
6716753b8e8b76b4a64e3b17a97ed8046605bed1f7d8159437110a4c2a02ffa9,pc/M-combat-capturePercent/1216817fbd021bfb8a800544/B-A,vps/E-replace-archer/99f70c12a266555e71e99ecf/B-A
587a0b6c8fbf92e9e393e63a374c6bdc95fc594470b7c8ee42ee3df5c4a6b8ef,pc/M-combat-capturePercent/1a50bd67feb4ca4f159a4cfe/A-B,vps/E-replace-archer/9a2a5368319c50a482aa6d99/A-B
cab79020193af6f55744135f0197a1630e3c2215411e9bdd269a836e052ec646,pc/M-combat-capturePercent/1a50bd67feb4ca4f159a4cfe/B-A,vps/E-replace-archer/9a2a5368319c50a482aa6d99/B-A
48e91cc5c60b4a23d0c41ecf8e76efb72fdc2920ed45157d05c491a5401aaf4d,pc/M-counter-archer-spearman/4855d248fc4b88ad3121523b/A-B,vps/E-replace-archer/9f364768337c73c6111ac5b3/A-B
55858bb50470dc54ca6230faf3d07e9cb4523579bc6c1e80b43072fb9bacfd34,pc/M-counter-archer-spearman/4855d248fc4b88ad3121523b/B-A,vps/E-replace-archer/9f364768337c73c6111ac5b3/B-A
4597ad24b5a2e47b6a7dce9496a9b6f4b1f246dce33a40845b0982a200fb8806,pc/M-combat-capturePercent/5be07c6fc69f472eef0ee17f/A-B,vps/E-replace-archer/a4494cb8317e1b5ce276377a/A-B
7c1e87a0769464bd834f5d84f3fd33eaf9071aabdb90673a4cec8f5b7383d2cf,pc/M-combat-capturePercent/5be07c6fc69f472eef0ee17f/B-A,vps/E-replace-archer/a4494cb8317e1b5ce276377a/B-A
4970d1f6b5265fad201517f3825ff40d79aa8b20306bc545f88c8e11a313708e,pc/M-combat-capturePercent/6aee5ba4cebd035270c43536/A-B,vps/E-replace-archer/a5e16e2cbf0b5a6ccf781ae0/A-B
0243eeadabcc14bc5e95fa1b391f9a0fbfc6c55db116c0e75d961227e7785c42,pc/M-combat-capturePercent/6aee5ba4cebd035270c43536/B-A,vps/E-replace-archer/a5e16e2cbf0b5a6ccf781ae0/B-A
647ab88a83aa6f834990989ca24911ddf969595c4a5f5d85e2c151fdaebac92b,pc/M-combat-capturePercent/93f29e181d26c9d16b60ee8b/A-B,vps/E-replace-archer/abca63f68f362c7686c849bd/A-B
cb5849664fb65ac00466aa61563a1f9baace77ad985b9c02a92e371cf45b1603,pc/M-combat-capturePercent/93f29e181d26c9d16b60ee8b/B-A,vps/E-replace-archer/abca63f68f362c7686c849bd/B-A
ae51cd0bcfe5cda59d49d32cc79c9d469986176d2d0f927e82dd174407503817,pc/M-counter-archer-spearman/6b84a644dc6bccd4b87e09de/A-B,vps/E-replace-archer/ae78cf3097ea26ca734af437/A-B
f5cd8287fd3545c302e2653e3bfedb3205321542ec32364d1d7dffda8ed11492,pc/M-counter-archer-spearman/6b84a644dc6bccd4b87e09de/B-A,vps/E-replace-archer/ae78cf3097ea26ca734af437/B-A
537e84a5d22464f8d7c1deb6dcd26c79055a7da287012c266bbcfe8efbbb8765,pc/M-counter-archer-soldier/f432894ede780067e9c3b26d/A-B,vps/E-replace-archer/b88cbe95b60d4730889d7808/A-B
715ddcb52c63eb369b27e2863c2f74be561265d5ff08486ffb44d84d5cdc2917,pc/M-counter-archer-soldier/f432894ede780067e9c3b26d/B-A,vps/E-replace-archer/b88cbe95b60d4730889d7808/B-A
e3925504a6cce1422fc610fe342508487c7dd5995657d3cefa27408a22864604,pc/M-counter-archer-soldier/f99f73b80acc5e1701c017da/A-B,vps/E-replace-archer/d0f67b1cf3273001866b3b20/A-B
579ab46e739ac9fb701f1df9021ed41769fee1e278b654c752fea55f4dd3cf28,pc/M-counter-archer-soldier/f99f73b80acc5e1701c017da/B-A,vps/E-replace-archer/d0f67b1cf3273001866b3b20/B-A
a5cef95da0740171d974b1b8238a058e26fade3fe8a8f09d6de3182d2fb25476,pc/M-combat-capturePercent/ac748b9a7bbadd1b4ccb3da4/A-B,vps/E-replace-archer/dc76c060ad79c1858b143732/A-B
22588da900fbea8c00b87d769132d035359f1c3deae9b763847a866d744b79ff,pc/M-combat-capturePercent/ac748b9a7bbadd1b4ccb3da4/B-A,vps/E-replace-archer/dc76c060ad79c1858b143732/B-A
c22025f6493eec19f3c3d4561a5a9ac893a983d0021eb2d68647a4814eeb29fd,pc/M-counter-archer-spearman/5782b6cc785e9acab77e0b3f/A-B,vps/E-replace-archer/ec14eda745d0ae404a0784a1/A-B
73390988fd74b7bd560745d989606f9ffcfc7dad9389eab1faea8f6d0f7e78a3,pc/M-counter-archer-spearman/5782b6cc785e9acab77e0b3f/B-A,vps/E-replace-archer/ec14eda745d0ae404a0784a1/B-A
092ff6440ba52367b900849f38396771039917fdafcad50e5a9b3669a0a1a448,pc/M-combat-capturePercent/f78c1d62cca9f23dba9520f5/A-B,vps/E-replace-archer/f0eda22f3b11a685074c2778/A-B
40e5890746cdbe0ba659fc1854a9e8c3218947407cf39f571ec0b4f63dfcca5c,pc/M-combat-capturePercent/f78c1d62cca9f23dba9520f5/B-A,vps/E-replace-archer/f0eda22f3b11a685074c2778/B-A
f5eaa97da71df5298d7c5b30554bec43da7311247b6bf61d3299b38dd99ce886,pc/M-combat-capturePercent/80ebf93b386771704cc70bab/A-B,vps/E-replace-archer/f7f63efe2c9c6c893563d3d5/A-B
6a49a491a5ff72a4b8db0cc1fcd37742813f1f1a76d4b11bb02af21e20d1e1ce,pc/M-combat-capturePercent/80ebf93b386771704cc70bab/B-A,vps/E-replace-archer/f7f63efe2c9c6c893563d3d5/B-A
9858c7ffa1a6a847079e50482789f9a042cfeb281ada503d2c73d74b65c9d985,pc/M-combat-capturePercent/2eb2746a70cb35fe1ce25f98/A-B,vps/E-replace-knight/1757b2d045faeaf4c559560b/A-B
151989b8d1b1c0ca759fab7eaf3b152abc03724944a1ef9ad70118e7a90322e4,pc/M-combat-capturePercent/2eb2746a70cb35fe1ce25f98/B-A,vps/E-replace-knight/1757b2d045faeaf4c559560b/B-A
f5eaa97da71df5298d7c5b30554bec43da7311247b6bf61d3299b38dd99ce886,pc/M-combat-capturePercent/80ebf93b386771704cc70bab/A-B,vps/E-replace-knight/470873acec0b28b2ba31c854/A-B
6a49a491a5ff72a4b8db0cc1fcd37742813f1f1a76d4b11bb02af21e20d1e1ce,pc/M-combat-capturePercent/80ebf93b386771704cc70bab/B-A,vps/E-replace-knight/470873acec0b28b2ba31c854/B-A
efc4fdcd65621f58639b9a2c05b60cd02d32bd2145a7eeff7bf25c72464e8a79,pc/M-counter-knight-soldier/f038daaf4300af7f9df167d2/A-B,vps/E-replace-knight/47707f4f8a43af474973623f/A-B
780a67a606c98875a90a136ddbc8152e9b394ac4c821bbd1585b13544ad23451,pc/M-counter-knight-soldier/f038daaf4300af7f9df167d2/B-A,vps/E-replace-knight/47707f4f8a43af474973623f/B-A
00f252d5722657943a4cb0718ce0da7e8a4611896fa35ea5621c1322e14ef866,pc/M-combat-capturePercent/54e1d4f2a6e7f51febebdd8e/A-B,vps/E-replace-knight/4ad535e53b439d96800f0127/A-B
9000dde07f557a8d66b3ea4000e55211bbd45f04e3469db5cbc747249d14ba6c,pc/M-combat-capturePercent/54e1d4f2a6e7f51febebdd8e/B-A,vps/E-replace-knight/4ad535e53b439d96800f0127/B-A
5d1348b689763e1dec034bd25e10f3dd39bdddde41e7df7f9052f9365734cdc2,pc/M-counter-knight-soldier/106b506136090c74503cc757/A-B,vps/E-replace-knight/4da22d2bf411e7d45c33b572/A-B
ed56ff380198eebe0b3347981f4f6894a2e22c6ed5990016ae2196c6364c290f,pc/M-counter-knight-soldier/106b506136090c74503cc757/B-A,vps/E-replace-knight/4da22d2bf411e7d45c33b572/B-A
7021d39476c082c69391aa7d9d107c8598ae66c5b1828c73e129c275542d42fb,pc/M-combat-capturePercent/adf2a33f332db08d4d373bba/A-B,vps/E-replace-knight/56655803de58d0c88a529b40/A-B
0a6998a19d108d4ea47989fe9c9346eb6b099ed85b399e3702e1d1add2785d07,pc/M-combat-capturePercent/adf2a33f332db08d4d373bba/B-A,vps/E-replace-knight/56655803de58d0c88a529b40/B-A
be262af8d40c5c29de76cd4f06065710ebc47f483b3f67fcea0e69f66d5ceaa1,pc/M-counter-knight-spearman/40fa3d6fb4fe25b8c7df996c/A-B,vps/E-replace-knight/5ca59af42f4cd5f25641027b/A-B
9c342e15155ccf3566c9a20d69f1eaca1a551dcc50f665fab22c9d2429f9cc98,pc/M-counter-knight-spearman/40fa3d6fb4fe25b8c7df996c/B-A,vps/E-replace-knight/5ca59af42f4cd5f25641027b/B-A
d0fc8136b27c341b2b389664fd9cbfbae0b31d49eb10f409d3468b26031d2db5,pc/M-counter-knight-soldier/d1dc75172a91d3c61745f9d9/A-B,vps/E-replace-knight/6cb76eab41a7d7490a67b33b/A-B
5e1daaa5b52b45667e60f516d35ce1bbd3328cb3aaae21c7ec3934aad642822e,pc/M-counter-knight-soldier/d1dc75172a91d3c61745f9d9/B-A,vps/E-replace-knight/6cb76eab41a7d7490a67b33b/B-A
87844e416d861f5c9ead6ab9b78dcfb00006427ddc351bd0388c1eabd412ea8d,pc/M-combat-capturePercent/2d6350473497c883675afa80/A-B,vps/E-replace-knight/7b7068f553b1a513735c821b/A-B
e137c8706ef5acd42c2d3113acb60f6a980b709cb9423e1758161e5fa6ce3ea3,pc/M-combat-capturePercent/2d6350473497c883675afa80/B-A,vps/E-replace-knight/7b7068f553b1a513735c821b/B-A
6505d546bd60966af34fcd6dcf062bdf8ed80e85b057fa20cd5de98e8019caa5,pc/M-counter-knight-archer/abca2cbecab372385db28f7a/A-B,vps/E-replace-knight/8aed57feedf5e831df679f0d/A-B
e35cd5aa8ade7e80792be33c8b882623f30c7473e12e4f30159150af28b1531a,pc/M-counter-knight-archer/abca2cbecab372385db28f7a/B-A,vps/E-replace-knight/8aed57feedf5e831df679f0d/B-A
3d79ed5983c89d0022c51a128734a7b36a8941c07b48f432dd6f260a0059cec7,pc/M-combat-capturePercent/9a1ddda43134d9061057be59/A-B,vps/E-replace-knight/8f03b75d24b9d440b7d52be5/A-B
b539cabaf72f26f266d867628052db7ffc7cfa333da902e943ce8bd34a752c17,pc/M-combat-capturePercent/9a1ddda43134d9061057be59/B-A,vps/E-replace-knight/8f03b75d24b9d440b7d52be5/B-A
4970d1f6b5265fad201517f3825ff40d79aa8b20306bc545f88c8e11a313708e,pc/M-combat-capturePercent/6aee5ba4cebd035270c43536/A-B,vps/E-replace-knight/a26026f437f9f1fac3cd2c65/A-B
0243eeadabcc14bc5e95fa1b391f9a0fbfc6c55db116c0e75d961227e7785c42,pc/M-combat-capturePercent/6aee5ba4cebd035270c43536/B-A,vps/E-replace-knight/a26026f437f9f1fac3cd2c65/B-A
2a1d1503a117713d05836a468b6a0d0d39d7d08702d9ca68ffe56c89d6f08704,pc/M-combat-capturePercent/98043342a0f7383cbda2c59d/A-B,vps/E-replace-knight/a53fd2c94e9e8f36093335ad/A-B
cdd056f355bfd3009ca6798847f425d092b2fa95fee94cbb9f1b9d30918fd936,pc/M-combat-capturePercent/98043342a0f7383cbda2c59d/B-A,vps/E-replace-knight/a53fd2c94e9e8f36093335ad/B-A
f6ab04f25f23acc16321c07d20e652c167d2da367dd3b2e1288b7184f3b59d9c,pc/M-counter-knight-archer/d7ea802833b1f1a779ecb795/A-B,vps/E-replace-knight/ae0ae3aa59cdcc145bb620d4/A-B
303c04b0c4ade3a3311bcd14b5016d5615a58aa5017c7c918cabfc09f8ed53e4,pc/M-counter-knight-archer/d7ea802833b1f1a779ecb795/B-A,vps/E-replace-knight/ae0ae3aa59cdcc145bb620d4/B-A
e8ace81187585f9a9799ca32812522681ac41a635a15cad6f908602359c5924d,pc/M-counter-knight-archer/b1eb39050565060f2ac2c7bb/A-B,vps/E-replace-knight/b3ff8548f0c7aaf0c4a177de/A-B
efae91d1ed12f877be4990b4e3359b2e883e22c52802dc93c28ac8ab47910dd2,pc/M-counter-knight-archer/b1eb39050565060f2ac2c7bb/B-A,vps/E-replace-knight/b3ff8548f0c7aaf0c4a177de/B-A
3ba56ad4632dc7988935b5dae7fbe86c668cec79319163f4430194ba6669d3e5,pc/M-counter-knight-spearman/724e76e19c74cf2e998d1b0e/A-B,vps/E-replace-knight/c184c825c852554100efe052/A-B
efa865b6e6994c746eb98a831b6871c218270231d8e6b21a92f83c550b0766ea,pc/M-counter-knight-spearman/724e76e19c74cf2e998d1b0e/B-A,vps/E-replace-knight/c184c825c852554100efe052/B-A
a83d5f0040763149f6b44340db00b94dba4c78d70addf03967778832995e1872,pc/M-counter-knight-spearman/cd7d999fb2394a9776a56b7e/A-B,vps/E-replace-knight/c615f0e5b0a8caec306eb3cc/A-B
e3d768e5053fa36bcb00289b8845073b6b53b06d8b9d2999b8e222b9d2e1bcb4,pc/M-counter-knight-spearman/cd7d999fb2394a9776a56b7e/B-A,vps/E-replace-knight/c615f0e5b0a8caec306eb3cc/B-A
587a0b6c8fbf92e9e393e63a374c6bdc95fc594470b7c8ee42ee3df5c4a6b8ef,pc/M-combat-capturePercent/1a50bd67feb4ca4f159a4cfe/A-B,vps/E-replace-knight/c7b2d81c75cd90ce4dba13ba/A-B
cab79020193af6f55744135f0197a1630e3c2215411e9bdd269a836e052ec646,pc/M-combat-capturePercent/1a50bd67feb4ca4f159a4cfe/B-A,vps/E-replace-knight/c7b2d81c75cd90ce4dba13ba/B-A
e1e29aab7102365136b614a54a8aeb0bee449145f3bc465a205963f9f554f006,pc/M-combat-capturePercent/bf898c747897728e9c646b00/A-B,vps/E-replace-knight/ca5b04c4b643775f38057d6f/A-B
0c2b4bb54f68750a49827995ac5ca7c41b885ac68f663af9b71cf4658f802372,pc/M-combat-capturePercent/bf898c747897728e9c646b00/B-A,vps/E-replace-knight/ca5b04c4b643775f38057d6f/B-A
6d407622c60b016795f97c89a6a5574696df9124c61c66dd231ce4e7c7aa2393,pc/M-combat-capturePercent/ec03e2f3b6e41ea5555df14c/A-B,vps/E-replace-knight/cf9333b4c7dd16906611e0a5/A-B
5b40b5d08240a3cb41ac0662b746bf7848264fd5d59a18b9cccd174e1c8a970f,pc/M-combat-capturePercent/ec03e2f3b6e41ea5555df14c/B-A,vps/E-replace-knight/cf9333b4c7dd16906611e0a5/B-A
9ca322cb96477f8f2d6b2e7673307285a8c1ac1a2124cfb6ddfbf09efb0d4075,pc/M-combat-capturePercent/48d3967fcd05b8de1e34c2d4/A-B,vps/E-replace-knight/e790eeaa747d1cbac4c0f817/A-B
0ef488184d72f1f098ab6566fb80c72140d7078400dd1a9587141fe8b34a13ec,pc/M-combat-capturePercent/48d3967fcd05b8de1e34c2d4/B-A,vps/E-replace-knight/e790eeaa747d1cbac4c0f817/B-A
647ab88a83aa6f834990989ca24911ddf969595c4a5f5d85e2c151fdaebac92b,pc/M-combat-capturePercent/93f29e181d26c9d16b60ee8b/A-B,vps/E-replace-knight/f5b9d2009faa8e0b85353070/A-B
cb5849664fb65ac00466aa61563a1f9baace77ad985b9c02a92e371cf45b1603,pc/M-combat-capturePercent/93f29e181d26c9d16b60ee8b/B-A,vps/E-replace-knight/f5b9d2009faa8e0b85353070/B-A
a5bb96235bf6f9a76b769ff737d8e922df94b0a52f749525853085cd022bf3ef,pc/M-combat-capturePercent/a74b3b7b747bae166c9bbd4d/A-B,vps/E-replace-knight/f7e76f02189acad138862fa9/A-B
8a5fbdbf1b558dc200eab97d67343355792afdf24d5bbb0e91f754b86f3a02ef,pc/M-combat-capturePercent/a74b3b7b747bae166c9bbd4d/B-A,vps/E-replace-knight/f7e76f02189acad138862fa9/B-A
1178f1206facb99d474deb6896610eb381b51065a110d670b64abf6c01184760,pc/M-combat-capturePercent/9ea4f603e73d531fd3c8df44/A-B,vps/E-replace-knight/fbcf16111faf64121c06f54b/A-B
db8d3921ad4c7ffbcfdfcbf53d72da2e8c438f83b03f5de5e5b8aab344978ab5,pc/M-combat-capturePercent/9ea4f603e73d531fd3c8df44/B-A,vps/E-replace-knight/fbcf16111faf64121c06f54b/B-A
3d79ed5983c89d0022c51a128734a7b36a8941c07b48f432dd6f260a0059cec7,pc/M-combat-capturePercent/9a1ddda43134d9061057be59/A-B,vps/E-replace-spearman/00a612d430b86c2d0e8f096d/A-B
b539cabaf72f26f266d867628052db7ffc7cfa333da902e943ce8bd34a752c17,pc/M-combat-capturePercent/9a1ddda43134d9061057be59/B-A,vps/E-replace-spearman/00a612d430b86c2d0e8f096d/B-A
6d407622c60b016795f97c89a6a5574696df9124c61c66dd231ce4e7c7aa2393,pc/M-combat-capturePercent/ec03e2f3b6e41ea5555df14c/A-B,vps/E-replace-spearman/09b510717dde508a72882abf/A-B
5b40b5d08240a3cb41ac0662b746bf7848264fd5d59a18b9cccd174e1c8a970f,pc/M-combat-capturePercent/ec03e2f3b6e41ea5555df14c/B-A,vps/E-replace-spearman/09b510717dde508a72882abf/B-A
e1e15074299de68705a0c780b2d3fb59197c1aac103ae07319f15d754de45d5a,pc/M-counter-spearman-soldier/e8d4301fb42eb5dc79e5d562/A-B,vps/E-replace-spearman/0d7a0b0efc458252ad737cca/A-B
40db732252fdbb4c83d829c619b8c5bb7675d6c707874829d4ef7d7f6be59e56,pc/M-counter-spearman-soldier/e8d4301fb42eb5dc79e5d562/B-A,vps/E-replace-spearman/0d7a0b0efc458252ad737cca/B-A
85f859f840726422ec7d710e5557c9d3b6715fd7fc74bfe34607d4d92c94e777,pc/M-combat-capturePercent/0c0085870630c59e82d2d03f/A-B,vps/E-replace-spearman/0dcc2a0f39503e72434c60d0/A-B
03908c0fa4ced8ca60a7e0fb3a0f39260e015950626c7db85dad0402f2d3619e,pc/M-combat-capturePercent/0c0085870630c59e82d2d03f/B-A,vps/E-replace-spearman/0dcc2a0f39503e72434c60d0/B-A
7021d39476c082c69391aa7d9d107c8598ae66c5b1828c73e129c275542d42fb,pc/M-combat-capturePercent/adf2a33f332db08d4d373bba/A-B,vps/E-replace-spearman/107478c931c236219443ffad/A-B
0a6998a19d108d4ea47989fe9c9346eb6b099ed85b399e3702e1d1add2785d07,pc/M-combat-capturePercent/adf2a33f332db08d4d373bba/B-A,vps/E-replace-spearman/107478c931c236219443ffad/B-A
ac0328d7e848fe34c754caa6b9c4b0ed2030d2e4d6fcccd1ed330988caf253df,pc/M-combat-capturePercent/2497be6bce26a22f97e6e95e/A-B,vps/E-replace-spearman/181653887e22a206287ca1e1/A-B
cdf02ca8a3da35cbdb52ea241c610d7fdc069d44ffd601725625d6de3e1c67e1,pc/M-combat-capturePercent/2497be6bce26a22f97e6e95e/B-A,vps/E-replace-spearman/181653887e22a206287ca1e1/B-A
4227f054b87e527b1d1b0274ed1998e330c5df10704580221a9b575b4a8798c6,pc/M-combat-capturePercent/b4b94da886e061c92142841a/A-B,vps/E-replace-spearman/26b36fe60cae3487b3c3dbcc/A-B
ed29d7971438fc1a049999694ca61a2424e52dc6124815c6cadb6b6c1daaffd8,pc/M-combat-capturePercent/b4b94da886e061c92142841a/B-A,vps/E-replace-spearman/26b36fe60cae3487b3c3dbcc/B-A
58cd7ae8deb38800a7970576196ee8f591af45338dcec1590dcfba297fa69701,pc/M-combat-capturePercent/0fad6426e216ce1d497cd944/A-B,vps/E-replace-spearman/2952380838ef7eec34710a9c/A-B
71c1edf0b3076609f0d5f6632549a6592128c1a272b42a58354f9fb187b4a370,pc/M-combat-capturePercent/0fad6426e216ce1d497cd944/B-A,vps/E-replace-spearman/2952380838ef7eec34710a9c/B-A
00f252d5722657943a4cb0718ce0da7e8a4611896fa35ea5621c1322e14ef866,pc/M-combat-capturePercent/54e1d4f2a6e7f51febebdd8e/A-B,vps/E-replace-spearman/2ada73e47faf64e8b8151368/A-B
9000dde07f557a8d66b3ea4000e55211bbd45f04e3469db5cbc747249d14ba6c,pc/M-combat-capturePercent/54e1d4f2a6e7f51febebdd8e/B-A,vps/E-replace-spearman/2ada73e47faf64e8b8151368/B-A
e1e29aab7102365136b614a54a8aeb0bee449145f3bc465a205963f9f554f006,pc/M-combat-capturePercent/bf898c747897728e9c646b00/A-B,vps/E-replace-spearman/3888bddd97c323c28bcca668/A-B
0c2b4bb54f68750a49827995ac5ca7c41b885ac68f663af9b71cf4658f802372,pc/M-combat-capturePercent/bf898c747897728e9c646b00/B-A,vps/E-replace-spearman/3888bddd97c323c28bcca668/B-A
b965633c898c10ac48cc0b945d886ca291a7c3df9f2bc8fbbd6924891bba8756,pc/M-combat-capturePercent/a477667580eb4a6cca4bfd35/A-B,vps/E-replace-spearman/42aee27ab4fee39c7b4737de/A-B
04d26513bee41f8de98ab49cd97c992b3a0017b0ad91dc428f6066f007ce270c,pc/M-combat-capturePercent/a477667580eb4a6cca4bfd35/B-A,vps/E-replace-spearman/42aee27ab4fee39c7b4737de/B-A
2bc6219638d312265f5c45e3ff80bf6b75c9c3992211780b96db52997872da32,pc/M-combat-capturePercent/9ee1c7b7c3d22f186dea063d/A-B,vps/E-replace-spearman/51b1a872db33e8df96fabb23/A-B
120c55e4f29e4d0105d6cc15c34f2d0b90e315f38cd4336b4554e662eda73d66,pc/M-combat-capturePercent/9ee1c7b7c3d22f186dea063d/B-A,vps/E-replace-spearman/51b1a872db33e8df96fabb23/B-A
4cc7756faf4200e045b276dd9746f81803d06dbd345a04f815c1b28930e8f1c5,pc/M-counter-spearman-soldier/53af060b43ed6bfe92a7fc27/A-B,vps/E-replace-spearman/657980aa19e2a3ed2fc32fe4/A-B
473f29f635d7cddbe224f67088634db9686a5b19e0094a96473b0f27244d2424,pc/M-counter-spearman-soldier/53af060b43ed6bfe92a7fc27/B-A,vps/E-replace-spearman/657980aa19e2a3ed2fc32fe4/B-A
b73591b9f6abc73a280ac0ee1d8386bcade85430256e3f726b2cbcc088927d4b,pc/M-counter-spearman-soldier/2a7ab78a27d49cd7e351e330/A-B,vps/E-replace-spearman/7eab6eff4dbcc285f5a68609/A-B
e86c1609971a59d6f6f7f1964467fd28673b2257a151e6057fcb3bec365002f1,pc/M-counter-spearman-soldier/2a7ab78a27d49cd7e351e330/B-A,vps/E-replace-spearman/7eab6eff4dbcc285f5a68609/B-A
7d7abac10e512ec2c70d5d25a59d0d144ba2b19ce4372cc4f09baf310123eafb,pc/M-combat-capturePercent/15b79b9ef5cbd9e794375476/A-B,vps/E-replace-spearman/9ef2c9b0cdc263402152be1e/A-B
75facca78d59da8acebf5520dc1aec84674008dca00e85ffe5137a6371d683bd,pc/M-combat-capturePercent/15b79b9ef5cbd9e794375476/B-A,vps/E-replace-spearman/9ef2c9b0cdc263402152be1e/B-A
f5eaa97da71df5298d7c5b30554bec43da7311247b6bf61d3299b38dd99ce886,pc/M-combat-capturePercent/80ebf93b386771704cc70bab/A-B,vps/E-replace-spearman/a1c6c0c4a11b67c697c961d3/A-B
6a49a491a5ff72a4b8db0cc1fcd37742813f1f1a76d4b11bb02af21e20d1e1ce,pc/M-combat-capturePercent/80ebf93b386771704cc70bab/B-A,vps/E-replace-spearman/a1c6c0c4a11b67c697c961d3/B-A
d008a6c4cea3edb58d3e49bd4fe6a9dc06177f8442e6495e138e98d884af187e,pc/M-combat-capturePercent/7701dd750551af246ed1b8c5/A-B,vps/E-replace-spearman/a2283a0e836f5582326d8584/A-B
bcbc877f0cf8b1db3ca6328cc8d75854e56dc0b5735561ddaff5ce14c2a229f6,pc/M-combat-capturePercent/7701dd750551af246ed1b8c5/B-A,vps/E-replace-spearman/a2283a0e836f5582326d8584/B-A
2a1d1503a117713d05836a468b6a0d0d39d7d08702d9ca68ffe56c89d6f08704,pc/M-combat-capturePercent/98043342a0f7383cbda2c59d/A-B,vps/E-replace-spearman/a645a93eaa7d3a37ae0160c4/A-B
cdd056f355bfd3009ca6798847f425d092b2fa95fee94cbb9f1b9d30918fd936,pc/M-combat-capturePercent/98043342a0f7383cbda2c59d/B-A,vps/E-replace-spearman/a645a93eaa7d3a37ae0160c4/B-A
647ab88a83aa6f834990989ca24911ddf969595c4a5f5d85e2c151fdaebac92b,pc/M-combat-capturePercent/93f29e181d26c9d16b60ee8b/A-B,vps/E-replace-spearman/ab51c81efb57731b4d3a2cde/A-B
cb5849664fb65ac00466aa61563a1f9baace77ad985b9c02a92e371cf45b1603,pc/M-combat-capturePercent/93f29e181d26c9d16b60ee8b/B-A,vps/E-replace-spearman/ab51c81efb57731b4d3a2cde/B-A
9ca322cb96477f8f2d6b2e7673307285a8c1ac1a2124cfb6ddfbf09efb0d4075,pc/M-combat-capturePercent/48d3967fcd05b8de1e34c2d4/A-B,vps/E-replace-spearman/bfe6eaebc58b46876e799add/A-B
0ef488184d72f1f098ab6566fb80c72140d7078400dd1a9587141fe8b34a13ec,pc/M-combat-capturePercent/48d3967fcd05b8de1e34c2d4/B-A,vps/E-replace-spearman/bfe6eaebc58b46876e799add/B-A
4970d1f6b5265fad201517f3825ff40d79aa8b20306bc545f88c8e11a313708e,pc/M-combat-capturePercent/6aee5ba4cebd035270c43536/A-B,vps/E-replace-spearman/c8abd36e7b984d777a0368d1/A-B
0243eeadabcc14bc5e95fa1b391f9a0fbfc6c55db116c0e75d961227e7785c42,pc/M-combat-capturePercent/6aee5ba4cebd035270c43536/B-A,vps/E-replace-spearman/c8abd36e7b984d777a0368d1/B-A
a5bb96235bf6f9a76b769ff737d8e922df94b0a52f749525853085cd022bf3ef,pc/M-combat-capturePercent/a74b3b7b747bae166c9bbd4d/A-B,vps/E-replace-spearman/deebdda60e8e9206e969fd10/A-B
8a5fbdbf1b558dc200eab97d67343355792afdf24d5bbb0e91f754b86f3a02ef,pc/M-combat-capturePercent/a74b3b7b747bae166c9bbd4d/B-A,vps/E-replace-spearman/deebdda60e8e9206e969fd10/B-A
54b8eb5652e7a14e2d23dbf5a122ee8f8758e3e126c18b1c2077bfe200269275,pc/M-combat-capturePercent/e03c8d62aa94aae4fc0f13f1/A-B,vps/E-replace-spearman/f3fe887bc15ab3dabda3e5cd/A-B
078641e562821c4012d1a24d08878af3f97f45aea622350727a2eb5edcbd524c,pc/M-combat-capturePercent/e03c8d62aa94aae4fc0f13f1/B-A,vps/E-replace-spearman/f3fe887bc15ab3dabda3e5cd/B-A
587a0b6c8fbf92e9e393e63a374c6bdc95fc594470b7c8ee42ee3df5c4a6b8ef,pc/M-combat-capturePercent/1a50bd67feb4ca4f159a4cfe/A-B,vps/E-replace-spearman/f959dc8360e16020f6505609/A-B
cab79020193af6f55744135f0197a1630e3c2215411e9bdd269a836e052ec646,pc/M-combat-capturePercent/1a50bd67feb4ca4f159a4cfe/B-A,vps/E-replace-spearman/f959dc8360e16020f6505609/B-A
ee9e20890d11662504f7fe1e38034c18b966e01cd6c9e5396948c62e4ef00edc,pc/M-combat-capturePercent/1216817fbd021bfb8a800544/A-B,vps/M-unit-archer-capturable-fixed-counts/1216817fbd021bfb8a800544/A-B
6716753b8e8b76b4a64e3b17a97ed8046605bed1f7d8159437110a4c2a02ffa9,pc/M-combat-capturePercent/1216817fbd021bfb8a800544/B-A,vps/M-unit-archer-capturable-fixed-counts/1216817fbd021bfb8a800544/B-A
00f252d5722657943a4cb0718ce0da7e8a4611896fa35ea5621c1322e14ef866,pc/M-combat-capturePercent/54e1d4f2a6e7f51febebdd8e/A-B,vps/M-unit-archer-capturable-fixed-counts/54e1d4f2a6e7f51febebdd8e/A-B
9000dde07f557a8d66b3ea4000e55211bbd45f04e3469db5cbc747249d14ba6c,pc/M-combat-capturePercent/54e1d4f2a6e7f51febebdd8e/B-A,vps/M-unit-archer-capturable-fixed-counts/54e1d4f2a6e7f51febebdd8e/B-A
4597ad24b5a2e47b6a7dce9496a9b6f4b1f246dce33a40845b0982a200fb8806,pc/M-combat-capturePercent/5be07c6fc69f472eef0ee17f/A-B,vps/M-unit-archer-capturable-fixed-counts/5be07c6fc69f472eef0ee17f/A-B
7c1e87a0769464bd834f5d84f3fd33eaf9071aabdb90673a4cec8f5b7383d2cf,pc/M-combat-capturePercent/5be07c6fc69f472eef0ee17f/B-A,vps/M-unit-archer-capturable-fixed-counts/5be07c6fc69f472eef0ee17f/B-A
35be79c5c128b6e4343bfeefa1db2f2aeb0a0150c17aa99303e7622a603c351b,pc/M-combat-capturePercent/7498c9f948922906239ad8d6/A-B,vps/M-unit-archer-capturable-fixed-counts/7498c9f948922906239ad8d6/A-B
49d4b23c42e173b1bcdc7cd48f22932e3a82504dd30129431f21b83876d94cb2,pc/M-combat-capturePercent/7498c9f948922906239ad8d6/B-A,vps/M-unit-archer-capturable-fixed-counts/7498c9f948922906239ad8d6/B-A
d008a6c4cea3edb58d3e49bd4fe6a9dc06177f8442e6495e138e98d884af187e,pc/M-combat-capturePercent/7701dd750551af246ed1b8c5/A-B,vps/M-unit-archer-capturable-fixed-counts/7701dd750551af246ed1b8c5/A-B
bcbc877f0cf8b1db3ca6328cc8d75854e56dc0b5735561ddaff5ce14c2a229f6,pc/M-combat-capturePercent/7701dd750551af246ed1b8c5/B-A,vps/M-unit-archer-capturable-fixed-counts/7701dd750551af246ed1b8c5/B-A
3d79ed5983c89d0022c51a128734a7b36a8941c07b48f432dd6f260a0059cec7,pc/M-combat-capturePercent/9a1ddda43134d9061057be59/A-B,vps/M-unit-archer-capturable-fixed-counts/9a1ddda43134d9061057be59/A-B
b539cabaf72f26f266d867628052db7ffc7cfa333da902e943ce8bd34a752c17,pc/M-combat-capturePercent/9a1ddda43134d9061057be59/B-A,vps/M-unit-archer-capturable-fixed-counts/9a1ddda43134d9061057be59/B-A
a5bb96235bf6f9a76b769ff737d8e922df94b0a52f749525853085cd022bf3ef,pc/M-combat-capturePercent/a74b3b7b747bae166c9bbd4d/A-B,vps/M-unit-archer-capturable-fixed-counts/a74b3b7b747bae166c9bbd4d/A-B
8a5fbdbf1b558dc200eab97d67343355792afdf24d5bbb0e91f754b86f3a02ef,pc/M-combat-capturePercent/a74b3b7b747bae166c9bbd4d/B-A,vps/M-unit-archer-capturable-fixed-counts/a74b3b7b747bae166c9bbd4d/B-A
a5cef95da0740171d974b1b8238a058e26fade3fe8a8f09d6de3182d2fb25476,pc/M-combat-capturePercent/ac748b9a7bbadd1b4ccb3da4/A-B,vps/M-unit-archer-capturable-fixed-counts/ac748b9a7bbadd1b4ccb3da4/A-B
22588da900fbea8c00b87d769132d035359f1c3deae9b763847a866d744b79ff,pc/M-combat-capturePercent/ac748b9a7bbadd1b4ccb3da4/B-A,vps/M-unit-archer-capturable-fixed-counts/ac748b9a7bbadd1b4ccb3da4/B-A
4227f054b87e527b1d1b0274ed1998e330c5df10704580221a9b575b4a8798c6,pc/M-combat-capturePercent/b4b94da886e061c92142841a/A-B,vps/M-unit-archer-capturable-fixed-counts/b4b94da886e061c92142841a/A-B
ed29d7971438fc1a049999694ca61a2424e52dc6124815c6cadb6b6c1daaffd8,pc/M-combat-capturePercent/b4b94da886e061c92142841a/B-A,vps/M-unit-archer-capturable-fixed-counts/b4b94da886e061c92142841a/B-A
6b4a529fbc125b23882833e0aed634bec1b5f0b2174c3e7ece269e3168b0f82f,pc/M-combat-capturePercent/c88b855645bc720b498875d2/A-B,vps/M-unit-archer-capturable-fixed-counts/c88b855645bc720b498875d2/A-B
7e4672019367fb02f1f4413e94829b3f5c23d2fa9d1ba5802105a04a62fdf6a1,pc/M-combat-capturePercent/c88b855645bc720b498875d2/B-A,vps/M-unit-archer-capturable-fixed-counts/c88b855645bc720b498875d2/B-A
54b8eb5652e7a14e2d23dbf5a122ee8f8758e3e126c18b1c2077bfe200269275,pc/M-combat-capturePercent/e03c8d62aa94aae4fc0f13f1/A-B,vps/M-unit-archer-capturable-fixed-counts/e03c8d62aa94aae4fc0f13f1/A-B
078641e562821c4012d1a24d08878af3f97f45aea622350727a2eb5edcbd524c,pc/M-combat-capturePercent/e03c8d62aa94aae4fc0f13f1/B-A,vps/M-unit-archer-capturable-fixed-counts/e03c8d62aa94aae4fc0f13f1/B-A
092ff6440ba52367b900849f38396771039917fdafcad50e5a9b3669a0a1a448,pc/M-combat-capturePercent/f78c1d62cca9f23dba9520f5/A-B,vps/M-unit-archer-capturable-fixed-counts/f78c1d62cca9f23dba9520f5/A-B
40e5890746cdbe0ba659fc1854a9e8c3218947407cf39f571ec0b4f63dfcca5c,pc/M-combat-capturePercent/f78c1d62cca9f23dba9520f5/B-A,vps/M-unit-archer-capturable-fixed-counts/f78c1d62cca9f23dba9520f5/B-A
4597ad24b5a2e47b6a7dce9496a9b6f4b1f246dce33a40845b0982a200fb8806,pc/M-combat-capturePercent/5be07c6fc69f472eef0ee17f/A-B,vps/M-unit-archer-cost-fixed-budget/02f93e06b10bf00d02ab7c6d/A-B
7c1e87a0769464bd834f5d84f3fd33eaf9071aabdb90673a4cec8f5b7383d2cf,pc/M-combat-capturePercent/5be07c6fc69f472eef0ee17f/B-A,vps/M-unit-archer-cost-fixed-budget/02f93e06b10bf00d02ab7c6d/B-A
00f252d5722657943a4cb0718ce0da7e8a4611896fa35ea5621c1322e14ef866,pc/M-combat-capturePercent/54e1d4f2a6e7f51febebdd8e/A-B,vps/M-unit-archer-cost-fixed-budget/2d6a059e6e3e5d4e1938facc/A-B
9000dde07f557a8d66b3ea4000e55211bbd45f04e3469db5cbc747249d14ba6c,pc/M-combat-capturePercent/54e1d4f2a6e7f51febebdd8e/B-A,vps/M-unit-archer-cost-fixed-budget/2d6a059e6e3e5d4e1938facc/B-A
a5cef95da0740171d974b1b8238a058e26fade3fe8a8f09d6de3182d2fb25476,pc/M-combat-capturePercent/ac748b9a7bbadd1b4ccb3da4/A-B,vps/M-unit-archer-cost-fixed-budget/44e54e00710166b92be8c8d8/A-B
22588da900fbea8c00b87d769132d035359f1c3deae9b763847a866d744b79ff,pc/M-combat-capturePercent/ac748b9a7bbadd1b4ccb3da4/B-A,vps/M-unit-archer-cost-fixed-budget/44e54e00710166b92be8c8d8/B-A
6b4a529fbc125b23882833e0aed634bec1b5f0b2174c3e7ece269e3168b0f82f,pc/M-combat-capturePercent/c88b855645bc720b498875d2/A-B,vps/M-unit-archer-cost-fixed-budget/4fbb82be45aefc382acbeaef/A-B
7e4672019367fb02f1f4413e94829b3f5c23d2fa9d1ba5802105a04a62fdf6a1,pc/M-combat-capturePercent/c88b855645bc720b498875d2/B-A,vps/M-unit-archer-cost-fixed-budget/4fbb82be45aefc382acbeaef/B-A
ee9e20890d11662504f7fe1e38034c18b966e01cd6c9e5396948c62e4ef00edc,pc/M-combat-capturePercent/1216817fbd021bfb8a800544/A-B,vps/M-unit-archer-cost-fixed-budget/5681db895ba554c984b505f5/A-B
6716753b8e8b76b4a64e3b17a97ed8046605bed1f7d8159437110a4c2a02ffa9,pc/M-combat-capturePercent/1216817fbd021bfb8a800544/B-A,vps/M-unit-archer-cost-fixed-budget/5681db895ba554c984b505f5/B-A
3d79ed5983c89d0022c51a128734a7b36a8941c07b48f432dd6f260a0059cec7,pc/M-combat-capturePercent/9a1ddda43134d9061057be59/A-B,vps/M-unit-archer-cost-fixed-budget/6ee739e25200820057718a19/A-B
b539cabaf72f26f266d867628052db7ffc7cfa333da902e943ce8bd34a752c17,pc/M-combat-capturePercent/9a1ddda43134d9061057be59/B-A,vps/M-unit-archer-cost-fixed-budget/6ee739e25200820057718a19/B-A
a5bb96235bf6f9a76b769ff737d8e922df94b0a52f749525853085cd022bf3ef,pc/M-combat-capturePercent/a74b3b7b747bae166c9bbd4d/A-B,vps/M-unit-archer-cost-fixed-budget/7381858932d41d6ad10468d9/A-B
8a5fbdbf1b558dc200eab97d67343355792afdf24d5bbb0e91f754b86f3a02ef,pc/M-combat-capturePercent/a74b3b7b747bae166c9bbd4d/B-A,vps/M-unit-archer-cost-fixed-budget/7381858932d41d6ad10468d9/B-A
54b8eb5652e7a14e2d23dbf5a122ee8f8758e3e126c18b1c2077bfe200269275,pc/M-combat-capturePercent/e03c8d62aa94aae4fc0f13f1/A-B,vps/M-unit-archer-cost-fixed-budget/784540a28b255b12e68fd3da/A-B
078641e562821c4012d1a24d08878af3f97f45aea622350727a2eb5edcbd524c,pc/M-combat-capturePercent/e03c8d62aa94aae4fc0f13f1/B-A,vps/M-unit-archer-cost-fixed-budget/784540a28b255b12e68fd3da/B-A
092ff6440ba52367b900849f38396771039917fdafcad50e5a9b3669a0a1a448,pc/M-combat-capturePercent/f78c1d62cca9f23dba9520f5/A-B,vps/M-unit-archer-cost-fixed-budget/b205550bebd3060b76db9ddc/A-B
40e5890746cdbe0ba659fc1854a9e8c3218947407cf39f571ec0b4f63dfcca5c,pc/M-combat-capturePercent/f78c1d62cca9f23dba9520f5/B-A,vps/M-unit-archer-cost-fixed-budget/b205550bebd3060b76db9ddc/B-A
4227f054b87e527b1d1b0274ed1998e330c5df10704580221a9b575b4a8798c6,pc/M-combat-capturePercent/b4b94da886e061c92142841a/A-B,vps/M-unit-archer-cost-fixed-budget/b696437061ac9d351ce6a092/A-B
ed29d7971438fc1a049999694ca61a2424e52dc6124815c6cadb6b6c1daaffd8,pc/M-combat-capturePercent/b4b94da886e061c92142841a/B-A,vps/M-unit-archer-cost-fixed-budget/b696437061ac9d351ce6a092/B-A
d008a6c4cea3edb58d3e49bd4fe6a9dc06177f8442e6495e138e98d884af187e,pc/M-combat-capturePercent/7701dd750551af246ed1b8c5/A-B,vps/M-unit-archer-cost-fixed-budget/be0b1f0c489b1f1f5d896a79/A-B
bcbc877f0cf8b1db3ca6328cc8d75854e56dc0b5735561ddaff5ce14c2a229f6,pc/M-combat-capturePercent/7701dd750551af246ed1b8c5/B-A,vps/M-unit-archer-cost-fixed-budget/be0b1f0c489b1f1f5d896a79/B-A
35be79c5c128b6e4343bfeefa1db2f2aeb0a0150c17aa99303e7622a603c351b,pc/M-combat-capturePercent/7498c9f948922906239ad8d6/A-B,vps/M-unit-archer-cost-fixed-budget/ea2c2059350c5f9ea9b696ab/A-B
49d4b23c42e173b1bcdc7cd48f22932e3a82504dd30129431f21b83876d94cb2,pc/M-combat-capturePercent/7498c9f948922906239ad8d6/B-A,vps/M-unit-archer-cost-fixed-budget/ea2c2059350c5f9ea9b696ab/B-A
ee9e20890d11662504f7fe1e38034c18b966e01cd6c9e5396948c62e4ef00edc,pc/M-combat-capturePercent/1216817fbd021bfb8a800544/A-B,vps/M-unit-archer-cost-fixed-counts/1216817fbd021bfb8a800544/A-B
6716753b8e8b76b4a64e3b17a97ed8046605bed1f7d8159437110a4c2a02ffa9,pc/M-combat-capturePercent/1216817fbd021bfb8a800544/B-A,vps/M-unit-archer-cost-fixed-counts/1216817fbd021bfb8a800544/B-A
00f252d5722657943a4cb0718ce0da7e8a4611896fa35ea5621c1322e14ef866,pc/M-combat-capturePercent/54e1d4f2a6e7f51febebdd8e/A-B,vps/M-unit-archer-cost-fixed-counts/54e1d4f2a6e7f51febebdd8e/A-B
9000dde07f557a8d66b3ea4000e55211bbd45f04e3469db5cbc747249d14ba6c,pc/M-combat-capturePercent/54e1d4f2a6e7f51febebdd8e/B-A,vps/M-unit-archer-cost-fixed-counts/54e1d4f2a6e7f51febebdd8e/B-A
4597ad24b5a2e47b6a7dce9496a9b6f4b1f246dce33a40845b0982a200fb8806,pc/M-combat-capturePercent/5be07c6fc69f472eef0ee17f/A-B,vps/M-unit-archer-cost-fixed-counts/5be07c6fc69f472eef0ee17f/A-B
7c1e87a0769464bd834f5d84f3fd33eaf9071aabdb90673a4cec8f5b7383d2cf,pc/M-combat-capturePercent/5be07c6fc69f472eef0ee17f/B-A,vps/M-unit-archer-cost-fixed-counts/5be07c6fc69f472eef0ee17f/B-A
35be79c5c128b6e4343bfeefa1db2f2aeb0a0150c17aa99303e7622a603c351b,pc/M-combat-capturePercent/7498c9f948922906239ad8d6/A-B,vps/M-unit-archer-cost-fixed-counts/7498c9f948922906239ad8d6/A-B
49d4b23c42e173b1bcdc7cd48f22932e3a82504dd30129431f21b83876d94cb2,pc/M-combat-capturePercent/7498c9f948922906239ad8d6/B-A,vps/M-unit-archer-cost-fixed-counts/7498c9f948922906239ad8d6/B-A
d008a6c4cea3edb58d3e49bd4fe6a9dc06177f8442e6495e138e98d884af187e,pc/M-combat-capturePercent/7701dd750551af246ed1b8c5/A-B,vps/M-unit-archer-cost-fixed-counts/7701dd750551af246ed1b8c5/A-B
bcbc877f0cf8b1db3ca6328cc8d75854e56dc0b5735561ddaff5ce14c2a229f6,pc/M-combat-capturePercent/7701dd750551af246ed1b8c5/B-A,vps/M-unit-archer-cost-fixed-counts/7701dd750551af246ed1b8c5/B-A
3d79ed5983c89d0022c51a128734a7b36a8941c07b48f432dd6f260a0059cec7,pc/M-combat-capturePercent/9a1ddda43134d9061057be59/A-B,vps/M-unit-archer-cost-fixed-counts/9a1ddda43134d9061057be59/A-B
b539cabaf72f26f266d867628052db7ffc7cfa333da902e943ce8bd34a752c17,pc/M-combat-capturePercent/9a1ddda43134d9061057be59/B-A,vps/M-unit-archer-cost-fixed-counts/9a1ddda43134d9061057be59/B-A
a5bb96235bf6f9a76b769ff737d8e922df94b0a52f749525853085cd022bf3ef,pc/M-combat-capturePercent/a74b3b7b747bae166c9bbd4d/A-B,vps/M-unit-archer-cost-fixed-counts/a74b3b7b747bae166c9bbd4d/A-B
8a5fbdbf1b558dc200eab97d67343355792afdf24d5bbb0e91f754b86f3a02ef,pc/M-combat-capturePercent/a74b3b7b747bae166c9bbd4d/B-A,vps/M-unit-archer-cost-fixed-counts/a74b3b7b747bae166c9bbd4d/B-A
a5cef95da0740171d974b1b8238a058e26fade3fe8a8f09d6de3182d2fb25476,pc/M-combat-capturePercent/ac748b9a7bbadd1b4ccb3da4/A-B,vps/M-unit-archer-cost-fixed-counts/ac748b9a7bbadd1b4ccb3da4/A-B
22588da900fbea8c00b87d769132d035359f1c3deae9b763847a866d744b79ff,pc/M-combat-capturePercent/ac748b9a7bbadd1b4ccb3da4/B-A,vps/M-unit-archer-cost-fixed-counts/ac748b9a7bbadd1b4ccb3da4/B-A
4227f054b87e527b1d1b0274ed1998e330c5df10704580221a9b575b4a8798c6,pc/M-combat-capturePercent/b4b94da886e061c92142841a/A-B,vps/M-unit-archer-cost-fixed-counts/b4b94da886e061c92142841a/A-B
ed29d7971438fc1a049999694ca61a2424e52dc6124815c6cadb6b6c1daaffd8,pc/M-combat-capturePercent/b4b94da886e061c92142841a/B-A,vps/M-unit-archer-cost-fixed-counts/b4b94da886e061c92142841a/B-A
6b4a529fbc125b23882833e0aed634bec1b5f0b2174c3e7ece269e3168b0f82f,pc/M-combat-capturePercent/c88b855645bc720b498875d2/A-B,vps/M-unit-archer-cost-fixed-counts/c88b855645bc720b498875d2/A-B
7e4672019367fb02f1f4413e94829b3f5c23d2fa9d1ba5802105a04a62fdf6a1,pc/M-combat-capturePercent/c88b855645bc720b498875d2/B-A,vps/M-unit-archer-cost-fixed-counts/c88b855645bc720b498875d2/B-A
54b8eb5652e7a14e2d23dbf5a122ee8f8758e3e126c18b1c2077bfe200269275,pc/M-combat-capturePercent/e03c8d62aa94aae4fc0f13f1/A-B,vps/M-unit-archer-cost-fixed-counts/e03c8d62aa94aae4fc0f13f1/A-B
078641e562821c4012d1a24d08878af3f97f45aea622350727a2eb5edcbd524c,pc/M-combat-capturePercent/e03c8d62aa94aae4fc0f13f1/B-A,vps/M-unit-archer-cost-fixed-counts/e03c8d62aa94aae4fc0f13f1/B-A
092ff6440ba52367b900849f38396771039917fdafcad50e5a9b3669a0a1a448,pc/M-combat-capturePercent/f78c1d62cca9f23dba9520f5/A-B,vps/M-unit-archer-cost-fixed-counts/f78c1d62cca9f23dba9520f5/A-B
40e5890746cdbe0ba659fc1854a9e8c3218947407cf39f571ec0b4f63dfcca5c,pc/M-combat-capturePercent/f78c1d62cca9f23dba9520f5/B-A,vps/M-unit-archer-cost-fixed-counts/f78c1d62cca9f23dba9520f5/B-A
ee9e20890d11662504f7fe1e38034c18b966e01cd6c9e5396948c62e4ef00edc,pc/M-combat-capturePercent/1216817fbd021bfb8a800544/A-B,vps/M-unit-archer-defendingEfficiency-fixed-counts/1216817fbd021bfb8a800544/A-B
6716753b8e8b76b4a64e3b17a97ed8046605bed1f7d8159437110a4c2a02ffa9,pc/M-combat-capturePercent/1216817fbd021bfb8a800544/B-A,vps/M-unit-archer-defendingEfficiency-fixed-counts/1216817fbd021bfb8a800544/B-A
00f252d5722657943a4cb0718ce0da7e8a4611896fa35ea5621c1322e14ef866,pc/M-combat-capturePercent/54e1d4f2a6e7f51febebdd8e/A-B,vps/M-unit-archer-defendingEfficiency-fixed-counts/54e1d4f2a6e7f51febebdd8e/A-B
9000dde07f557a8d66b3ea4000e55211bbd45f04e3469db5cbc747249d14ba6c,pc/M-combat-capturePercent/54e1d4f2a6e7f51febebdd8e/B-A,vps/M-unit-archer-defendingEfficiency-fixed-counts/54e1d4f2a6e7f51febebdd8e/B-A
4597ad24b5a2e47b6a7dce9496a9b6f4b1f246dce33a40845b0982a200fb8806,pc/M-combat-capturePercent/5be07c6fc69f472eef0ee17f/A-B,vps/M-unit-archer-defendingEfficiency-fixed-counts/5be07c6fc69f472eef0ee17f/A-B
7c1e87a0769464bd834f5d84f3fd33eaf9071aabdb90673a4cec8f5b7383d2cf,pc/M-combat-capturePercent/5be07c6fc69f472eef0ee17f/B-A,vps/M-unit-archer-defendingEfficiency-fixed-counts/5be07c6fc69f472eef0ee17f/B-A
35be79c5c128b6e4343bfeefa1db2f2aeb0a0150c17aa99303e7622a603c351b,pc/M-combat-capturePercent/7498c9f948922906239ad8d6/A-B,vps/M-unit-archer-defendingEfficiency-fixed-counts/7498c9f948922906239ad8d6/A-B
49d4b23c42e173b1bcdc7cd48f22932e3a82504dd30129431f21b83876d94cb2,pc/M-combat-capturePercent/7498c9f948922906239ad8d6/B-A,vps/M-unit-archer-defendingEfficiency-fixed-counts/7498c9f948922906239ad8d6/B-A
d008a6c4cea3edb58d3e49bd4fe6a9dc06177f8442e6495e138e98d884af187e,pc/M-combat-capturePercent/7701dd750551af246ed1b8c5/A-B,vps/M-unit-archer-defendingEfficiency-fixed-counts/7701dd750551af246ed1b8c5/A-B
bcbc877f0cf8b1db3ca6328cc8d75854e56dc0b5735561ddaff5ce14c2a229f6,pc/M-combat-capturePercent/7701dd750551af246ed1b8c5/B-A,vps/M-unit-archer-defendingEfficiency-fixed-counts/7701dd750551af246ed1b8c5/B-A
3d79ed5983c89d0022c51a128734a7b36a8941c07b48f432dd6f260a0059cec7,pc/M-combat-capturePercent/9a1ddda43134d9061057be59/A-B,vps/M-unit-archer-defendingEfficiency-fixed-counts/9a1ddda43134d9061057be59/A-B
b539cabaf72f26f266d867628052db7ffc7cfa333da902e943ce8bd34a752c17,pc/M-combat-capturePercent/9a1ddda43134d9061057be59/B-A,vps/M-unit-archer-defendingEfficiency-fixed-counts/9a1ddda43134d9061057be59/B-A
a5bb96235bf6f9a76b769ff737d8e922df94b0a52f749525853085cd022bf3ef,pc/M-combat-capturePercent/a74b3b7b747bae166c9bbd4d/A-B,vps/M-unit-archer-defendingEfficiency-fixed-counts/a74b3b7b747bae166c9bbd4d/A-B
8a5fbdbf1b558dc200eab97d67343355792afdf24d5bbb0e91f754b86f3a02ef,pc/M-combat-capturePercent/a74b3b7b747bae166c9bbd4d/B-A,vps/M-unit-archer-defendingEfficiency-fixed-counts/a74b3b7b747bae166c9bbd4d/B-A
a5cef95da0740171d974b1b8238a058e26fade3fe8a8f09d6de3182d2fb25476,pc/M-combat-capturePercent/ac748b9a7bbadd1b4ccb3da4/A-B,vps/M-unit-archer-defendingEfficiency-fixed-counts/ac748b9a7bbadd1b4ccb3da4/A-B
22588da900fbea8c00b87d769132d035359f1c3deae9b763847a866d744b79ff,pc/M-combat-capturePercent/ac748b9a7bbadd1b4ccb3da4/B-A,vps/M-unit-archer-defendingEfficiency-fixed-counts/ac748b9a7bbadd1b4ccb3da4/B-A
4227f054b87e527b1d1b0274ed1998e330c5df10704580221a9b575b4a8798c6,pc/M-combat-capturePercent/b4b94da886e061c92142841a/A-B,vps/M-unit-archer-defendingEfficiency-fixed-counts/b4b94da886e061c92142841a/A-B
ed29d7971438fc1a049999694ca61a2424e52dc6124815c6cadb6b6c1daaffd8,pc/M-combat-capturePercent/b4b94da886e061c92142841a/B-A,vps/M-unit-archer-defendingEfficiency-fixed-counts/b4b94da886e061c92142841a/B-A
6b4a529fbc125b23882833e0aed634bec1b5f0b2174c3e7ece269e3168b0f82f,pc/M-combat-capturePercent/c88b855645bc720b498875d2/A-B,vps/M-unit-archer-defendingEfficiency-fixed-counts/c88b855645bc720b498875d2/A-B
7e4672019367fb02f1f4413e94829b3f5c23d2fa9d1ba5802105a04a62fdf6a1,pc/M-combat-capturePercent/c88b855645bc720b498875d2/B-A,vps/M-unit-archer-defendingEfficiency-fixed-counts/c88b855645bc720b498875d2/B-A
54b8eb5652e7a14e2d23dbf5a122ee8f8758e3e126c18b1c2077bfe200269275,pc/M-combat-capturePercent/e03c8d62aa94aae4fc0f13f1/A-B,vps/M-unit-archer-defendingEfficiency-fixed-counts/e03c8d62aa94aae4fc0f13f1/A-B
078641e562821c4012d1a24d08878af3f97f45aea622350727a2eb5edcbd524c,pc/M-combat-capturePercent/e03c8d62aa94aae4fc0f13f1/B-A,vps/M-unit-archer-defendingEfficiency-fixed-counts/e03c8d62aa94aae4fc0f13f1/B-A
092ff6440ba52367b900849f38396771039917fdafcad50e5a9b3669a0a1a448,pc/M-combat-capturePercent/f78c1d62cca9f23dba9520f5/A-B,vps/M-unit-archer-defendingEfficiency-fixed-counts/f78c1d62cca9f23dba9520f5/A-B
40e5890746cdbe0ba659fc1854a9e8c3218947407cf39f571ec0b4f63dfcca5c,pc/M-combat-capturePercent/f78c1d62cca9f23dba9520f5/B-A,vps/M-unit-archer-defendingEfficiency-fixed-counts/f78c1d62cca9f23dba9520f5/B-A
ee9e20890d11662504f7fe1e38034c18b966e01cd6c9e5396948c62e4ef00edc,pc/M-combat-capturePercent/1216817fbd021bfb8a800544/A-B,vps/M-unit-archer-strikesPerAttack-fixed-counts/1216817fbd021bfb8a800544/A-B
6716753b8e8b76b4a64e3b17a97ed8046605bed1f7d8159437110a4c2a02ffa9,pc/M-combat-capturePercent/1216817fbd021bfb8a800544/B-A,vps/M-unit-archer-strikesPerAttack-fixed-counts/1216817fbd021bfb8a800544/B-A
00f252d5722657943a4cb0718ce0da7e8a4611896fa35ea5621c1322e14ef866,pc/M-combat-capturePercent/54e1d4f2a6e7f51febebdd8e/A-B,vps/M-unit-archer-strikesPerAttack-fixed-counts/54e1d4f2a6e7f51febebdd8e/A-B
9000dde07f557a8d66b3ea4000e55211bbd45f04e3469db5cbc747249d14ba6c,pc/M-combat-capturePercent/54e1d4f2a6e7f51febebdd8e/B-A,vps/M-unit-archer-strikesPerAttack-fixed-counts/54e1d4f2a6e7f51febebdd8e/B-A
4597ad24b5a2e47b6a7dce9496a9b6f4b1f246dce33a40845b0982a200fb8806,pc/M-combat-capturePercent/5be07c6fc69f472eef0ee17f/A-B,vps/M-unit-archer-strikesPerAttack-fixed-counts/5be07c6fc69f472eef0ee17f/A-B
7c1e87a0769464bd834f5d84f3fd33eaf9071aabdb90673a4cec8f5b7383d2cf,pc/M-combat-capturePercent/5be07c6fc69f472eef0ee17f/B-A,vps/M-unit-archer-strikesPerAttack-fixed-counts/5be07c6fc69f472eef0ee17f/B-A
35be79c5c128b6e4343bfeefa1db2f2aeb0a0150c17aa99303e7622a603c351b,pc/M-combat-capturePercent/7498c9f948922906239ad8d6/A-B,vps/M-unit-archer-strikesPerAttack-fixed-counts/7498c9f948922906239ad8d6/A-B
49d4b23c42e173b1bcdc7cd48f22932e3a82504dd30129431f21b83876d94cb2,pc/M-combat-capturePercent/7498c9f948922906239ad8d6/B-A,vps/M-unit-archer-strikesPerAttack-fixed-counts/7498c9f948922906239ad8d6/B-A
d008a6c4cea3edb58d3e49bd4fe6a9dc06177f8442e6495e138e98d884af187e,pc/M-combat-capturePercent/7701dd750551af246ed1b8c5/A-B,vps/M-unit-archer-strikesPerAttack-fixed-counts/7701dd750551af246ed1b8c5/A-B
bcbc877f0cf8b1db3ca6328cc8d75854e56dc0b5735561ddaff5ce14c2a229f6,pc/M-combat-capturePercent/7701dd750551af246ed1b8c5/B-A,vps/M-unit-archer-strikesPerAttack-fixed-counts/7701dd750551af246ed1b8c5/B-A
3d79ed5983c89d0022c51a128734a7b36a8941c07b48f432dd6f260a0059cec7,pc/M-combat-capturePercent/9a1ddda43134d9061057be59/A-B,vps/M-unit-archer-strikesPerAttack-fixed-counts/9a1ddda43134d9061057be59/A-B
b539cabaf72f26f266d867628052db7ffc7cfa333da902e943ce8bd34a752c17,pc/M-combat-capturePercent/9a1ddda43134d9061057be59/B-A,vps/M-unit-archer-strikesPerAttack-fixed-counts/9a1ddda43134d9061057be59/B-A
a5bb96235bf6f9a76b769ff737d8e922df94b0a52f749525853085cd022bf3ef,pc/M-combat-capturePercent/a74b3b7b747bae166c9bbd4d/A-B,vps/M-unit-archer-strikesPerAttack-fixed-counts/a74b3b7b747bae166c9bbd4d/A-B
8a5fbdbf1b558dc200eab97d67343355792afdf24d5bbb0e91f754b86f3a02ef,pc/M-combat-capturePercent/a74b3b7b747bae166c9bbd4d/B-A,vps/M-unit-archer-strikesPerAttack-fixed-counts/a74b3b7b747bae166c9bbd4d/B-A
a5cef95da0740171d974b1b8238a058e26fade3fe8a8f09d6de3182d2fb25476,pc/M-combat-capturePercent/ac748b9a7bbadd1b4ccb3da4/A-B,vps/M-unit-archer-strikesPerAttack-fixed-counts/ac748b9a7bbadd1b4ccb3da4/A-B
22588da900fbea8c00b87d769132d035359f1c3deae9b763847a866d744b79ff,pc/M-combat-capturePercent/ac748b9a7bbadd1b4ccb3da4/B-A,vps/M-unit-archer-strikesPerAttack-fixed-counts/ac748b9a7bbadd1b4ccb3da4/B-A
4227f054b87e527b1d1b0274ed1998e330c5df10704580221a9b575b4a8798c6,pc/M-combat-capturePercent/b4b94da886e061c92142841a/A-B,vps/M-unit-archer-strikesPerAttack-fixed-counts/b4b94da886e061c92142841a/A-B
ed29d7971438fc1a049999694ca61a2424e52dc6124815c6cadb6b6c1daaffd8,pc/M-combat-capturePercent/b4b94da886e061c92142841a/B-A,vps/M-unit-archer-strikesPerAttack-fixed-counts/b4b94da886e061c92142841a/B-A
6b4a529fbc125b23882833e0aed634bec1b5f0b2174c3e7ece269e3168b0f82f,pc/M-combat-capturePercent/c88b855645bc720b498875d2/A-B,vps/M-unit-archer-strikesPerAttack-fixed-counts/c88b855645bc720b498875d2/A-B
7e4672019367fb02f1f4413e94829b3f5c23d2fa9d1ba5802105a04a62fdf6a1,pc/M-combat-capturePercent/c88b855645bc720b498875d2/B-A,vps/M-unit-archer-strikesPerAttack-fixed-counts/c88b855645bc720b498875d2/B-A
54b8eb5652e7a14e2d23dbf5a122ee8f8758e3e126c18b1c2077bfe200269275,pc/M-combat-capturePercent/e03c8d62aa94aae4fc0f13f1/A-B,vps/M-unit-archer-strikesPerAttack-fixed-counts/e03c8d62aa94aae4fc0f13f1/A-B
078641e562821c4012d1a24d08878af3f97f45aea622350727a2eb5edcbd524c,pc/M-combat-capturePercent/e03c8d62aa94aae4fc0f13f1/B-A,vps/M-unit-archer-strikesPerAttack-fixed-counts/e03c8d62aa94aae4fc0f13f1/B-A
092ff6440ba52367b900849f38396771039917fdafcad50e5a9b3669a0a1a448,pc/M-combat-capturePercent/f78c1d62cca9f23dba9520f5/A-B,vps/M-unit-archer-strikesPerAttack-fixed-counts/f78c1d62cca9f23dba9520f5/A-B
40e5890746cdbe0ba659fc1854a9e8c3218947407cf39f571ec0b4f63dfcca5c,pc/M-combat-capturePercent/f78c1d62cca9f23dba9520f5/B-A,vps/M-unit-archer-strikesPerAttack-fixed-counts/f78c1d62cca9f23dba9520f5/B-A
ee9e20890d11662504f7fe1e38034c18b966e01cd6c9e5396948c62e4ef00edc,pc/M-combat-capturePercent/1216817fbd021bfb8a800544/A-B,vps/M-unit-archer-structure-fixed-counts/1216817fbd021bfb8a800544/A-B
6716753b8e8b76b4a64e3b17a97ed8046605bed1f7d8159437110a4c2a02ffa9,pc/M-combat-capturePercent/1216817fbd021bfb8a800544/B-A,vps/M-unit-archer-structure-fixed-counts/1216817fbd021bfb8a800544/B-A
00f252d5722657943a4cb0718ce0da7e8a4611896fa35ea5621c1322e14ef866,pc/M-combat-capturePercent/54e1d4f2a6e7f51febebdd8e/A-B,vps/M-unit-archer-structure-fixed-counts/54e1d4f2a6e7f51febebdd8e/A-B
9000dde07f557a8d66b3ea4000e55211bbd45f04e3469db5cbc747249d14ba6c,pc/M-combat-capturePercent/54e1d4f2a6e7f51febebdd8e/B-A,vps/M-unit-archer-structure-fixed-counts/54e1d4f2a6e7f51febebdd8e/B-A
4597ad24b5a2e47b6a7dce9496a9b6f4b1f246dce33a40845b0982a200fb8806,pc/M-combat-capturePercent/5be07c6fc69f472eef0ee17f/A-B,vps/M-unit-archer-structure-fixed-counts/5be07c6fc69f472eef0ee17f/A-B
7c1e87a0769464bd834f5d84f3fd33eaf9071aabdb90673a4cec8f5b7383d2cf,pc/M-combat-capturePercent/5be07c6fc69f472eef0ee17f/B-A,vps/M-unit-archer-structure-fixed-counts/5be07c6fc69f472eef0ee17f/B-A
35be79c5c128b6e4343bfeefa1db2f2aeb0a0150c17aa99303e7622a603c351b,pc/M-combat-capturePercent/7498c9f948922906239ad8d6/A-B,vps/M-unit-archer-structure-fixed-counts/7498c9f948922906239ad8d6/A-B
49d4b23c42e173b1bcdc7cd48f22932e3a82504dd30129431f21b83876d94cb2,pc/M-combat-capturePercent/7498c9f948922906239ad8d6/B-A,vps/M-unit-archer-structure-fixed-counts/7498c9f948922906239ad8d6/B-A
d008a6c4cea3edb58d3e49bd4fe6a9dc06177f8442e6495e138e98d884af187e,pc/M-combat-capturePercent/7701dd750551af246ed1b8c5/A-B,vps/M-unit-archer-structure-fixed-counts/7701dd750551af246ed1b8c5/A-B
bcbc877f0cf8b1db3ca6328cc8d75854e56dc0b5735561ddaff5ce14c2a229f6,pc/M-combat-capturePercent/7701dd750551af246ed1b8c5/B-A,vps/M-unit-archer-structure-fixed-counts/7701dd750551af246ed1b8c5/B-A
3d79ed5983c89d0022c51a128734a7b36a8941c07b48f432dd6f260a0059cec7,pc/M-combat-capturePercent/9a1ddda43134d9061057be59/A-B,vps/M-unit-archer-structure-fixed-counts/9a1ddda43134d9061057be59/A-B
b539cabaf72f26f266d867628052db7ffc7cfa333da902e943ce8bd34a752c17,pc/M-combat-capturePercent/9a1ddda43134d9061057be59/B-A,vps/M-unit-archer-structure-fixed-counts/9a1ddda43134d9061057be59/B-A
a5bb96235bf6f9a76b769ff737d8e922df94b0a52f749525853085cd022bf3ef,pc/M-combat-capturePercent/a74b3b7b747bae166c9bbd4d/A-B,vps/M-unit-archer-structure-fixed-counts/a74b3b7b747bae166c9bbd4d/A-B
8a5fbdbf1b558dc200eab97d67343355792afdf24d5bbb0e91f754b86f3a02ef,pc/M-combat-capturePercent/a74b3b7b747bae166c9bbd4d/B-A,vps/M-unit-archer-structure-fixed-counts/a74b3b7b747bae166c9bbd4d/B-A
a5cef95da0740171d974b1b8238a058e26fade3fe8a8f09d6de3182d2fb25476,pc/M-combat-capturePercent/ac748b9a7bbadd1b4ccb3da4/A-B,vps/M-unit-archer-structure-fixed-counts/ac748b9a7bbadd1b4ccb3da4/A-B
22588da900fbea8c00b87d769132d035359f1c3deae9b763847a866d744b79ff,pc/M-combat-capturePercent/ac748b9a7bbadd1b4ccb3da4/B-A,vps/M-unit-archer-structure-fixed-counts/ac748b9a7bbadd1b4ccb3da4/B-A
4227f054b87e527b1d1b0274ed1998e330c5df10704580221a9b575b4a8798c6,pc/M-combat-capturePercent/b4b94da886e061c92142841a/A-B,vps/M-unit-archer-structure-fixed-counts/b4b94da886e061c92142841a/A-B
ed29d7971438fc1a049999694ca61a2424e52dc6124815c6cadb6b6c1daaffd8,pc/M-combat-capturePercent/b4b94da886e061c92142841a/B-A,vps/M-unit-archer-structure-fixed-counts/b4b94da886e061c92142841a/B-A
6b4a529fbc125b23882833e0aed634bec1b5f0b2174c3e7ece269e3168b0f82f,pc/M-combat-capturePercent/c88b855645bc720b498875d2/A-B,vps/M-unit-archer-structure-fixed-counts/c88b855645bc720b498875d2/A-B
7e4672019367fb02f1f4413e94829b3f5c23d2fa9d1ba5802105a04a62fdf6a1,pc/M-combat-capturePercent/c88b855645bc720b498875d2/B-A,vps/M-unit-archer-structure-fixed-counts/c88b855645bc720b498875d2/B-A
54b8eb5652e7a14e2d23dbf5a122ee8f8758e3e126c18b1c2077bfe200269275,pc/M-combat-capturePercent/e03c8d62aa94aae4fc0f13f1/A-B,vps/M-unit-archer-structure-fixed-counts/e03c8d62aa94aae4fc0f13f1/A-B
078641e562821c4012d1a24d08878af3f97f45aea622350727a2eb5edcbd524c,pc/M-combat-capturePercent/e03c8d62aa94aae4fc0f13f1/B-A,vps/M-unit-archer-structure-fixed-counts/e03c8d62aa94aae4fc0f13f1/B-A
092ff6440ba52367b900849f38396771039917fdafcad50e5a9b3669a0a1a448,pc/M-combat-capturePercent/f78c1d62cca9f23dba9520f5/A-B,vps/M-unit-archer-structure-fixed-counts/f78c1d62cca9f23dba9520f5/A-B
40e5890746cdbe0ba659fc1854a9e8c3218947407cf39f571ec0b4f63dfcca5c,pc/M-combat-capturePercent/f78c1d62cca9f23dba9520f5/B-A,vps/M-unit-archer-structure-fixed-counts/f78c1d62cca9f23dba9520f5/B-A
7d7abac10e512ec2c70d5d25a59d0d144ba2b19ce4372cc4f09baf310123eafb,pc/M-combat-capturePercent/15b79b9ef5cbd9e794375476/A-B,vps/M-unit-knight-accuracySpread-fixed-counts/15b79b9ef5cbd9e794375476/A-B
75facca78d59da8acebf5520dc1aec84674008dca00e85ffe5137a6371d683bd,pc/M-combat-capturePercent/15b79b9ef5cbd9e794375476/B-A,vps/M-unit-knight-accuracySpread-fixed-counts/15b79b9ef5cbd9e794375476/B-A
ac0328d7e848fe34c754caa6b9c4b0ed2030d2e4d6fcccd1ed330988caf253df,pc/M-combat-capturePercent/2497be6bce26a22f97e6e95e/A-B,vps/M-unit-knight-accuracySpread-fixed-counts/2497be6bce26a22f97e6e95e/A-B
cdf02ca8a3da35cbdb52ea241c610d7fdc069d44ffd601725625d6de3e1c67e1,pc/M-combat-capturePercent/2497be6bce26a22f97e6e95e/B-A,vps/M-unit-knight-accuracySpread-fixed-counts/2497be6bce26a22f97e6e95e/B-A
87844e416d861f5c9ead6ab9b78dcfb00006427ddc351bd0388c1eabd412ea8d,pc/M-combat-capturePercent/2d6350473497c883675afa80/A-B,vps/M-unit-knight-accuracySpread-fixed-counts/2d6350473497c883675afa80/A-B
e137c8706ef5acd42c2d3113acb60f6a980b709cb9423e1758161e5fa6ce3ea3,pc/M-combat-capturePercent/2d6350473497c883675afa80/B-A,vps/M-unit-knight-accuracySpread-fixed-counts/2d6350473497c883675afa80/B-A
9858c7ffa1a6a847079e50482789f9a042cfeb281ada503d2c73d74b65c9d985,pc/M-combat-capturePercent/2eb2746a70cb35fe1ce25f98/A-B,vps/M-unit-knight-accuracySpread-fixed-counts/2eb2746a70cb35fe1ce25f98/A-B
151989b8d1b1c0ca759fab7eaf3b152abc03724944a1ef9ad70118e7a90322e4,pc/M-combat-capturePercent/2eb2746a70cb35fe1ce25f98/B-A,vps/M-unit-knight-accuracySpread-fixed-counts/2eb2746a70cb35fe1ce25f98/B-A
9ca322cb96477f8f2d6b2e7673307285a8c1ac1a2124cfb6ddfbf09efb0d4075,pc/M-combat-capturePercent/48d3967fcd05b8de1e34c2d4/A-B,vps/M-unit-knight-accuracySpread-fixed-counts/48d3967fcd05b8de1e34c2d4/A-B
0ef488184d72f1f098ab6566fb80c72140d7078400dd1a9587141fe8b34a13ec,pc/M-combat-capturePercent/48d3967fcd05b8de1e34c2d4/B-A,vps/M-unit-knight-accuracySpread-fixed-counts/48d3967fcd05b8de1e34c2d4/B-A
4597ad24b5a2e47b6a7dce9496a9b6f4b1f246dce33a40845b0982a200fb8806,pc/M-combat-capturePercent/5be07c6fc69f472eef0ee17f/A-B,vps/M-unit-knight-accuracySpread-fixed-counts/5be07c6fc69f472eef0ee17f/A-B
7c1e87a0769464bd834f5d84f3fd33eaf9071aabdb90673a4cec8f5b7383d2cf,pc/M-combat-capturePercent/5be07c6fc69f472eef0ee17f/B-A,vps/M-unit-knight-accuracySpread-fixed-counts/5be07c6fc69f472eef0ee17f/B-A
4970d1f6b5265fad201517f3825ff40d79aa8b20306bc545f88c8e11a313708e,pc/M-combat-capturePercent/6aee5ba4cebd035270c43536/A-B,vps/M-unit-knight-accuracySpread-fixed-counts/6aee5ba4cebd035270c43536/A-B
0243eeadabcc14bc5e95fa1b391f9a0fbfc6c55db116c0e75d961227e7785c42,pc/M-combat-capturePercent/6aee5ba4cebd035270c43536/B-A,vps/M-unit-knight-accuracySpread-fixed-counts/6aee5ba4cebd035270c43536/B-A
35be79c5c128b6e4343bfeefa1db2f2aeb0a0150c17aa99303e7622a603c351b,pc/M-combat-capturePercent/7498c9f948922906239ad8d6/A-B,vps/M-unit-knight-accuracySpread-fixed-counts/7498c9f948922906239ad8d6/A-B
49d4b23c42e173b1bcdc7cd48f22932e3a82504dd30129431f21b83876d94cb2,pc/M-combat-capturePercent/7498c9f948922906239ad8d6/B-A,vps/M-unit-knight-accuracySpread-fixed-counts/7498c9f948922906239ad8d6/B-A
f5eaa97da71df5298d7c5b30554bec43da7311247b6bf61d3299b38dd99ce886,pc/M-combat-capturePercent/80ebf93b386771704cc70bab/A-B,vps/M-unit-knight-accuracySpread-fixed-counts/80ebf93b386771704cc70bab/A-B
6a49a491a5ff72a4b8db0cc1fcd37742813f1f1a76d4b11bb02af21e20d1e1ce,pc/M-combat-capturePercent/80ebf93b386771704cc70bab/B-A,vps/M-unit-knight-accuracySpread-fixed-counts/80ebf93b386771704cc70bab/B-A
1178f1206facb99d474deb6896610eb381b51065a110d670b64abf6c01184760,pc/M-combat-capturePercent/9ea4f603e73d531fd3c8df44/A-B,vps/M-unit-knight-accuracySpread-fixed-counts/9ea4f603e73d531fd3c8df44/A-B
db8d3921ad4c7ffbcfdfcbf53d72da2e8c438f83b03f5de5e5b8aab344978ab5,pc/M-combat-capturePercent/9ea4f603e73d531fd3c8df44/B-A,vps/M-unit-knight-accuracySpread-fixed-counts/9ea4f603e73d531fd3c8df44/B-A
b965633c898c10ac48cc0b945d886ca291a7c3df9f2bc8fbbd6924891bba8756,pc/M-combat-capturePercent/a477667580eb4a6cca4bfd35/A-B,vps/M-unit-knight-accuracySpread-fixed-counts/a477667580eb4a6cca4bfd35/A-B
04d26513bee41f8de98ab49cd97c992b3a0017b0ad91dc428f6066f007ce270c,pc/M-combat-capturePercent/a477667580eb4a6cca4bfd35/B-A,vps/M-unit-knight-accuracySpread-fixed-counts/a477667580eb4a6cca4bfd35/B-A
092ff6440ba52367b900849f38396771039917fdafcad50e5a9b3669a0a1a448,pc/M-combat-capturePercent/f78c1d62cca9f23dba9520f5/A-B,vps/M-unit-knight-accuracySpread-fixed-counts/f78c1d62cca9f23dba9520f5/A-B
40e5890746cdbe0ba659fc1854a9e8c3218947407cf39f571ec0b4f63dfcca5c,pc/M-combat-capturePercent/f78c1d62cca9f23dba9520f5/B-A,vps/M-unit-knight-accuracySpread-fixed-counts/f78c1d62cca9f23dba9520f5/B-A
7d7abac10e512ec2c70d5d25a59d0d144ba2b19ce4372cc4f09baf310123eafb,pc/M-combat-capturePercent/15b79b9ef5cbd9e794375476/A-B,vps/M-unit-knight-attack-fixed-counts/15b79b9ef5cbd9e794375476/A-B
75facca78d59da8acebf5520dc1aec84674008dca00e85ffe5137a6371d683bd,pc/M-combat-capturePercent/15b79b9ef5cbd9e794375476/B-A,vps/M-unit-knight-attack-fixed-counts/15b79b9ef5cbd9e794375476/B-A
ac0328d7e848fe34c754caa6b9c4b0ed2030d2e4d6fcccd1ed330988caf253df,pc/M-combat-capturePercent/2497be6bce26a22f97e6e95e/A-B,vps/M-unit-knight-attack-fixed-counts/2497be6bce26a22f97e6e95e/A-B
cdf02ca8a3da35cbdb52ea241c610d7fdc069d44ffd601725625d6de3e1c67e1,pc/M-combat-capturePercent/2497be6bce26a22f97e6e95e/B-A,vps/M-unit-knight-attack-fixed-counts/2497be6bce26a22f97e6e95e/B-A
87844e416d861f5c9ead6ab9b78dcfb00006427ddc351bd0388c1eabd412ea8d,pc/M-combat-capturePercent/2d6350473497c883675afa80/A-B,vps/M-unit-knight-attack-fixed-counts/2d6350473497c883675afa80/A-B
e137c8706ef5acd42c2d3113acb60f6a980b709cb9423e1758161e5fa6ce3ea3,pc/M-combat-capturePercent/2d6350473497c883675afa80/B-A,vps/M-unit-knight-attack-fixed-counts/2d6350473497c883675afa80/B-A
9858c7ffa1a6a847079e50482789f9a042cfeb281ada503d2c73d74b65c9d985,pc/M-combat-capturePercent/2eb2746a70cb35fe1ce25f98/A-B,vps/M-unit-knight-attack-fixed-counts/2eb2746a70cb35fe1ce25f98/A-B
151989b8d1b1c0ca759fab7eaf3b152abc03724944a1ef9ad70118e7a90322e4,pc/M-combat-capturePercent/2eb2746a70cb35fe1ce25f98/B-A,vps/M-unit-knight-attack-fixed-counts/2eb2746a70cb35fe1ce25f98/B-A
9ca322cb96477f8f2d6b2e7673307285a8c1ac1a2124cfb6ddfbf09efb0d4075,pc/M-combat-capturePercent/48d3967fcd05b8de1e34c2d4/A-B,vps/M-unit-knight-attack-fixed-counts/48d3967fcd05b8de1e34c2d4/A-B
0ef488184d72f1f098ab6566fb80c72140d7078400dd1a9587141fe8b34a13ec,pc/M-combat-capturePercent/48d3967fcd05b8de1e34c2d4/B-A,vps/M-unit-knight-attack-fixed-counts/48d3967fcd05b8de1e34c2d4/B-A
4597ad24b5a2e47b6a7dce9496a9b6f4b1f246dce33a40845b0982a200fb8806,pc/M-combat-capturePercent/5be07c6fc69f472eef0ee17f/A-B,vps/M-unit-knight-attack-fixed-counts/5be07c6fc69f472eef0ee17f/A-B
7c1e87a0769464bd834f5d84f3fd33eaf9071aabdb90673a4cec8f5b7383d2cf,pc/M-combat-capturePercent/5be07c6fc69f472eef0ee17f/B-A,vps/M-unit-knight-attack-fixed-counts/5be07c6fc69f472eef0ee17f/B-A
4970d1f6b5265fad201517f3825ff40d79aa8b20306bc545f88c8e11a313708e,pc/M-combat-capturePercent/6aee5ba4cebd035270c43536/A-B,vps/M-unit-knight-attack-fixed-counts/6aee5ba4cebd035270c43536/A-B
0243eeadabcc14bc5e95fa1b391f9a0fbfc6c55db116c0e75d961227e7785c42,pc/M-combat-capturePercent/6aee5ba4cebd035270c43536/B-A,vps/M-unit-knight-attack-fixed-counts/6aee5ba4cebd035270c43536/B-A
35be79c5c128b6e4343bfeefa1db2f2aeb0a0150c17aa99303e7622a603c351b,pc/M-combat-capturePercent/7498c9f948922906239ad8d6/A-B,vps/M-unit-knight-attack-fixed-counts/7498c9f948922906239ad8d6/A-B
49d4b23c42e173b1bcdc7cd48f22932e3a82504dd30129431f21b83876d94cb2,pc/M-combat-capturePercent/7498c9f948922906239ad8d6/B-A,vps/M-unit-knight-attack-fixed-counts/7498c9f948922906239ad8d6/B-A
f5eaa97da71df5298d7c5b30554bec43da7311247b6bf61d3299b38dd99ce886,pc/M-combat-capturePercent/80ebf93b386771704cc70bab/A-B,vps/M-unit-knight-attack-fixed-counts/80ebf93b386771704cc70bab/A-B
6a49a491a5ff72a4b8db0cc1fcd37742813f1f1a76d4b11bb02af21e20d1e1ce,pc/M-combat-capturePercent/80ebf93b386771704cc70bab/B-A,vps/M-unit-knight-attack-fixed-counts/80ebf93b386771704cc70bab/B-A
1178f1206facb99d474deb6896610eb381b51065a110d670b64abf6c01184760,pc/M-combat-capturePercent/9ea4f603e73d531fd3c8df44/A-B,vps/M-unit-knight-attack-fixed-counts/9ea4f603e73d531fd3c8df44/A-B
db8d3921ad4c7ffbcfdfcbf53d72da2e8c438f83b03f5de5e5b8aab344978ab5,pc/M-combat-capturePercent/9ea4f603e73d531fd3c8df44/B-A,vps/M-unit-knight-attack-fixed-counts/9ea4f603e73d531fd3c8df44/B-A
b965633c898c10ac48cc0b945d886ca291a7c3df9f2bc8fbbd6924891bba8756,pc/M-combat-capturePercent/a477667580eb4a6cca4bfd35/A-B,vps/M-unit-knight-attack-fixed-counts/a477667580eb4a6cca4bfd35/A-B
04d26513bee41f8de98ab49cd97c992b3a0017b0ad91dc428f6066f007ce270c,pc/M-combat-capturePercent/a477667580eb4a6cca4bfd35/B-A,vps/M-unit-knight-attack-fixed-counts/a477667580eb4a6cca4bfd35/B-A
092ff6440ba52367b900849f38396771039917fdafcad50e5a9b3669a0a1a448,pc/M-combat-capturePercent/f78c1d62cca9f23dba9520f5/A-B,vps/M-unit-knight-attack-fixed-counts/f78c1d62cca9f23dba9520f5/A-B
40e5890746cdbe0ba659fc1854a9e8c3218947407cf39f571ec0b4f63dfcca5c,pc/M-combat-capturePercent/f78c1d62cca9f23dba9520f5/B-A,vps/M-unit-knight-attack-fixed-counts/f78c1d62cca9f23dba9520f5/B-A
7d7abac10e512ec2c70d5d25a59d0d144ba2b19ce4372cc4f09baf310123eafb,pc/M-combat-capturePercent/15b79b9ef5cbd9e794375476/A-B,vps/M-unit-knight-baseAccuracy-fixed-counts/15b79b9ef5cbd9e794375476/A-B
75facca78d59da8acebf5520dc1aec84674008dca00e85ffe5137a6371d683bd,pc/M-combat-capturePercent/15b79b9ef5cbd9e794375476/B-A,vps/M-unit-knight-baseAccuracy-fixed-counts/15b79b9ef5cbd9e794375476/B-A
ac0328d7e848fe34c754caa6b9c4b0ed2030d2e4d6fcccd1ed330988caf253df,pc/M-combat-capturePercent/2497be6bce26a22f97e6e95e/A-B,vps/M-unit-knight-baseAccuracy-fixed-counts/2497be6bce26a22f97e6e95e/A-B
cdf02ca8a3da35cbdb52ea241c610d7fdc069d44ffd601725625d6de3e1c67e1,pc/M-combat-capturePercent/2497be6bce26a22f97e6e95e/B-A,vps/M-unit-knight-baseAccuracy-fixed-counts/2497be6bce26a22f97e6e95e/B-A
87844e416d861f5c9ead6ab9b78dcfb00006427ddc351bd0388c1eabd412ea8d,pc/M-combat-capturePercent/2d6350473497c883675afa80/A-B,vps/M-unit-knight-baseAccuracy-fixed-counts/2d6350473497c883675afa80/A-B
e137c8706ef5acd42c2d3113acb60f6a980b709cb9423e1758161e5fa6ce3ea3,pc/M-combat-capturePercent/2d6350473497c883675afa80/B-A,vps/M-unit-knight-baseAccuracy-fixed-counts/2d6350473497c883675afa80/B-A
9858c7ffa1a6a847079e50482789f9a042cfeb281ada503d2c73d74b65c9d985,pc/M-combat-capturePercent/2eb2746a70cb35fe1ce25f98/A-B,vps/M-unit-knight-baseAccuracy-fixed-counts/2eb2746a70cb35fe1ce25f98/A-B
151989b8d1b1c0ca759fab7eaf3b152abc03724944a1ef9ad70118e7a90322e4,pc/M-combat-capturePercent/2eb2746a70cb35fe1ce25f98/B-A,vps/M-unit-knight-baseAccuracy-fixed-counts/2eb2746a70cb35fe1ce25f98/B-A
9ca322cb96477f8f2d6b2e7673307285a8c1ac1a2124cfb6ddfbf09efb0d4075,pc/M-combat-capturePercent/48d3967fcd05b8de1e34c2d4/A-B,vps/M-unit-knight-baseAccuracy-fixed-counts/48d3967fcd05b8de1e34c2d4/A-B
0ef488184d72f1f098ab6566fb80c72140d7078400dd1a9587141fe8b34a13ec,pc/M-combat-capturePercent/48d3967fcd05b8de1e34c2d4/B-A,vps/M-unit-knight-baseAccuracy-fixed-counts/48d3967fcd05b8de1e34c2d4/B-A
4597ad24b5a2e47b6a7dce9496a9b6f4b1f246dce33a40845b0982a200fb8806,pc/M-combat-capturePercent/5be07c6fc69f472eef0ee17f/A-B,vps/M-unit-knight-baseAccuracy-fixed-counts/5be07c6fc69f472eef0ee17f/A-B
7c1e87a0769464bd834f5d84f3fd33eaf9071aabdb90673a4cec8f5b7383d2cf,pc/M-combat-capturePercent/5be07c6fc69f472eef0ee17f/B-A,vps/M-unit-knight-baseAccuracy-fixed-counts/5be07c6fc69f472eef0ee17f/B-A
4970d1f6b5265fad201517f3825ff40d79aa8b20306bc545f88c8e11a313708e,pc/M-combat-capturePercent/6aee5ba4cebd035270c43536/A-B,vps/M-unit-knight-baseAccuracy-fixed-counts/6aee5ba4cebd035270c43536/A-B
0243eeadabcc14bc5e95fa1b391f9a0fbfc6c55db116c0e75d961227e7785c42,pc/M-combat-capturePercent/6aee5ba4cebd035270c43536/B-A,vps/M-unit-knight-baseAccuracy-fixed-counts/6aee5ba4cebd035270c43536/B-A
35be79c5c128b6e4343bfeefa1db2f2aeb0a0150c17aa99303e7622a603c351b,pc/M-combat-capturePercent/7498c9f948922906239ad8d6/A-B,vps/M-unit-knight-baseAccuracy-fixed-counts/7498c9f948922906239ad8d6/A-B
49d4b23c42e173b1bcdc7cd48f22932e3a82504dd30129431f21b83876d94cb2,pc/M-combat-capturePercent/7498c9f948922906239ad8d6/B-A,vps/M-unit-knight-baseAccuracy-fixed-counts/7498c9f948922906239ad8d6/B-A
f5eaa97da71df5298d7c5b30554bec43da7311247b6bf61d3299b38dd99ce886,pc/M-combat-capturePercent/80ebf93b386771704cc70bab/A-B,vps/M-unit-knight-baseAccuracy-fixed-counts/80ebf93b386771704cc70bab/A-B
6a49a491a5ff72a4b8db0cc1fcd37742813f1f1a76d4b11bb02af21e20d1e1ce,pc/M-combat-capturePercent/80ebf93b386771704cc70bab/B-A,vps/M-unit-knight-baseAccuracy-fixed-counts/80ebf93b386771704cc70bab/B-A
1178f1206facb99d474deb6896610eb381b51065a110d670b64abf6c01184760,pc/M-combat-capturePercent/9ea4f603e73d531fd3c8df44/A-B,vps/M-unit-knight-baseAccuracy-fixed-counts/9ea4f603e73d531fd3c8df44/A-B
db8d3921ad4c7ffbcfdfcbf53d72da2e8c438f83b03f5de5e5b8aab344978ab5,pc/M-combat-capturePercent/9ea4f603e73d531fd3c8df44/B-A,vps/M-unit-knight-baseAccuracy-fixed-counts/9ea4f603e73d531fd3c8df44/B-A
b965633c898c10ac48cc0b945d886ca291a7c3df9f2bc8fbbd6924891bba8756,pc/M-combat-capturePercent/a477667580eb4a6cca4bfd35/A-B,vps/M-unit-knight-baseAccuracy-fixed-counts/a477667580eb4a6cca4bfd35/A-B
04d26513bee41f8de98ab49cd97c992b3a0017b0ad91dc428f6066f007ce270c,pc/M-combat-capturePercent/a477667580eb4a6cca4bfd35/B-A,vps/M-unit-knight-baseAccuracy-fixed-counts/a477667580eb4a6cca4bfd35/B-A
092ff6440ba52367b900849f38396771039917fdafcad50e5a9b3669a0a1a448,pc/M-combat-capturePercent/f78c1d62cca9f23dba9520f5/A-B,vps/M-unit-knight-baseAccuracy-fixed-counts/f78c1d62cca9f23dba9520f5/A-B
40e5890746cdbe0ba659fc1854a9e8c3218947407cf39f571ec0b4f63dfcca5c,pc/M-combat-capturePercent/f78c1d62cca9f23dba9520f5/B-A,vps/M-unit-knight-baseAccuracy-fixed-counts/f78c1d62cca9f23dba9520f5/B-A
7d7abac10e512ec2c70d5d25a59d0d144ba2b19ce4372cc4f09baf310123eafb,pc/M-combat-capturePercent/15b79b9ef5cbd9e794375476/A-B,vps/M-unit-knight-capturable-fixed-counts/15b79b9ef5cbd9e794375476/A-B
75facca78d59da8acebf5520dc1aec84674008dca00e85ffe5137a6371d683bd,pc/M-combat-capturePercent/15b79b9ef5cbd9e794375476/B-A,vps/M-unit-knight-capturable-fixed-counts/15b79b9ef5cbd9e794375476/B-A
ac0328d7e848fe34c754caa6b9c4b0ed2030d2e4d6fcccd1ed330988caf253df,pc/M-combat-capturePercent/2497be6bce26a22f97e6e95e/A-B,vps/M-unit-knight-capturable-fixed-counts/2497be6bce26a22f97e6e95e/A-B
cdf02ca8a3da35cbdb52ea241c610d7fdc069d44ffd601725625d6de3e1c67e1,pc/M-combat-capturePercent/2497be6bce26a22f97e6e95e/B-A,vps/M-unit-knight-capturable-fixed-counts/2497be6bce26a22f97e6e95e/B-A
87844e416d861f5c9ead6ab9b78dcfb00006427ddc351bd0388c1eabd412ea8d,pc/M-combat-capturePercent/2d6350473497c883675afa80/A-B,vps/M-unit-knight-capturable-fixed-counts/2d6350473497c883675afa80/A-B
e137c8706ef5acd42c2d3113acb60f6a980b709cb9423e1758161e5fa6ce3ea3,pc/M-combat-capturePercent/2d6350473497c883675afa80/B-A,vps/M-unit-knight-capturable-fixed-counts/2d6350473497c883675afa80/B-A
9858c7ffa1a6a847079e50482789f9a042cfeb281ada503d2c73d74b65c9d985,pc/M-combat-capturePercent/2eb2746a70cb35fe1ce25f98/A-B,vps/M-unit-knight-capturable-fixed-counts/2eb2746a70cb35fe1ce25f98/A-B
151989b8d1b1c0ca759fab7eaf3b152abc03724944a1ef9ad70118e7a90322e4,pc/M-combat-capturePercent/2eb2746a70cb35fe1ce25f98/B-A,vps/M-unit-knight-capturable-fixed-counts/2eb2746a70cb35fe1ce25f98/B-A
9ca322cb96477f8f2d6b2e7673307285a8c1ac1a2124cfb6ddfbf09efb0d4075,pc/M-combat-capturePercent/48d3967fcd05b8de1e34c2d4/A-B,vps/M-unit-knight-capturable-fixed-counts/48d3967fcd05b8de1e34c2d4/A-B
0ef488184d72f1f098ab6566fb80c72140d7078400dd1a9587141fe8b34a13ec,pc/M-combat-capturePercent/48d3967fcd05b8de1e34c2d4/B-A,vps/M-unit-knight-capturable-fixed-counts/48d3967fcd05b8de1e34c2d4/B-A
4597ad24b5a2e47b6a7dce9496a9b6f4b1f246dce33a40845b0982a200fb8806,pc/M-combat-capturePercent/5be07c6fc69f472eef0ee17f/A-B,vps/M-unit-knight-capturable-fixed-counts/5be07c6fc69f472eef0ee17f/A-B
7c1e87a0769464bd834f5d84f3fd33eaf9071aabdb90673a4cec8f5b7383d2cf,pc/M-combat-capturePercent/5be07c6fc69f472eef0ee17f/B-A,vps/M-unit-knight-capturable-fixed-counts/5be07c6fc69f472eef0ee17f/B-A
4970d1f6b5265fad201517f3825ff40d79aa8b20306bc545f88c8e11a313708e,pc/M-combat-capturePercent/6aee5ba4cebd035270c43536/A-B,vps/M-unit-knight-capturable-fixed-counts/6aee5ba4cebd035270c43536/A-B
0243eeadabcc14bc5e95fa1b391f9a0fbfc6c55db116c0e75d961227e7785c42,pc/M-combat-capturePercent/6aee5ba4cebd035270c43536/B-A,vps/M-unit-knight-capturable-fixed-counts/6aee5ba4cebd035270c43536/B-A
35be79c5c128b6e4343bfeefa1db2f2aeb0a0150c17aa99303e7622a603c351b,pc/M-combat-capturePercent/7498c9f948922906239ad8d6/A-B,vps/M-unit-knight-capturable-fixed-counts/7498c9f948922906239ad8d6/A-B
49d4b23c42e173b1bcdc7cd48f22932e3a82504dd30129431f21b83876d94cb2,pc/M-combat-capturePercent/7498c9f948922906239ad8d6/B-A,vps/M-unit-knight-capturable-fixed-counts/7498c9f948922906239ad8d6/B-A
f5eaa97da71df5298d7c5b30554bec43da7311247b6bf61d3299b38dd99ce886,pc/M-combat-capturePercent/80ebf93b386771704cc70bab/A-B,vps/M-unit-knight-capturable-fixed-counts/80ebf93b386771704cc70bab/A-B
6a49a491a5ff72a4b8db0cc1fcd37742813f1f1a76d4b11bb02af21e20d1e1ce,pc/M-combat-capturePercent/80ebf93b386771704cc70bab/B-A,vps/M-unit-knight-capturable-fixed-counts/80ebf93b386771704cc70bab/B-A
1178f1206facb99d474deb6896610eb381b51065a110d670b64abf6c01184760,pc/M-combat-capturePercent/9ea4f603e73d531fd3c8df44/A-B,vps/M-unit-knight-capturable-fixed-counts/9ea4f603e73d531fd3c8df44/A-B
db8d3921ad4c7ffbcfdfcbf53d72da2e8c438f83b03f5de5e5b8aab344978ab5,pc/M-combat-capturePercent/9ea4f603e73d531fd3c8df44/B-A,vps/M-unit-knight-capturable-fixed-counts/9ea4f603e73d531fd3c8df44/B-A
b965633c898c10ac48cc0b945d886ca291a7c3df9f2bc8fbbd6924891bba8756,pc/M-combat-capturePercent/a477667580eb4a6cca4bfd35/A-B,vps/M-unit-knight-capturable-fixed-counts/a477667580eb4a6cca4bfd35/A-B
04d26513bee41f8de98ab49cd97c992b3a0017b0ad91dc428f6066f007ce270c,pc/M-combat-capturePercent/a477667580eb4a6cca4bfd35/B-A,vps/M-unit-knight-capturable-fixed-counts/a477667580eb4a6cca4bfd35/B-A
092ff6440ba52367b900849f38396771039917fdafcad50e5a9b3669a0a1a448,pc/M-combat-capturePercent/f78c1d62cca9f23dba9520f5/A-B,vps/M-unit-knight-capturable-fixed-counts/f78c1d62cca9f23dba9520f5/A-B
40e5890746cdbe0ba659fc1854a9e8c3218947407cf39f571ec0b4f63dfcca5c,pc/M-combat-capturePercent/f78c1d62cca9f23dba9520f5/B-A,vps/M-unit-knight-capturable-fixed-counts/f78c1d62cca9f23dba9520f5/B-A
4597ad24b5a2e47b6a7dce9496a9b6f4b1f246dce33a40845b0982a200fb8806,pc/M-combat-capturePercent/5be07c6fc69f472eef0ee17f/A-B,vps/M-unit-knight-cost-fixed-budget/02f93e06b10bf00d02ab7c6d/A-B
7c1e87a0769464bd834f5d84f3fd33eaf9071aabdb90673a4cec8f5b7383d2cf,pc/M-combat-capturePercent/5be07c6fc69f472eef0ee17f/B-A,vps/M-unit-knight-cost-fixed-budget/02f93e06b10bf00d02ab7c6d/B-A
ac0328d7e848fe34c754caa6b9c4b0ed2030d2e4d6fcccd1ed330988caf253df,pc/M-combat-capturePercent/2497be6bce26a22f97e6e95e/A-B,vps/M-unit-knight-cost-fixed-budget/224b20ea31b5c7e87ec2b1bd/A-B
cdf02ca8a3da35cbdb52ea241c610d7fdc069d44ffd601725625d6de3e1c67e1,pc/M-combat-capturePercent/2497be6bce26a22f97e6e95e/B-A,vps/M-unit-knight-cost-fixed-budget/224b20ea31b5c7e87ec2b1bd/B-A
7d7abac10e512ec2c70d5d25a59d0d144ba2b19ce4372cc4f09baf310123eafb,pc/M-combat-capturePercent/15b79b9ef5cbd9e794375476/A-B,vps/M-unit-knight-cost-fixed-budget/3fef9f920ae2398062a939e2/A-B
75facca78d59da8acebf5520dc1aec84674008dca00e85ffe5137a6371d683bd,pc/M-combat-capturePercent/15b79b9ef5cbd9e794375476/B-A,vps/M-unit-knight-cost-fixed-budget/3fef9f920ae2398062a939e2/B-A
87844e416d861f5c9ead6ab9b78dcfb00006427ddc351bd0388c1eabd412ea8d,pc/M-combat-capturePercent/2d6350473497c883675afa80/A-B,vps/M-unit-knight-cost-fixed-budget/45e17c2efbb5d4d72b53f072/A-B
e137c8706ef5acd42c2d3113acb60f6a980b709cb9423e1758161e5fa6ce3ea3,pc/M-combat-capturePercent/2d6350473497c883675afa80/B-A,vps/M-unit-knight-cost-fixed-budget/45e17c2efbb5d4d72b53f072/B-A
9ca322cb96477f8f2d6b2e7673307285a8c1ac1a2124cfb6ddfbf09efb0d4075,pc/M-combat-capturePercent/48d3967fcd05b8de1e34c2d4/A-B,vps/M-unit-knight-cost-fixed-budget/4d96e79b6015fadb93ed8b75/A-B
0ef488184d72f1f098ab6566fb80c72140d7078400dd1a9587141fe8b34a13ec,pc/M-combat-capturePercent/48d3967fcd05b8de1e34c2d4/B-A,vps/M-unit-knight-cost-fixed-budget/4d96e79b6015fadb93ed8b75/B-A
f5eaa97da71df5298d7c5b30554bec43da7311247b6bf61d3299b38dd99ce886,pc/M-combat-capturePercent/80ebf93b386771704cc70bab/A-B,vps/M-unit-knight-cost-fixed-budget/6866debf34828ca289995be9/A-B
6a49a491a5ff72a4b8db0cc1fcd37742813f1f1a76d4b11bb02af21e20d1e1ce,pc/M-combat-capturePercent/80ebf93b386771704cc70bab/B-A,vps/M-unit-knight-cost-fixed-budget/6866debf34828ca289995be9/B-A
4970d1f6b5265fad201517f3825ff40d79aa8b20306bc545f88c8e11a313708e,pc/M-combat-capturePercent/6aee5ba4cebd035270c43536/A-B,vps/M-unit-knight-cost-fixed-budget/773ed616788ab2958d80f9ac/A-B
0243eeadabcc14bc5e95fa1b391f9a0fbfc6c55db116c0e75d961227e7785c42,pc/M-combat-capturePercent/6aee5ba4cebd035270c43536/B-A,vps/M-unit-knight-cost-fixed-budget/773ed616788ab2958d80f9ac/B-A
b965633c898c10ac48cc0b945d886ca291a7c3df9f2bc8fbbd6924891bba8756,pc/M-combat-capturePercent/a477667580eb4a6cca4bfd35/A-B,vps/M-unit-knight-cost-fixed-budget/a3c6e1120b9aa3d31249b356/A-B
04d26513bee41f8de98ab49cd97c992b3a0017b0ad91dc428f6066f007ce270c,pc/M-combat-capturePercent/a477667580eb4a6cca4bfd35/B-A,vps/M-unit-knight-cost-fixed-budget/a3c6e1120b9aa3d31249b356/B-A
9858c7ffa1a6a847079e50482789f9a042cfeb281ada503d2c73d74b65c9d985,pc/M-combat-capturePercent/2eb2746a70cb35fe1ce25f98/A-B,vps/M-unit-knight-cost-fixed-budget/a8b2d7f16b5bff75567a8ac1/A-B
151989b8d1b1c0ca759fab7eaf3b152abc03724944a1ef9ad70118e7a90322e4,pc/M-combat-capturePercent/2eb2746a70cb35fe1ce25f98/B-A,vps/M-unit-knight-cost-fixed-budget/a8b2d7f16b5bff75567a8ac1/B-A
092ff6440ba52367b900849f38396771039917fdafcad50e5a9b3669a0a1a448,pc/M-combat-capturePercent/f78c1d62cca9f23dba9520f5/A-B,vps/M-unit-knight-cost-fixed-budget/b205550bebd3060b76db9ddc/A-B
40e5890746cdbe0ba659fc1854a9e8c3218947407cf39f571ec0b4f63dfcca5c,pc/M-combat-capturePercent/f78c1d62cca9f23dba9520f5/B-A,vps/M-unit-knight-cost-fixed-budget/b205550bebd3060b76db9ddc/B-A
1178f1206facb99d474deb6896610eb381b51065a110d670b64abf6c01184760,pc/M-combat-capturePercent/9ea4f603e73d531fd3c8df44/A-B,vps/M-unit-knight-cost-fixed-budget/dd327f794dcfd6e25a33d78e/A-B
db8d3921ad4c7ffbcfdfcbf53d72da2e8c438f83b03f5de5e5b8aab344978ab5,pc/M-combat-capturePercent/9ea4f603e73d531fd3c8df44/B-A,vps/M-unit-knight-cost-fixed-budget/dd327f794dcfd6e25a33d78e/B-A
35be79c5c128b6e4343bfeefa1db2f2aeb0a0150c17aa99303e7622a603c351b,pc/M-combat-capturePercent/7498c9f948922906239ad8d6/A-B,vps/M-unit-knight-cost-fixed-budget/ea2c2059350c5f9ea9b696ab/A-B
49d4b23c42e173b1bcdc7cd48f22932e3a82504dd30129431f21b83876d94cb2,pc/M-combat-capturePercent/7498c9f948922906239ad8d6/B-A,vps/M-unit-knight-cost-fixed-budget/ea2c2059350c5f9ea9b696ab/B-A
7d7abac10e512ec2c70d5d25a59d0d144ba2b19ce4372cc4f09baf310123eafb,pc/M-combat-capturePercent/15b79b9ef5cbd9e794375476/A-B,vps/M-unit-knight-cost-fixed-counts/15b79b9ef5cbd9e794375476/A-B
75facca78d59da8acebf5520dc1aec84674008dca00e85ffe5137a6371d683bd,pc/M-combat-capturePercent/15b79b9ef5cbd9e794375476/B-A,vps/M-unit-knight-cost-fixed-counts/15b79b9ef5cbd9e794375476/B-A
ac0328d7e848fe34c754caa6b9c4b0ed2030d2e4d6fcccd1ed330988caf253df,pc/M-combat-capturePercent/2497be6bce26a22f97e6e95e/A-B,vps/M-unit-knight-cost-fixed-counts/2497be6bce26a22f97e6e95e/A-B
cdf02ca8a3da35cbdb52ea241c610d7fdc069d44ffd601725625d6de3e1c67e1,pc/M-combat-capturePercent/2497be6bce26a22f97e6e95e/B-A,vps/M-unit-knight-cost-fixed-counts/2497be6bce26a22f97e6e95e/B-A
87844e416d861f5c9ead6ab9b78dcfb00006427ddc351bd0388c1eabd412ea8d,pc/M-combat-capturePercent/2d6350473497c883675afa80/A-B,vps/M-unit-knight-cost-fixed-counts/2d6350473497c883675afa80/A-B
e137c8706ef5acd42c2d3113acb60f6a980b709cb9423e1758161e5fa6ce3ea3,pc/M-combat-capturePercent/2d6350473497c883675afa80/B-A,vps/M-unit-knight-cost-fixed-counts/2d6350473497c883675afa80/B-A
9858c7ffa1a6a847079e50482789f9a042cfeb281ada503d2c73d74b65c9d985,pc/M-combat-capturePercent/2eb2746a70cb35fe1ce25f98/A-B,vps/M-unit-knight-cost-fixed-counts/2eb2746a70cb35fe1ce25f98/A-B
151989b8d1b1c0ca759fab7eaf3b152abc03724944a1ef9ad70118e7a90322e4,pc/M-combat-capturePercent/2eb2746a70cb35fe1ce25f98/B-A,vps/M-unit-knight-cost-fixed-counts/2eb2746a70cb35fe1ce25f98/B-A
9ca322cb96477f8f2d6b2e7673307285a8c1ac1a2124cfb6ddfbf09efb0d4075,pc/M-combat-capturePercent/48d3967fcd05b8de1e34c2d4/A-B,vps/M-unit-knight-cost-fixed-counts/48d3967fcd05b8de1e34c2d4/A-B
0ef488184d72f1f098ab6566fb80c72140d7078400dd1a9587141fe8b34a13ec,pc/M-combat-capturePercent/48d3967fcd05b8de1e34c2d4/B-A,vps/M-unit-knight-cost-fixed-counts/48d3967fcd05b8de1e34c2d4/B-A
4597ad24b5a2e47b6a7dce9496a9b6f4b1f246dce33a40845b0982a200fb8806,pc/M-combat-capturePercent/5be07c6fc69f472eef0ee17f/A-B,vps/M-unit-knight-cost-fixed-counts/5be07c6fc69f472eef0ee17f/A-B
7c1e87a0769464bd834f5d84f3fd33eaf9071aabdb90673a4cec8f5b7383d2cf,pc/M-combat-capturePercent/5be07c6fc69f472eef0ee17f/B-A,vps/M-unit-knight-cost-fixed-counts/5be07c6fc69f472eef0ee17f/B-A
4970d1f6b5265fad201517f3825ff40d79aa8b20306bc545f88c8e11a313708e,pc/M-combat-capturePercent/6aee5ba4cebd035270c43536/A-B,vps/M-unit-knight-cost-fixed-counts/6aee5ba4cebd035270c43536/A-B
0243eeadabcc14bc5e95fa1b391f9a0fbfc6c55db116c0e75d961227e7785c42,pc/M-combat-capturePercent/6aee5ba4cebd035270c43536/B-A,vps/M-unit-knight-cost-fixed-counts/6aee5ba4cebd035270c43536/B-A
35be79c5c128b6e4343bfeefa1db2f2aeb0a0150c17aa99303e7622a603c351b,pc/M-combat-capturePercent/7498c9f948922906239ad8d6/A-B,vps/M-unit-knight-cost-fixed-counts/7498c9f948922906239ad8d6/A-B
49d4b23c42e173b1bcdc7cd48f22932e3a82504dd30129431f21b83876d94cb2,pc/M-combat-capturePercent/7498c9f948922906239ad8d6/B-A,vps/M-unit-knight-cost-fixed-counts/7498c9f948922906239ad8d6/B-A
f5eaa97da71df5298d7c5b30554bec43da7311247b6bf61d3299b38dd99ce886,pc/M-combat-capturePercent/80ebf93b386771704cc70bab/A-B,vps/M-unit-knight-cost-fixed-counts/80ebf93b386771704cc70bab/A-B
6a49a491a5ff72a4b8db0cc1fcd37742813f1f1a76d4b11bb02af21e20d1e1ce,pc/M-combat-capturePercent/80ebf93b386771704cc70bab/B-A,vps/M-unit-knight-cost-fixed-counts/80ebf93b386771704cc70bab/B-A
1178f1206facb99d474deb6896610eb381b51065a110d670b64abf6c01184760,pc/M-combat-capturePercent/9ea4f603e73d531fd3c8df44/A-B,vps/M-unit-knight-cost-fixed-counts/9ea4f603e73d531fd3c8df44/A-B
db8d3921ad4c7ffbcfdfcbf53d72da2e8c438f83b03f5de5e5b8aab344978ab5,pc/M-combat-capturePercent/9ea4f603e73d531fd3c8df44/B-A,vps/M-unit-knight-cost-fixed-counts/9ea4f603e73d531fd3c8df44/B-A
b965633c898c10ac48cc0b945d886ca291a7c3df9f2bc8fbbd6924891bba8756,pc/M-combat-capturePercent/a477667580eb4a6cca4bfd35/A-B,vps/M-unit-knight-cost-fixed-counts/a477667580eb4a6cca4bfd35/A-B
04d26513bee41f8de98ab49cd97c992b3a0017b0ad91dc428f6066f007ce270c,pc/M-combat-capturePercent/a477667580eb4a6cca4bfd35/B-A,vps/M-unit-knight-cost-fixed-counts/a477667580eb4a6cca4bfd35/B-A
092ff6440ba52367b900849f38396771039917fdafcad50e5a9b3669a0a1a448,pc/M-combat-capturePercent/f78c1d62cca9f23dba9520f5/A-B,vps/M-unit-knight-cost-fixed-counts/f78c1d62cca9f23dba9520f5/A-B
40e5890746cdbe0ba659fc1854a9e8c3218947407cf39f571ec0b4f63dfcca5c,pc/M-combat-capturePercent/f78c1d62cca9f23dba9520f5/B-A,vps/M-unit-knight-cost-fixed-counts/f78c1d62cca9f23dba9520f5/B-A
7d7abac10e512ec2c70d5d25a59d0d144ba2b19ce4372cc4f09baf310123eafb,pc/M-combat-capturePercent/15b79b9ef5cbd9e794375476/A-B,vps/M-unit-knight-defendingEfficiency-fixed-counts/15b79b9ef5cbd9e794375476/A-B
75facca78d59da8acebf5520dc1aec84674008dca00e85ffe5137a6371d683bd,pc/M-combat-capturePercent/15b79b9ef5cbd9e794375476/B-A,vps/M-unit-knight-defendingEfficiency-fixed-counts/15b79b9ef5cbd9e794375476/B-A
ac0328d7e848fe34c754caa6b9c4b0ed2030d2e4d6fcccd1ed330988caf253df,pc/M-combat-capturePercent/2497be6bce26a22f97e6e95e/A-B,vps/M-unit-knight-defendingEfficiency-fixed-counts/2497be6bce26a22f97e6e95e/A-B
cdf02ca8a3da35cbdb52ea241c610d7fdc069d44ffd601725625d6de3e1c67e1,pc/M-combat-capturePercent/2497be6bce26a22f97e6e95e/B-A,vps/M-unit-knight-defendingEfficiency-fixed-counts/2497be6bce26a22f97e6e95e/B-A
87844e416d861f5c9ead6ab9b78dcfb00006427ddc351bd0388c1eabd412ea8d,pc/M-combat-capturePercent/2d6350473497c883675afa80/A-B,vps/M-unit-knight-defendingEfficiency-fixed-counts/2d6350473497c883675afa80/A-B
e137c8706ef5acd42c2d3113acb60f6a980b709cb9423e1758161e5fa6ce3ea3,pc/M-combat-capturePercent/2d6350473497c883675afa80/B-A,vps/M-unit-knight-defendingEfficiency-fixed-counts/2d6350473497c883675afa80/B-A
9858c7ffa1a6a847079e50482789f9a042cfeb281ada503d2c73d74b65c9d985,pc/M-combat-capturePercent/2eb2746a70cb35fe1ce25f98/A-B,vps/M-unit-knight-defendingEfficiency-fixed-counts/2eb2746a70cb35fe1ce25f98/A-B
151989b8d1b1c0ca759fab7eaf3b152abc03724944a1ef9ad70118e7a90322e4,pc/M-combat-capturePercent/2eb2746a70cb35fe1ce25f98/B-A,vps/M-unit-knight-defendingEfficiency-fixed-counts/2eb2746a70cb35fe1ce25f98/B-A
9ca322cb96477f8f2d6b2e7673307285a8c1ac1a2124cfb6ddfbf09efb0d4075,pc/M-combat-capturePercent/48d3967fcd05b8de1e34c2d4/A-B,vps/M-unit-knight-defendingEfficiency-fixed-counts/48d3967fcd05b8de1e34c2d4/A-B
0ef488184d72f1f098ab6566fb80c72140d7078400dd1a9587141fe8b34a13ec,pc/M-combat-capturePercent/48d3967fcd05b8de1e34c2d4/B-A,vps/M-unit-knight-defendingEfficiency-fixed-counts/48d3967fcd05b8de1e34c2d4/B-A
4597ad24b5a2e47b6a7dce9496a9b6f4b1f246dce33a40845b0982a200fb8806,pc/M-combat-capturePercent/5be07c6fc69f472eef0ee17f/A-B,vps/M-unit-knight-defendingEfficiency-fixed-counts/5be07c6fc69f472eef0ee17f/A-B
7c1e87a0769464bd834f5d84f3fd33eaf9071aabdb90673a4cec8f5b7383d2cf,pc/M-combat-capturePercent/5be07c6fc69f472eef0ee17f/B-A,vps/M-unit-knight-defendingEfficiency-fixed-counts/5be07c6fc69f472eef0ee17f/B-A
4970d1f6b5265fad201517f3825ff40d79aa8b20306bc545f88c8e11a313708e,pc/M-combat-capturePercent/6aee5ba4cebd035270c43536/A-B,vps/M-unit-knight-defendingEfficiency-fixed-counts/6aee5ba4cebd035270c43536/A-B
0243eeadabcc14bc5e95fa1b391f9a0fbfc6c55db116c0e75d961227e7785c42,pc/M-combat-capturePercent/6aee5ba4cebd035270c43536/B-A,vps/M-unit-knight-defendingEfficiency-fixed-counts/6aee5ba4cebd035270c43536/B-A
35be79c5c128b6e4343bfeefa1db2f2aeb0a0150c17aa99303e7622a603c351b,pc/M-combat-capturePercent/7498c9f948922906239ad8d6/A-B,vps/M-unit-knight-defendingEfficiency-fixed-counts/7498c9f948922906239ad8d6/A-B
49d4b23c42e173b1bcdc7cd48f22932e3a82504dd30129431f21b83876d94cb2,pc/M-combat-capturePercent/7498c9f948922906239ad8d6/B-A,vps/M-unit-knight-defendingEfficiency-fixed-counts/7498c9f948922906239ad8d6/B-A
f5eaa97da71df5298d7c5b30554bec43da7311247b6bf61d3299b38dd99ce886,pc/M-combat-capturePercent/80ebf93b386771704cc70bab/A-B,vps/M-unit-knight-defendingEfficiency-fixed-counts/80ebf93b386771704cc70bab/A-B
6a49a491a5ff72a4b8db0cc1fcd37742813f1f1a76d4b11bb02af21e20d1e1ce,pc/M-combat-capturePercent/80ebf93b386771704cc70bab/B-A,vps/M-unit-knight-defendingEfficiency-fixed-counts/80ebf93b386771704cc70bab/B-A
1178f1206facb99d474deb6896610eb381b51065a110d670b64abf6c01184760,pc/M-combat-capturePercent/9ea4f603e73d531fd3c8df44/A-B,vps/M-unit-knight-defendingEfficiency-fixed-counts/9ea4f603e73d531fd3c8df44/A-B
db8d3921ad4c7ffbcfdfcbf53d72da2e8c438f83b03f5de5e5b8aab344978ab5,pc/M-combat-capturePercent/9ea4f603e73d531fd3c8df44/B-A,vps/M-unit-knight-defendingEfficiency-fixed-counts/9ea4f603e73d531fd3c8df44/B-A
b965633c898c10ac48cc0b945d886ca291a7c3df9f2bc8fbbd6924891bba8756,pc/M-combat-capturePercent/a477667580eb4a6cca4bfd35/A-B,vps/M-unit-knight-defendingEfficiency-fixed-counts/a477667580eb4a6cca4bfd35/A-B
04d26513bee41f8de98ab49cd97c992b3a0017b0ad91dc428f6066f007ce270c,pc/M-combat-capturePercent/a477667580eb4a6cca4bfd35/B-A,vps/M-unit-knight-defendingEfficiency-fixed-counts/a477667580eb4a6cca4bfd35/B-A
092ff6440ba52367b900849f38396771039917fdafcad50e5a9b3669a0a1a448,pc/M-combat-capturePercent/f78c1d62cca9f23dba9520f5/A-B,vps/M-unit-knight-defendingEfficiency-fixed-counts/f78c1d62cca9f23dba9520f5/A-B
40e5890746cdbe0ba659fc1854a9e8c3218947407cf39f571ec0b4f63dfcca5c,pc/M-combat-capturePercent/f78c1d62cca9f23dba9520f5/B-A,vps/M-unit-knight-defendingEfficiency-fixed-counts/f78c1d62cca9f23dba9520f5/B-A
7d7abac10e512ec2c70d5d25a59d0d144ba2b19ce4372cc4f09baf310123eafb,pc/M-combat-capturePercent/15b79b9ef5cbd9e794375476/A-B,vps/M-unit-knight-strikesPerAttack-fixed-counts/15b79b9ef5cbd9e794375476/A-B
75facca78d59da8acebf5520dc1aec84674008dca00e85ffe5137a6371d683bd,pc/M-combat-capturePercent/15b79b9ef5cbd9e794375476/B-A,vps/M-unit-knight-strikesPerAttack-fixed-counts/15b79b9ef5cbd9e794375476/B-A
ac0328d7e848fe34c754caa6b9c4b0ed2030d2e4d6fcccd1ed330988caf253df,pc/M-combat-capturePercent/2497be6bce26a22f97e6e95e/A-B,vps/M-unit-knight-strikesPerAttack-fixed-counts/2497be6bce26a22f97e6e95e/A-B
cdf02ca8a3da35cbdb52ea241c610d7fdc069d44ffd601725625d6de3e1c67e1,pc/M-combat-capturePercent/2497be6bce26a22f97e6e95e/B-A,vps/M-unit-knight-strikesPerAttack-fixed-counts/2497be6bce26a22f97e6e95e/B-A
87844e416d861f5c9ead6ab9b78dcfb00006427ddc351bd0388c1eabd412ea8d,pc/M-combat-capturePercent/2d6350473497c883675afa80/A-B,vps/M-unit-knight-strikesPerAttack-fixed-counts/2d6350473497c883675afa80/A-B
e137c8706ef5acd42c2d3113acb60f6a980b709cb9423e1758161e5fa6ce3ea3,pc/M-combat-capturePercent/2d6350473497c883675afa80/B-A,vps/M-unit-knight-strikesPerAttack-fixed-counts/2d6350473497c883675afa80/B-A
9858c7ffa1a6a847079e50482789f9a042cfeb281ada503d2c73d74b65c9d985,pc/M-combat-capturePercent/2eb2746a70cb35fe1ce25f98/A-B,vps/M-unit-knight-strikesPerAttack-fixed-counts/2eb2746a70cb35fe1ce25f98/A-B
151989b8d1b1c0ca759fab7eaf3b152abc03724944a1ef9ad70118e7a90322e4,pc/M-combat-capturePercent/2eb2746a70cb35fe1ce25f98/B-A,vps/M-unit-knight-strikesPerAttack-fixed-counts/2eb2746a70cb35fe1ce25f98/B-A
9ca322cb96477f8f2d6b2e7673307285a8c1ac1a2124cfb6ddfbf09efb0d4075,pc/M-combat-capturePercent/48d3967fcd05b8de1e34c2d4/A-B,vps/M-unit-knight-strikesPerAttack-fixed-counts/48d3967fcd05b8de1e34c2d4/A-B
0ef488184d72f1f098ab6566fb80c72140d7078400dd1a9587141fe8b34a13ec,pc/M-combat-capturePercent/48d3967fcd05b8de1e34c2d4/B-A,vps/M-unit-knight-strikesPerAttack-fixed-counts/48d3967fcd05b8de1e34c2d4/B-A
4597ad24b5a2e47b6a7dce9496a9b6f4b1f246dce33a40845b0982a200fb8806,pc/M-combat-capturePercent/5be07c6fc69f472eef0ee17f/A-B,vps/M-unit-knight-strikesPerAttack-fixed-counts/5be07c6fc69f472eef0ee17f/A-B
7c1e87a0769464bd834f5d84f3fd33eaf9071aabdb90673a4cec8f5b7383d2cf,pc/M-combat-capturePercent/5be07c6fc69f472eef0ee17f/B-A,vps/M-unit-knight-strikesPerAttack-fixed-counts/5be07c6fc69f472eef0ee17f/B-A
4970d1f6b5265fad201517f3825ff40d79aa8b20306bc545f88c8e11a313708e,pc/M-combat-capturePercent/6aee5ba4cebd035270c43536/A-B,vps/M-unit-knight-strikesPerAttack-fixed-counts/6aee5ba4cebd035270c43536/A-B
0243eeadabcc14bc5e95fa1b391f9a0fbfc6c55db116c0e75d961227e7785c42,pc/M-combat-capturePercent/6aee5ba4cebd035270c43536/B-A,vps/M-unit-knight-strikesPerAttack-fixed-counts/6aee5ba4cebd035270c43536/B-A
35be79c5c128b6e4343bfeefa1db2f2aeb0a0150c17aa99303e7622a603c351b,pc/M-combat-capturePercent/7498c9f948922906239ad8d6/A-B,vps/M-unit-knight-strikesPerAttack-fixed-counts/7498c9f948922906239ad8d6/A-B
49d4b23c42e173b1bcdc7cd48f22932e3a82504dd30129431f21b83876d94cb2,pc/M-combat-capturePercent/7498c9f948922906239ad8d6/B-A,vps/M-unit-knight-strikesPerAttack-fixed-counts/7498c9f948922906239ad8d6/B-A
f5eaa97da71df5298d7c5b30554bec43da7311247b6bf61d3299b38dd99ce886,pc/M-combat-capturePercent/80ebf93b386771704cc70bab/A-B,vps/M-unit-knight-strikesPerAttack-fixed-counts/80ebf93b386771704cc70bab/A-B
6a49a491a5ff72a4b8db0cc1fcd37742813f1f1a76d4b11bb02af21e20d1e1ce,pc/M-combat-capturePercent/80ebf93b386771704cc70bab/B-A,vps/M-unit-knight-strikesPerAttack-fixed-counts/80ebf93b386771704cc70bab/B-A
1178f1206facb99d474deb6896610eb381b51065a110d670b64abf6c01184760,pc/M-combat-capturePercent/9ea4f603e73d531fd3c8df44/A-B,vps/M-unit-knight-strikesPerAttack-fixed-counts/9ea4f603e73d531fd3c8df44/A-B
db8d3921ad4c7ffbcfdfcbf53d72da2e8c438f83b03f5de5e5b8aab344978ab5,pc/M-combat-capturePercent/9ea4f603e73d531fd3c8df44/B-A,vps/M-unit-knight-strikesPerAttack-fixed-counts/9ea4f603e73d531fd3c8df44/B-A
b965633c898c10ac48cc0b945d886ca291a7c3df9f2bc8fbbd6924891bba8756,pc/M-combat-capturePercent/a477667580eb4a6cca4bfd35/A-B,vps/M-unit-knight-strikesPerAttack-fixed-counts/a477667580eb4a6cca4bfd35/A-B
04d26513bee41f8de98ab49cd97c992b3a0017b0ad91dc428f6066f007ce270c,pc/M-combat-capturePercent/a477667580eb4a6cca4bfd35/B-A,vps/M-unit-knight-strikesPerAttack-fixed-counts/a477667580eb4a6cca4bfd35/B-A
092ff6440ba52367b900849f38396771039917fdafcad50e5a9b3669a0a1a448,pc/M-combat-capturePercent/f78c1d62cca9f23dba9520f5/A-B,vps/M-unit-knight-strikesPerAttack-fixed-counts/f78c1d62cca9f23dba9520f5/A-B
40e5890746cdbe0ba659fc1854a9e8c3218947407cf39f571ec0b4f63dfcca5c,pc/M-combat-capturePercent/f78c1d62cca9f23dba9520f5/B-A,vps/M-unit-knight-strikesPerAttack-fixed-counts/f78c1d62cca9f23dba9520f5/B-A
7d7abac10e512ec2c70d5d25a59d0d144ba2b19ce4372cc4f09baf310123eafb,pc/M-combat-capturePercent/15b79b9ef5cbd9e794375476/A-B,vps/M-unit-knight-structure-fixed-counts/15b79b9ef5cbd9e794375476/A-B
75facca78d59da8acebf5520dc1aec84674008dca00e85ffe5137a6371d683bd,pc/M-combat-capturePercent/15b79b9ef5cbd9e794375476/B-A,vps/M-unit-knight-structure-fixed-counts/15b79b9ef5cbd9e794375476/B-A
ac0328d7e848fe34c754caa6b9c4b0ed2030d2e4d6fcccd1ed330988caf253df,pc/M-combat-capturePercent/2497be6bce26a22f97e6e95e/A-B,vps/M-unit-knight-structure-fixed-counts/2497be6bce26a22f97e6e95e/A-B
cdf02ca8a3da35cbdb52ea241c610d7fdc069d44ffd601725625d6de3e1c67e1,pc/M-combat-capturePercent/2497be6bce26a22f97e6e95e/B-A,vps/M-unit-knight-structure-fixed-counts/2497be6bce26a22f97e6e95e/B-A
87844e416d861f5c9ead6ab9b78dcfb00006427ddc351bd0388c1eabd412ea8d,pc/M-combat-capturePercent/2d6350473497c883675afa80/A-B,vps/M-unit-knight-structure-fixed-counts/2d6350473497c883675afa80/A-B
e137c8706ef5acd42c2d3113acb60f6a980b709cb9423e1758161e5fa6ce3ea3,pc/M-combat-capturePercent/2d6350473497c883675afa80/B-A,vps/M-unit-knight-structure-fixed-counts/2d6350473497c883675afa80/B-A
9858c7ffa1a6a847079e50482789f9a042cfeb281ada503d2c73d74b65c9d985,pc/M-combat-capturePercent/2eb2746a70cb35fe1ce25f98/A-B,vps/M-unit-knight-structure-fixed-counts/2eb2746a70cb35fe1ce25f98/A-B
151989b8d1b1c0ca759fab7eaf3b152abc03724944a1ef9ad70118e7a90322e4,pc/M-combat-capturePercent/2eb2746a70cb35fe1ce25f98/B-A,vps/M-unit-knight-structure-fixed-counts/2eb2746a70cb35fe1ce25f98/B-A
9ca322cb96477f8f2d6b2e7673307285a8c1ac1a2124cfb6ddfbf09efb0d4075,pc/M-combat-capturePercent/48d3967fcd05b8de1e34c2d4/A-B,vps/M-unit-knight-structure-fixed-counts/48d3967fcd05b8de1e34c2d4/A-B
0ef488184d72f1f098ab6566fb80c72140d7078400dd1a9587141fe8b34a13ec,pc/M-combat-capturePercent/48d3967fcd05b8de1e34c2d4/B-A,vps/M-unit-knight-structure-fixed-counts/48d3967fcd05b8de1e34c2d4/B-A
4597ad24b5a2e47b6a7dce9496a9b6f4b1f246dce33a40845b0982a200fb8806,pc/M-combat-capturePercent/5be07c6fc69f472eef0ee17f/A-B,vps/M-unit-knight-structure-fixed-counts/5be07c6fc69f472eef0ee17f/A-B
7c1e87a0769464bd834f5d84f3fd33eaf9071aabdb90673a4cec8f5b7383d2cf,pc/M-combat-capturePercent/5be07c6fc69f472eef0ee17f/B-A,vps/M-unit-knight-structure-fixed-counts/5be07c6fc69f472eef0ee17f/B-A
4970d1f6b5265fad201517f3825ff40d79aa8b20306bc545f88c8e11a313708e,pc/M-combat-capturePercent/6aee5ba4cebd035270c43536/A-B,vps/M-unit-knight-structure-fixed-counts/6aee5ba4cebd035270c43536/A-B
0243eeadabcc14bc5e95fa1b391f9a0fbfc6c55db116c0e75d961227e7785c42,pc/M-combat-capturePercent/6aee5ba4cebd035270c43536/B-A,vps/M-unit-knight-structure-fixed-counts/6aee5ba4cebd035270c43536/B-A
35be79c5c128b6e4343bfeefa1db2f2aeb0a0150c17aa99303e7622a603c351b,pc/M-combat-capturePercent/7498c9f948922906239ad8d6/A-B,vps/M-unit-knight-structure-fixed-counts/7498c9f948922906239ad8d6/A-B
49d4b23c42e173b1bcdc7cd48f22932e3a82504dd30129431f21b83876d94cb2,pc/M-combat-capturePercent/7498c9f948922906239ad8d6/B-A,vps/M-unit-knight-structure-fixed-counts/7498c9f948922906239ad8d6/B-A
f5eaa97da71df5298d7c5b30554bec43da7311247b6bf61d3299b38dd99ce886,pc/M-combat-capturePercent/80ebf93b386771704cc70bab/A-B,vps/M-unit-knight-structure-fixed-counts/80ebf93b386771704cc70bab/A-B
6a49a491a5ff72a4b8db0cc1fcd37742813f1f1a76d4b11bb02af21e20d1e1ce,pc/M-combat-capturePercent/80ebf93b386771704cc70bab/B-A,vps/M-unit-knight-structure-fixed-counts/80ebf93b386771704cc70bab/B-A
1178f1206facb99d474deb6896610eb381b51065a110d670b64abf6c01184760,pc/M-combat-capturePercent/9ea4f603e73d531fd3c8df44/A-B,vps/M-unit-knight-structure-fixed-counts/9ea4f603e73d531fd3c8df44/A-B
db8d3921ad4c7ffbcfdfcbf53d72da2e8c438f83b03f5de5e5b8aab344978ab5,pc/M-combat-capturePercent/9ea4f603e73d531fd3c8df44/B-A,vps/M-unit-knight-structure-fixed-counts/9ea4f603e73d531fd3c8df44/B-A
b965633c898c10ac48cc0b945d886ca291a7c3df9f2bc8fbbd6924891bba8756,pc/M-combat-capturePercent/a477667580eb4a6cca4bfd35/A-B,vps/M-unit-knight-structure-fixed-counts/a477667580eb4a6cca4bfd35/A-B
04d26513bee41f8de98ab49cd97c992b3a0017b0ad91dc428f6066f007ce270c,pc/M-combat-capturePercent/a477667580eb4a6cca4bfd35/B-A,vps/M-unit-knight-structure-fixed-counts/a477667580eb4a6cca4bfd35/B-A
092ff6440ba52367b900849f38396771039917fdafcad50e5a9b3669a0a1a448,pc/M-combat-capturePercent/f78c1d62cca9f23dba9520f5/A-B,vps/M-unit-knight-structure-fixed-counts/f78c1d62cca9f23dba9520f5/A-B
40e5890746cdbe0ba659fc1854a9e8c3218947407cf39f571ec0b4f63dfcca5c,pc/M-combat-capturePercent/f78c1d62cca9f23dba9520f5/B-A,vps/M-unit-knight-structure-fixed-counts/f78c1d62cca9f23dba9520f5/B-A
587a0b6c8fbf92e9e393e63a374c6bdc95fc594470b7c8ee42ee3df5c4a6b8ef,pc/M-combat-capturePercent/1a50bd67feb4ca4f159a4cfe/A-B,vps/M-unit-soldier-accuracySpread-fixed-counts/1a50bd67feb4ca4f159a4cfe/A-B
cab79020193af6f55744135f0197a1630e3c2215411e9bdd269a836e052ec646,pc/M-combat-capturePercent/1a50bd67feb4ca4f159a4cfe/B-A,vps/M-unit-soldier-accuracySpread-fixed-counts/1a50bd67feb4ca4f159a4cfe/B-A
9ca322cb96477f8f2d6b2e7673307285a8c1ac1a2124cfb6ddfbf09efb0d4075,pc/M-combat-capturePercent/48d3967fcd05b8de1e34c2d4/A-B,vps/M-unit-soldier-accuracySpread-fixed-counts/48d3967fcd05b8de1e34c2d4/A-B
0ef488184d72f1f098ab6566fb80c72140d7078400dd1a9587141fe8b34a13ec,pc/M-combat-capturePercent/48d3967fcd05b8de1e34c2d4/B-A,vps/M-unit-soldier-accuracySpread-fixed-counts/48d3967fcd05b8de1e34c2d4/B-A
00f252d5722657943a4cb0718ce0da7e8a4611896fa35ea5621c1322e14ef866,pc/M-combat-capturePercent/54e1d4f2a6e7f51febebdd8e/A-B,vps/M-unit-soldier-accuracySpread-fixed-counts/54e1d4f2a6e7f51febebdd8e/A-B
9000dde07f557a8d66b3ea4000e55211bbd45f04e3469db5cbc747249d14ba6c,pc/M-combat-capturePercent/54e1d4f2a6e7f51febebdd8e/B-A,vps/M-unit-soldier-accuracySpread-fixed-counts/54e1d4f2a6e7f51febebdd8e/B-A
4970d1f6b5265fad201517f3825ff40d79aa8b20306bc545f88c8e11a313708e,pc/M-combat-capturePercent/6aee5ba4cebd035270c43536/A-B,vps/M-unit-soldier-accuracySpread-fixed-counts/6aee5ba4cebd035270c43536/A-B
0243eeadabcc14bc5e95fa1b391f9a0fbfc6c55db116c0e75d961227e7785c42,pc/M-combat-capturePercent/6aee5ba4cebd035270c43536/B-A,vps/M-unit-soldier-accuracySpread-fixed-counts/6aee5ba4cebd035270c43536/B-A
f5eaa97da71df5298d7c5b30554bec43da7311247b6bf61d3299b38dd99ce886,pc/M-combat-capturePercent/80ebf93b386771704cc70bab/A-B,vps/M-unit-soldier-accuracySpread-fixed-counts/80ebf93b386771704cc70bab/A-B
6a49a491a5ff72a4b8db0cc1fcd37742813f1f1a76d4b11bb02af21e20d1e1ce,pc/M-combat-capturePercent/80ebf93b386771704cc70bab/B-A,vps/M-unit-soldier-accuracySpread-fixed-counts/80ebf93b386771704cc70bab/B-A
647ab88a83aa6f834990989ca24911ddf969595c4a5f5d85e2c151fdaebac92b,pc/M-combat-capturePercent/93f29e181d26c9d16b60ee8b/A-B,vps/M-unit-soldier-accuracySpread-fixed-counts/93f29e181d26c9d16b60ee8b/A-B
cb5849664fb65ac00466aa61563a1f9baace77ad985b9c02a92e371cf45b1603,pc/M-combat-capturePercent/93f29e181d26c9d16b60ee8b/B-A,vps/M-unit-soldier-accuracySpread-fixed-counts/93f29e181d26c9d16b60ee8b/B-A
2a1d1503a117713d05836a468b6a0d0d39d7d08702d9ca68ffe56c89d6f08704,pc/M-combat-capturePercent/98043342a0f7383cbda2c59d/A-B,vps/M-unit-soldier-accuracySpread-fixed-counts/98043342a0f7383cbda2c59d/A-B
cdd056f355bfd3009ca6798847f425d092b2fa95fee94cbb9f1b9d30918fd936,pc/M-combat-capturePercent/98043342a0f7383cbda2c59d/B-A,vps/M-unit-soldier-accuracySpread-fixed-counts/98043342a0f7383cbda2c59d/B-A
3d79ed5983c89d0022c51a128734a7b36a8941c07b48f432dd6f260a0059cec7,pc/M-combat-capturePercent/9a1ddda43134d9061057be59/A-B,vps/M-unit-soldier-accuracySpread-fixed-counts/9a1ddda43134d9061057be59/A-B
b539cabaf72f26f266d867628052db7ffc7cfa333da902e943ce8bd34a752c17,pc/M-combat-capturePercent/9a1ddda43134d9061057be59/B-A,vps/M-unit-soldier-accuracySpread-fixed-counts/9a1ddda43134d9061057be59/B-A
a5bb96235bf6f9a76b769ff737d8e922df94b0a52f749525853085cd022bf3ef,pc/M-combat-capturePercent/a74b3b7b747bae166c9bbd4d/A-B,vps/M-unit-soldier-accuracySpread-fixed-counts/a74b3b7b747bae166c9bbd4d/A-B
8a5fbdbf1b558dc200eab97d67343355792afdf24d5bbb0e91f754b86f3a02ef,pc/M-combat-capturePercent/a74b3b7b747bae166c9bbd4d/B-A,vps/M-unit-soldier-accuracySpread-fixed-counts/a74b3b7b747bae166c9bbd4d/B-A
7021d39476c082c69391aa7d9d107c8598ae66c5b1828c73e129c275542d42fb,pc/M-combat-capturePercent/adf2a33f332db08d4d373bba/A-B,vps/M-unit-soldier-accuracySpread-fixed-counts/adf2a33f332db08d4d373bba/A-B
0a6998a19d108d4ea47989fe9c9346eb6b099ed85b399e3702e1d1add2785d07,pc/M-combat-capturePercent/adf2a33f332db08d4d373bba/B-A,vps/M-unit-soldier-accuracySpread-fixed-counts/adf2a33f332db08d4d373bba/B-A
e1e29aab7102365136b614a54a8aeb0bee449145f3bc465a205963f9f554f006,pc/M-combat-capturePercent/bf898c747897728e9c646b00/A-B,vps/M-unit-soldier-accuracySpread-fixed-counts/bf898c747897728e9c646b00/A-B
0c2b4bb54f68750a49827995ac5ca7c41b885ac68f663af9b71cf4658f802372,pc/M-combat-capturePercent/bf898c747897728e9c646b00/B-A,vps/M-unit-soldier-accuracySpread-fixed-counts/bf898c747897728e9c646b00/B-A
6d407622c60b016795f97c89a6a5574696df9124c61c66dd231ce4e7c7aa2393,pc/M-combat-capturePercent/ec03e2f3b6e41ea5555df14c/A-B,vps/M-unit-soldier-accuracySpread-fixed-counts/ec03e2f3b6e41ea5555df14c/A-B
5b40b5d08240a3cb41ac0662b746bf7848264fd5d59a18b9cccd174e1c8a970f,pc/M-combat-capturePercent/ec03e2f3b6e41ea5555df14c/B-A,vps/M-unit-soldier-accuracySpread-fixed-counts/ec03e2f3b6e41ea5555df14c/B-A
587a0b6c8fbf92e9e393e63a374c6bdc95fc594470b7c8ee42ee3df5c4a6b8ef,pc/M-combat-capturePercent/1a50bd67feb4ca4f159a4cfe/A-B,vps/M-unit-soldier-attack-fixed-counts/1a50bd67feb4ca4f159a4cfe/A-B
cab79020193af6f55744135f0197a1630e3c2215411e9bdd269a836e052ec646,pc/M-combat-capturePercent/1a50bd67feb4ca4f159a4cfe/B-A,vps/M-unit-soldier-attack-fixed-counts/1a50bd67feb4ca4f159a4cfe/B-A
9ca322cb96477f8f2d6b2e7673307285a8c1ac1a2124cfb6ddfbf09efb0d4075,pc/M-combat-capturePercent/48d3967fcd05b8de1e34c2d4/A-B,vps/M-unit-soldier-attack-fixed-counts/48d3967fcd05b8de1e34c2d4/A-B
0ef488184d72f1f098ab6566fb80c72140d7078400dd1a9587141fe8b34a13ec,pc/M-combat-capturePercent/48d3967fcd05b8de1e34c2d4/B-A,vps/M-unit-soldier-attack-fixed-counts/48d3967fcd05b8de1e34c2d4/B-A
00f252d5722657943a4cb0718ce0da7e8a4611896fa35ea5621c1322e14ef866,pc/M-combat-capturePercent/54e1d4f2a6e7f51febebdd8e/A-B,vps/M-unit-soldier-attack-fixed-counts/54e1d4f2a6e7f51febebdd8e/A-B
9000dde07f557a8d66b3ea4000e55211bbd45f04e3469db5cbc747249d14ba6c,pc/M-combat-capturePercent/54e1d4f2a6e7f51febebdd8e/B-A,vps/M-unit-soldier-attack-fixed-counts/54e1d4f2a6e7f51febebdd8e/B-A
4970d1f6b5265fad201517f3825ff40d79aa8b20306bc545f88c8e11a313708e,pc/M-combat-capturePercent/6aee5ba4cebd035270c43536/A-B,vps/M-unit-soldier-attack-fixed-counts/6aee5ba4cebd035270c43536/A-B
0243eeadabcc14bc5e95fa1b391f9a0fbfc6c55db116c0e75d961227e7785c42,pc/M-combat-capturePercent/6aee5ba4cebd035270c43536/B-A,vps/M-unit-soldier-attack-fixed-counts/6aee5ba4cebd035270c43536/B-A
f5eaa97da71df5298d7c5b30554bec43da7311247b6bf61d3299b38dd99ce886,pc/M-combat-capturePercent/80ebf93b386771704cc70bab/A-B,vps/M-unit-soldier-attack-fixed-counts/80ebf93b386771704cc70bab/A-B
6a49a491a5ff72a4b8db0cc1fcd37742813f1f1a76d4b11bb02af21e20d1e1ce,pc/M-combat-capturePercent/80ebf93b386771704cc70bab/B-A,vps/M-unit-soldier-attack-fixed-counts/80ebf93b386771704cc70bab/B-A
647ab88a83aa6f834990989ca24911ddf969595c4a5f5d85e2c151fdaebac92b,pc/M-combat-capturePercent/93f29e181d26c9d16b60ee8b/A-B,vps/M-unit-soldier-attack-fixed-counts/93f29e181d26c9d16b60ee8b/A-B
cb5849664fb65ac00466aa61563a1f9baace77ad985b9c02a92e371cf45b1603,pc/M-combat-capturePercent/93f29e181d26c9d16b60ee8b/B-A,vps/M-unit-soldier-attack-fixed-counts/93f29e181d26c9d16b60ee8b/B-A
2a1d1503a117713d05836a468b6a0d0d39d7d08702d9ca68ffe56c89d6f08704,pc/M-combat-capturePercent/98043342a0f7383cbda2c59d/A-B,vps/M-unit-soldier-attack-fixed-counts/98043342a0f7383cbda2c59d/A-B
cdd056f355bfd3009ca6798847f425d092b2fa95fee94cbb9f1b9d30918fd936,pc/M-combat-capturePercent/98043342a0f7383cbda2c59d/B-A,vps/M-unit-soldier-attack-fixed-counts/98043342a0f7383cbda2c59d/B-A
3d79ed5983c89d0022c51a128734a7b36a8941c07b48f432dd6f260a0059cec7,pc/M-combat-capturePercent/9a1ddda43134d9061057be59/A-B,vps/M-unit-soldier-attack-fixed-counts/9a1ddda43134d9061057be59/A-B
b539cabaf72f26f266d867628052db7ffc7cfa333da902e943ce8bd34a752c17,pc/M-combat-capturePercent/9a1ddda43134d9061057be59/B-A,vps/M-unit-soldier-attack-fixed-counts/9a1ddda43134d9061057be59/B-A
a5bb96235bf6f9a76b769ff737d8e922df94b0a52f749525853085cd022bf3ef,pc/M-combat-capturePercent/a74b3b7b747bae166c9bbd4d/A-B,vps/M-unit-soldier-attack-fixed-counts/a74b3b7b747bae166c9bbd4d/A-B
8a5fbdbf1b558dc200eab97d67343355792afdf24d5bbb0e91f754b86f3a02ef,pc/M-combat-capturePercent/a74b3b7b747bae166c9bbd4d/B-A,vps/M-unit-soldier-attack-fixed-counts/a74b3b7b747bae166c9bbd4d/B-A
7021d39476c082c69391aa7d9d107c8598ae66c5b1828c73e129c275542d42fb,pc/M-combat-capturePercent/adf2a33f332db08d4d373bba/A-B,vps/M-unit-soldier-attack-fixed-counts/adf2a33f332db08d4d373bba/A-B
0a6998a19d108d4ea47989fe9c9346eb6b099ed85b399e3702e1d1add2785d07,pc/M-combat-capturePercent/adf2a33f332db08d4d373bba/B-A,vps/M-unit-soldier-attack-fixed-counts/adf2a33f332db08d4d373bba/B-A
e1e29aab7102365136b614a54a8aeb0bee449145f3bc465a205963f9f554f006,pc/M-combat-capturePercent/bf898c747897728e9c646b00/A-B,vps/M-unit-soldier-attack-fixed-counts/bf898c747897728e9c646b00/A-B
0c2b4bb54f68750a49827995ac5ca7c41b885ac68f663af9b71cf4658f802372,pc/M-combat-capturePercent/bf898c747897728e9c646b00/B-A,vps/M-unit-soldier-attack-fixed-counts/bf898c747897728e9c646b00/B-A
6d407622c60b016795f97c89a6a5574696df9124c61c66dd231ce4e7c7aa2393,pc/M-combat-capturePercent/ec03e2f3b6e41ea5555df14c/A-B,vps/M-unit-soldier-attack-fixed-counts/ec03e2f3b6e41ea5555df14c/A-B
5b40b5d08240a3cb41ac0662b746bf7848264fd5d59a18b9cccd174e1c8a970f,pc/M-combat-capturePercent/ec03e2f3b6e41ea5555df14c/B-A,vps/M-unit-soldier-attack-fixed-counts/ec03e2f3b6e41ea5555df14c/B-A
587a0b6c8fbf92e9e393e63a374c6bdc95fc594470b7c8ee42ee3df5c4a6b8ef,pc/M-combat-capturePercent/1a50bd67feb4ca4f159a4cfe/A-B,vps/M-unit-soldier-baseAccuracy-fixed-counts/1a50bd67feb4ca4f159a4cfe/A-B
cab79020193af6f55744135f0197a1630e3c2215411e9bdd269a836e052ec646,pc/M-combat-capturePercent/1a50bd67feb4ca4f159a4cfe/B-A,vps/M-unit-soldier-baseAccuracy-fixed-counts/1a50bd67feb4ca4f159a4cfe/B-A
9ca322cb96477f8f2d6b2e7673307285a8c1ac1a2124cfb6ddfbf09efb0d4075,pc/M-combat-capturePercent/48d3967fcd05b8de1e34c2d4/A-B,vps/M-unit-soldier-baseAccuracy-fixed-counts/48d3967fcd05b8de1e34c2d4/A-B
0ef488184d72f1f098ab6566fb80c72140d7078400dd1a9587141fe8b34a13ec,pc/M-combat-capturePercent/48d3967fcd05b8de1e34c2d4/B-A,vps/M-unit-soldier-baseAccuracy-fixed-counts/48d3967fcd05b8de1e34c2d4/B-A
00f252d5722657943a4cb0718ce0da7e8a4611896fa35ea5621c1322e14ef866,pc/M-combat-capturePercent/54e1d4f2a6e7f51febebdd8e/A-B,vps/M-unit-soldier-baseAccuracy-fixed-counts/54e1d4f2a6e7f51febebdd8e/A-B
9000dde07f557a8d66b3ea4000e55211bbd45f04e3469db5cbc747249d14ba6c,pc/M-combat-capturePercent/54e1d4f2a6e7f51febebdd8e/B-A,vps/M-unit-soldier-baseAccuracy-fixed-counts/54e1d4f2a6e7f51febebdd8e/B-A
4970d1f6b5265fad201517f3825ff40d79aa8b20306bc545f88c8e11a313708e,pc/M-combat-capturePercent/6aee5ba4cebd035270c43536/A-B,vps/M-unit-soldier-baseAccuracy-fixed-counts/6aee5ba4cebd035270c43536/A-B
0243eeadabcc14bc5e95fa1b391f9a0fbfc6c55db116c0e75d961227e7785c42,pc/M-combat-capturePercent/6aee5ba4cebd035270c43536/B-A,vps/M-unit-soldier-baseAccuracy-fixed-counts/6aee5ba4cebd035270c43536/B-A
f5eaa97da71df5298d7c5b30554bec43da7311247b6bf61d3299b38dd99ce886,pc/M-combat-capturePercent/80ebf93b386771704cc70bab/A-B,vps/M-unit-soldier-baseAccuracy-fixed-counts/80ebf93b386771704cc70bab/A-B
6a49a491a5ff72a4b8db0cc1fcd37742813f1f1a76d4b11bb02af21e20d1e1ce,pc/M-combat-capturePercent/80ebf93b386771704cc70bab/B-A,vps/M-unit-soldier-baseAccuracy-fixed-counts/80ebf93b386771704cc70bab/B-A
647ab88a83aa6f834990989ca24911ddf969595c4a5f5d85e2c151fdaebac92b,pc/M-combat-capturePercent/93f29e181d26c9d16b60ee8b/A-B,vps/M-unit-soldier-baseAccuracy-fixed-counts/93f29e181d26c9d16b60ee8b/A-B
cb5849664fb65ac00466aa61563a1f9baace77ad985b9c02a92e371cf45b1603,pc/M-combat-capturePercent/93f29e181d26c9d16b60ee8b/B-A,vps/M-unit-soldier-baseAccuracy-fixed-counts/93f29e181d26c9d16b60ee8b/B-A
2a1d1503a117713d05836a468b6a0d0d39d7d08702d9ca68ffe56c89d6f08704,pc/M-combat-capturePercent/98043342a0f7383cbda2c59d/A-B,vps/M-unit-soldier-baseAccuracy-fixed-counts/98043342a0f7383cbda2c59d/A-B
cdd056f355bfd3009ca6798847f425d092b2fa95fee94cbb9f1b9d30918fd936,pc/M-combat-capturePercent/98043342a0f7383cbda2c59d/B-A,vps/M-unit-soldier-baseAccuracy-fixed-counts/98043342a0f7383cbda2c59d/B-A
3d79ed5983c89d0022c51a128734a7b36a8941c07b48f432dd6f260a0059cec7,pc/M-combat-capturePercent/9a1ddda43134d9061057be59/A-B,vps/M-unit-soldier-baseAccuracy-fixed-counts/9a1ddda43134d9061057be59/A-B
b539cabaf72f26f266d867628052db7ffc7cfa333da902e943ce8bd34a752c17,pc/M-combat-capturePercent/9a1ddda43134d9061057be59/B-A,vps/M-unit-soldier-baseAccuracy-fixed-counts/9a1ddda43134d9061057be59/B-A
a5bb96235bf6f9a76b769ff737d8e922df94b0a52f749525853085cd022bf3ef,pc/M-combat-capturePercent/a74b3b7b747bae166c9bbd4d/A-B,vps/M-unit-soldier-baseAccuracy-fixed-counts/a74b3b7b747bae166c9bbd4d/A-B
8a5fbdbf1b558dc200eab97d67343355792afdf24d5bbb0e91f754b86f3a02ef,pc/M-combat-capturePercent/a74b3b7b747bae166c9bbd4d/B-A,vps/M-unit-soldier-baseAccuracy-fixed-counts/a74b3b7b747bae166c9bbd4d/B-A
7021d39476c082c69391aa7d9d107c8598ae66c5b1828c73e129c275542d42fb,pc/M-combat-capturePercent/adf2a33f332db08d4d373bba/A-B,vps/M-unit-soldier-baseAccuracy-fixed-counts/adf2a33f332db08d4d373bba/A-B
0a6998a19d108d4ea47989fe9c9346eb6b099ed85b399e3702e1d1add2785d07,pc/M-combat-capturePercent/adf2a33f332db08d4d373bba/B-A,vps/M-unit-soldier-baseAccuracy-fixed-counts/adf2a33f332db08d4d373bba/B-A
e1e29aab7102365136b614a54a8aeb0bee449145f3bc465a205963f9f554f006,pc/M-combat-capturePercent/bf898c747897728e9c646b00/A-B,vps/M-unit-soldier-baseAccuracy-fixed-counts/bf898c747897728e9c646b00/A-B
0c2b4bb54f68750a49827995ac5ca7c41b885ac68f663af9b71cf4658f802372,pc/M-combat-capturePercent/bf898c747897728e9c646b00/B-A,vps/M-unit-soldier-baseAccuracy-fixed-counts/bf898c747897728e9c646b00/B-A
6d407622c60b016795f97c89a6a5574696df9124c61c66dd231ce4e7c7aa2393,pc/M-combat-capturePercent/ec03e2f3b6e41ea5555df14c/A-B,vps/M-unit-soldier-baseAccuracy-fixed-counts/ec03e2f3b6e41ea5555df14c/A-B
5b40b5d08240a3cb41ac0662b746bf7848264fd5d59a18b9cccd174e1c8a970f,pc/M-combat-capturePercent/ec03e2f3b6e41ea5555df14c/B-A,vps/M-unit-soldier-baseAccuracy-fixed-counts/ec03e2f3b6e41ea5555df14c/B-A
587a0b6c8fbf92e9e393e63a374c6bdc95fc594470b7c8ee42ee3df5c4a6b8ef,pc/M-combat-capturePercent/1a50bd67feb4ca4f159a4cfe/A-B,vps/M-unit-soldier-capturable-fixed-counts/1a50bd67feb4ca4f159a4cfe/A-B
cab79020193af6f55744135f0197a1630e3c2215411e9bdd269a836e052ec646,pc/M-combat-capturePercent/1a50bd67feb4ca4f159a4cfe/B-A,vps/M-unit-soldier-capturable-fixed-counts/1a50bd67feb4ca4f159a4cfe/B-A
9ca322cb96477f8f2d6b2e7673307285a8c1ac1a2124cfb6ddfbf09efb0d4075,pc/M-combat-capturePercent/48d3967fcd05b8de1e34c2d4/A-B,vps/M-unit-soldier-capturable-fixed-counts/48d3967fcd05b8de1e34c2d4/A-B
0ef488184d72f1f098ab6566fb80c72140d7078400dd1a9587141fe8b34a13ec,pc/M-combat-capturePercent/48d3967fcd05b8de1e34c2d4/B-A,vps/M-unit-soldier-capturable-fixed-counts/48d3967fcd05b8de1e34c2d4/B-A
00f252d5722657943a4cb0718ce0da7e8a4611896fa35ea5621c1322e14ef866,pc/M-combat-capturePercent/54e1d4f2a6e7f51febebdd8e/A-B,vps/M-unit-soldier-capturable-fixed-counts/54e1d4f2a6e7f51febebdd8e/A-B
9000dde07f557a8d66b3ea4000e55211bbd45f04e3469db5cbc747249d14ba6c,pc/M-combat-capturePercent/54e1d4f2a6e7f51febebdd8e/B-A,vps/M-unit-soldier-capturable-fixed-counts/54e1d4f2a6e7f51febebdd8e/B-A
4970d1f6b5265fad201517f3825ff40d79aa8b20306bc545f88c8e11a313708e,pc/M-combat-capturePercent/6aee5ba4cebd035270c43536/A-B,vps/M-unit-soldier-capturable-fixed-counts/6aee5ba4cebd035270c43536/A-B
0243eeadabcc14bc5e95fa1b391f9a0fbfc6c55db116c0e75d961227e7785c42,pc/M-combat-capturePercent/6aee5ba4cebd035270c43536/B-A,vps/M-unit-soldier-capturable-fixed-counts/6aee5ba4cebd035270c43536/B-A
f5eaa97da71df5298d7c5b30554bec43da7311247b6bf61d3299b38dd99ce886,pc/M-combat-capturePercent/80ebf93b386771704cc70bab/A-B,vps/M-unit-soldier-capturable-fixed-counts/80ebf93b386771704cc70bab/A-B
6a49a491a5ff72a4b8db0cc1fcd37742813f1f1a76d4b11bb02af21e20d1e1ce,pc/M-combat-capturePercent/80ebf93b386771704cc70bab/B-A,vps/M-unit-soldier-capturable-fixed-counts/80ebf93b386771704cc70bab/B-A
647ab88a83aa6f834990989ca24911ddf969595c4a5f5d85e2c151fdaebac92b,pc/M-combat-capturePercent/93f29e181d26c9d16b60ee8b/A-B,vps/M-unit-soldier-capturable-fixed-counts/93f29e181d26c9d16b60ee8b/A-B
cb5849664fb65ac00466aa61563a1f9baace77ad985b9c02a92e371cf45b1603,pc/M-combat-capturePercent/93f29e181d26c9d16b60ee8b/B-A,vps/M-unit-soldier-capturable-fixed-counts/93f29e181d26c9d16b60ee8b/B-A
2a1d1503a117713d05836a468b6a0d0d39d7d08702d9ca68ffe56c89d6f08704,pc/M-combat-capturePercent/98043342a0f7383cbda2c59d/A-B,vps/M-unit-soldier-capturable-fixed-counts/98043342a0f7383cbda2c59d/A-B
cdd056f355bfd3009ca6798847f425d092b2fa95fee94cbb9f1b9d30918fd936,pc/M-combat-capturePercent/98043342a0f7383cbda2c59d/B-A,vps/M-unit-soldier-capturable-fixed-counts/98043342a0f7383cbda2c59d/B-A
3d79ed5983c89d0022c51a128734a7b36a8941c07b48f432dd6f260a0059cec7,pc/M-combat-capturePercent/9a1ddda43134d9061057be59/A-B,vps/M-unit-soldier-capturable-fixed-counts/9a1ddda43134d9061057be59/A-B
b539cabaf72f26f266d867628052db7ffc7cfa333da902e943ce8bd34a752c17,pc/M-combat-capturePercent/9a1ddda43134d9061057be59/B-A,vps/M-unit-soldier-capturable-fixed-counts/9a1ddda43134d9061057be59/B-A
a5bb96235bf6f9a76b769ff737d8e922df94b0a52f749525853085cd022bf3ef,pc/M-combat-capturePercent/a74b3b7b747bae166c9bbd4d/A-B,vps/M-unit-soldier-capturable-fixed-counts/a74b3b7b747bae166c9bbd4d/A-B
8a5fbdbf1b558dc200eab97d67343355792afdf24d5bbb0e91f754b86f3a02ef,pc/M-combat-capturePercent/a74b3b7b747bae166c9bbd4d/B-A,vps/M-unit-soldier-capturable-fixed-counts/a74b3b7b747bae166c9bbd4d/B-A
7021d39476c082c69391aa7d9d107c8598ae66c5b1828c73e129c275542d42fb,pc/M-combat-capturePercent/adf2a33f332db08d4d373bba/A-B,vps/M-unit-soldier-capturable-fixed-counts/adf2a33f332db08d4d373bba/A-B
0a6998a19d108d4ea47989fe9c9346eb6b099ed85b399e3702e1d1add2785d07,pc/M-combat-capturePercent/adf2a33f332db08d4d373bba/B-A,vps/M-unit-soldier-capturable-fixed-counts/adf2a33f332db08d4d373bba/B-A
e1e29aab7102365136b614a54a8aeb0bee449145f3bc465a205963f9f554f006,pc/M-combat-capturePercent/bf898c747897728e9c646b00/A-B,vps/M-unit-soldier-capturable-fixed-counts/bf898c747897728e9c646b00/A-B
0c2b4bb54f68750a49827995ac5ca7c41b885ac68f663af9b71cf4658f802372,pc/M-combat-capturePercent/bf898c747897728e9c646b00/B-A,vps/M-unit-soldier-capturable-fixed-counts/bf898c747897728e9c646b00/B-A
6d407622c60b016795f97c89a6a5574696df9124c61c66dd231ce4e7c7aa2393,pc/M-combat-capturePercent/ec03e2f3b6e41ea5555df14c/A-B,vps/M-unit-soldier-capturable-fixed-counts/ec03e2f3b6e41ea5555df14c/A-B
5b40b5d08240a3cb41ac0662b746bf7848264fd5d59a18b9cccd174e1c8a970f,pc/M-combat-capturePercent/ec03e2f3b6e41ea5555df14c/B-A,vps/M-unit-soldier-capturable-fixed-counts/ec03e2f3b6e41ea5555df14c/B-A
7021d39476c082c69391aa7d9d107c8598ae66c5b1828c73e129c275542d42fb,pc/M-combat-capturePercent/adf2a33f332db08d4d373bba/A-B,vps/M-unit-soldier-cost-fixed-budget/059b1347100abac5c37de1bb/A-B
0a6998a19d108d4ea47989fe9c9346eb6b099ed85b399e3702e1d1add2785d07,pc/M-combat-capturePercent/adf2a33f332db08d4d373bba/B-A,vps/M-unit-soldier-cost-fixed-budget/059b1347100abac5c37de1bb/B-A
00f252d5722657943a4cb0718ce0da7e8a4611896fa35ea5621c1322e14ef866,pc/M-combat-capturePercent/54e1d4f2a6e7f51febebdd8e/A-B,vps/M-unit-soldier-cost-fixed-budget/2d6a059e6e3e5d4e1938facc/A-B
9000dde07f557a8d66b3ea4000e55211bbd45f04e3469db5cbc747249d14ba6c,pc/M-combat-capturePercent/54e1d4f2a6e7f51febebdd8e/B-A,vps/M-unit-soldier-cost-fixed-budget/2d6a059e6e3e5d4e1938facc/B-A
6d407622c60b016795f97c89a6a5574696df9124c61c66dd231ce4e7c7aa2393,pc/M-combat-capturePercent/ec03e2f3b6e41ea5555df14c/A-B,vps/M-unit-soldier-cost-fixed-budget/326802c0d4a0c5449e108a18/A-B
5b40b5d08240a3cb41ac0662b746bf7848264fd5d59a18b9cccd174e1c8a970f,pc/M-combat-capturePercent/ec03e2f3b6e41ea5555df14c/B-A,vps/M-unit-soldier-cost-fixed-budget/326802c0d4a0c5449e108a18/B-A
2a1d1503a117713d05836a468b6a0d0d39d7d08702d9ca68ffe56c89d6f08704,pc/M-combat-capturePercent/98043342a0f7383cbda2c59d/A-B,vps/M-unit-soldier-cost-fixed-budget/3dc82c9e088b4b89a31040ae/A-B
cdd056f355bfd3009ca6798847f425d092b2fa95fee94cbb9f1b9d30918fd936,pc/M-combat-capturePercent/98043342a0f7383cbda2c59d/B-A,vps/M-unit-soldier-cost-fixed-budget/3dc82c9e088b4b89a31040ae/B-A
9ca322cb96477f8f2d6b2e7673307285a8c1ac1a2124cfb6ddfbf09efb0d4075,pc/M-combat-capturePercent/48d3967fcd05b8de1e34c2d4/A-B,vps/M-unit-soldier-cost-fixed-budget/4d96e79b6015fadb93ed8b75/A-B
0ef488184d72f1f098ab6566fb80c72140d7078400dd1a9587141fe8b34a13ec,pc/M-combat-capturePercent/48d3967fcd05b8de1e34c2d4/B-A,vps/M-unit-soldier-cost-fixed-budget/4d96e79b6015fadb93ed8b75/B-A
e1e29aab7102365136b614a54a8aeb0bee449145f3bc465a205963f9f554f006,pc/M-combat-capturePercent/bf898c747897728e9c646b00/A-B,vps/M-unit-soldier-cost-fixed-budget/585114497546f8f2d6c48cb7/A-B
0c2b4bb54f68750a49827995ac5ca7c41b885ac68f663af9b71cf4658f802372,pc/M-combat-capturePercent/bf898c747897728e9c646b00/B-A,vps/M-unit-soldier-cost-fixed-budget/585114497546f8f2d6c48cb7/B-A
f5eaa97da71df5298d7c5b30554bec43da7311247b6bf61d3299b38dd99ce886,pc/M-combat-capturePercent/80ebf93b386771704cc70bab/A-B,vps/M-unit-soldier-cost-fixed-budget/6866debf34828ca289995be9/A-B
6a49a491a5ff72a4b8db0cc1fcd37742813f1f1a76d4b11bb02af21e20d1e1ce,pc/M-combat-capturePercent/80ebf93b386771704cc70bab/B-A,vps/M-unit-soldier-cost-fixed-budget/6866debf34828ca289995be9/B-A
3d79ed5983c89d0022c51a128734a7b36a8941c07b48f432dd6f260a0059cec7,pc/M-combat-capturePercent/9a1ddda43134d9061057be59/A-B,vps/M-unit-soldier-cost-fixed-budget/6ee739e25200820057718a19/A-B
b539cabaf72f26f266d867628052db7ffc7cfa333da902e943ce8bd34a752c17,pc/M-combat-capturePercent/9a1ddda43134d9061057be59/B-A,vps/M-unit-soldier-cost-fixed-budget/6ee739e25200820057718a19/B-A
a5bb96235bf6f9a76b769ff737d8e922df94b0a52f749525853085cd022bf3ef,pc/M-combat-capturePercent/a74b3b7b747bae166c9bbd4d/A-B,vps/M-unit-soldier-cost-fixed-budget/7381858932d41d6ad10468d9/A-B
8a5fbdbf1b558dc200eab97d67343355792afdf24d5bbb0e91f754b86f3a02ef,pc/M-combat-capturePercent/a74b3b7b747bae166c9bbd4d/B-A,vps/M-unit-soldier-cost-fixed-budget/7381858932d41d6ad10468d9/B-A
4970d1f6b5265fad201517f3825ff40d79aa8b20306bc545f88c8e11a313708e,pc/M-combat-capturePercent/6aee5ba4cebd035270c43536/A-B,vps/M-unit-soldier-cost-fixed-budget/773ed616788ab2958d80f9ac/A-B
0243eeadabcc14bc5e95fa1b391f9a0fbfc6c55db116c0e75d961227e7785c42,pc/M-combat-capturePercent/6aee5ba4cebd035270c43536/B-A,vps/M-unit-soldier-cost-fixed-budget/773ed616788ab2958d80f9ac/B-A
647ab88a83aa6f834990989ca24911ddf969595c4a5f5d85e2c151fdaebac92b,pc/M-combat-capturePercent/93f29e181d26c9d16b60ee8b/A-B,vps/M-unit-soldier-cost-fixed-budget/e3f3719bf357423bbb918a6d/A-B
cb5849664fb65ac00466aa61563a1f9baace77ad985b9c02a92e371cf45b1603,pc/M-combat-capturePercent/93f29e181d26c9d16b60ee8b/B-A,vps/M-unit-soldier-cost-fixed-budget/e3f3719bf357423bbb918a6d/B-A
587a0b6c8fbf92e9e393e63a374c6bdc95fc594470b7c8ee42ee3df5c4a6b8ef,pc/M-combat-capturePercent/1a50bd67feb4ca4f159a4cfe/A-B,vps/M-unit-soldier-cost-fixed-budget/f4b7768c23347a952616d588/A-B
cab79020193af6f55744135f0197a1630e3c2215411e9bdd269a836e052ec646,pc/M-combat-capturePercent/1a50bd67feb4ca4f159a4cfe/B-A,vps/M-unit-soldier-cost-fixed-budget/f4b7768c23347a952616d588/B-A
587a0b6c8fbf92e9e393e63a374c6bdc95fc594470b7c8ee42ee3df5c4a6b8ef,pc/M-combat-capturePercent/1a50bd67feb4ca4f159a4cfe/A-B,vps/M-unit-soldier-cost-fixed-counts/1a50bd67feb4ca4f159a4cfe/A-B
cab79020193af6f55744135f0197a1630e3c2215411e9bdd269a836e052ec646,pc/M-combat-capturePercent/1a50bd67feb4ca4f159a4cfe/B-A,vps/M-unit-soldier-cost-fixed-counts/1a50bd67feb4ca4f159a4cfe/B-A
9ca322cb96477f8f2d6b2e7673307285a8c1ac1a2124cfb6ddfbf09efb0d4075,pc/M-combat-capturePercent/48d3967fcd05b8de1e34c2d4/A-B,vps/M-unit-soldier-cost-fixed-counts/48d3967fcd05b8de1e34c2d4/A-B
0ef488184d72f1f098ab6566fb80c72140d7078400dd1a9587141fe8b34a13ec,pc/M-combat-capturePercent/48d3967fcd05b8de1e34c2d4/B-A,vps/M-unit-soldier-cost-fixed-counts/48d3967fcd05b8de1e34c2d4/B-A
00f252d5722657943a4cb0718ce0da7e8a4611896fa35ea5621c1322e14ef866,pc/M-combat-capturePercent/54e1d4f2a6e7f51febebdd8e/A-B,vps/M-unit-soldier-cost-fixed-counts/54e1d4f2a6e7f51febebdd8e/A-B
9000dde07f557a8d66b3ea4000e55211bbd45f04e3469db5cbc747249d14ba6c,pc/M-combat-capturePercent/54e1d4f2a6e7f51febebdd8e/B-A,vps/M-unit-soldier-cost-fixed-counts/54e1d4f2a6e7f51febebdd8e/B-A
4970d1f6b5265fad201517f3825ff40d79aa8b20306bc545f88c8e11a313708e,pc/M-combat-capturePercent/6aee5ba4cebd035270c43536/A-B,vps/M-unit-soldier-cost-fixed-counts/6aee5ba4cebd035270c43536/A-B
0243eeadabcc14bc5e95fa1b391f9a0fbfc6c55db116c0e75d961227e7785c42,pc/M-combat-capturePercent/6aee5ba4cebd035270c43536/B-A,vps/M-unit-soldier-cost-fixed-counts/6aee5ba4cebd035270c43536/B-A
f5eaa97da71df5298d7c5b30554bec43da7311247b6bf61d3299b38dd99ce886,pc/M-combat-capturePercent/80ebf93b386771704cc70bab/A-B,vps/M-unit-soldier-cost-fixed-counts/80ebf93b386771704cc70bab/A-B
6a49a491a5ff72a4b8db0cc1fcd37742813f1f1a76d4b11bb02af21e20d1e1ce,pc/M-combat-capturePercent/80ebf93b386771704cc70bab/B-A,vps/M-unit-soldier-cost-fixed-counts/80ebf93b386771704cc70bab/B-A
647ab88a83aa6f834990989ca24911ddf969595c4a5f5d85e2c151fdaebac92b,pc/M-combat-capturePercent/93f29e181d26c9d16b60ee8b/A-B,vps/M-unit-soldier-cost-fixed-counts/93f29e181d26c9d16b60ee8b/A-B
cb5849664fb65ac00466aa61563a1f9baace77ad985b9c02a92e371cf45b1603,pc/M-combat-capturePercent/93f29e181d26c9d16b60ee8b/B-A,vps/M-unit-soldier-cost-fixed-counts/93f29e181d26c9d16b60ee8b/B-A
2a1d1503a117713d05836a468b6a0d0d39d7d08702d9ca68ffe56c89d6f08704,pc/M-combat-capturePercent/98043342a0f7383cbda2c59d/A-B,vps/M-unit-soldier-cost-fixed-counts/98043342a0f7383cbda2c59d/A-B
cdd056f355bfd3009ca6798847f425d092b2fa95fee94cbb9f1b9d30918fd936,pc/M-combat-capturePercent/98043342a0f7383cbda2c59d/B-A,vps/M-unit-soldier-cost-fixed-counts/98043342a0f7383cbda2c59d/B-A
3d79ed5983c89d0022c51a128734a7b36a8941c07b48f432dd6f260a0059cec7,pc/M-combat-capturePercent/9a1ddda43134d9061057be59/A-B,vps/M-unit-soldier-cost-fixed-counts/9a1ddda43134d9061057be59/A-B
b539cabaf72f26f266d867628052db7ffc7cfa333da902e943ce8bd34a752c17,pc/M-combat-capturePercent/9a1ddda43134d9061057be59/B-A,vps/M-unit-soldier-cost-fixed-counts/9a1ddda43134d9061057be59/B-A
a5bb96235bf6f9a76b769ff737d8e922df94b0a52f749525853085cd022bf3ef,pc/M-combat-capturePercent/a74b3b7b747bae166c9bbd4d/A-B,vps/M-unit-soldier-cost-fixed-counts/a74b3b7b747bae166c9bbd4d/A-B
8a5fbdbf1b558dc200eab97d67343355792afdf24d5bbb0e91f754b86f3a02ef,pc/M-combat-capturePercent/a74b3b7b747bae166c9bbd4d/B-A,vps/M-unit-soldier-cost-fixed-counts/a74b3b7b747bae166c9bbd4d/B-A
7021d39476c082c69391aa7d9d107c8598ae66c5b1828c73e129c275542d42fb,pc/M-combat-capturePercent/adf2a33f332db08d4d373bba/A-B,vps/M-unit-soldier-cost-fixed-counts/adf2a33f332db08d4d373bba/A-B
0a6998a19d108d4ea47989fe9c9346eb6b099ed85b399e3702e1d1add2785d07,pc/M-combat-capturePercent/adf2a33f332db08d4d373bba/B-A,vps/M-unit-soldier-cost-fixed-counts/adf2a33f332db08d4d373bba/B-A
e1e29aab7102365136b614a54a8aeb0bee449145f3bc465a205963f9f554f006,pc/M-combat-capturePercent/bf898c747897728e9c646b00/A-B,vps/M-unit-soldier-cost-fixed-counts/bf898c747897728e9c646b00/A-B
0c2b4bb54f68750a49827995ac5ca7c41b885ac68f663af9b71cf4658f802372,pc/M-combat-capturePercent/bf898c747897728e9c646b00/B-A,vps/M-unit-soldier-cost-fixed-counts/bf898c747897728e9c646b00/B-A
6d407622c60b016795f97c89a6a5574696df9124c61c66dd231ce4e7c7aa2393,pc/M-combat-capturePercent/ec03e2f3b6e41ea5555df14c/A-B,vps/M-unit-soldier-cost-fixed-counts/ec03e2f3b6e41ea5555df14c/A-B
5b40b5d08240a3cb41ac0662b746bf7848264fd5d59a18b9cccd174e1c8a970f,pc/M-combat-capturePercent/ec03e2f3b6e41ea5555df14c/B-A,vps/M-unit-soldier-cost-fixed-counts/ec03e2f3b6e41ea5555df14c/B-A
587a0b6c8fbf92e9e393e63a374c6bdc95fc594470b7c8ee42ee3df5c4a6b8ef,pc/M-combat-capturePercent/1a50bd67feb4ca4f159a4cfe/A-B,vps/M-unit-soldier-defendingEfficiency-fixed-counts/1a50bd67feb4ca4f159a4cfe/A-B
cab79020193af6f55744135f0197a1630e3c2215411e9bdd269a836e052ec646,pc/M-combat-capturePercent/1a50bd67feb4ca4f159a4cfe/B-A,vps/M-unit-soldier-defendingEfficiency-fixed-counts/1a50bd67feb4ca4f159a4cfe/B-A
9ca322cb96477f8f2d6b2e7673307285a8c1ac1a2124cfb6ddfbf09efb0d4075,pc/M-combat-capturePercent/48d3967fcd05b8de1e34c2d4/A-B,vps/M-unit-soldier-defendingEfficiency-fixed-counts/48d3967fcd05b8de1e34c2d4/A-B
0ef488184d72f1f098ab6566fb80c72140d7078400dd1a9587141fe8b34a13ec,pc/M-combat-capturePercent/48d3967fcd05b8de1e34c2d4/B-A,vps/M-unit-soldier-defendingEfficiency-fixed-counts/48d3967fcd05b8de1e34c2d4/B-A
00f252d5722657943a4cb0718ce0da7e8a4611896fa35ea5621c1322e14ef866,pc/M-combat-capturePercent/54e1d4f2a6e7f51febebdd8e/A-B,vps/M-unit-soldier-defendingEfficiency-fixed-counts/54e1d4f2a6e7f51febebdd8e/A-B
9000dde07f557a8d66b3ea4000e55211bbd45f04e3469db5cbc747249d14ba6c,pc/M-combat-capturePercent/54e1d4f2a6e7f51febebdd8e/B-A,vps/M-unit-soldier-defendingEfficiency-fixed-counts/54e1d4f2a6e7f51febebdd8e/B-A
4970d1f6b5265fad201517f3825ff40d79aa8b20306bc545f88c8e11a313708e,pc/M-combat-capturePercent/6aee5ba4cebd035270c43536/A-B,vps/M-unit-soldier-defendingEfficiency-fixed-counts/6aee5ba4cebd035270c43536/A-B
0243eeadabcc14bc5e95fa1b391f9a0fbfc6c55db116c0e75d961227e7785c42,pc/M-combat-capturePercent/6aee5ba4cebd035270c43536/B-A,vps/M-unit-soldier-defendingEfficiency-fixed-counts/6aee5ba4cebd035270c43536/B-A
f5eaa97da71df5298d7c5b30554bec43da7311247b6bf61d3299b38dd99ce886,pc/M-combat-capturePercent/80ebf93b386771704cc70bab/A-B,vps/M-unit-soldier-defendingEfficiency-fixed-counts/80ebf93b386771704cc70bab/A-B
6a49a491a5ff72a4b8db0cc1fcd37742813f1f1a76d4b11bb02af21e20d1e1ce,pc/M-combat-capturePercent/80ebf93b386771704cc70bab/B-A,vps/M-unit-soldier-defendingEfficiency-fixed-counts/80ebf93b386771704cc70bab/B-A
647ab88a83aa6f834990989ca24911ddf969595c4a5f5d85e2c151fdaebac92b,pc/M-combat-capturePercent/93f29e181d26c9d16b60ee8b/A-B,vps/M-unit-soldier-defendingEfficiency-fixed-counts/93f29e181d26c9d16b60ee8b/A-B
cb5849664fb65ac00466aa61563a1f9baace77ad985b9c02a92e371cf45b1603,pc/M-combat-capturePercent/93f29e181d26c9d16b60ee8b/B-A,vps/M-unit-soldier-defendingEfficiency-fixed-counts/93f29e181d26c9d16b60ee8b/B-A
2a1d1503a117713d05836a468b6a0d0d39d7d08702d9ca68ffe56c89d6f08704,pc/M-combat-capturePercent/98043342a0f7383cbda2c59d/A-B,vps/M-unit-soldier-defendingEfficiency-fixed-counts/98043342a0f7383cbda2c59d/A-B
cdd056f355bfd3009ca6798847f425d092b2fa95fee94cbb9f1b9d30918fd936,pc/M-combat-capturePercent/98043342a0f7383cbda2c59d/B-A,vps/M-unit-soldier-defendingEfficiency-fixed-counts/98043342a0f7383cbda2c59d/B-A
3d79ed5983c89d0022c51a128734a7b36a8941c07b48f432dd6f260a0059cec7,pc/M-combat-capturePercent/9a1ddda43134d9061057be59/A-B,vps/M-unit-soldier-defendingEfficiency-fixed-counts/9a1ddda43134d9061057be59/A-B
b539cabaf72f26f266d867628052db7ffc7cfa333da902e943ce8bd34a752c17,pc/M-combat-capturePercent/9a1ddda43134d9061057be59/B-A,vps/M-unit-soldier-defendingEfficiency-fixed-counts/9a1ddda43134d9061057be59/B-A
a5bb96235bf6f9a76b769ff737d8e922df94b0a52f749525853085cd022bf3ef,pc/M-combat-capturePercent/a74b3b7b747bae166c9bbd4d/A-B,vps/M-unit-soldier-defendingEfficiency-fixed-counts/a74b3b7b747bae166c9bbd4d/A-B
8a5fbdbf1b558dc200eab97d67343355792afdf24d5bbb0e91f754b86f3a02ef,pc/M-combat-capturePercent/a74b3b7b747bae166c9bbd4d/B-A,vps/M-unit-soldier-defendingEfficiency-fixed-counts/a74b3b7b747bae166c9bbd4d/B-A
7021d39476c082c69391aa7d9d107c8598ae66c5b1828c73e129c275542d42fb,pc/M-combat-capturePercent/adf2a33f332db08d4d373bba/A-B,vps/M-unit-soldier-defendingEfficiency-fixed-counts/adf2a33f332db08d4d373bba/A-B
0a6998a19d108d4ea47989fe9c9346eb6b099ed85b399e3702e1d1add2785d07,pc/M-combat-capturePercent/adf2a33f332db08d4d373bba/B-A,vps/M-unit-soldier-defendingEfficiency-fixed-counts/adf2a33f332db08d4d373bba/B-A
e1e29aab7102365136b614a54a8aeb0bee449145f3bc465a205963f9f554f006,pc/M-combat-capturePercent/bf898c747897728e9c646b00/A-B,vps/M-unit-soldier-defendingEfficiency-fixed-counts/bf898c747897728e9c646b00/A-B
0c2b4bb54f68750a49827995ac5ca7c41b885ac68f663af9b71cf4658f802372,pc/M-combat-capturePercent/bf898c747897728e9c646b00/B-A,vps/M-unit-soldier-defendingEfficiency-fixed-counts/bf898c747897728e9c646b00/B-A
6d407622c60b016795f97c89a6a5574696df9124c61c66dd231ce4e7c7aa2393,pc/M-combat-capturePercent/ec03e2f3b6e41ea5555df14c/A-B,vps/M-unit-soldier-defendingEfficiency-fixed-counts/ec03e2f3b6e41ea5555df14c/A-B
5b40b5d08240a3cb41ac0662b746bf7848264fd5d59a18b9cccd174e1c8a970f,pc/M-combat-capturePercent/ec03e2f3b6e41ea5555df14c/B-A,vps/M-unit-soldier-defendingEfficiency-fixed-counts/ec03e2f3b6e41ea5555df14c/B-A
587a0b6c8fbf92e9e393e63a374c6bdc95fc594470b7c8ee42ee3df5c4a6b8ef,pc/M-combat-capturePercent/1a50bd67feb4ca4f159a4cfe/A-B,vps/M-unit-soldier-strikesPerAttack-fixed-counts/1a50bd67feb4ca4f159a4cfe/A-B
cab79020193af6f55744135f0197a1630e3c2215411e9bdd269a836e052ec646,pc/M-combat-capturePercent/1a50bd67feb4ca4f159a4cfe/B-A,vps/M-unit-soldier-strikesPerAttack-fixed-counts/1a50bd67feb4ca4f159a4cfe/B-A
9ca322cb96477f8f2d6b2e7673307285a8c1ac1a2124cfb6ddfbf09efb0d4075,pc/M-combat-capturePercent/48d3967fcd05b8de1e34c2d4/A-B,vps/M-unit-soldier-strikesPerAttack-fixed-counts/48d3967fcd05b8de1e34c2d4/A-B
0ef488184d72f1f098ab6566fb80c72140d7078400dd1a9587141fe8b34a13ec,pc/M-combat-capturePercent/48d3967fcd05b8de1e34c2d4/B-A,vps/M-unit-soldier-strikesPerAttack-fixed-counts/48d3967fcd05b8de1e34c2d4/B-A
00f252d5722657943a4cb0718ce0da7e8a4611896fa35ea5621c1322e14ef866,pc/M-combat-capturePercent/54e1d4f2a6e7f51febebdd8e/A-B,vps/M-unit-soldier-strikesPerAttack-fixed-counts/54e1d4f2a6e7f51febebdd8e/A-B
9000dde07f557a8d66b3ea4000e55211bbd45f04e3469db5cbc747249d14ba6c,pc/M-combat-capturePercent/54e1d4f2a6e7f51febebdd8e/B-A,vps/M-unit-soldier-strikesPerAttack-fixed-counts/54e1d4f2a6e7f51febebdd8e/B-A
4970d1f6b5265fad201517f3825ff40d79aa8b20306bc545f88c8e11a313708e,pc/M-combat-capturePercent/6aee5ba4cebd035270c43536/A-B,vps/M-unit-soldier-strikesPerAttack-fixed-counts/6aee5ba4cebd035270c43536/A-B
0243eeadabcc14bc5e95fa1b391f9a0fbfc6c55db116c0e75d961227e7785c42,pc/M-combat-capturePercent/6aee5ba4cebd035270c43536/B-A,vps/M-unit-soldier-strikesPerAttack-fixed-counts/6aee5ba4cebd035270c43536/B-A
f5eaa97da71df5298d7c5b30554bec43da7311247b6bf61d3299b38dd99ce886,pc/M-combat-capturePercent/80ebf93b386771704cc70bab/A-B,vps/M-unit-soldier-strikesPerAttack-fixed-counts/80ebf93b386771704cc70bab/A-B
6a49a491a5ff72a4b8db0cc1fcd37742813f1f1a76d4b11bb02af21e20d1e1ce,pc/M-combat-capturePercent/80ebf93b386771704cc70bab/B-A,vps/M-unit-soldier-strikesPerAttack-fixed-counts/80ebf93b386771704cc70bab/B-A
647ab88a83aa6f834990989ca24911ddf969595c4a5f5d85e2c151fdaebac92b,pc/M-combat-capturePercent/93f29e181d26c9d16b60ee8b/A-B,vps/M-unit-soldier-strikesPerAttack-fixed-counts/93f29e181d26c9d16b60ee8b/A-B
cb5849664fb65ac00466aa61563a1f9baace77ad985b9c02a92e371cf45b1603,pc/M-combat-capturePercent/93f29e181d26c9d16b60ee8b/B-A,vps/M-unit-soldier-strikesPerAttack-fixed-counts/93f29e181d26c9d16b60ee8b/B-A
2a1d1503a117713d05836a468b6a0d0d39d7d08702d9ca68ffe56c89d6f08704,pc/M-combat-capturePercent/98043342a0f7383cbda2c59d/A-B,vps/M-unit-soldier-strikesPerAttack-fixed-counts/98043342a0f7383cbda2c59d/A-B
cdd056f355bfd3009ca6798847f425d092b2fa95fee94cbb9f1b9d30918fd936,pc/M-combat-capturePercent/98043342a0f7383cbda2c59d/B-A,vps/M-unit-soldier-strikesPerAttack-fixed-counts/98043342a0f7383cbda2c59d/B-A
3d79ed5983c89d0022c51a128734a7b36a8941c07b48f432dd6f260a0059cec7,pc/M-combat-capturePercent/9a1ddda43134d9061057be59/A-B,vps/M-unit-soldier-strikesPerAttack-fixed-counts/9a1ddda43134d9061057be59/A-B
b539cabaf72f26f266d867628052db7ffc7cfa333da902e943ce8bd34a752c17,pc/M-combat-capturePercent/9a1ddda43134d9061057be59/B-A,vps/M-unit-soldier-strikesPerAttack-fixed-counts/9a1ddda43134d9061057be59/B-A
a5bb96235bf6f9a76b769ff737d8e922df94b0a52f749525853085cd022bf3ef,pc/M-combat-capturePercent/a74b3b7b747bae166c9bbd4d/A-B,vps/M-unit-soldier-strikesPerAttack-fixed-counts/a74b3b7b747bae166c9bbd4d/A-B
8a5fbdbf1b558dc200eab97d67343355792afdf24d5bbb0e91f754b86f3a02ef,pc/M-combat-capturePercent/a74b3b7b747bae166c9bbd4d/B-A,vps/M-unit-soldier-strikesPerAttack-fixed-counts/a74b3b7b747bae166c9bbd4d/B-A
7021d39476c082c69391aa7d9d107c8598ae66c5b1828c73e129c275542d42fb,pc/M-combat-capturePercent/adf2a33f332db08d4d373bba/A-B,vps/M-unit-soldier-strikesPerAttack-fixed-counts/adf2a33f332db08d4d373bba/A-B
0a6998a19d108d4ea47989fe9c9346eb6b099ed85b399e3702e1d1add2785d07,pc/M-combat-capturePercent/adf2a33f332db08d4d373bba/B-A,vps/M-unit-soldier-strikesPerAttack-fixed-counts/adf2a33f332db08d4d373bba/B-A
e1e29aab7102365136b614a54a8aeb0bee449145f3bc465a205963f9f554f006,pc/M-combat-capturePercent/bf898c747897728e9c646b00/A-B,vps/M-unit-soldier-strikesPerAttack-fixed-counts/bf898c747897728e9c646b00/A-B
0c2b4bb54f68750a49827995ac5ca7c41b885ac68f663af9b71cf4658f802372,pc/M-combat-capturePercent/bf898c747897728e9c646b00/B-A,vps/M-unit-soldier-strikesPerAttack-fixed-counts/bf898c747897728e9c646b00/B-A
6d407622c60b016795f97c89a6a5574696df9124c61c66dd231ce4e7c7aa2393,pc/M-combat-capturePercent/ec03e2f3b6e41ea5555df14c/A-B,vps/M-unit-soldier-strikesPerAttack-fixed-counts/ec03e2f3b6e41ea5555df14c/A-B
5b40b5d08240a3cb41ac0662b746bf7848264fd5d59a18b9cccd174e1c8a970f,pc/M-combat-capturePercent/ec03e2f3b6e41ea5555df14c/B-A,vps/M-unit-soldier-strikesPerAttack-fixed-counts/ec03e2f3b6e41ea5555df14c/B-A
587a0b6c8fbf92e9e393e63a374c6bdc95fc594470b7c8ee42ee3df5c4a6b8ef,pc/M-combat-capturePercent/1a50bd67feb4ca4f159a4cfe/A-B,vps/M-unit-soldier-structure-fixed-counts/1a50bd67feb4ca4f159a4cfe/A-B
cab79020193af6f55744135f0197a1630e3c2215411e9bdd269a836e052ec646,pc/M-combat-capturePercent/1a50bd67feb4ca4f159a4cfe/B-A,vps/M-unit-soldier-structure-fixed-counts/1a50bd67feb4ca4f159a4cfe/B-A
9ca322cb96477f8f2d6b2e7673307285a8c1ac1a2124cfb6ddfbf09efb0d4075,pc/M-combat-capturePercent/48d3967fcd05b8de1e34c2d4/A-B,vps/M-unit-soldier-structure-fixed-counts/48d3967fcd05b8de1e34c2d4/A-B
0ef488184d72f1f098ab6566fb80c72140d7078400dd1a9587141fe8b34a13ec,pc/M-combat-capturePercent/48d3967fcd05b8de1e34c2d4/B-A,vps/M-unit-soldier-structure-fixed-counts/48d3967fcd05b8de1e34c2d4/B-A
00f252d5722657943a4cb0718ce0da7e8a4611896fa35ea5621c1322e14ef866,pc/M-combat-capturePercent/54e1d4f2a6e7f51febebdd8e/A-B,vps/M-unit-soldier-structure-fixed-counts/54e1d4f2a6e7f51febebdd8e/A-B
9000dde07f557a8d66b3ea4000e55211bbd45f04e3469db5cbc747249d14ba6c,pc/M-combat-capturePercent/54e1d4f2a6e7f51febebdd8e/B-A,vps/M-unit-soldier-structure-fixed-counts/54e1d4f2a6e7f51febebdd8e/B-A
4970d1f6b5265fad201517f3825ff40d79aa8b20306bc545f88c8e11a313708e,pc/M-combat-capturePercent/6aee5ba4cebd035270c43536/A-B,vps/M-unit-soldier-structure-fixed-counts/6aee5ba4cebd035270c43536/A-B
0243eeadabcc14bc5e95fa1b391f9a0fbfc6c55db116c0e75d961227e7785c42,pc/M-combat-capturePercent/6aee5ba4cebd035270c43536/B-A,vps/M-unit-soldier-structure-fixed-counts/6aee5ba4cebd035270c43536/B-A
f5eaa97da71df5298d7c5b30554bec43da7311247b6bf61d3299b38dd99ce886,pc/M-combat-capturePercent/80ebf93b386771704cc70bab/A-B,vps/M-unit-soldier-structure-fixed-counts/80ebf93b386771704cc70bab/A-B
6a49a491a5ff72a4b8db0cc1fcd37742813f1f1a76d4b11bb02af21e20d1e1ce,pc/M-combat-capturePercent/80ebf93b386771704cc70bab/B-A,vps/M-unit-soldier-structure-fixed-counts/80ebf93b386771704cc70bab/B-A
647ab88a83aa6f834990989ca24911ddf969595c4a5f5d85e2c151fdaebac92b,pc/M-combat-capturePercent/93f29e181d26c9d16b60ee8b/A-B,vps/M-unit-soldier-structure-fixed-counts/93f29e181d26c9d16b60ee8b/A-B
cb5849664fb65ac00466aa61563a1f9baace77ad985b9c02a92e371cf45b1603,pc/M-combat-capturePercent/93f29e181d26c9d16b60ee8b/B-A,vps/M-unit-soldier-structure-fixed-counts/93f29e181d26c9d16b60ee8b/B-A
2a1d1503a117713d05836a468b6a0d0d39d7d08702d9ca68ffe56c89d6f08704,pc/M-combat-capturePercent/98043342a0f7383cbda2c59d/A-B,vps/M-unit-soldier-structure-fixed-counts/98043342a0f7383cbda2c59d/A-B
cdd056f355bfd3009ca6798847f425d092b2fa95fee94cbb9f1b9d30918fd936,pc/M-combat-capturePercent/98043342a0f7383cbda2c59d/B-A,vps/M-unit-soldier-structure-fixed-counts/98043342a0f7383cbda2c59d/B-A
3d79ed5983c89d0022c51a128734a7b36a8941c07b48f432dd6f260a0059cec7,pc/M-combat-capturePercent/9a1ddda43134d9061057be59/A-B,vps/M-unit-soldier-structure-fixed-counts/9a1ddda43134d9061057be59/A-B
b539cabaf72f26f266d867628052db7ffc7cfa333da902e943ce8bd34a752c17,pc/M-combat-capturePercent/9a1ddda43134d9061057be59/B-A,vps/M-unit-soldier-structure-fixed-counts/9a1ddda43134d9061057be59/B-A
a5bb96235bf6f9a76b769ff737d8e922df94b0a52f749525853085cd022bf3ef,pc/M-combat-capturePercent/a74b3b7b747bae166c9bbd4d/A-B,vps/M-unit-soldier-structure-fixed-counts/a74b3b7b747bae166c9bbd4d/A-B
8a5fbdbf1b558dc200eab97d67343355792afdf24d5bbb0e91f754b86f3a02ef,pc/M-combat-capturePercent/a74b3b7b747bae166c9bbd4d/B-A,vps/M-unit-soldier-structure-fixed-counts/a74b3b7b747bae166c9bbd4d/B-A
7021d39476c082c69391aa7d9d107c8598ae66c5b1828c73e129c275542d42fb,pc/M-combat-capturePercent/adf2a33f332db08d4d373bba/A-B,vps/M-unit-soldier-structure-fixed-counts/adf2a33f332db08d4d373bba/A-B
0a6998a19d108d4ea47989fe9c9346eb6b099ed85b399e3702e1d1add2785d07,pc/M-combat-capturePercent/adf2a33f332db08d4d373bba/B-A,vps/M-unit-soldier-structure-fixed-counts/adf2a33f332db08d4d373bba/B-A
e1e29aab7102365136b614a54a8aeb0bee449145f3bc465a205963f9f554f006,pc/M-combat-capturePercent/bf898c747897728e9c646b00/A-B,vps/M-unit-soldier-structure-fixed-counts/bf898c747897728e9c646b00/A-B
0c2b4bb54f68750a49827995ac5ca7c41b885ac68f663af9b71cf4658f802372,pc/M-combat-capturePercent/bf898c747897728e9c646b00/B-A,vps/M-unit-soldier-structure-fixed-counts/bf898c747897728e9c646b00/B-A
6d407622c60b016795f97c89a6a5574696df9124c61c66dd231ce4e7c7aa2393,pc/M-combat-capturePercent/ec03e2f3b6e41ea5555df14c/A-B,vps/M-unit-soldier-structure-fixed-counts/ec03e2f3b6e41ea5555df14c/A-B
5b40b5d08240a3cb41ac0662b746bf7848264fd5d59a18b9cccd174e1c8a970f,pc/M-combat-capturePercent/ec03e2f3b6e41ea5555df14c/B-A,vps/M-unit-soldier-structure-fixed-counts/ec03e2f3b6e41ea5555df14c/B-A
85f859f840726422ec7d710e5557c9d3b6715fd7fc74bfe34607d4d92c94e777,pc/M-combat-capturePercent/0c0085870630c59e82d2d03f/A-B,vps/M-unit-spearman-accuracySpread-fixed-counts/0c0085870630c59e82d2d03f/A-B
03908c0fa4ced8ca60a7e0fb3a0f39260e015950626c7db85dad0402f2d3619e,pc/M-combat-capturePercent/0c0085870630c59e82d2d03f/B-A,vps/M-unit-spearman-accuracySpread-fixed-counts/0c0085870630c59e82d2d03f/B-A
58cd7ae8deb38800a7970576196ee8f591af45338dcec1590dcfba297fa69701,pc/M-combat-capturePercent/0fad6426e216ce1d497cd944/A-B,vps/M-unit-spearman-accuracySpread-fixed-counts/0fad6426e216ce1d497cd944/A-B
71c1edf0b3076609f0d5f6632549a6592128c1a272b42a58354f9fb187b4a370,pc/M-combat-capturePercent/0fad6426e216ce1d497cd944/B-A,vps/M-unit-spearman-accuracySpread-fixed-counts/0fad6426e216ce1d497cd944/B-A
7d7abac10e512ec2c70d5d25a59d0d144ba2b19ce4372cc4f09baf310123eafb,pc/M-combat-capturePercent/15b79b9ef5cbd9e794375476/A-B,vps/M-unit-spearman-accuracySpread-fixed-counts/15b79b9ef5cbd9e794375476/A-B
75facca78d59da8acebf5520dc1aec84674008dca00e85ffe5137a6371d683bd,pc/M-combat-capturePercent/15b79b9ef5cbd9e794375476/B-A,vps/M-unit-spearman-accuracySpread-fixed-counts/15b79b9ef5cbd9e794375476/B-A
ac0328d7e848fe34c754caa6b9c4b0ed2030d2e4d6fcccd1ed330988caf253df,pc/M-combat-capturePercent/2497be6bce26a22f97e6e95e/A-B,vps/M-unit-spearman-accuracySpread-fixed-counts/2497be6bce26a22f97e6e95e/A-B
cdf02ca8a3da35cbdb52ea241c610d7fdc069d44ffd601725625d6de3e1c67e1,pc/M-combat-capturePercent/2497be6bce26a22f97e6e95e/B-A,vps/M-unit-spearman-accuracySpread-fixed-counts/2497be6bce26a22f97e6e95e/B-A
d008a6c4cea3edb58d3e49bd4fe6a9dc06177f8442e6495e138e98d884af187e,pc/M-combat-capturePercent/7701dd750551af246ed1b8c5/A-B,vps/M-unit-spearman-accuracySpread-fixed-counts/7701dd750551af246ed1b8c5/A-B
bcbc877f0cf8b1db3ca6328cc8d75854e56dc0b5735561ddaff5ce14c2a229f6,pc/M-combat-capturePercent/7701dd750551af246ed1b8c5/B-A,vps/M-unit-spearman-accuracySpread-fixed-counts/7701dd750551af246ed1b8c5/B-A
2a1d1503a117713d05836a468b6a0d0d39d7d08702d9ca68ffe56c89d6f08704,pc/M-combat-capturePercent/98043342a0f7383cbda2c59d/A-B,vps/M-unit-spearman-accuracySpread-fixed-counts/98043342a0f7383cbda2c59d/A-B
cdd056f355bfd3009ca6798847f425d092b2fa95fee94cbb9f1b9d30918fd936,pc/M-combat-capturePercent/98043342a0f7383cbda2c59d/B-A,vps/M-unit-spearman-accuracySpread-fixed-counts/98043342a0f7383cbda2c59d/B-A
2bc6219638d312265f5c45e3ff80bf6b75c9c3992211780b96db52997872da32,pc/M-combat-capturePercent/9ee1c7b7c3d22f186dea063d/A-B,vps/M-unit-spearman-accuracySpread-fixed-counts/9ee1c7b7c3d22f186dea063d/A-B
120c55e4f29e4d0105d6cc15c34f2d0b90e315f38cd4336b4554e662eda73d66,pc/M-combat-capturePercent/9ee1c7b7c3d22f186dea063d/B-A,vps/M-unit-spearman-accuracySpread-fixed-counts/9ee1c7b7c3d22f186dea063d/B-A
b965633c898c10ac48cc0b945d886ca291a7c3df9f2bc8fbbd6924891bba8756,pc/M-combat-capturePercent/a477667580eb4a6cca4bfd35/A-B,vps/M-unit-spearman-accuracySpread-fixed-counts/a477667580eb4a6cca4bfd35/A-B
04d26513bee41f8de98ab49cd97c992b3a0017b0ad91dc428f6066f007ce270c,pc/M-combat-capturePercent/a477667580eb4a6cca4bfd35/B-A,vps/M-unit-spearman-accuracySpread-fixed-counts/a477667580eb4a6cca4bfd35/B-A
7021d39476c082c69391aa7d9d107c8598ae66c5b1828c73e129c275542d42fb,pc/M-combat-capturePercent/adf2a33f332db08d4d373bba/A-B,vps/M-unit-spearman-accuracySpread-fixed-counts/adf2a33f332db08d4d373bba/A-B
0a6998a19d108d4ea47989fe9c9346eb6b099ed85b399e3702e1d1add2785d07,pc/M-combat-capturePercent/adf2a33f332db08d4d373bba/B-A,vps/M-unit-spearman-accuracySpread-fixed-counts/adf2a33f332db08d4d373bba/B-A
4227f054b87e527b1d1b0274ed1998e330c5df10704580221a9b575b4a8798c6,pc/M-combat-capturePercent/b4b94da886e061c92142841a/A-B,vps/M-unit-spearman-accuracySpread-fixed-counts/b4b94da886e061c92142841a/A-B
ed29d7971438fc1a049999694ca61a2424e52dc6124815c6cadb6b6c1daaffd8,pc/M-combat-capturePercent/b4b94da886e061c92142841a/B-A,vps/M-unit-spearman-accuracySpread-fixed-counts/b4b94da886e061c92142841a/B-A
e1e29aab7102365136b614a54a8aeb0bee449145f3bc465a205963f9f554f006,pc/M-combat-capturePercent/bf898c747897728e9c646b00/A-B,vps/M-unit-spearman-accuracySpread-fixed-counts/bf898c747897728e9c646b00/A-B
0c2b4bb54f68750a49827995ac5ca7c41b885ac68f663af9b71cf4658f802372,pc/M-combat-capturePercent/bf898c747897728e9c646b00/B-A,vps/M-unit-spearman-accuracySpread-fixed-counts/bf898c747897728e9c646b00/B-A
54b8eb5652e7a14e2d23dbf5a122ee8f8758e3e126c18b1c2077bfe200269275,pc/M-combat-capturePercent/e03c8d62aa94aae4fc0f13f1/A-B,vps/M-unit-spearman-accuracySpread-fixed-counts/e03c8d62aa94aae4fc0f13f1/A-B
078641e562821c4012d1a24d08878af3f97f45aea622350727a2eb5edcbd524c,pc/M-combat-capturePercent/e03c8d62aa94aae4fc0f13f1/B-A,vps/M-unit-spearman-accuracySpread-fixed-counts/e03c8d62aa94aae4fc0f13f1/B-A
85f859f840726422ec7d710e5557c9d3b6715fd7fc74bfe34607d4d92c94e777,pc/M-combat-capturePercent/0c0085870630c59e82d2d03f/A-B,vps/M-unit-spearman-attack-fixed-counts/0c0085870630c59e82d2d03f/A-B
03908c0fa4ced8ca60a7e0fb3a0f39260e015950626c7db85dad0402f2d3619e,pc/M-combat-capturePercent/0c0085870630c59e82d2d03f/B-A,vps/M-unit-spearman-attack-fixed-counts/0c0085870630c59e82d2d03f/B-A
58cd7ae8deb38800a7970576196ee8f591af45338dcec1590dcfba297fa69701,pc/M-combat-capturePercent/0fad6426e216ce1d497cd944/A-B,vps/M-unit-spearman-attack-fixed-counts/0fad6426e216ce1d497cd944/A-B
71c1edf0b3076609f0d5f6632549a6592128c1a272b42a58354f9fb187b4a370,pc/M-combat-capturePercent/0fad6426e216ce1d497cd944/B-A,vps/M-unit-spearman-attack-fixed-counts/0fad6426e216ce1d497cd944/B-A
7d7abac10e512ec2c70d5d25a59d0d144ba2b19ce4372cc4f09baf310123eafb,pc/M-combat-capturePercent/15b79b9ef5cbd9e794375476/A-B,vps/M-unit-spearman-attack-fixed-counts/15b79b9ef5cbd9e794375476/A-B
75facca78d59da8acebf5520dc1aec84674008dca00e85ffe5137a6371d683bd,pc/M-combat-capturePercent/15b79b9ef5cbd9e794375476/B-A,vps/M-unit-spearman-attack-fixed-counts/15b79b9ef5cbd9e794375476/B-A
ac0328d7e848fe34c754caa6b9c4b0ed2030d2e4d6fcccd1ed330988caf253df,pc/M-combat-capturePercent/2497be6bce26a22f97e6e95e/A-B,vps/M-unit-spearman-attack-fixed-counts/2497be6bce26a22f97e6e95e/A-B
cdf02ca8a3da35cbdb52ea241c610d7fdc069d44ffd601725625d6de3e1c67e1,pc/M-combat-capturePercent/2497be6bce26a22f97e6e95e/B-A,vps/M-unit-spearman-attack-fixed-counts/2497be6bce26a22f97e6e95e/B-A
d008a6c4cea3edb58d3e49bd4fe6a9dc06177f8442e6495e138e98d884af187e,pc/M-combat-capturePercent/7701dd750551af246ed1b8c5/A-B,vps/M-unit-spearman-attack-fixed-counts/7701dd750551af246ed1b8c5/A-B
bcbc877f0cf8b1db3ca6328cc8d75854e56dc0b5735561ddaff5ce14c2a229f6,pc/M-combat-capturePercent/7701dd750551af246ed1b8c5/B-A,vps/M-unit-spearman-attack-fixed-counts/7701dd750551af246ed1b8c5/B-A
2a1d1503a117713d05836a468b6a0d0d39d7d08702d9ca68ffe56c89d6f08704,pc/M-combat-capturePercent/98043342a0f7383cbda2c59d/A-B,vps/M-unit-spearman-attack-fixed-counts/98043342a0f7383cbda2c59d/A-B
cdd056f355bfd3009ca6798847f425d092b2fa95fee94cbb9f1b9d30918fd936,pc/M-combat-capturePercent/98043342a0f7383cbda2c59d/B-A,vps/M-unit-spearman-attack-fixed-counts/98043342a0f7383cbda2c59d/B-A
2bc6219638d312265f5c45e3ff80bf6b75c9c3992211780b96db52997872da32,pc/M-combat-capturePercent/9ee1c7b7c3d22f186dea063d/A-B,vps/M-unit-spearman-attack-fixed-counts/9ee1c7b7c3d22f186dea063d/A-B
120c55e4f29e4d0105d6cc15c34f2d0b90e315f38cd4336b4554e662eda73d66,pc/M-combat-capturePercent/9ee1c7b7c3d22f186dea063d/B-A,vps/M-unit-spearman-attack-fixed-counts/9ee1c7b7c3d22f186dea063d/B-A
b965633c898c10ac48cc0b945d886ca291a7c3df9f2bc8fbbd6924891bba8756,pc/M-combat-capturePercent/a477667580eb4a6cca4bfd35/A-B,vps/M-unit-spearman-attack-fixed-counts/a477667580eb4a6cca4bfd35/A-B
04d26513bee41f8de98ab49cd97c992b3a0017b0ad91dc428f6066f007ce270c,pc/M-combat-capturePercent/a477667580eb4a6cca4bfd35/B-A,vps/M-unit-spearman-attack-fixed-counts/a477667580eb4a6cca4bfd35/B-A
7021d39476c082c69391aa7d9d107c8598ae66c5b1828c73e129c275542d42fb,pc/M-combat-capturePercent/adf2a33f332db08d4d373bba/A-B,vps/M-unit-spearman-attack-fixed-counts/adf2a33f332db08d4d373bba/A-B
0a6998a19d108d4ea47989fe9c9346eb6b099ed85b399e3702e1d1add2785d07,pc/M-combat-capturePercent/adf2a33f332db08d4d373bba/B-A,vps/M-unit-spearman-attack-fixed-counts/adf2a33f332db08d4d373bba/B-A
4227f054b87e527b1d1b0274ed1998e330c5df10704580221a9b575b4a8798c6,pc/M-combat-capturePercent/b4b94da886e061c92142841a/A-B,vps/M-unit-spearman-attack-fixed-counts/b4b94da886e061c92142841a/A-B
ed29d7971438fc1a049999694ca61a2424e52dc6124815c6cadb6b6c1daaffd8,pc/M-combat-capturePercent/b4b94da886e061c92142841a/B-A,vps/M-unit-spearman-attack-fixed-counts/b4b94da886e061c92142841a/B-A
e1e29aab7102365136b614a54a8aeb0bee449145f3bc465a205963f9f554f006,pc/M-combat-capturePercent/bf898c747897728e9c646b00/A-B,vps/M-unit-spearman-attack-fixed-counts/bf898c747897728e9c646b00/A-B
0c2b4bb54f68750a49827995ac5ca7c41b885ac68f663af9b71cf4658f802372,pc/M-combat-capturePercent/bf898c747897728e9c646b00/B-A,vps/M-unit-spearman-attack-fixed-counts/bf898c747897728e9c646b00/B-A
54b8eb5652e7a14e2d23dbf5a122ee8f8758e3e126c18b1c2077bfe200269275,pc/M-combat-capturePercent/e03c8d62aa94aae4fc0f13f1/A-B,vps/M-unit-spearman-attack-fixed-counts/e03c8d62aa94aae4fc0f13f1/A-B
078641e562821c4012d1a24d08878af3f97f45aea622350727a2eb5edcbd524c,pc/M-combat-capturePercent/e03c8d62aa94aae4fc0f13f1/B-A,vps/M-unit-spearman-attack-fixed-counts/e03c8d62aa94aae4fc0f13f1/B-A
85f859f840726422ec7d710e5557c9d3b6715fd7fc74bfe34607d4d92c94e777,pc/M-combat-capturePercent/0c0085870630c59e82d2d03f/A-B,vps/M-unit-spearman-baseAccuracy-fixed-counts/0c0085870630c59e82d2d03f/A-B
03908c0fa4ced8ca60a7e0fb3a0f39260e015950626c7db85dad0402f2d3619e,pc/M-combat-capturePercent/0c0085870630c59e82d2d03f/B-A,vps/M-unit-spearman-baseAccuracy-fixed-counts/0c0085870630c59e82d2d03f/B-A
58cd7ae8deb38800a7970576196ee8f591af45338dcec1590dcfba297fa69701,pc/M-combat-capturePercent/0fad6426e216ce1d497cd944/A-B,vps/M-unit-spearman-baseAccuracy-fixed-counts/0fad6426e216ce1d497cd944/A-B
71c1edf0b3076609f0d5f6632549a6592128c1a272b42a58354f9fb187b4a370,pc/M-combat-capturePercent/0fad6426e216ce1d497cd944/B-A,vps/M-unit-spearman-baseAccuracy-fixed-counts/0fad6426e216ce1d497cd944/B-A
7d7abac10e512ec2c70d5d25a59d0d144ba2b19ce4372cc4f09baf310123eafb,pc/M-combat-capturePercent/15b79b9ef5cbd9e794375476/A-B,vps/M-unit-spearman-baseAccuracy-fixed-counts/15b79b9ef5cbd9e794375476/A-B
75facca78d59da8acebf5520dc1aec84674008dca00e85ffe5137a6371d683bd,pc/M-combat-capturePercent/15b79b9ef5cbd9e794375476/B-A,vps/M-unit-spearman-baseAccuracy-fixed-counts/15b79b9ef5cbd9e794375476/B-A
ac0328d7e848fe34c754caa6b9c4b0ed2030d2e4d6fcccd1ed330988caf253df,pc/M-combat-capturePercent/2497be6bce26a22f97e6e95e/A-B,vps/M-unit-spearman-baseAccuracy-fixed-counts/2497be6bce26a22f97e6e95e/A-B
cdf02ca8a3da35cbdb52ea241c610d7fdc069d44ffd601725625d6de3e1c67e1,pc/M-combat-capturePercent/2497be6bce26a22f97e6e95e/B-A,vps/M-unit-spearman-baseAccuracy-fixed-counts/2497be6bce26a22f97e6e95e/B-A
d008a6c4cea3edb58d3e49bd4fe6a9dc06177f8442e6495e138e98d884af187e,pc/M-combat-capturePercent/7701dd750551af246ed1b8c5/A-B,vps/M-unit-spearman-baseAccuracy-fixed-counts/7701dd750551af246ed1b8c5/A-B
bcbc877f0cf8b1db3ca6328cc8d75854e56dc0b5735561ddaff5ce14c2a229f6,pc/M-combat-capturePercent/7701dd750551af246ed1b8c5/B-A,vps/M-unit-spearman-baseAccuracy-fixed-counts/7701dd750551af246ed1b8c5/B-A
2a1d1503a117713d05836a468b6a0d0d39d7d08702d9ca68ffe56c89d6f08704,pc/M-combat-capturePercent/98043342a0f7383cbda2c59d/A-B,vps/M-unit-spearman-baseAccuracy-fixed-counts/98043342a0f7383cbda2c59d/A-B
cdd056f355bfd3009ca6798847f425d092b2fa95fee94cbb9f1b9d30918fd936,pc/M-combat-capturePercent/98043342a0f7383cbda2c59d/B-A,vps/M-unit-spearman-baseAccuracy-fixed-counts/98043342a0f7383cbda2c59d/B-A
2bc6219638d312265f5c45e3ff80bf6b75c9c3992211780b96db52997872da32,pc/M-combat-capturePercent/9ee1c7b7c3d22f186dea063d/A-B,vps/M-unit-spearman-baseAccuracy-fixed-counts/9ee1c7b7c3d22f186dea063d/A-B
120c55e4f29e4d0105d6cc15c34f2d0b90e315f38cd4336b4554e662eda73d66,pc/M-combat-capturePercent/9ee1c7b7c3d22f186dea063d/B-A,vps/M-unit-spearman-baseAccuracy-fixed-counts/9ee1c7b7c3d22f186dea063d/B-A
b965633c898c10ac48cc0b945d886ca291a7c3df9f2bc8fbbd6924891bba8756,pc/M-combat-capturePercent/a477667580eb4a6cca4bfd35/A-B,vps/M-unit-spearman-baseAccuracy-fixed-counts/a477667580eb4a6cca4bfd35/A-B
04d26513bee41f8de98ab49cd97c992b3a0017b0ad91dc428f6066f007ce270c,pc/M-combat-capturePercent/a477667580eb4a6cca4bfd35/B-A,vps/M-unit-spearman-baseAccuracy-fixed-counts/a477667580eb4a6cca4bfd35/B-A
7021d39476c082c69391aa7d9d107c8598ae66c5b1828c73e129c275542d42fb,pc/M-combat-capturePercent/adf2a33f332db08d4d373bba/A-B,vps/M-unit-spearman-baseAccuracy-fixed-counts/adf2a33f332db08d4d373bba/A-B
0a6998a19d108d4ea47989fe9c9346eb6b099ed85b399e3702e1d1add2785d07,pc/M-combat-capturePercent/adf2a33f332db08d4d373bba/B-A,vps/M-unit-spearman-baseAccuracy-fixed-counts/adf2a33f332db08d4d373bba/B-A
4227f054b87e527b1d1b0274ed1998e330c5df10704580221a9b575b4a8798c6,pc/M-combat-capturePercent/b4b94da886e061c92142841a/A-B,vps/M-unit-spearman-baseAccuracy-fixed-counts/b4b94da886e061c92142841a/A-B
ed29d7971438fc1a049999694ca61a2424e52dc6124815c6cadb6b6c1daaffd8,pc/M-combat-capturePercent/b4b94da886e061c92142841a/B-A,vps/M-unit-spearman-baseAccuracy-fixed-counts/b4b94da886e061c92142841a/B-A
e1e29aab7102365136b614a54a8aeb0bee449145f3bc465a205963f9f554f006,pc/M-combat-capturePercent/bf898c747897728e9c646b00/A-B,vps/M-unit-spearman-baseAccuracy-fixed-counts/bf898c747897728e9c646b00/A-B
0c2b4bb54f68750a49827995ac5ca7c41b885ac68f663af9b71cf4658f802372,pc/M-combat-capturePercent/bf898c747897728e9c646b00/B-A,vps/M-unit-spearman-baseAccuracy-fixed-counts/bf898c747897728e9c646b00/B-A
54b8eb5652e7a14e2d23dbf5a122ee8f8758e3e126c18b1c2077bfe200269275,pc/M-combat-capturePercent/e03c8d62aa94aae4fc0f13f1/A-B,vps/M-unit-spearman-baseAccuracy-fixed-counts/e03c8d62aa94aae4fc0f13f1/A-B
078641e562821c4012d1a24d08878af3f97f45aea622350727a2eb5edcbd524c,pc/M-combat-capturePercent/e03c8d62aa94aae4fc0f13f1/B-A,vps/M-unit-spearman-baseAccuracy-fixed-counts/e03c8d62aa94aae4fc0f13f1/B-A
85f859f840726422ec7d710e5557c9d3b6715fd7fc74bfe34607d4d92c94e777,pc/M-combat-capturePercent/0c0085870630c59e82d2d03f/A-B,vps/M-unit-spearman-capturable-fixed-counts/0c0085870630c59e82d2d03f/A-B
03908c0fa4ced8ca60a7e0fb3a0f39260e015950626c7db85dad0402f2d3619e,pc/M-combat-capturePercent/0c0085870630c59e82d2d03f/B-A,vps/M-unit-spearman-capturable-fixed-counts/0c0085870630c59e82d2d03f/B-A
58cd7ae8deb38800a7970576196ee8f591af45338dcec1590dcfba297fa69701,pc/M-combat-capturePercent/0fad6426e216ce1d497cd944/A-B,vps/M-unit-spearman-capturable-fixed-counts/0fad6426e216ce1d497cd944/A-B
71c1edf0b3076609f0d5f6632549a6592128c1a272b42a58354f9fb187b4a370,pc/M-combat-capturePercent/0fad6426e216ce1d497cd944/B-A,vps/M-unit-spearman-capturable-fixed-counts/0fad6426e216ce1d497cd944/B-A
7d7abac10e512ec2c70d5d25a59d0d144ba2b19ce4372cc4f09baf310123eafb,pc/M-combat-capturePercent/15b79b9ef5cbd9e794375476/A-B,vps/M-unit-spearman-capturable-fixed-counts/15b79b9ef5cbd9e794375476/A-B
75facca78d59da8acebf5520dc1aec84674008dca00e85ffe5137a6371d683bd,pc/M-combat-capturePercent/15b79b9ef5cbd9e794375476/B-A,vps/M-unit-spearman-capturable-fixed-counts/15b79b9ef5cbd9e794375476/B-A
ac0328d7e848fe34c754caa6b9c4b0ed2030d2e4d6fcccd1ed330988caf253df,pc/M-combat-capturePercent/2497be6bce26a22f97e6e95e/A-B,vps/M-unit-spearman-capturable-fixed-counts/2497be6bce26a22f97e6e95e/A-B
cdf02ca8a3da35cbdb52ea241c610d7fdc069d44ffd601725625d6de3e1c67e1,pc/M-combat-capturePercent/2497be6bce26a22f97e6e95e/B-A,vps/M-unit-spearman-capturable-fixed-counts/2497be6bce26a22f97e6e95e/B-A
d008a6c4cea3edb58d3e49bd4fe6a9dc06177f8442e6495e138e98d884af187e,pc/M-combat-capturePercent/7701dd750551af246ed1b8c5/A-B,vps/M-unit-spearman-capturable-fixed-counts/7701dd750551af246ed1b8c5/A-B
bcbc877f0cf8b1db3ca6328cc8d75854e56dc0b5735561ddaff5ce14c2a229f6,pc/M-combat-capturePercent/7701dd750551af246ed1b8c5/B-A,vps/M-unit-spearman-capturable-fixed-counts/7701dd750551af246ed1b8c5/B-A
2a1d1503a117713d05836a468b6a0d0d39d7d08702d9ca68ffe56c89d6f08704,pc/M-combat-capturePercent/98043342a0f7383cbda2c59d/A-B,vps/M-unit-spearman-capturable-fixed-counts/98043342a0f7383cbda2c59d/A-B
cdd056f355bfd3009ca6798847f425d092b2fa95fee94cbb9f1b9d30918fd936,pc/M-combat-capturePercent/98043342a0f7383cbda2c59d/B-A,vps/M-unit-spearman-capturable-fixed-counts/98043342a0f7383cbda2c59d/B-A
2bc6219638d312265f5c45e3ff80bf6b75c9c3992211780b96db52997872da32,pc/M-combat-capturePercent/9ee1c7b7c3d22f186dea063d/A-B,vps/M-unit-spearman-capturable-fixed-counts/9ee1c7b7c3d22f186dea063d/A-B
120c55e4f29e4d0105d6cc15c34f2d0b90e315f38cd4336b4554e662eda73d66,pc/M-combat-capturePercent/9ee1c7b7c3d22f186dea063d/B-A,vps/M-unit-spearman-capturable-fixed-counts/9ee1c7b7c3d22f186dea063d/B-A
b965633c898c10ac48cc0b945d886ca291a7c3df9f2bc8fbbd6924891bba8756,pc/M-combat-capturePercent/a477667580eb4a6cca4bfd35/A-B,vps/M-unit-spearman-capturable-fixed-counts/a477667580eb4a6cca4bfd35/A-B
04d26513bee41f8de98ab49cd97c992b3a0017b0ad91dc428f6066f007ce270c,pc/M-combat-capturePercent/a477667580eb4a6cca4bfd35/B-A,vps/M-unit-spearman-capturable-fixed-counts/a477667580eb4a6cca4bfd35/B-A
7021d39476c082c69391aa7d9d107c8598ae66c5b1828c73e129c275542d42fb,pc/M-combat-capturePercent/adf2a33f332db08d4d373bba/A-B,vps/M-unit-spearman-capturable-fixed-counts/adf2a33f332db08d4d373bba/A-B
0a6998a19d108d4ea47989fe9c9346eb6b099ed85b399e3702e1d1add2785d07,pc/M-combat-capturePercent/adf2a33f332db08d4d373bba/B-A,vps/M-unit-spearman-capturable-fixed-counts/adf2a33f332db08d4d373bba/B-A
4227f054b87e527b1d1b0274ed1998e330c5df10704580221a9b575b4a8798c6,pc/M-combat-capturePercent/b4b94da886e061c92142841a/A-B,vps/M-unit-spearman-capturable-fixed-counts/b4b94da886e061c92142841a/A-B
ed29d7971438fc1a049999694ca61a2424e52dc6124815c6cadb6b6c1daaffd8,pc/M-combat-capturePercent/b4b94da886e061c92142841a/B-A,vps/M-unit-spearman-capturable-fixed-counts/b4b94da886e061c92142841a/B-A
e1e29aab7102365136b614a54a8aeb0bee449145f3bc465a205963f9f554f006,pc/M-combat-capturePercent/bf898c747897728e9c646b00/A-B,vps/M-unit-spearman-capturable-fixed-counts/bf898c747897728e9c646b00/A-B
0c2b4bb54f68750a49827995ac5ca7c41b885ac68f663af9b71cf4658f802372,pc/M-combat-capturePercent/bf898c747897728e9c646b00/B-A,vps/M-unit-spearman-capturable-fixed-counts/bf898c747897728e9c646b00/B-A
54b8eb5652e7a14e2d23dbf5a122ee8f8758e3e126c18b1c2077bfe200269275,pc/M-combat-capturePercent/e03c8d62aa94aae4fc0f13f1/A-B,vps/M-unit-spearman-capturable-fixed-counts/e03c8d62aa94aae4fc0f13f1/A-B
078641e562821c4012d1a24d08878af3f97f45aea622350727a2eb5edcbd524c,pc/M-combat-capturePercent/e03c8d62aa94aae4fc0f13f1/B-A,vps/M-unit-spearman-capturable-fixed-counts/e03c8d62aa94aae4fc0f13f1/B-A
7021d39476c082c69391aa7d9d107c8598ae66c5b1828c73e129c275542d42fb,pc/M-combat-capturePercent/adf2a33f332db08d4d373bba/A-B,vps/M-unit-spearman-cost-fixed-budget/059b1347100abac5c37de1bb/A-B
0a6998a19d108d4ea47989fe9c9346eb6b099ed85b399e3702e1d1add2785d07,pc/M-combat-capturePercent/adf2a33f332db08d4d373bba/B-A,vps/M-unit-spearman-cost-fixed-budget/059b1347100abac5c37de1bb/B-A
58cd7ae8deb38800a7970576196ee8f591af45338dcec1590dcfba297fa69701,pc/M-combat-capturePercent/0fad6426e216ce1d497cd944/A-B,vps/M-unit-spearman-cost-fixed-budget/17300a5a5a0409d88da33cf4/A-B
71c1edf0b3076609f0d5f6632549a6592128c1a272b42a58354f9fb187b4a370,pc/M-combat-capturePercent/0fad6426e216ce1d497cd944/B-A,vps/M-unit-spearman-cost-fixed-budget/17300a5a5a0409d88da33cf4/B-A
ac0328d7e848fe34c754caa6b9c4b0ed2030d2e4d6fcccd1ed330988caf253df,pc/M-combat-capturePercent/2497be6bce26a22f97e6e95e/A-B,vps/M-unit-spearman-cost-fixed-budget/224b20ea31b5c7e87ec2b1bd/A-B
cdf02ca8a3da35cbdb52ea241c610d7fdc069d44ffd601725625d6de3e1c67e1,pc/M-combat-capturePercent/2497be6bce26a22f97e6e95e/B-A,vps/M-unit-spearman-cost-fixed-budget/224b20ea31b5c7e87ec2b1bd/B-A
2bc6219638d312265f5c45e3ff80bf6b75c9c3992211780b96db52997872da32,pc/M-combat-capturePercent/9ee1c7b7c3d22f186dea063d/A-B,vps/M-unit-spearman-cost-fixed-budget/2c8b151195c65eef7b411a0c/A-B
120c55e4f29e4d0105d6cc15c34f2d0b90e315f38cd4336b4554e662eda73d66,pc/M-combat-capturePercent/9ee1c7b7c3d22f186dea063d/B-A,vps/M-unit-spearman-cost-fixed-budget/2c8b151195c65eef7b411a0c/B-A
2a1d1503a117713d05836a468b6a0d0d39d7d08702d9ca68ffe56c89d6f08704,pc/M-combat-capturePercent/98043342a0f7383cbda2c59d/A-B,vps/M-unit-spearman-cost-fixed-budget/3dc82c9e088b4b89a31040ae/A-B
cdd056f355bfd3009ca6798847f425d092b2fa95fee94cbb9f1b9d30918fd936,pc/M-combat-capturePercent/98043342a0f7383cbda2c59d/B-A,vps/M-unit-spearman-cost-fixed-budget/3dc82c9e088b4b89a31040ae/B-A
7d7abac10e512ec2c70d5d25a59d0d144ba2b19ce4372cc4f09baf310123eafb,pc/M-combat-capturePercent/15b79b9ef5cbd9e794375476/A-B,vps/M-unit-spearman-cost-fixed-budget/3fef9f920ae2398062a939e2/A-B
75facca78d59da8acebf5520dc1aec84674008dca00e85ffe5137a6371d683bd,pc/M-combat-capturePercent/15b79b9ef5cbd9e794375476/B-A,vps/M-unit-spearman-cost-fixed-budget/3fef9f920ae2398062a939e2/B-A
e1e29aab7102365136b614a54a8aeb0bee449145f3bc465a205963f9f554f006,pc/M-combat-capturePercent/bf898c747897728e9c646b00/A-B,vps/M-unit-spearman-cost-fixed-budget/585114497546f8f2d6c48cb7/A-B
0c2b4bb54f68750a49827995ac5ca7c41b885ac68f663af9b71cf4658f802372,pc/M-combat-capturePercent/bf898c747897728e9c646b00/B-A,vps/M-unit-spearman-cost-fixed-budget/585114497546f8f2d6c48cb7/B-A
54b8eb5652e7a14e2d23dbf5a122ee8f8758e3e126c18b1c2077bfe200269275,pc/M-combat-capturePercent/e03c8d62aa94aae4fc0f13f1/A-B,vps/M-unit-spearman-cost-fixed-budget/784540a28b255b12e68fd3da/A-B
078641e562821c4012d1a24d08878af3f97f45aea622350727a2eb5edcbd524c,pc/M-combat-capturePercent/e03c8d62aa94aae4fc0f13f1/B-A,vps/M-unit-spearman-cost-fixed-budget/784540a28b255b12e68fd3da/B-A
b965633c898c10ac48cc0b945d886ca291a7c3df9f2bc8fbbd6924891bba8756,pc/M-combat-capturePercent/a477667580eb4a6cca4bfd35/A-B,vps/M-unit-spearman-cost-fixed-budget/a3c6e1120b9aa3d31249b356/A-B
04d26513bee41f8de98ab49cd97c992b3a0017b0ad91dc428f6066f007ce270c,pc/M-combat-capturePercent/a477667580eb4a6cca4bfd35/B-A,vps/M-unit-spearman-cost-fixed-budget/a3c6e1120b9aa3d31249b356/B-A
85f859f840726422ec7d710e5557c9d3b6715fd7fc74bfe34607d4d92c94e777,pc/M-combat-capturePercent/0c0085870630c59e82d2d03f/A-B,vps/M-unit-spearman-cost-fixed-budget/afdd06b49732ec7312e6087b/A-B
03908c0fa4ced8ca60a7e0fb3a0f39260e015950626c7db85dad0402f2d3619e,pc/M-combat-capturePercent/0c0085870630c59e82d2d03f/B-A,vps/M-unit-spearman-cost-fixed-budget/afdd06b49732ec7312e6087b/B-A
4227f054b87e527b1d1b0274ed1998e330c5df10704580221a9b575b4a8798c6,pc/M-combat-capturePercent/b4b94da886e061c92142841a/A-B,vps/M-unit-spearman-cost-fixed-budget/b696437061ac9d351ce6a092/A-B
ed29d7971438fc1a049999694ca61a2424e52dc6124815c6cadb6b6c1daaffd8,pc/M-combat-capturePercent/b4b94da886e061c92142841a/B-A,vps/M-unit-spearman-cost-fixed-budget/b696437061ac9d351ce6a092/B-A
d008a6c4cea3edb58d3e49bd4fe6a9dc06177f8442e6495e138e98d884af187e,pc/M-combat-capturePercent/7701dd750551af246ed1b8c5/A-B,vps/M-unit-spearman-cost-fixed-budget/be0b1f0c489b1f1f5d896a79/A-B
bcbc877f0cf8b1db3ca6328cc8d75854e56dc0b5735561ddaff5ce14c2a229f6,pc/M-combat-capturePercent/7701dd750551af246ed1b8c5/B-A,vps/M-unit-spearman-cost-fixed-budget/be0b1f0c489b1f1f5d896a79/B-A
85f859f840726422ec7d710e5557c9d3b6715fd7fc74bfe34607d4d92c94e777,pc/M-combat-capturePercent/0c0085870630c59e82d2d03f/A-B,vps/M-unit-spearman-cost-fixed-counts/0c0085870630c59e82d2d03f/A-B
03908c0fa4ced8ca60a7e0fb3a0f39260e015950626c7db85dad0402f2d3619e,pc/M-combat-capturePercent/0c0085870630c59e82d2d03f/B-A,vps/M-unit-spearman-cost-fixed-counts/0c0085870630c59e82d2d03f/B-A
58cd7ae8deb38800a7970576196ee8f591af45338dcec1590dcfba297fa69701,pc/M-combat-capturePercent/0fad6426e216ce1d497cd944/A-B,vps/M-unit-spearman-cost-fixed-counts/0fad6426e216ce1d497cd944/A-B
71c1edf0b3076609f0d5f6632549a6592128c1a272b42a58354f9fb187b4a370,pc/M-combat-capturePercent/0fad6426e216ce1d497cd944/B-A,vps/M-unit-spearman-cost-fixed-counts/0fad6426e216ce1d497cd944/B-A
7d7abac10e512ec2c70d5d25a59d0d144ba2b19ce4372cc4f09baf310123eafb,pc/M-combat-capturePercent/15b79b9ef5cbd9e794375476/A-B,vps/M-unit-spearman-cost-fixed-counts/15b79b9ef5cbd9e794375476/A-B
75facca78d59da8acebf5520dc1aec84674008dca00e85ffe5137a6371d683bd,pc/M-combat-capturePercent/15b79b9ef5cbd9e794375476/B-A,vps/M-unit-spearman-cost-fixed-counts/15b79b9ef5cbd9e794375476/B-A
ac0328d7e848fe34c754caa6b9c4b0ed2030d2e4d6fcccd1ed330988caf253df,pc/M-combat-capturePercent/2497be6bce26a22f97e6e95e/A-B,vps/M-unit-spearman-cost-fixed-counts/2497be6bce26a22f97e6e95e/A-B
cdf02ca8a3da35cbdb52ea241c610d7fdc069d44ffd601725625d6de3e1c67e1,pc/M-combat-capturePercent/2497be6bce26a22f97e6e95e/B-A,vps/M-unit-spearman-cost-fixed-counts/2497be6bce26a22f97e6e95e/B-A
d008a6c4cea3edb58d3e49bd4fe6a9dc06177f8442e6495e138e98d884af187e,pc/M-combat-capturePercent/7701dd750551af246ed1b8c5/A-B,vps/M-unit-spearman-cost-fixed-counts/7701dd750551af246ed1b8c5/A-B
bcbc877f0cf8b1db3ca6328cc8d75854e56dc0b5735561ddaff5ce14c2a229f6,pc/M-combat-capturePercent/7701dd750551af246ed1b8c5/B-A,vps/M-unit-spearman-cost-fixed-counts/7701dd750551af246ed1b8c5/B-A
2a1d1503a117713d05836a468b6a0d0d39d7d08702d9ca68ffe56c89d6f08704,pc/M-combat-capturePercent/98043342a0f7383cbda2c59d/A-B,vps/M-unit-spearman-cost-fixed-counts/98043342a0f7383cbda2c59d/A-B
cdd056f355bfd3009ca6798847f425d092b2fa95fee94cbb9f1b9d30918fd936,pc/M-combat-capturePercent/98043342a0f7383cbda2c59d/B-A,vps/M-unit-spearman-cost-fixed-counts/98043342a0f7383cbda2c59d/B-A
2bc6219638d312265f5c45e3ff80bf6b75c9c3992211780b96db52997872da32,pc/M-combat-capturePercent/9ee1c7b7c3d22f186dea063d/A-B,vps/M-unit-spearman-cost-fixed-counts/9ee1c7b7c3d22f186dea063d/A-B
120c55e4f29e4d0105d6cc15c34f2d0b90e315f38cd4336b4554e662eda73d66,pc/M-combat-capturePercent/9ee1c7b7c3d22f186dea063d/B-A,vps/M-unit-spearman-cost-fixed-counts/9ee1c7b7c3d22f186dea063d/B-A
b965633c898c10ac48cc0b945d886ca291a7c3df9f2bc8fbbd6924891bba8756,pc/M-combat-capturePercent/a477667580eb4a6cca4bfd35/A-B,vps/M-unit-spearman-cost-fixed-counts/a477667580eb4a6cca4bfd35/A-B
04d26513bee41f8de98ab49cd97c992b3a0017b0ad91dc428f6066f007ce270c,pc/M-combat-capturePercent/a477667580eb4a6cca4bfd35/B-A,vps/M-unit-spearman-cost-fixed-counts/a477667580eb4a6cca4bfd35/B-A
7021d39476c082c69391aa7d9d107c8598ae66c5b1828c73e129c275542d42fb,pc/M-combat-capturePercent/adf2a33f332db08d4d373bba/A-B,vps/M-unit-spearman-cost-fixed-counts/adf2a33f332db08d4d373bba/A-B
0a6998a19d108d4ea47989fe9c9346eb6b099ed85b399e3702e1d1add2785d07,pc/M-combat-capturePercent/adf2a33f332db08d4d373bba/B-A,vps/M-unit-spearman-cost-fixed-counts/adf2a33f332db08d4d373bba/B-A
4227f054b87e527b1d1b0274ed1998e330c5df10704580221a9b575b4a8798c6,pc/M-combat-capturePercent/b4b94da886e061c92142841a/A-B,vps/M-unit-spearman-cost-fixed-counts/b4b94da886e061c92142841a/A-B
ed29d7971438fc1a049999694ca61a2424e52dc6124815c6cadb6b6c1daaffd8,pc/M-combat-capturePercent/b4b94da886e061c92142841a/B-A,vps/M-unit-spearman-cost-fixed-counts/b4b94da886e061c92142841a/B-A
e1e29aab7102365136b614a54a8aeb0bee449145f3bc465a205963f9f554f006,pc/M-combat-capturePercent/bf898c747897728e9c646b00/A-B,vps/M-unit-spearman-cost-fixed-counts/bf898c747897728e9c646b00/A-B
0c2b4bb54f68750a49827995ac5ca7c41b885ac68f663af9b71cf4658f802372,pc/M-combat-capturePercent/bf898c747897728e9c646b00/B-A,vps/M-unit-spearman-cost-fixed-counts/bf898c747897728e9c646b00/B-A
54b8eb5652e7a14e2d23dbf5a122ee8f8758e3e126c18b1c2077bfe200269275,pc/M-combat-capturePercent/e03c8d62aa94aae4fc0f13f1/A-B,vps/M-unit-spearman-cost-fixed-counts/e03c8d62aa94aae4fc0f13f1/A-B
078641e562821c4012d1a24d08878af3f97f45aea622350727a2eb5edcbd524c,pc/M-combat-capturePercent/e03c8d62aa94aae4fc0f13f1/B-A,vps/M-unit-spearman-cost-fixed-counts/e03c8d62aa94aae4fc0f13f1/B-A
85f859f840726422ec7d710e5557c9d3b6715fd7fc74bfe34607d4d92c94e777,pc/M-combat-capturePercent/0c0085870630c59e82d2d03f/A-B,vps/M-unit-spearman-defendingEfficiency-fixed-counts/0c0085870630c59e82d2d03f/A-B
03908c0fa4ced8ca60a7e0fb3a0f39260e015950626c7db85dad0402f2d3619e,pc/M-combat-capturePercent/0c0085870630c59e82d2d03f/B-A,vps/M-unit-spearman-defendingEfficiency-fixed-counts/0c0085870630c59e82d2d03f/B-A
58cd7ae8deb38800a7970576196ee8f591af45338dcec1590dcfba297fa69701,pc/M-combat-capturePercent/0fad6426e216ce1d497cd944/A-B,vps/M-unit-spearman-defendingEfficiency-fixed-counts/0fad6426e216ce1d497cd944/A-B
71c1edf0b3076609f0d5f6632549a6592128c1a272b42a58354f9fb187b4a370,pc/M-combat-capturePercent/0fad6426e216ce1d497cd944/B-A,vps/M-unit-spearman-defendingEfficiency-fixed-counts/0fad6426e216ce1d497cd944/B-A
7d7abac10e512ec2c70d5d25a59d0d144ba2b19ce4372cc4f09baf310123eafb,pc/M-combat-capturePercent/15b79b9ef5cbd9e794375476/A-B,vps/M-unit-spearman-defendingEfficiency-fixed-counts/15b79b9ef5cbd9e794375476/A-B
75facca78d59da8acebf5520dc1aec84674008dca00e85ffe5137a6371d683bd,pc/M-combat-capturePercent/15b79b9ef5cbd9e794375476/B-A,vps/M-unit-spearman-defendingEfficiency-fixed-counts/15b79b9ef5cbd9e794375476/B-A
ac0328d7e848fe34c754caa6b9c4b0ed2030d2e4d6fcccd1ed330988caf253df,pc/M-combat-capturePercent/2497be6bce26a22f97e6e95e/A-B,vps/M-unit-spearman-defendingEfficiency-fixed-counts/2497be6bce26a22f97e6e95e/A-B
cdf02ca8a3da35cbdb52ea241c610d7fdc069d44ffd601725625d6de3e1c67e1,pc/M-combat-capturePercent/2497be6bce26a22f97e6e95e/B-A,vps/M-unit-spearman-defendingEfficiency-fixed-counts/2497be6bce26a22f97e6e95e/B-A
d008a6c4cea3edb58d3e49bd4fe6a9dc06177f8442e6495e138e98d884af187e,pc/M-combat-capturePercent/7701dd750551af246ed1b8c5/A-B,vps/M-unit-spearman-defendingEfficiency-fixed-counts/7701dd750551af246ed1b8c5/A-B
bcbc877f0cf8b1db3ca6328cc8d75854e56dc0b5735561ddaff5ce14c2a229f6,pc/M-combat-capturePercent/7701dd750551af246ed1b8c5/B-A,vps/M-unit-spearman-defendingEfficiency-fixed-counts/7701dd750551af246ed1b8c5/B-A
2a1d1503a117713d05836a468b6a0d0d39d7d08702d9ca68ffe56c89d6f08704,pc/M-combat-capturePercent/98043342a0f7383cbda2c59d/A-B,vps/M-unit-spearman-defendingEfficiency-fixed-counts/98043342a0f7383cbda2c59d/A-B
cdd056f355bfd3009ca6798847f425d092b2fa95fee94cbb9f1b9d30918fd936,pc/M-combat-capturePercent/98043342a0f7383cbda2c59d/B-A,vps/M-unit-spearman-defendingEfficiency-fixed-counts/98043342a0f7383cbda2c59d/B-A
2bc6219638d312265f5c45e3ff80bf6b75c9c3992211780b96db52997872da32,pc/M-combat-capturePercent/9ee1c7b7c3d22f186dea063d/A-B,vps/M-unit-spearman-defendingEfficiency-fixed-counts/9ee1c7b7c3d22f186dea063d/A-B
120c55e4f29e4d0105d6cc15c34f2d0b90e315f38cd4336b4554e662eda73d66,pc/M-combat-capturePercent/9ee1c7b7c3d22f186dea063d/B-A,vps/M-unit-spearman-defendingEfficiency-fixed-counts/9ee1c7b7c3d22f186dea063d/B-A
b965633c898c10ac48cc0b945d886ca291a7c3df9f2bc8fbbd6924891bba8756,pc/M-combat-capturePercent/a477667580eb4a6cca4bfd35/A-B,vps/M-unit-spearman-defendingEfficiency-fixed-counts/a477667580eb4a6cca4bfd35/A-B
04d26513bee41f8de98ab49cd97c992b3a0017b0ad91dc428f6066f007ce270c,pc/M-combat-capturePercent/a477667580eb4a6cca4bfd35/B-A,vps/M-unit-spearman-defendingEfficiency-fixed-counts/a477667580eb4a6cca4bfd35/B-A
7021d39476c082c69391aa7d9d107c8598ae66c5b1828c73e129c275542d42fb,pc/M-combat-capturePercent/adf2a33f332db08d4d373bba/A-B,vps/M-unit-spearman-defendingEfficiency-fixed-counts/adf2a33f332db08d4d373bba/A-B
0a6998a19d108d4ea47989fe9c9346eb6b099ed85b399e3702e1d1add2785d07,pc/M-combat-capturePercent/adf2a33f332db08d4d373bba/B-A,vps/M-unit-spearman-defendingEfficiency-fixed-counts/adf2a33f332db08d4d373bba/B-A
4227f054b87e527b1d1b0274ed1998e330c5df10704580221a9b575b4a8798c6,pc/M-combat-capturePercent/b4b94da886e061c92142841a/A-B,vps/M-unit-spearman-defendingEfficiency-fixed-counts/b4b94da886e061c92142841a/A-B
ed29d7971438fc1a049999694ca61a2424e52dc6124815c6cadb6b6c1daaffd8,pc/M-combat-capturePercent/b4b94da886e061c92142841a/B-A,vps/M-unit-spearman-defendingEfficiency-fixed-counts/b4b94da886e061c92142841a/B-A
e1e29aab7102365136b614a54a8aeb0bee449145f3bc465a205963f9f554f006,pc/M-combat-capturePercent/bf898c747897728e9c646b00/A-B,vps/M-unit-spearman-defendingEfficiency-fixed-counts/bf898c747897728e9c646b00/A-B
0c2b4bb54f68750a49827995ac5ca7c41b885ac68f663af9b71cf4658f802372,pc/M-combat-capturePercent/bf898c747897728e9c646b00/B-A,vps/M-unit-spearman-defendingEfficiency-fixed-counts/bf898c747897728e9c646b00/B-A
54b8eb5652e7a14e2d23dbf5a122ee8f8758e3e126c18b1c2077bfe200269275,pc/M-combat-capturePercent/e03c8d62aa94aae4fc0f13f1/A-B,vps/M-unit-spearman-defendingEfficiency-fixed-counts/e03c8d62aa94aae4fc0f13f1/A-B
078641e562821c4012d1a24d08878af3f97f45aea622350727a2eb5edcbd524c,pc/M-combat-capturePercent/e03c8d62aa94aae4fc0f13f1/B-A,vps/M-unit-spearman-defendingEfficiency-fixed-counts/e03c8d62aa94aae4fc0f13f1/B-A
85f859f840726422ec7d710e5557c9d3b6715fd7fc74bfe34607d4d92c94e777,pc/M-combat-capturePercent/0c0085870630c59e82d2d03f/A-B,vps/M-unit-spearman-strikesPerAttack-fixed-counts/0c0085870630c59e82d2d03f/A-B
03908c0fa4ced8ca60a7e0fb3a0f39260e015950626c7db85dad0402f2d3619e,pc/M-combat-capturePercent/0c0085870630c59e82d2d03f/B-A,vps/M-unit-spearman-strikesPerAttack-fixed-counts/0c0085870630c59e82d2d03f/B-A
58cd7ae8deb38800a7970576196ee8f591af45338dcec1590dcfba297fa69701,pc/M-combat-capturePercent/0fad6426e216ce1d497cd944/A-B,vps/M-unit-spearman-strikesPerAttack-fixed-counts/0fad6426e216ce1d497cd944/A-B
71c1edf0b3076609f0d5f6632549a6592128c1a272b42a58354f9fb187b4a370,pc/M-combat-capturePercent/0fad6426e216ce1d497cd944/B-A,vps/M-unit-spearman-strikesPerAttack-fixed-counts/0fad6426e216ce1d497cd944/B-A
7d7abac10e512ec2c70d5d25a59d0d144ba2b19ce4372cc4f09baf310123eafb,pc/M-combat-capturePercent/15b79b9ef5cbd9e794375476/A-B,vps/M-unit-spearman-strikesPerAttack-fixed-counts/15b79b9ef5cbd9e794375476/A-B
75facca78d59da8acebf5520dc1aec84674008dca00e85ffe5137a6371d683bd,pc/M-combat-capturePercent/15b79b9ef5cbd9e794375476/B-A,vps/M-unit-spearman-strikesPerAttack-fixed-counts/15b79b9ef5cbd9e794375476/B-A
ac0328d7e848fe34c754caa6b9c4b0ed2030d2e4d6fcccd1ed330988caf253df,pc/M-combat-capturePercent/2497be6bce26a22f97e6e95e/A-B,vps/M-unit-spearman-strikesPerAttack-fixed-counts/2497be6bce26a22f97e6e95e/A-B
cdf02ca8a3da35cbdb52ea241c610d7fdc069d44ffd601725625d6de3e1c67e1,pc/M-combat-capturePercent/2497be6bce26a22f97e6e95e/B-A,vps/M-unit-spearman-strikesPerAttack-fixed-counts/2497be6bce26a22f97e6e95e/B-A
d008a6c4cea3edb58d3e49bd4fe6a9dc06177f8442e6495e138e98d884af187e,pc/M-combat-capturePercent/7701dd750551af246ed1b8c5/A-B,vps/M-unit-spearman-strikesPerAttack-fixed-counts/7701dd750551af246ed1b8c5/A-B
bcbc877f0cf8b1db3ca6328cc8d75854e56dc0b5735561ddaff5ce14c2a229f6,pc/M-combat-capturePercent/7701dd750551af246ed1b8c5/B-A,vps/M-unit-spearman-strikesPerAttack-fixed-counts/7701dd750551af246ed1b8c5/B-A
2a1d1503a117713d05836a468b6a0d0d39d7d08702d9ca68ffe56c89d6f08704,pc/M-combat-capturePercent/98043342a0f7383cbda2c59d/A-B,vps/M-unit-spearman-strikesPerAttack-fixed-counts/98043342a0f7383cbda2c59d/A-B
cdd056f355bfd3009ca6798847f425d092b2fa95fee94cbb9f1b9d30918fd936,pc/M-combat-capturePercent/98043342a0f7383cbda2c59d/B-A,vps/M-unit-spearman-strikesPerAttack-fixed-counts/98043342a0f7383cbda2c59d/B-A
2bc6219638d312265f5c45e3ff80bf6b75c9c3992211780b96db52997872da32,pc/M-combat-capturePercent/9ee1c7b7c3d22f186dea063d/A-B,vps/M-unit-spearman-strikesPerAttack-fixed-counts/9ee1c7b7c3d22f186dea063d/A-B
120c55e4f29e4d0105d6cc15c34f2d0b90e315f38cd4336b4554e662eda73d66,pc/M-combat-capturePercent/9ee1c7b7c3d22f186dea063d/B-A,vps/M-unit-spearman-strikesPerAttack-fixed-counts/9ee1c7b7c3d22f186dea063d/B-A
b965633c898c10ac48cc0b945d886ca291a7c3df9f2bc8fbbd6924891bba8756,pc/M-combat-capturePercent/a477667580eb4a6cca4bfd35/A-B,vps/M-unit-spearman-strikesPerAttack-fixed-counts/a477667580eb4a6cca4bfd35/A-B
04d26513bee41f8de98ab49cd97c992b3a0017b0ad91dc428f6066f007ce270c,pc/M-combat-capturePercent/a477667580eb4a6cca4bfd35/B-A,vps/M-unit-spearman-strikesPerAttack-fixed-counts/a477667580eb4a6cca4bfd35/B-A
7021d39476c082c69391aa7d9d107c8598ae66c5b1828c73e129c275542d42fb,pc/M-combat-capturePercent/adf2a33f332db08d4d373bba/A-B,vps/M-unit-spearman-strikesPerAttack-fixed-counts/adf2a33f332db08d4d373bba/A-B
0a6998a19d108d4ea47989fe9c9346eb6b099ed85b399e3702e1d1add2785d07,pc/M-combat-capturePercent/adf2a33f332db08d4d373bba/B-A,vps/M-unit-spearman-strikesPerAttack-fixed-counts/adf2a33f332db08d4d373bba/B-A
4227f054b87e527b1d1b0274ed1998e330c5df10704580221a9b575b4a8798c6,pc/M-combat-capturePercent/b4b94da886e061c92142841a/A-B,vps/M-unit-spearman-strikesPerAttack-fixed-counts/b4b94da886e061c92142841a/A-B
ed29d7971438fc1a049999694ca61a2424e52dc6124815c6cadb6b6c1daaffd8,pc/M-combat-capturePercent/b4b94da886e061c92142841a/B-A,vps/M-unit-spearman-strikesPerAttack-fixed-counts/b4b94da886e061c92142841a/B-A
e1e29aab7102365136b614a54a8aeb0bee449145f3bc465a205963f9f554f006,pc/M-combat-capturePercent/bf898c747897728e9c646b00/A-B,vps/M-unit-spearman-strikesPerAttack-fixed-counts/bf898c747897728e9c646b00/A-B
0c2b4bb54f68750a49827995ac5ca7c41b885ac68f663af9b71cf4658f802372,pc/M-combat-capturePercent/bf898c747897728e9c646b00/B-A,vps/M-unit-spearman-strikesPerAttack-fixed-counts/bf898c747897728e9c646b00/B-A
54b8eb5652e7a14e2d23dbf5a122ee8f8758e3e126c18b1c2077bfe200269275,pc/M-combat-capturePercent/e03c8d62aa94aae4fc0f13f1/A-B,vps/M-unit-spearman-strikesPerAttack-fixed-counts/e03c8d62aa94aae4fc0f13f1/A-B
078641e562821c4012d1a24d08878af3f97f45aea622350727a2eb5edcbd524c,pc/M-combat-capturePercent/e03c8d62aa94aae4fc0f13f1/B-A,vps/M-unit-spearman-strikesPerAttack-fixed-counts/e03c8d62aa94aae4fc0f13f1/B-A
85f859f840726422ec7d710e5557c9d3b6715fd7fc74bfe34607d4d92c94e777,pc/M-combat-capturePercent/0c0085870630c59e82d2d03f/A-B,vps/M-unit-spearman-structure-fixed-counts/0c0085870630c59e82d2d03f/A-B
03908c0fa4ced8ca60a7e0fb3a0f39260e015950626c7db85dad0402f2d3619e,pc/M-combat-capturePercent/0c0085870630c59e82d2d03f/B-A,vps/M-unit-spearman-structure-fixed-counts/0c0085870630c59e82d2d03f/B-A
58cd7ae8deb38800a7970576196ee8f591af45338dcec1590dcfba297fa69701,pc/M-combat-capturePercent/0fad6426e216ce1d497cd944/A-B,vps/M-unit-spearman-structure-fixed-counts/0fad6426e216ce1d497cd944/A-B
71c1edf0b3076609f0d5f6632549a6592128c1a272b42a58354f9fb187b4a370,pc/M-combat-capturePercent/0fad6426e216ce1d497cd944/B-A,vps/M-unit-spearman-structure-fixed-counts/0fad6426e216ce1d497cd944/B-A
7d7abac10e512ec2c70d5d25a59d0d144ba2b19ce4372cc4f09baf310123eafb,pc/M-combat-capturePercent/15b79b9ef5cbd9e794375476/A-B,vps/M-unit-spearman-structure-fixed-counts/15b79b9ef5cbd9e794375476/A-B
75facca78d59da8acebf5520dc1aec84674008dca00e85ffe5137a6371d683bd,pc/M-combat-capturePercent/15b79b9ef5cbd9e794375476/B-A,vps/M-unit-spearman-structure-fixed-counts/15b79b9ef5cbd9e794375476/B-A
ac0328d7e848fe34c754caa6b9c4b0ed2030d2e4d6fcccd1ed330988caf253df,pc/M-combat-capturePercent/2497be6bce26a22f97e6e95e/A-B,vps/M-unit-spearman-structure-fixed-counts/2497be6bce26a22f97e6e95e/A-B
cdf02ca8a3da35cbdb52ea241c610d7fdc069d44ffd601725625d6de3e1c67e1,pc/M-combat-capturePercent/2497be6bce26a22f97e6e95e/B-A,vps/M-unit-spearman-structure-fixed-counts/2497be6bce26a22f97e6e95e/B-A
d008a6c4cea3edb58d3e49bd4fe6a9dc06177f8442e6495e138e98d884af187e,pc/M-combat-capturePercent/7701dd750551af246ed1b8c5/A-B,vps/M-unit-spearman-structure-fixed-counts/7701dd750551af246ed1b8c5/A-B
bcbc877f0cf8b1db3ca6328cc8d75854e56dc0b5735561ddaff5ce14c2a229f6,pc/M-combat-capturePercent/7701dd750551af246ed1b8c5/B-A,vps/M-unit-spearman-structure-fixed-counts/7701dd750551af246ed1b8c5/B-A
2a1d1503a117713d05836a468b6a0d0d39d7d08702d9ca68ffe56c89d6f08704,pc/M-combat-capturePercent/98043342a0f7383cbda2c59d/A-B,vps/M-unit-spearman-structure-fixed-counts/98043342a0f7383cbda2c59d/A-B
cdd056f355bfd3009ca6798847f425d092b2fa95fee94cbb9f1b9d30918fd936,pc/M-combat-capturePercent/98043342a0f7383cbda2c59d/B-A,vps/M-unit-spearman-structure-fixed-counts/98043342a0f7383cbda2c59d/B-A
2bc6219638d312265f5c45e3ff80bf6b75c9c3992211780b96db52997872da32,pc/M-combat-capturePercent/9ee1c7b7c3d22f186dea063d/A-B,vps/M-unit-spearman-structure-fixed-counts/9ee1c7b7c3d22f186dea063d/A-B
120c55e4f29e4d0105d6cc15c34f2d0b90e315f38cd4336b4554e662eda73d66,pc/M-combat-capturePercent/9ee1c7b7c3d22f186dea063d/B-A,vps/M-unit-spearman-structure-fixed-counts/9ee1c7b7c3d22f186dea063d/B-A
b965633c898c10ac48cc0b945d886ca291a7c3df9f2bc8fbbd6924891bba8756,pc/M-combat-capturePercent/a477667580eb4a6cca4bfd35/A-B,vps/M-unit-spearman-structure-fixed-counts/a477667580eb4a6cca4bfd35/A-B
04d26513bee41f8de98ab49cd97c992b3a0017b0ad91dc428f6066f007ce270c,pc/M-combat-capturePercent/a477667580eb4a6cca4bfd35/B-A,vps/M-unit-spearman-structure-fixed-counts/a477667580eb4a6cca4bfd35/B-A
7021d39476c082c69391aa7d9d107c8598ae66c5b1828c73e129c275542d42fb,pc/M-combat-capturePercent/adf2a33f332db08d4d373bba/A-B,vps/M-unit-spearman-structure-fixed-counts/adf2a33f332db08d4d373bba/A-B
0a6998a19d108d4ea47989fe9c9346eb6b099ed85b399e3702e1d1add2785d07,pc/M-combat-capturePercent/adf2a33f332db08d4d373bba/B-A,vps/M-unit-spearman-structure-fixed-counts/adf2a33f332db08d4d373bba/B-A
4227f054b87e527b1d1b0274ed1998e330c5df10704580221a9b575b4a8798c6,pc/M-combat-capturePercent/b4b94da886e061c92142841a/A-B,vps/M-unit-spearman-structure-fixed-counts/b4b94da886e061c92142841a/A-B
ed29d7971438fc1a049999694ca61a2424e52dc6124815c6cadb6b6c1daaffd8,pc/M-combat-capturePercent/b4b94da886e061c92142841a/B-A,vps/M-unit-spearman-structure-fixed-counts/b4b94da886e061c92142841a/B-A
e1e29aab7102365136b614a54a8aeb0bee449145f3bc465a205963f9f554f006,pc/M-combat-capturePercent/bf898c747897728e9c646b00/A-B,vps/M-unit-spearman-structure-fixed-counts/bf898c747897728e9c646b00/A-B
0c2b4bb54f68750a49827995ac5ca7c41b885ac68f663af9b71cf4658f802372,pc/M-combat-capturePercent/bf898c747897728e9c646b00/B-A,vps/M-unit-spearman-structure-fixed-counts/bf898c747897728e9c646b00/B-A
54b8eb5652e7a14e2d23dbf5a122ee8f8758e3e126c18b1c2077bfe200269275,pc/M-combat-capturePercent/e03c8d62aa94aae4fc0f13f1/A-B,vps/M-unit-spearman-structure-fixed-counts/e03c8d62aa94aae4fc0f13f1/A-B
078641e562821c4012d1a24d08878af3f97f45aea622350727a2eb5edcbd524c,pc/M-combat-capturePercent/e03c8d62aa94aae4fc0f13f1/B-A,vps/M-unit-spearman-structure-fixed-counts/e03c8d62aa94aae4fc0f13f1/B-A
4227f054b87e527b1d1b0274ed1998e330c5df10704580221a9b575b4a8798c6,pc/M-combat-capturePercent/b4b94da886e061c92142841a/A-B,vps/M-weather-preset-cloudy/0429631bd58e60f613cf0af9/A-B
ed29d7971438fc1a049999694ca61a2424e52dc6124815c6cadb6b6c1daaffd8,pc/M-combat-capturePercent/b4b94da886e061c92142841a/B-A,vps/M-weather-preset-cloudy/0429631bd58e60f613cf0af9/B-A
b965633c898c10ac48cc0b945d886ca291a7c3df9f2bc8fbbd6924891bba8756,pc/M-combat-capturePercent/a477667580eb4a6cca4bfd35/A-B,vps/M-weather-preset-cloudy/0efe3bc588ef9ed35f70647b/A-B
04d26513bee41f8de98ab49cd97c992b3a0017b0ad91dc428f6066f007ce270c,pc/M-combat-capturePercent/a477667580eb4a6cca4bfd35/B-A,vps/M-weather-preset-cloudy/0efe3bc588ef9ed35f70647b/B-A
092ff6440ba52367b900849f38396771039917fdafcad50e5a9b3669a0a1a448,pc/M-combat-capturePercent/f78c1d62cca9f23dba9520f5/A-B,vps/M-weather-preset-cloudy/0f59ee385f139ee328caa8b9/A-B
40e5890746cdbe0ba659fc1854a9e8c3218947407cf39f571ec0b4f63dfcca5c,pc/M-combat-capturePercent/f78c1d62cca9f23dba9520f5/B-A,vps/M-weather-preset-cloudy/0f59ee385f139ee328caa8b9/B-A
7d7abac10e512ec2c70d5d25a59d0d144ba2b19ce4372cc4f09baf310123eafb,pc/M-combat-capturePercent/15b79b9ef5cbd9e794375476/A-B,vps/M-weather-preset-cloudy/16ffecbdc50307439e60df3b/A-B
75facca78d59da8acebf5520dc1aec84674008dca00e85ffe5137a6371d683bd,pc/M-combat-capturePercent/15b79b9ef5cbd9e794375476/B-A,vps/M-weather-preset-cloudy/16ffecbdc50307439e60df3b/B-A
ee9e20890d11662504f7fe1e38034c18b966e01cd6c9e5396948c62e4ef00edc,pc/M-combat-capturePercent/1216817fbd021bfb8a800544/A-B,vps/M-weather-preset-cloudy/1839f28f30fbf733827f6daf/A-B
6716753b8e8b76b4a64e3b17a97ed8046605bed1f7d8159437110a4c2a02ffa9,pc/M-combat-capturePercent/1216817fbd021bfb8a800544/B-A,vps/M-weather-preset-cloudy/1839f28f30fbf733827f6daf/B-A
4597ad24b5a2e47b6a7dce9496a9b6f4b1f246dce33a40845b0982a200fb8806,pc/M-combat-capturePercent/5be07c6fc69f472eef0ee17f/A-B,vps/M-weather-preset-cloudy/1a108833a92f5ab83c94e733/A-B
7c1e87a0769464bd834f5d84f3fd33eaf9071aabdb90673a4cec8f5b7383d2cf,pc/M-combat-capturePercent/5be07c6fc69f472eef0ee17f/B-A,vps/M-weather-preset-cloudy/1a108833a92f5ab83c94e733/B-A
58cd7ae8deb38800a7970576196ee8f591af45338dcec1590dcfba297fa69701,pc/M-combat-capturePercent/0fad6426e216ce1d497cd944/A-B,vps/M-weather-preset-cloudy/1c7f1da8d85179e295712eff/A-B
71c1edf0b3076609f0d5f6632549a6592128c1a272b42a58354f9fb187b4a370,pc/M-combat-capturePercent/0fad6426e216ce1d497cd944/B-A,vps/M-weather-preset-cloudy/1c7f1da8d85179e295712eff/B-A
87844e416d861f5c9ead6ab9b78dcfb00006427ddc351bd0388c1eabd412ea8d,pc/M-combat-capturePercent/2d6350473497c883675afa80/A-B,vps/M-weather-preset-cloudy/1d15695a58b9029961d4db10/A-B
e137c8706ef5acd42c2d3113acb60f6a980b709cb9423e1758161e5fa6ce3ea3,pc/M-combat-capturePercent/2d6350473497c883675afa80/B-A,vps/M-weather-preset-cloudy/1d15695a58b9029961d4db10/B-A
9ca322cb96477f8f2d6b2e7673307285a8c1ac1a2124cfb6ddfbf09efb0d4075,pc/M-combat-capturePercent/48d3967fcd05b8de1e34c2d4/A-B,vps/M-weather-preset-cloudy/220de8e7bcf74df8a33f3484/A-B
0ef488184d72f1f098ab6566fb80c72140d7078400dd1a9587141fe8b34a13ec,pc/M-combat-capturePercent/48d3967fcd05b8de1e34c2d4/B-A,vps/M-weather-preset-cloudy/220de8e7bcf74df8a33f3484/B-A
1178f1206facb99d474deb6896610eb381b51065a110d670b64abf6c01184760,pc/M-combat-capturePercent/9ea4f603e73d531fd3c8df44/A-B,vps/M-weather-preset-cloudy/2909c1717658eea3477fdb36/A-B
db8d3921ad4c7ffbcfdfcbf53d72da2e8c438f83b03f5de5e5b8aab344978ab5,pc/M-combat-capturePercent/9ea4f603e73d531fd3c8df44/B-A,vps/M-weather-preset-cloudy/2909c1717658eea3477fdb36/B-A
3d79ed5983c89d0022c51a128734a7b36a8941c07b48f432dd6f260a0059cec7,pc/M-combat-capturePercent/9a1ddda43134d9061057be59/A-B,vps/M-weather-preset-cloudy/292e84ddbaeed80eafce6b3d/A-B
b539cabaf72f26f266d867628052db7ffc7cfa333da902e943ce8bd34a752c17,pc/M-combat-capturePercent/9a1ddda43134d9061057be59/B-A,vps/M-weather-preset-cloudy/292e84ddbaeed80eafce6b3d/B-A
f5eaa97da71df5298d7c5b30554bec43da7311247b6bf61d3299b38dd99ce886,pc/M-combat-capturePercent/80ebf93b386771704cc70bab/A-B,vps/M-weather-preset-cloudy/293333251e57eb368980e3cd/A-B
6a49a491a5ff72a4b8db0cc1fcd37742813f1f1a76d4b11bb02af21e20d1e1ce,pc/M-combat-capturePercent/80ebf93b386771704cc70bab/B-A,vps/M-weather-preset-cloudy/293333251e57eb368980e3cd/B-A
2a1d1503a117713d05836a468b6a0d0d39d7d08702d9ca68ffe56c89d6f08704,pc/M-combat-capturePercent/98043342a0f7383cbda2c59d/A-B,vps/M-weather-preset-cloudy/2cbc5c6d00809d1d00272a75/A-B
cdd056f355bfd3009ca6798847f425d092b2fa95fee94cbb9f1b9d30918fd936,pc/M-combat-capturePercent/98043342a0f7383cbda2c59d/B-A,vps/M-weather-preset-cloudy/2cbc5c6d00809d1d00272a75/B-A
d008a6c4cea3edb58d3e49bd4fe6a9dc06177f8442e6495e138e98d884af187e,pc/M-combat-capturePercent/7701dd750551af246ed1b8c5/A-B,vps/M-weather-preset-cloudy/2e612a2ac70761f573186f0c/A-B
bcbc877f0cf8b1db3ca6328cc8d75854e56dc0b5735561ddaff5ce14c2a229f6,pc/M-combat-capturePercent/7701dd750551af246ed1b8c5/B-A,vps/M-weather-preset-cloudy/2e612a2ac70761f573186f0c/B-A
9858c7ffa1a6a847079e50482789f9a042cfeb281ada503d2c73d74b65c9d985,pc/M-combat-capturePercent/2eb2746a70cb35fe1ce25f98/A-B,vps/M-weather-preset-cloudy/2fb8bda2ddfe184ffe378dbc/A-B
151989b8d1b1c0ca759fab7eaf3b152abc03724944a1ef9ad70118e7a90322e4,pc/M-combat-capturePercent/2eb2746a70cb35fe1ce25f98/B-A,vps/M-weather-preset-cloudy/2fb8bda2ddfe184ffe378dbc/B-A
7d7abac10e512ec2c70d5d25a59d0d144ba2b19ce4372cc4f09baf310123eafb,pc/M-combat-capturePercent/15b79b9ef5cbd9e794375476/A-B,vps/M-weather-preset-cloudy/2fd4a25f8d41f13bd09ab2ef/A-B
75facca78d59da8acebf5520dc1aec84674008dca00e85ffe5137a6371d683bd,pc/M-combat-capturePercent/15b79b9ef5cbd9e794375476/B-A,vps/M-weather-preset-cloudy/2fd4a25f8d41f13bd09ab2ef/B-A
d008a6c4cea3edb58d3e49bd4fe6a9dc06177f8442e6495e138e98d884af187e,pc/M-combat-capturePercent/7701dd750551af246ed1b8c5/A-B,vps/M-weather-preset-cloudy/30a937714bd97bfdbf90652e/A-B
bcbc877f0cf8b1db3ca6328cc8d75854e56dc0b5735561ddaff5ce14c2a229f6,pc/M-combat-capturePercent/7701dd750551af246ed1b8c5/B-A,vps/M-weather-preset-cloudy/30a937714bd97bfdbf90652e/B-A
85f859f840726422ec7d710e5557c9d3b6715fd7fc74bfe34607d4d92c94e777,pc/M-combat-capturePercent/0c0085870630c59e82d2d03f/A-B,vps/M-weather-preset-cloudy/3139e61580020b0045637f37/A-B
03908c0fa4ced8ca60a7e0fb3a0f39260e015950626c7db85dad0402f2d3619e,pc/M-combat-capturePercent/0c0085870630c59e82d2d03f/B-A,vps/M-weather-preset-cloudy/3139e61580020b0045637f37/B-A
a5bb96235bf6f9a76b769ff737d8e922df94b0a52f749525853085cd022bf3ef,pc/M-combat-capturePercent/a74b3b7b747bae166c9bbd4d/A-B,vps/M-weather-preset-cloudy/31ade89a06e3e55dab05c127/A-B
8a5fbdbf1b558dc200eab97d67343355792afdf24d5bbb0e91f754b86f3a02ef,pc/M-combat-capturePercent/a74b3b7b747bae166c9bbd4d/B-A,vps/M-weather-preset-cloudy/31ade89a06e3e55dab05c127/B-A
35be79c5c128b6e4343bfeefa1db2f2aeb0a0150c17aa99303e7622a603c351b,pc/M-combat-capturePercent/7498c9f948922906239ad8d6/A-B,vps/M-weather-preset-cloudy/3228008109404122536598dc/A-B
49d4b23c42e173b1bcdc7cd48f22932e3a82504dd30129431f21b83876d94cb2,pc/M-combat-capturePercent/7498c9f948922906239ad8d6/B-A,vps/M-weather-preset-cloudy/3228008109404122536598dc/B-A
f5eaa97da71df5298d7c5b30554bec43da7311247b6bf61d3299b38dd99ce886,pc/M-combat-capturePercent/80ebf93b386771704cc70bab/A-B,vps/M-weather-preset-cloudy/336142cf34ef986110b8faa5/A-B
6a49a491a5ff72a4b8db0cc1fcd37742813f1f1a76d4b11bb02af21e20d1e1ce,pc/M-combat-capturePercent/80ebf93b386771704cc70bab/B-A,vps/M-weather-preset-cloudy/336142cf34ef986110b8faa5/B-A
092ff6440ba52367b900849f38396771039917fdafcad50e5a9b3669a0a1a448,pc/M-combat-capturePercent/f78c1d62cca9f23dba9520f5/A-B,vps/M-weather-preset-cloudy/35cbde9b12b5d73b632e2b46/A-B
40e5890746cdbe0ba659fc1854a9e8c3218947407cf39f571ec0b4f63dfcca5c,pc/M-combat-capturePercent/f78c1d62cca9f23dba9520f5/B-A,vps/M-weather-preset-cloudy/35cbde9b12b5d73b632e2b46/B-A
2a1d1503a117713d05836a468b6a0d0d39d7d08702d9ca68ffe56c89d6f08704,pc/M-combat-capturePercent/98043342a0f7383cbda2c59d/A-B,vps/M-weather-preset-cloudy/3641e9f196adbe0cca3cc40f/A-B
cdd056f355bfd3009ca6798847f425d092b2fa95fee94cbb9f1b9d30918fd936,pc/M-combat-capturePercent/98043342a0f7383cbda2c59d/B-A,vps/M-weather-preset-cloudy/3641e9f196adbe0cca3cc40f/B-A
00f252d5722657943a4cb0718ce0da7e8a4611896fa35ea5621c1322e14ef866,pc/M-combat-capturePercent/54e1d4f2a6e7f51febebdd8e/A-B,vps/M-weather-preset-cloudy/38bde6fadab57eea7625e587/A-B
9000dde07f557a8d66b3ea4000e55211bbd45f04e3469db5cbc747249d14ba6c,pc/M-combat-capturePercent/54e1d4f2a6e7f51febebdd8e/B-A,vps/M-weather-preset-cloudy/38bde6fadab57eea7625e587/B-A
b965633c898c10ac48cc0b945d886ca291a7c3df9f2bc8fbbd6924891bba8756,pc/M-combat-capturePercent/a477667580eb4a6cca4bfd35/A-B,vps/M-weather-preset-cloudy/3aa4bb309c516a40a1780acb/A-B
04d26513bee41f8de98ab49cd97c992b3a0017b0ad91dc428f6066f007ce270c,pc/M-combat-capturePercent/a477667580eb4a6cca4bfd35/B-A,vps/M-weather-preset-cloudy/3aa4bb309c516a40a1780acb/B-A
4227f054b87e527b1d1b0274ed1998e330c5df10704580221a9b575b4a8798c6,pc/M-combat-capturePercent/b4b94da886e061c92142841a/A-B,vps/M-weather-preset-cloudy/40f2574197956d5ee3ccd6d7/A-B
ed29d7971438fc1a049999694ca61a2424e52dc6124815c6cadb6b6c1daaffd8,pc/M-combat-capturePercent/b4b94da886e061c92142841a/B-A,vps/M-weather-preset-cloudy/40f2574197956d5ee3ccd6d7/B-A
54b8eb5652e7a14e2d23dbf5a122ee8f8758e3e126c18b1c2077bfe200269275,pc/M-combat-capturePercent/e03c8d62aa94aae4fc0f13f1/A-B,vps/M-weather-preset-cloudy/4564e2b3d9db8dc3640fe638/A-B
078641e562821c4012d1a24d08878af3f97f45aea622350727a2eb5edcbd524c,pc/M-combat-capturePercent/e03c8d62aa94aae4fc0f13f1/B-A,vps/M-weather-preset-cloudy/4564e2b3d9db8dc3640fe638/B-A
6d407622c60b016795f97c89a6a5574696df9124c61c66dd231ce4e7c7aa2393,pc/M-combat-capturePercent/ec03e2f3b6e41ea5555df14c/A-B,vps/M-weather-preset-cloudy/460feae33f1b223c744e0745/A-B
5b40b5d08240a3cb41ac0662b746bf7848264fd5d59a18b9cccd174e1c8a970f,pc/M-combat-capturePercent/ec03e2f3b6e41ea5555df14c/B-A,vps/M-weather-preset-cloudy/460feae33f1b223c744e0745/B-A
e1e29aab7102365136b614a54a8aeb0bee449145f3bc465a205963f9f554f006,pc/M-combat-capturePercent/bf898c747897728e9c646b00/A-B,vps/M-weather-preset-cloudy/478a99db940e99a1c3740382/A-B
0c2b4bb54f68750a49827995ac5ca7c41b885ac68f663af9b71cf4658f802372,pc/M-combat-capturePercent/bf898c747897728e9c646b00/B-A,vps/M-weather-preset-cloudy/478a99db940e99a1c3740382/B-A
a5cef95da0740171d974b1b8238a058e26fade3fe8a8f09d6de3182d2fb25476,pc/M-combat-capturePercent/ac748b9a7bbadd1b4ccb3da4/A-B,vps/M-weather-preset-cloudy/479e3f69fb362d06849cddc2/A-B
22588da900fbea8c00b87d769132d035359f1c3deae9b763847a866d744b79ff,pc/M-combat-capturePercent/ac748b9a7bbadd1b4ccb3da4/B-A,vps/M-weather-preset-cloudy/479e3f69fb362d06849cddc2/B-A
1178f1206facb99d474deb6896610eb381b51065a110d670b64abf6c01184760,pc/M-combat-capturePercent/9ea4f603e73d531fd3c8df44/A-B,vps/M-weather-preset-cloudy/4e08fcf164df130a8abbef43/A-B
db8d3921ad4c7ffbcfdfcbf53d72da2e8c438f83b03f5de5e5b8aab344978ab5,pc/M-combat-capturePercent/9ea4f603e73d531fd3c8df44/B-A,vps/M-weather-preset-cloudy/4e08fcf164df130a8abbef43/B-A
ee9e20890d11662504f7fe1e38034c18b966e01cd6c9e5396948c62e4ef00edc,pc/M-combat-capturePercent/1216817fbd021bfb8a800544/A-B,vps/M-weather-preset-cloudy/50c4537524d7c770abd6983e/A-B
6716753b8e8b76b4a64e3b17a97ed8046605bed1f7d8159437110a4c2a02ffa9,pc/M-combat-capturePercent/1216817fbd021bfb8a800544/B-A,vps/M-weather-preset-cloudy/50c4537524d7c770abd6983e/B-A
7021d39476c082c69391aa7d9d107c8598ae66c5b1828c73e129c275542d42fb,pc/M-combat-capturePercent/adf2a33f332db08d4d373bba/A-B,vps/M-weather-preset-cloudy/51756ac9ff4d1b53d8b65707/A-B
0a6998a19d108d4ea47989fe9c9346eb6b099ed85b399e3702e1d1add2785d07,pc/M-combat-capturePercent/adf2a33f332db08d4d373bba/B-A,vps/M-weather-preset-cloudy/51756ac9ff4d1b53d8b65707/B-A
587a0b6c8fbf92e9e393e63a374c6bdc95fc594470b7c8ee42ee3df5c4a6b8ef,pc/M-combat-capturePercent/1a50bd67feb4ca4f159a4cfe/A-B,vps/M-weather-preset-cloudy/52226f5701f01beb70b2e249/A-B
cab79020193af6f55744135f0197a1630e3c2215411e9bdd269a836e052ec646,pc/M-combat-capturePercent/1a50bd67feb4ca4f159a4cfe/B-A,vps/M-weather-preset-cloudy/52226f5701f01beb70b2e249/B-A
87844e416d861f5c9ead6ab9b78dcfb00006427ddc351bd0388c1eabd412ea8d,pc/M-combat-capturePercent/2d6350473497c883675afa80/A-B,vps/M-weather-preset-cloudy/54037e766a3712a63d8ae634/A-B
e137c8706ef5acd42c2d3113acb60f6a980b709cb9423e1758161e5fa6ce3ea3,pc/M-combat-capturePercent/2d6350473497c883675afa80/B-A,vps/M-weather-preset-cloudy/54037e766a3712a63d8ae634/B-A
4970d1f6b5265fad201517f3825ff40d79aa8b20306bc545f88c8e11a313708e,pc/M-combat-capturePercent/6aee5ba4cebd035270c43536/A-B,vps/M-weather-preset-cloudy/549bef19b8bba7d0628cb66b/A-B
0243eeadabcc14bc5e95fa1b391f9a0fbfc6c55db116c0e75d961227e7785c42,pc/M-combat-capturePercent/6aee5ba4cebd035270c43536/B-A,vps/M-weather-preset-cloudy/549bef19b8bba7d0628cb66b/B-A
a5bb96235bf6f9a76b769ff737d8e922df94b0a52f749525853085cd022bf3ef,pc/M-combat-capturePercent/a74b3b7b747bae166c9bbd4d/A-B,vps/M-weather-preset-cloudy/62a7db0b793647c643c05475/A-B
8a5fbdbf1b558dc200eab97d67343355792afdf24d5bbb0e91f754b86f3a02ef,pc/M-combat-capturePercent/a74b3b7b747bae166c9bbd4d/B-A,vps/M-weather-preset-cloudy/62a7db0b793647c643c05475/B-A
58cd7ae8deb38800a7970576196ee8f591af45338dcec1590dcfba297fa69701,pc/M-combat-capturePercent/0fad6426e216ce1d497cd944/A-B,vps/M-weather-preset-cloudy/63e98f50ee49d24dc11cace2/A-B
71c1edf0b3076609f0d5f6632549a6592128c1a272b42a58354f9fb187b4a370,pc/M-combat-capturePercent/0fad6426e216ce1d497cd944/B-A,vps/M-weather-preset-cloudy/63e98f50ee49d24dc11cace2/B-A
00f252d5722657943a4cb0718ce0da7e8a4611896fa35ea5621c1322e14ef866,pc/M-combat-capturePercent/54e1d4f2a6e7f51febebdd8e/A-B,vps/M-weather-preset-cloudy/6f3d2a4fc75a68d57e54b23a/A-B
9000dde07f557a8d66b3ea4000e55211bbd45f04e3469db5cbc747249d14ba6c,pc/M-combat-capturePercent/54e1d4f2a6e7f51febebdd8e/B-A,vps/M-weather-preset-cloudy/6f3d2a4fc75a68d57e54b23a/B-A
35be79c5c128b6e4343bfeefa1db2f2aeb0a0150c17aa99303e7622a603c351b,pc/M-combat-capturePercent/7498c9f948922906239ad8d6/A-B,vps/M-weather-preset-cloudy/7418bdbfa7c288e61f9d2cf9/A-B
49d4b23c42e173b1bcdc7cd48f22932e3a82504dd30129431f21b83876d94cb2,pc/M-combat-capturePercent/7498c9f948922906239ad8d6/B-A,vps/M-weather-preset-cloudy/7418bdbfa7c288e61f9d2cf9/B-A
6d407622c60b016795f97c89a6a5574696df9124c61c66dd231ce4e7c7aa2393,pc/M-combat-capturePercent/ec03e2f3b6e41ea5555df14c/A-B,vps/M-weather-preset-cloudy/77727e4349e03154cfef7e68/A-B
5b40b5d08240a3cb41ac0662b746bf7848264fd5d59a18b9cccd174e1c8a970f,pc/M-combat-capturePercent/ec03e2f3b6e41ea5555df14c/B-A,vps/M-weather-preset-cloudy/77727e4349e03154cfef7e68/B-A
647ab88a83aa6f834990989ca24911ddf969595c4a5f5d85e2c151fdaebac92b,pc/M-combat-capturePercent/93f29e181d26c9d16b60ee8b/A-B,vps/M-weather-preset-cloudy/7a2e540541d4de73bcc52edd/A-B
cb5849664fb65ac00466aa61563a1f9baace77ad985b9c02a92e371cf45b1603,pc/M-combat-capturePercent/93f29e181d26c9d16b60ee8b/B-A,vps/M-weather-preset-cloudy/7a2e540541d4de73bcc52edd/B-A
587a0b6c8fbf92e9e393e63a374c6bdc95fc594470b7c8ee42ee3df5c4a6b8ef,pc/M-combat-capturePercent/1a50bd67feb4ca4f159a4cfe/A-B,vps/M-weather-preset-cloudy/7f3aaf7751749b3b5731b116/A-B
cab79020193af6f55744135f0197a1630e3c2215411e9bdd269a836e052ec646,pc/M-combat-capturePercent/1a50bd67feb4ca4f159a4cfe/B-A,vps/M-weather-preset-cloudy/7f3aaf7751749b3b5731b116/B-A
ac0328d7e848fe34c754caa6b9c4b0ed2030d2e4d6fcccd1ed330988caf253df,pc/M-combat-capturePercent/2497be6bce26a22f97e6e95e/A-B,vps/M-weather-preset-cloudy/8218193f87fb426ccdfd145e/A-B
cdf02ca8a3da35cbdb52ea241c610d7fdc069d44ffd601725625d6de3e1c67e1,pc/M-combat-capturePercent/2497be6bce26a22f97e6e95e/B-A,vps/M-weather-preset-cloudy/8218193f87fb426ccdfd145e/B-A
2bc6219638d312265f5c45e3ff80bf6b75c9c3992211780b96db52997872da32,pc/M-combat-capturePercent/9ee1c7b7c3d22f186dea063d/A-B,vps/M-weather-preset-cloudy/856a9a75fed82e1a98336670/A-B
120c55e4f29e4d0105d6cc15c34f2d0b90e315f38cd4336b4554e662eda73d66,pc/M-combat-capturePercent/9ee1c7b7c3d22f186dea063d/B-A,vps/M-weather-preset-cloudy/856a9a75fed82e1a98336670/B-A
d008a6c4cea3edb58d3e49bd4fe6a9dc06177f8442e6495e138e98d884af187e,pc/M-combat-capturePercent/7701dd750551af246ed1b8c5/A-B,vps/M-weather-preset-cloudy/873f77b0055dffb3abf065c8/A-B
bcbc877f0cf8b1db3ca6328cc8d75854e56dc0b5735561ddaff5ce14c2a229f6,pc/M-combat-capturePercent/7701dd750551af246ed1b8c5/B-A,vps/M-weather-preset-cloudy/873f77b0055dffb3abf065c8/B-A
87844e416d861f5c9ead6ab9b78dcfb00006427ddc351bd0388c1eabd412ea8d,pc/M-combat-capturePercent/2d6350473497c883675afa80/A-B,vps/M-weather-preset-cloudy/87a83ab0b332bfecfbe611e5/A-B
e137c8706ef5acd42c2d3113acb60f6a980b709cb9423e1758161e5fa6ce3ea3,pc/M-combat-capturePercent/2d6350473497c883675afa80/B-A,vps/M-weather-preset-cloudy/87a83ab0b332bfecfbe611e5/B-A
9858c7ffa1a6a847079e50482789f9a042cfeb281ada503d2c73d74b65c9d985,pc/M-combat-capturePercent/2eb2746a70cb35fe1ce25f98/A-B,vps/M-weather-preset-cloudy/8a6e2afae8f1e2d20464d333/A-B
151989b8d1b1c0ca759fab7eaf3b152abc03724944a1ef9ad70118e7a90322e4,pc/M-combat-capturePercent/2eb2746a70cb35fe1ce25f98/B-A,vps/M-weather-preset-cloudy/8a6e2afae8f1e2d20464d333/B-A
6b4a529fbc125b23882833e0aed634bec1b5f0b2174c3e7ece269e3168b0f82f,pc/M-combat-capturePercent/c88b855645bc720b498875d2/A-B,vps/M-weather-preset-cloudy/8d3aebc0966b02c2e618e062/A-B
7e4672019367fb02f1f4413e94829b3f5c23d2fa9d1ba5802105a04a62fdf6a1,pc/M-combat-capturePercent/c88b855645bc720b498875d2/B-A,vps/M-weather-preset-cloudy/8d3aebc0966b02c2e618e062/B-A
7021d39476c082c69391aa7d9d107c8598ae66c5b1828c73e129c275542d42fb,pc/M-combat-capturePercent/adf2a33f332db08d4d373bba/A-B,vps/M-weather-preset-cloudy/8e879880a64316f7c201c042/A-B
0a6998a19d108d4ea47989fe9c9346eb6b099ed85b399e3702e1d1add2785d07,pc/M-combat-capturePercent/adf2a33f332db08d4d373bba/B-A,vps/M-weather-preset-cloudy/8e879880a64316f7c201c042/B-A
2bc6219638d312265f5c45e3ff80bf6b75c9c3992211780b96db52997872da32,pc/M-combat-capturePercent/9ee1c7b7c3d22f186dea063d/A-B,vps/M-weather-preset-cloudy/92a5ce3823c616bf45a4c61b/A-B
120c55e4f29e4d0105d6cc15c34f2d0b90e315f38cd4336b4554e662eda73d66,pc/M-combat-capturePercent/9ee1c7b7c3d22f186dea063d/B-A,vps/M-weather-preset-cloudy/92a5ce3823c616bf45a4c61b/B-A
6b4a529fbc125b23882833e0aed634bec1b5f0b2174c3e7ece269e3168b0f82f,pc/M-combat-capturePercent/c88b855645bc720b498875d2/A-B,vps/M-weather-preset-cloudy/92e3847f7127f1cdfce03132/A-B
7e4672019367fb02f1f4413e94829b3f5c23d2fa9d1ba5802105a04a62fdf6a1,pc/M-combat-capturePercent/c88b855645bc720b498875d2/B-A,vps/M-weather-preset-cloudy/92e3847f7127f1cdfce03132/B-A
2bc6219638d312265f5c45e3ff80bf6b75c9c3992211780b96db52997872da32,pc/M-combat-capturePercent/9ee1c7b7c3d22f186dea063d/A-B,vps/M-weather-preset-cloudy/968a8035b79561e859820aac/A-B
120c55e4f29e4d0105d6cc15c34f2d0b90e315f38cd4336b4554e662eda73d66,pc/M-combat-capturePercent/9ee1c7b7c3d22f186dea063d/B-A,vps/M-weather-preset-cloudy/968a8035b79561e859820aac/B-A
092ff6440ba52367b900849f38396771039917fdafcad50e5a9b3669a0a1a448,pc/M-combat-capturePercent/f78c1d62cca9f23dba9520f5/A-B,vps/M-weather-preset-cloudy/96c0fabc203a4e3059f6efd7/A-B
40e5890746cdbe0ba659fc1854a9e8c3218947407cf39f571ec0b4f63dfcca5c,pc/M-combat-capturePercent/f78c1d62cca9f23dba9520f5/B-A,vps/M-weather-preset-cloudy/96c0fabc203a4e3059f6efd7/B-A
3d79ed5983c89d0022c51a128734a7b36a8941c07b48f432dd6f260a0059cec7,pc/M-combat-capturePercent/9a1ddda43134d9061057be59/A-B,vps/M-weather-preset-cloudy/9837a543d80fabeabe2d2b9d/A-B
b539cabaf72f26f266d867628052db7ffc7cfa333da902e943ce8bd34a752c17,pc/M-combat-capturePercent/9a1ddda43134d9061057be59/B-A,vps/M-weather-preset-cloudy/9837a543d80fabeabe2d2b9d/B-A
647ab88a83aa6f834990989ca24911ddf969595c4a5f5d85e2c151fdaebac92b,pc/M-combat-capturePercent/93f29e181d26c9d16b60ee8b/A-B,vps/M-weather-preset-cloudy/98b939bf305c6e89feed73ad/A-B
cb5849664fb65ac00466aa61563a1f9baace77ad985b9c02a92e371cf45b1603,pc/M-combat-capturePercent/93f29e181d26c9d16b60ee8b/B-A,vps/M-weather-preset-cloudy/98b939bf305c6e89feed73ad/B-A
4227f054b87e527b1d1b0274ed1998e330c5df10704580221a9b575b4a8798c6,pc/M-combat-capturePercent/b4b94da886e061c92142841a/A-B,vps/M-weather-preset-cloudy/9cd7d0ceb1493ddfda51f95b/A-B
ed29d7971438fc1a049999694ca61a2424e52dc6124815c6cadb6b6c1daaffd8,pc/M-combat-capturePercent/b4b94da886e061c92142841a/B-A,vps/M-weather-preset-cloudy/9cd7d0ceb1493ddfda51f95b/B-A
7d7abac10e512ec2c70d5d25a59d0d144ba2b19ce4372cc4f09baf310123eafb,pc/M-combat-capturePercent/15b79b9ef5cbd9e794375476/A-B,vps/M-weather-preset-cloudy/9d474a22947e1e8f29d55389/A-B
75facca78d59da8acebf5520dc1aec84674008dca00e85ffe5137a6371d683bd,pc/M-combat-capturePercent/15b79b9ef5cbd9e794375476/B-A,vps/M-weather-preset-cloudy/9d474a22947e1e8f29d55389/B-A
f5eaa97da71df5298d7c5b30554bec43da7311247b6bf61d3299b38dd99ce886,pc/M-combat-capturePercent/80ebf93b386771704cc70bab/A-B,vps/M-weather-preset-cloudy/9ffdc31abdef67b0d37e0528/A-B
6a49a491a5ff72a4b8db0cc1fcd37742813f1f1a76d4b11bb02af21e20d1e1ce,pc/M-combat-capturePercent/80ebf93b386771704cc70bab/B-A,vps/M-weather-preset-cloudy/9ffdc31abdef67b0d37e0528/B-A
a5cef95da0740171d974b1b8238a058e26fade3fe8a8f09d6de3182d2fb25476,pc/M-combat-capturePercent/ac748b9a7bbadd1b4ccb3da4/A-B,vps/M-weather-preset-cloudy/a251207b8414a70c25e2aec8/A-B
22588da900fbea8c00b87d769132d035359f1c3deae9b763847a866d744b79ff,pc/M-combat-capturePercent/ac748b9a7bbadd1b4ccb3da4/B-A,vps/M-weather-preset-cloudy/a251207b8414a70c25e2aec8/B-A
9ca322cb96477f8f2d6b2e7673307285a8c1ac1a2124cfb6ddfbf09efb0d4075,pc/M-combat-capturePercent/48d3967fcd05b8de1e34c2d4/A-B,vps/M-weather-preset-cloudy/a262966bc04fa80cb3cd0d88/A-B
0ef488184d72f1f098ab6566fb80c72140d7078400dd1a9587141fe8b34a13ec,pc/M-combat-capturePercent/48d3967fcd05b8de1e34c2d4/B-A,vps/M-weather-preset-cloudy/a262966bc04fa80cb3cd0d88/B-A
a5cef95da0740171d974b1b8238a058e26fade3fe8a8f09d6de3182d2fb25476,pc/M-combat-capturePercent/ac748b9a7bbadd1b4ccb3da4/A-B,vps/M-weather-preset-cloudy/aa51d8501d17cbcb23ae9bc6/A-B
22588da900fbea8c00b87d769132d035359f1c3deae9b763847a866d744b79ff,pc/M-combat-capturePercent/ac748b9a7bbadd1b4ccb3da4/B-A,vps/M-weather-preset-cloudy/aa51d8501d17cbcb23ae9bc6/B-A
4597ad24b5a2e47b6a7dce9496a9b6f4b1f246dce33a40845b0982a200fb8806,pc/M-combat-capturePercent/5be07c6fc69f472eef0ee17f/A-B,vps/M-weather-preset-cloudy/ab9137511ad693f1be6cf6df/A-B
7c1e87a0769464bd834f5d84f3fd33eaf9071aabdb90673a4cec8f5b7383d2cf,pc/M-combat-capturePercent/5be07c6fc69f472eef0ee17f/B-A,vps/M-weather-preset-cloudy/ab9137511ad693f1be6cf6df/B-A
58cd7ae8deb38800a7970576196ee8f591af45338dcec1590dcfba297fa69701,pc/M-combat-capturePercent/0fad6426e216ce1d497cd944/A-B,vps/M-weather-preset-cloudy/ac54af8e6524bc4c22d09868/A-B
71c1edf0b3076609f0d5f6632549a6592128c1a272b42a58354f9fb187b4a370,pc/M-combat-capturePercent/0fad6426e216ce1d497cd944/B-A,vps/M-weather-preset-cloudy/ac54af8e6524bc4c22d09868/B-A
e1e29aab7102365136b614a54a8aeb0bee449145f3bc465a205963f9f554f006,pc/M-combat-capturePercent/bf898c747897728e9c646b00/A-B,vps/M-weather-preset-cloudy/ad5052ac53d43d6867f7b3ce/A-B
0c2b4bb54f68750a49827995ac5ca7c41b885ac68f663af9b71cf4658f802372,pc/M-combat-capturePercent/bf898c747897728e9c646b00/B-A,vps/M-weather-preset-cloudy/ad5052ac53d43d6867f7b3ce/B-A
4597ad24b5a2e47b6a7dce9496a9b6f4b1f246dce33a40845b0982a200fb8806,pc/M-combat-capturePercent/5be07c6fc69f472eef0ee17f/A-B,vps/M-weather-preset-cloudy/ae701530e37641f2c2aedf5d/A-B
7c1e87a0769464bd834f5d84f3fd33eaf9071aabdb90673a4cec8f5b7383d2cf,pc/M-combat-capturePercent/5be07c6fc69f472eef0ee17f/B-A,vps/M-weather-preset-cloudy/ae701530e37641f2c2aedf5d/B-A
a5bb96235bf6f9a76b769ff737d8e922df94b0a52f749525853085cd022bf3ef,pc/M-combat-capturePercent/a74b3b7b747bae166c9bbd4d/A-B,vps/M-weather-preset-cloudy/b2b463692b1137018aaeca11/A-B
8a5fbdbf1b558dc200eab97d67343355792afdf24d5bbb0e91f754b86f3a02ef,pc/M-combat-capturePercent/a74b3b7b747bae166c9bbd4d/B-A,vps/M-weather-preset-cloudy/b2b463692b1137018aaeca11/B-A
00f252d5722657943a4cb0718ce0da7e8a4611896fa35ea5621c1322e14ef866,pc/M-combat-capturePercent/54e1d4f2a6e7f51febebdd8e/A-B,vps/M-weather-preset-cloudy/b77a52615b670f8b37ab8e6c/A-B
9000dde07f557a8d66b3ea4000e55211bbd45f04e3469db5cbc747249d14ba6c,pc/M-combat-capturePercent/54e1d4f2a6e7f51febebdd8e/B-A,vps/M-weather-preset-cloudy/b77a52615b670f8b37ab8e6c/B-A
2a1d1503a117713d05836a468b6a0d0d39d7d08702d9ca68ffe56c89d6f08704,pc/M-combat-capturePercent/98043342a0f7383cbda2c59d/A-B,vps/M-weather-preset-cloudy/c13e7b8a82888e245e83f45a/A-B
cdd056f355bfd3009ca6798847f425d092b2fa95fee94cbb9f1b9d30918fd936,pc/M-combat-capturePercent/98043342a0f7383cbda2c59d/B-A,vps/M-weather-preset-cloudy/c13e7b8a82888e245e83f45a/B-A
647ab88a83aa6f834990989ca24911ddf969595c4a5f5d85e2c151fdaebac92b,pc/M-combat-capturePercent/93f29e181d26c9d16b60ee8b/A-B,vps/M-weather-preset-cloudy/c584216dfa94886f71d7be57/A-B
cb5849664fb65ac00466aa61563a1f9baace77ad985b9c02a92e371cf45b1603,pc/M-combat-capturePercent/93f29e181d26c9d16b60ee8b/B-A,vps/M-weather-preset-cloudy/c584216dfa94886f71d7be57/B-A
35be79c5c128b6e4343bfeefa1db2f2aeb0a0150c17aa99303e7622a603c351b,pc/M-combat-capturePercent/7498c9f948922906239ad8d6/A-B,vps/M-weather-preset-cloudy/c84296bb1b9369d0763da065/A-B
49d4b23c42e173b1bcdc7cd48f22932e3a82504dd30129431f21b83876d94cb2,pc/M-combat-capturePercent/7498c9f948922906239ad8d6/B-A,vps/M-weather-preset-cloudy/c84296bb1b9369d0763da065/B-A
9858c7ffa1a6a847079e50482789f9a042cfeb281ada503d2c73d74b65c9d985,pc/M-combat-capturePercent/2eb2746a70cb35fe1ce25f98/A-B,vps/M-weather-preset-cloudy/c95d3df3b1ceb200f6294c15/A-B
151989b8d1b1c0ca759fab7eaf3b152abc03724944a1ef9ad70118e7a90322e4,pc/M-combat-capturePercent/2eb2746a70cb35fe1ce25f98/B-A,vps/M-weather-preset-cloudy/c95d3df3b1ceb200f6294c15/B-A
4970d1f6b5265fad201517f3825ff40d79aa8b20306bc545f88c8e11a313708e,pc/M-combat-capturePercent/6aee5ba4cebd035270c43536/A-B,vps/M-weather-preset-cloudy/cdb579f915386d3266262a73/A-B
0243eeadabcc14bc5e95fa1b391f9a0fbfc6c55db116c0e75d961227e7785c42,pc/M-combat-capturePercent/6aee5ba4cebd035270c43536/B-A,vps/M-weather-preset-cloudy/cdb579f915386d3266262a73/B-A
b965633c898c10ac48cc0b945d886ca291a7c3df9f2bc8fbbd6924891bba8756,pc/M-combat-capturePercent/a477667580eb4a6cca4bfd35/A-B,vps/M-weather-preset-cloudy/d3c102ac227fba99219a7bca/A-B
04d26513bee41f8de98ab49cd97c992b3a0017b0ad91dc428f6066f007ce270c,pc/M-combat-capturePercent/a477667580eb4a6cca4bfd35/B-A,vps/M-weather-preset-cloudy/d3c102ac227fba99219a7bca/B-A
7021d39476c082c69391aa7d9d107c8598ae66c5b1828c73e129c275542d42fb,pc/M-combat-capturePercent/adf2a33f332db08d4d373bba/A-B,vps/M-weather-preset-cloudy/da16f441fc1fa71432b88ed4/A-B
0a6998a19d108d4ea47989fe9c9346eb6b099ed85b399e3702e1d1add2785d07,pc/M-combat-capturePercent/adf2a33f332db08d4d373bba/B-A,vps/M-weather-preset-cloudy/da16f441fc1fa71432b88ed4/B-A
6b4a529fbc125b23882833e0aed634bec1b5f0b2174c3e7ece269e3168b0f82f,pc/M-combat-capturePercent/c88b855645bc720b498875d2/A-B,vps/M-weather-preset-cloudy/de0fefdb5872ff6d4ae6fb66/A-B
7e4672019367fb02f1f4413e94829b3f5c23d2fa9d1ba5802105a04a62fdf6a1,pc/M-combat-capturePercent/c88b855645bc720b498875d2/B-A,vps/M-weather-preset-cloudy/de0fefdb5872ff6d4ae6fb66/B-A
3d79ed5983c89d0022c51a128734a7b36a8941c07b48f432dd6f260a0059cec7,pc/M-combat-capturePercent/9a1ddda43134d9061057be59/A-B,vps/M-weather-preset-cloudy/de5336b52d7aa9fd2c18cf68/A-B
b539cabaf72f26f266d867628052db7ffc7cfa333da902e943ce8bd34a752c17,pc/M-combat-capturePercent/9a1ddda43134d9061057be59/B-A,vps/M-weather-preset-cloudy/de5336b52d7aa9fd2c18cf68/B-A
85f859f840726422ec7d710e5557c9d3b6715fd7fc74bfe34607d4d92c94e777,pc/M-combat-capturePercent/0c0085870630c59e82d2d03f/A-B,vps/M-weather-preset-cloudy/df0b3964f50595808997ae87/A-B
03908c0fa4ced8ca60a7e0fb3a0f39260e015950626c7db85dad0402f2d3619e,pc/M-combat-capturePercent/0c0085870630c59e82d2d03f/B-A,vps/M-weather-preset-cloudy/df0b3964f50595808997ae87/B-A
ee9e20890d11662504f7fe1e38034c18b966e01cd6c9e5396948c62e4ef00edc,pc/M-combat-capturePercent/1216817fbd021bfb8a800544/A-B,vps/M-weather-preset-cloudy/e0eb17ee21b46fa0807b414f/A-B
6716753b8e8b76b4a64e3b17a97ed8046605bed1f7d8159437110a4c2a02ffa9,pc/M-combat-capturePercent/1216817fbd021bfb8a800544/B-A,vps/M-weather-preset-cloudy/e0eb17ee21b46fa0807b414f/B-A
54b8eb5652e7a14e2d23dbf5a122ee8f8758e3e126c18b1c2077bfe200269275,pc/M-combat-capturePercent/e03c8d62aa94aae4fc0f13f1/A-B,vps/M-weather-preset-cloudy/e17b348077d689fc5f9cd082/A-B
078641e562821c4012d1a24d08878af3f97f45aea622350727a2eb5edcbd524c,pc/M-combat-capturePercent/e03c8d62aa94aae4fc0f13f1/B-A,vps/M-weather-preset-cloudy/e17b348077d689fc5f9cd082/B-A
85f859f840726422ec7d710e5557c9d3b6715fd7fc74bfe34607d4d92c94e777,pc/M-combat-capturePercent/0c0085870630c59e82d2d03f/A-B,vps/M-weather-preset-cloudy/eb8f04e6bcacea47c8292f27/A-B
03908c0fa4ced8ca60a7e0fb3a0f39260e015950626c7db85dad0402f2d3619e,pc/M-combat-capturePercent/0c0085870630c59e82d2d03f/B-A,vps/M-weather-preset-cloudy/eb8f04e6bcacea47c8292f27/B-A
9ca322cb96477f8f2d6b2e7673307285a8c1ac1a2124cfb6ddfbf09efb0d4075,pc/M-combat-capturePercent/48d3967fcd05b8de1e34c2d4/A-B,vps/M-weather-preset-cloudy/ede13a57398b788a0293574e/A-B
0ef488184d72f1f098ab6566fb80c72140d7078400dd1a9587141fe8b34a13ec,pc/M-combat-capturePercent/48d3967fcd05b8de1e34c2d4/B-A,vps/M-weather-preset-cloudy/ede13a57398b788a0293574e/B-A
1178f1206facb99d474deb6896610eb381b51065a110d670b64abf6c01184760,pc/M-combat-capturePercent/9ea4f603e73d531fd3c8df44/A-B,vps/M-weather-preset-cloudy/efbcc691bbc760e9ed88dda6/A-B
db8d3921ad4c7ffbcfdfcbf53d72da2e8c438f83b03f5de5e5b8aab344978ab5,pc/M-combat-capturePercent/9ea4f603e73d531fd3c8df44/B-A,vps/M-weather-preset-cloudy/efbcc691bbc760e9ed88dda6/B-A
54b8eb5652e7a14e2d23dbf5a122ee8f8758e3e126c18b1c2077bfe200269275,pc/M-combat-capturePercent/e03c8d62aa94aae4fc0f13f1/A-B,vps/M-weather-preset-cloudy/f0484ca24d4e9b2874b36f7d/A-B
078641e562821c4012d1a24d08878af3f97f45aea622350727a2eb5edcbd524c,pc/M-combat-capturePercent/e03c8d62aa94aae4fc0f13f1/B-A,vps/M-weather-preset-cloudy/f0484ca24d4e9b2874b36f7d/B-A
6d407622c60b016795f97c89a6a5574696df9124c61c66dd231ce4e7c7aa2393,pc/M-combat-capturePercent/ec03e2f3b6e41ea5555df14c/A-B,vps/M-weather-preset-cloudy/f04d8db80e3c9b9265c681f9/A-B
5b40b5d08240a3cb41ac0662b746bf7848264fd5d59a18b9cccd174e1c8a970f,pc/M-combat-capturePercent/ec03e2f3b6e41ea5555df14c/B-A,vps/M-weather-preset-cloudy/f04d8db80e3c9b9265c681f9/B-A
e1e29aab7102365136b614a54a8aeb0bee449145f3bc465a205963f9f554f006,pc/M-combat-capturePercent/bf898c747897728e9c646b00/A-B,vps/M-weather-preset-cloudy/f6c0e665150e013f9aca8829/A-B
0c2b4bb54f68750a49827995ac5ca7c41b885ac68f663af9b71cf4658f802372,pc/M-combat-capturePercent/bf898c747897728e9c646b00/B-A,vps/M-weather-preset-cloudy/f6c0e665150e013f9aca8829/B-A
ac0328d7e848fe34c754caa6b9c4b0ed2030d2e4d6fcccd1ed330988caf253df,pc/M-combat-capturePercent/2497be6bce26a22f97e6e95e/A-B,vps/M-weather-preset-cloudy/f936a9f1a9cca8d23a2556c6/A-B
cdf02ca8a3da35cbdb52ea241c610d7fdc069d44ffd601725625d6de3e1c67e1,pc/M-combat-capturePercent/2497be6bce26a22f97e6e95e/B-A,vps/M-weather-preset-cloudy/f936a9f1a9cca8d23a2556c6/B-A
587a0b6c8fbf92e9e393e63a374c6bdc95fc594470b7c8ee42ee3df5c4a6b8ef,pc/M-combat-capturePercent/1a50bd67feb4ca4f159a4cfe/A-B,vps/M-weather-preset-cloudy/f949c357a005526ed6bd3559/A-B
cab79020193af6f55744135f0197a1630e3c2215411e9bdd269a836e052ec646,pc/M-combat-capturePercent/1a50bd67feb4ca4f159a4cfe/B-A,vps/M-weather-preset-cloudy/f949c357a005526ed6bd3559/B-A
ac0328d7e848fe34c754caa6b9c4b0ed2030d2e4d6fcccd1ed330988caf253df,pc/M-combat-capturePercent/2497be6bce26a22f97e6e95e/A-B,vps/M-weather-preset-cloudy/f9d47c2058c38db203775903/A-B
cdf02ca8a3da35cbdb52ea241c610d7fdc069d44ffd601725625d6de3e1c67e1,pc/M-combat-capturePercent/2497be6bce26a22f97e6e95e/B-A,vps/M-weather-preset-cloudy/f9d47c2058c38db203775903/B-A
4970d1f6b5265fad201517f3825ff40d79aa8b20306bc545f88c8e11a313708e,pc/M-combat-capturePercent/6aee5ba4cebd035270c43536/A-B,vps/M-weather-preset-cloudy/fa140fe0f5274f1b00a026ad/A-B
0243eeadabcc14bc5e95fa1b391f9a0fbfc6c55db116c0e75d961227e7785c42,pc/M-combat-capturePercent/6aee5ba4cebd035270c43536/B-A,vps/M-weather-preset-cloudy/fa140fe0f5274f1b00a026ad/B-A
ac0328d7e848fe34c754caa6b9c4b0ed2030d2e4d6fcccd1ed330988caf253df,pc/M-combat-capturePercent/2497be6bce26a22f97e6e95e/A-B,vps/M-weather-preset-neutral/014591e5fa3cacb226fac12f/A-B
cdf02ca8a3da35cbdb52ea241c610d7fdc069d44ffd601725625d6de3e1c67e1,pc/M-combat-capturePercent/2497be6bce26a22f97e6e95e/B-A,vps/M-weather-preset-neutral/014591e5fa3cacb226fac12f/B-A
1178f1206facb99d474deb6896610eb381b51065a110d670b64abf6c01184760,pc/M-combat-capturePercent/9ea4f603e73d531fd3c8df44/A-B,vps/M-weather-preset-neutral/03ae4368971e726e8951bf69/A-B
db8d3921ad4c7ffbcfdfcbf53d72da2e8c438f83b03f5de5e5b8aab344978ab5,pc/M-combat-capturePercent/9ea4f603e73d531fd3c8df44/B-A,vps/M-weather-preset-neutral/03ae4368971e726e8951bf69/B-A
58cd7ae8deb38800a7970576196ee8f591af45338dcec1590dcfba297fa69701,pc/M-combat-capturePercent/0fad6426e216ce1d497cd944/A-B,vps/M-weather-preset-neutral/05bd1304fe59949333445e86/A-B
71c1edf0b3076609f0d5f6632549a6592128c1a272b42a58354f9fb187b4a370,pc/M-combat-capturePercent/0fad6426e216ce1d497cd944/B-A,vps/M-weather-preset-neutral/05bd1304fe59949333445e86/B-A
a5bb96235bf6f9a76b769ff737d8e922df94b0a52f749525853085cd022bf3ef,pc/M-combat-capturePercent/a74b3b7b747bae166c9bbd4d/A-B,vps/M-weather-preset-neutral/089016de1e1a3ddcada81638/A-B
8a5fbdbf1b558dc200eab97d67343355792afdf24d5bbb0e91f754b86f3a02ef,pc/M-combat-capturePercent/a74b3b7b747bae166c9bbd4d/B-A,vps/M-weather-preset-neutral/089016de1e1a3ddcada81638/B-A
ee9e20890d11662504f7fe1e38034c18b966e01cd6c9e5396948c62e4ef00edc,pc/M-combat-capturePercent/1216817fbd021bfb8a800544/A-B,vps/M-weather-preset-neutral/090aeb0d94260f1eb608b373/A-B
6716753b8e8b76b4a64e3b17a97ed8046605bed1f7d8159437110a4c2a02ffa9,pc/M-combat-capturePercent/1216817fbd021bfb8a800544/B-A,vps/M-weather-preset-neutral/090aeb0d94260f1eb608b373/B-A
4227f054b87e527b1d1b0274ed1998e330c5df10704580221a9b575b4a8798c6,pc/M-combat-capturePercent/b4b94da886e061c92142841a/A-B,vps/M-weather-preset-neutral/09a6ab8f2bc53edf2a1e30c0/A-B
ed29d7971438fc1a049999694ca61a2424e52dc6124815c6cadb6b6c1daaffd8,pc/M-combat-capturePercent/b4b94da886e061c92142841a/B-A,vps/M-weather-preset-neutral/09a6ab8f2bc53edf2a1e30c0/B-A
2bc6219638d312265f5c45e3ff80bf6b75c9c3992211780b96db52997872da32,pc/M-combat-capturePercent/9ee1c7b7c3d22f186dea063d/A-B,vps/M-weather-preset-neutral/13b1c0adc3014f70dd4138d2/A-B
120c55e4f29e4d0105d6cc15c34f2d0b90e315f38cd4336b4554e662eda73d66,pc/M-combat-capturePercent/9ee1c7b7c3d22f186dea063d/B-A,vps/M-weather-preset-neutral/13b1c0adc3014f70dd4138d2/B-A
2bc6219638d312265f5c45e3ff80bf6b75c9c3992211780b96db52997872da32,pc/M-combat-capturePercent/9ee1c7b7c3d22f186dea063d/A-B,vps/M-weather-preset-neutral/13f9fc77529d41a704532374/A-B
120c55e4f29e4d0105d6cc15c34f2d0b90e315f38cd4336b4554e662eda73d66,pc/M-combat-capturePercent/9ee1c7b7c3d22f186dea063d/B-A,vps/M-weather-preset-neutral/13f9fc77529d41a704532374/B-A
587a0b6c8fbf92e9e393e63a374c6bdc95fc594470b7c8ee42ee3df5c4a6b8ef,pc/M-combat-capturePercent/1a50bd67feb4ca4f159a4cfe/A-B,vps/M-weather-preset-neutral/148b6f6ce9ba1018105c6490/A-B
cab79020193af6f55744135f0197a1630e3c2215411e9bdd269a836e052ec646,pc/M-combat-capturePercent/1a50bd67feb4ca4f159a4cfe/B-A,vps/M-weather-preset-neutral/148b6f6ce9ba1018105c6490/B-A
4597ad24b5a2e47b6a7dce9496a9b6f4b1f246dce33a40845b0982a200fb8806,pc/M-combat-capturePercent/5be07c6fc69f472eef0ee17f/A-B,vps/M-weather-preset-neutral/1883adbe54088542373077a0/A-B
7c1e87a0769464bd834f5d84f3fd33eaf9071aabdb90673a4cec8f5b7383d2cf,pc/M-combat-capturePercent/5be07c6fc69f472eef0ee17f/B-A,vps/M-weather-preset-neutral/1883adbe54088542373077a0/B-A
4970d1f6b5265fad201517f3825ff40d79aa8b20306bc545f88c8e11a313708e,pc/M-combat-capturePercent/6aee5ba4cebd035270c43536/A-B,vps/M-weather-preset-neutral/1e52251c9224c8eb9db29c6c/A-B
0243eeadabcc14bc5e95fa1b391f9a0fbfc6c55db116c0e75d961227e7785c42,pc/M-combat-capturePercent/6aee5ba4cebd035270c43536/B-A,vps/M-weather-preset-neutral/1e52251c9224c8eb9db29c6c/B-A
85f859f840726422ec7d710e5557c9d3b6715fd7fc74bfe34607d4d92c94e777,pc/M-combat-capturePercent/0c0085870630c59e82d2d03f/A-B,vps/M-weather-preset-neutral/20c0584bc8f58fb929d234f2/A-B
03908c0fa4ced8ca60a7e0fb3a0f39260e015950626c7db85dad0402f2d3619e,pc/M-combat-capturePercent/0c0085870630c59e82d2d03f/B-A,vps/M-weather-preset-neutral/20c0584bc8f58fb929d234f2/B-A
87844e416d861f5c9ead6ab9b78dcfb00006427ddc351bd0388c1eabd412ea8d,pc/M-combat-capturePercent/2d6350473497c883675afa80/A-B,vps/M-weather-preset-neutral/22f0e859cc90ca3e1cbd06e4/A-B
e137c8706ef5acd42c2d3113acb60f6a980b709cb9423e1758161e5fa6ce3ea3,pc/M-combat-capturePercent/2d6350473497c883675afa80/B-A,vps/M-weather-preset-neutral/22f0e859cc90ca3e1cbd06e4/B-A
35be79c5c128b6e4343bfeefa1db2f2aeb0a0150c17aa99303e7622a603c351b,pc/M-combat-capturePercent/7498c9f948922906239ad8d6/A-B,vps/M-weather-preset-neutral/24330e2350e98778d4491ee1/A-B
49d4b23c42e173b1bcdc7cd48f22932e3a82504dd30129431f21b83876d94cb2,pc/M-combat-capturePercent/7498c9f948922906239ad8d6/B-A,vps/M-weather-preset-neutral/24330e2350e98778d4491ee1/B-A
85f859f840726422ec7d710e5557c9d3b6715fd7fc74bfe34607d4d92c94e777,pc/M-combat-capturePercent/0c0085870630c59e82d2d03f/A-B,vps/M-weather-preset-neutral/25beb7e9520d36a942a41ddb/A-B
03908c0fa4ced8ca60a7e0fb3a0f39260e015950626c7db85dad0402f2d3619e,pc/M-combat-capturePercent/0c0085870630c59e82d2d03f/B-A,vps/M-weather-preset-neutral/25beb7e9520d36a942a41ddb/B-A
00f252d5722657943a4cb0718ce0da7e8a4611896fa35ea5621c1322e14ef866,pc/M-combat-capturePercent/54e1d4f2a6e7f51febebdd8e/A-B,vps/M-weather-preset-neutral/278be32db1dcdfe2ee7c88e6/A-B
9000dde07f557a8d66b3ea4000e55211bbd45f04e3469db5cbc747249d14ba6c,pc/M-combat-capturePercent/54e1d4f2a6e7f51febebdd8e/B-A,vps/M-weather-preset-neutral/278be32db1dcdfe2ee7c88e6/B-A
7021d39476c082c69391aa7d9d107c8598ae66c5b1828c73e129c275542d42fb,pc/M-combat-capturePercent/adf2a33f332db08d4d373bba/A-B,vps/M-weather-preset-neutral/2966d929c45d9acc4fbb91a1/A-B
0a6998a19d108d4ea47989fe9c9346eb6b099ed85b399e3702e1d1add2785d07,pc/M-combat-capturePercent/adf2a33f332db08d4d373bba/B-A,vps/M-weather-preset-neutral/2966d929c45d9acc4fbb91a1/B-A
092ff6440ba52367b900849f38396771039917fdafcad50e5a9b3669a0a1a448,pc/M-combat-capturePercent/f78c1d62cca9f23dba9520f5/A-B,vps/M-weather-preset-neutral/2a7e9b14ebf8dc6314c7cd99/A-B
40e5890746cdbe0ba659fc1854a9e8c3218947407cf39f571ec0b4f63dfcca5c,pc/M-combat-capturePercent/f78c1d62cca9f23dba9520f5/B-A,vps/M-weather-preset-neutral/2a7e9b14ebf8dc6314c7cd99/B-A
d008a6c4cea3edb58d3e49bd4fe6a9dc06177f8442e6495e138e98d884af187e,pc/M-combat-capturePercent/7701dd750551af246ed1b8c5/A-B,vps/M-weather-preset-neutral/2e59189e632a58366296928a/A-B
bcbc877f0cf8b1db3ca6328cc8d75854e56dc0b5735561ddaff5ce14c2a229f6,pc/M-combat-capturePercent/7701dd750551af246ed1b8c5/B-A,vps/M-weather-preset-neutral/2e59189e632a58366296928a/B-A
54b8eb5652e7a14e2d23dbf5a122ee8f8758e3e126c18b1c2077bfe200269275,pc/M-combat-capturePercent/e03c8d62aa94aae4fc0f13f1/A-B,vps/M-weather-preset-neutral/31f9c57c6c5f21c4156a9e24/A-B
078641e562821c4012d1a24d08878af3f97f45aea622350727a2eb5edcbd524c,pc/M-combat-capturePercent/e03c8d62aa94aae4fc0f13f1/B-A,vps/M-weather-preset-neutral/31f9c57c6c5f21c4156a9e24/B-A
e1e29aab7102365136b614a54a8aeb0bee449145f3bc465a205963f9f554f006,pc/M-combat-capturePercent/bf898c747897728e9c646b00/A-B,vps/M-weather-preset-neutral/3649c96506a06228cb09d7d8/A-B
0c2b4bb54f68750a49827995ac5ca7c41b885ac68f663af9b71cf4658f802372,pc/M-combat-capturePercent/bf898c747897728e9c646b00/B-A,vps/M-weather-preset-neutral/3649c96506a06228cb09d7d8/B-A
b965633c898c10ac48cc0b945d886ca291a7c3df9f2bc8fbbd6924891bba8756,pc/M-combat-capturePercent/a477667580eb4a6cca4bfd35/A-B,vps/M-weather-preset-neutral/37ac5d1a6b11bd111d215af5/A-B
04d26513bee41f8de98ab49cd97c992b3a0017b0ad91dc428f6066f007ce270c,pc/M-combat-capturePercent/a477667580eb4a6cca4bfd35/B-A,vps/M-weather-preset-neutral/37ac5d1a6b11bd111d215af5/B-A
b965633c898c10ac48cc0b945d886ca291a7c3df9f2bc8fbbd6924891bba8756,pc/M-combat-capturePercent/a477667580eb4a6cca4bfd35/A-B,vps/M-weather-preset-neutral/3db7d6537a15635951e50b34/A-B
04d26513bee41f8de98ab49cd97c992b3a0017b0ad91dc428f6066f007ce270c,pc/M-combat-capturePercent/a477667580eb4a6cca4bfd35/B-A,vps/M-weather-preset-neutral/3db7d6537a15635951e50b34/B-A
00f252d5722657943a4cb0718ce0da7e8a4611896fa35ea5621c1322e14ef866,pc/M-combat-capturePercent/54e1d4f2a6e7f51febebdd8e/A-B,vps/M-weather-preset-neutral/42a8c4169e38988f05dce78b/A-B
9000dde07f557a8d66b3ea4000e55211bbd45f04e3469db5cbc747249d14ba6c,pc/M-combat-capturePercent/54e1d4f2a6e7f51febebdd8e/B-A,vps/M-weather-preset-neutral/42a8c4169e38988f05dce78b/B-A
6d407622c60b016795f97c89a6a5574696df9124c61c66dd231ce4e7c7aa2393,pc/M-combat-capturePercent/ec03e2f3b6e41ea5555df14c/A-B,vps/M-weather-preset-neutral/46427a393c08eb4f7da17c6b/A-B
5b40b5d08240a3cb41ac0662b746bf7848264fd5d59a18b9cccd174e1c8a970f,pc/M-combat-capturePercent/ec03e2f3b6e41ea5555df14c/B-A,vps/M-weather-preset-neutral/46427a393c08eb4f7da17c6b/B-A
092ff6440ba52367b900849f38396771039917fdafcad50e5a9b3669a0a1a448,pc/M-combat-capturePercent/f78c1d62cca9f23dba9520f5/A-B,vps/M-weather-preset-neutral/4de0b7fe9372ee40493436b7/A-B
40e5890746cdbe0ba659fc1854a9e8c3218947407cf39f571ec0b4f63dfcca5c,pc/M-combat-capturePercent/f78c1d62cca9f23dba9520f5/B-A,vps/M-weather-preset-neutral/4de0b7fe9372ee40493436b7/B-A
87844e416d861f5c9ead6ab9b78dcfb00006427ddc351bd0388c1eabd412ea8d,pc/M-combat-capturePercent/2d6350473497c883675afa80/A-B,vps/M-weather-preset-neutral/548ad3149b35bdd498f1e720/A-B
e137c8706ef5acd42c2d3113acb60f6a980b709cb9423e1758161e5fa6ce3ea3,pc/M-combat-capturePercent/2d6350473497c883675afa80/B-A,vps/M-weather-preset-neutral/548ad3149b35bdd498f1e720/B-A
2bc6219638d312265f5c45e3ff80bf6b75c9c3992211780b96db52997872da32,pc/M-combat-capturePercent/9ee1c7b7c3d22f186dea063d/A-B,vps/M-weather-preset-neutral/634650feba46fde2e05f79ec/A-B
120c55e4f29e4d0105d6cc15c34f2d0b90e315f38cd4336b4554e662eda73d66,pc/M-combat-capturePercent/9ee1c7b7c3d22f186dea063d/B-A,vps/M-weather-preset-neutral/634650feba46fde2e05f79ec/B-A
ac0328d7e848fe34c754caa6b9c4b0ed2030d2e4d6fcccd1ed330988caf253df,pc/M-combat-capturePercent/2497be6bce26a22f97e6e95e/A-B,vps/M-weather-preset-neutral/63bb18ad140c3fe22796d52f/A-B
cdf02ca8a3da35cbdb52ea241c610d7fdc069d44ffd601725625d6de3e1c67e1,pc/M-combat-capturePercent/2497be6bce26a22f97e6e95e/B-A,vps/M-weather-preset-neutral/63bb18ad140c3fe22796d52f/B-A
2a1d1503a117713d05836a468b6a0d0d39d7d08702d9ca68ffe56c89d6f08704,pc/M-combat-capturePercent/98043342a0f7383cbda2c59d/A-B,vps/M-weather-preset-neutral/643b62bcd2009cb1df471c48/A-B
cdd056f355bfd3009ca6798847f425d092b2fa95fee94cbb9f1b9d30918fd936,pc/M-combat-capturePercent/98043342a0f7383cbda2c59d/B-A,vps/M-weather-preset-neutral/643b62bcd2009cb1df471c48/B-A
647ab88a83aa6f834990989ca24911ddf969595c4a5f5d85e2c151fdaebac92b,pc/M-combat-capturePercent/93f29e181d26c9d16b60ee8b/A-B,vps/M-weather-preset-neutral/661a8ff748ea7a9cd091d244/A-B
cb5849664fb65ac00466aa61563a1f9baace77ad985b9c02a92e371cf45b1603,pc/M-combat-capturePercent/93f29e181d26c9d16b60ee8b/B-A,vps/M-weather-preset-neutral/661a8ff748ea7a9cd091d244/B-A
9ca322cb96477f8f2d6b2e7673307285a8c1ac1a2124cfb6ddfbf09efb0d4075,pc/M-combat-capturePercent/48d3967fcd05b8de1e34c2d4/A-B,vps/M-weather-preset-neutral/681ea2835c850da0525dce89/A-B
0ef488184d72f1f098ab6566fb80c72140d7078400dd1a9587141fe8b34a13ec,pc/M-combat-capturePercent/48d3967fcd05b8de1e34c2d4/B-A,vps/M-weather-preset-neutral/681ea2835c850da0525dce89/B-A
f5eaa97da71df5298d7c5b30554bec43da7311247b6bf61d3299b38dd99ce886,pc/M-combat-capturePercent/80ebf93b386771704cc70bab/A-B,vps/M-weather-preset-neutral/6b6e99381358a325560d60d8/A-B
6a49a491a5ff72a4b8db0cc1fcd37742813f1f1a76d4b11bb02af21e20d1e1ce,pc/M-combat-capturePercent/80ebf93b386771704cc70bab/B-A,vps/M-weather-preset-neutral/6b6e99381358a325560d60d8/B-A
87844e416d861f5c9ead6ab9b78dcfb00006427ddc351bd0388c1eabd412ea8d,pc/M-combat-capturePercent/2d6350473497c883675afa80/A-B,vps/M-weather-preset-neutral/6bbdaae41ff4b2b60aa7308e/A-B
e137c8706ef5acd42c2d3113acb60f6a980b709cb9423e1758161e5fa6ce3ea3,pc/M-combat-capturePercent/2d6350473497c883675afa80/B-A,vps/M-weather-preset-neutral/6bbdaae41ff4b2b60aa7308e/B-A
f5eaa97da71df5298d7c5b30554bec43da7311247b6bf61d3299b38dd99ce886,pc/M-combat-capturePercent/80ebf93b386771704cc70bab/A-B,vps/M-weather-preset-neutral/6c14f1be5ca6afe0b9953514/A-B
6a49a491a5ff72a4b8db0cc1fcd37742813f1f1a76d4b11bb02af21e20d1e1ce,pc/M-combat-capturePercent/80ebf93b386771704cc70bab/B-A,vps/M-weather-preset-neutral/6c14f1be5ca6afe0b9953514/B-A
3d79ed5983c89d0022c51a128734a7b36a8941c07b48f432dd6f260a0059cec7,pc/M-combat-capturePercent/9a1ddda43134d9061057be59/A-B,vps/M-weather-preset-neutral/6d1bfccfcfdc72017e3df023/A-B
b539cabaf72f26f266d867628052db7ffc7cfa333da902e943ce8bd34a752c17,pc/M-combat-capturePercent/9a1ddda43134d9061057be59/B-A,vps/M-weather-preset-neutral/6d1bfccfcfdc72017e3df023/B-A
58cd7ae8deb38800a7970576196ee8f591af45338dcec1590dcfba297fa69701,pc/M-combat-capturePercent/0fad6426e216ce1d497cd944/A-B,vps/M-weather-preset-neutral/736dc0caf9128d35c68047d9/A-B
71c1edf0b3076609f0d5f6632549a6592128c1a272b42a58354f9fb187b4a370,pc/M-combat-capturePercent/0fad6426e216ce1d497cd944/B-A,vps/M-weather-preset-neutral/736dc0caf9128d35c68047d9/B-A
d008a6c4cea3edb58d3e49bd4fe6a9dc06177f8442e6495e138e98d884af187e,pc/M-combat-capturePercent/7701dd750551af246ed1b8c5/A-B,vps/M-weather-preset-neutral/74ed36f218159f69c3c27e00/A-B
bcbc877f0cf8b1db3ca6328cc8d75854e56dc0b5735561ddaff5ce14c2a229f6,pc/M-combat-capturePercent/7701dd750551af246ed1b8c5/B-A,vps/M-weather-preset-neutral/74ed36f218159f69c3c27e00/B-A
1178f1206facb99d474deb6896610eb381b51065a110d670b64abf6c01184760,pc/M-combat-capturePercent/9ea4f603e73d531fd3c8df44/A-B,vps/M-weather-preset-neutral/756c9af6c88c309d75372f93/A-B
db8d3921ad4c7ffbcfdfcbf53d72da2e8c438f83b03f5de5e5b8aab344978ab5,pc/M-combat-capturePercent/9ea4f603e73d531fd3c8df44/B-A,vps/M-weather-preset-neutral/756c9af6c88c309d75372f93/B-A
4227f054b87e527b1d1b0274ed1998e330c5df10704580221a9b575b4a8798c6,pc/M-combat-capturePercent/b4b94da886e061c92142841a/A-B,vps/M-weather-preset-neutral/77059b09796261ce58324267/A-B
ed29d7971438fc1a049999694ca61a2424e52dc6124815c6cadb6b6c1daaffd8,pc/M-combat-capturePercent/b4b94da886e061c92142841a/B-A,vps/M-weather-preset-neutral/77059b09796261ce58324267/B-A
a5cef95da0740171d974b1b8238a058e26fade3fe8a8f09d6de3182d2fb25476,pc/M-combat-capturePercent/ac748b9a7bbadd1b4ccb3da4/A-B,vps/M-weather-preset-neutral/792e7655a90072d5129119df/A-B
22588da900fbea8c00b87d769132d035359f1c3deae9b763847a866d744b79ff,pc/M-combat-capturePercent/ac748b9a7bbadd1b4ccb3da4/B-A,vps/M-weather-preset-neutral/792e7655a90072d5129119df/B-A
4970d1f6b5265fad201517f3825ff40d79aa8b20306bc545f88c8e11a313708e,pc/M-combat-capturePercent/6aee5ba4cebd035270c43536/A-B,vps/M-weather-preset-neutral/795f71d41ceea7ee53476470/A-B
0243eeadabcc14bc5e95fa1b391f9a0fbfc6c55db116c0e75d961227e7785c42,pc/M-combat-capturePercent/6aee5ba4cebd035270c43536/B-A,vps/M-weather-preset-neutral/795f71d41ceea7ee53476470/B-A
f5eaa97da71df5298d7c5b30554bec43da7311247b6bf61d3299b38dd99ce886,pc/M-combat-capturePercent/80ebf93b386771704cc70bab/A-B,vps/M-weather-preset-neutral/796bd6fbbd49c1cefb9cfe8f/A-B
6a49a491a5ff72a4b8db0cc1fcd37742813f1f1a76d4b11bb02af21e20d1e1ce,pc/M-combat-capturePercent/80ebf93b386771704cc70bab/B-A,vps/M-weather-preset-neutral/796bd6fbbd49c1cefb9cfe8f/B-A
d008a6c4cea3edb58d3e49bd4fe6a9dc06177f8442e6495e138e98d884af187e,pc/M-combat-capturePercent/7701dd750551af246ed1b8c5/A-B,vps/M-weather-preset-neutral/7991918d3e027268f13e87cc/A-B
bcbc877f0cf8b1db3ca6328cc8d75854e56dc0b5735561ddaff5ce14c2a229f6,pc/M-combat-capturePercent/7701dd750551af246ed1b8c5/B-A,vps/M-weather-preset-neutral/7991918d3e027268f13e87cc/B-A
54b8eb5652e7a14e2d23dbf5a122ee8f8758e3e126c18b1c2077bfe200269275,pc/M-combat-capturePercent/e03c8d62aa94aae4fc0f13f1/A-B,vps/M-weather-preset-neutral/799f435a2420830233c9bb7d/A-B
078641e562821c4012d1a24d08878af3f97f45aea622350727a2eb5edcbd524c,pc/M-combat-capturePercent/e03c8d62aa94aae4fc0f13f1/B-A,vps/M-weather-preset-neutral/799f435a2420830233c9bb7d/B-A
3d79ed5983c89d0022c51a128734a7b36a8941c07b48f432dd6f260a0059cec7,pc/M-combat-capturePercent/9a1ddda43134d9061057be59/A-B,vps/M-weather-preset-neutral/7c7d21f3e627d4bbe11f7c29/A-B
b539cabaf72f26f266d867628052db7ffc7cfa333da902e943ce8bd34a752c17,pc/M-combat-capturePercent/9a1ddda43134d9061057be59/B-A,vps/M-weather-preset-neutral/7c7d21f3e627d4bbe11f7c29/B-A
587a0b6c8fbf92e9e393e63a374c6bdc95fc594470b7c8ee42ee3df5c4a6b8ef,pc/M-combat-capturePercent/1a50bd67feb4ca4f159a4cfe/A-B,vps/M-weather-preset-neutral/7cddf5b9ed551f86b218c72f/A-B
cab79020193af6f55744135f0197a1630e3c2215411e9bdd269a836e052ec646,pc/M-combat-capturePercent/1a50bd67feb4ca4f159a4cfe/B-A,vps/M-weather-preset-neutral/7cddf5b9ed551f86b218c72f/B-A
7021d39476c082c69391aa7d9d107c8598ae66c5b1828c73e129c275542d42fb,pc/M-combat-capturePercent/adf2a33f332db08d4d373bba/A-B,vps/M-weather-preset-neutral/7d2ead91efca693f60e6fd51/A-B
0a6998a19d108d4ea47989fe9c9346eb6b099ed85b399e3702e1d1add2785d07,pc/M-combat-capturePercent/adf2a33f332db08d4d373bba/B-A,vps/M-weather-preset-neutral/7d2ead91efca693f60e6fd51/B-A
00f252d5722657943a4cb0718ce0da7e8a4611896fa35ea5621c1322e14ef866,pc/M-combat-capturePercent/54e1d4f2a6e7f51febebdd8e/A-B,vps/M-weather-preset-neutral/82fe7cea859b89eeeb66053b/A-B
9000dde07f557a8d66b3ea4000e55211bbd45f04e3469db5cbc747249d14ba6c,pc/M-combat-capturePercent/54e1d4f2a6e7f51febebdd8e/B-A,vps/M-weather-preset-neutral/82fe7cea859b89eeeb66053b/B-A
9ca322cb96477f8f2d6b2e7673307285a8c1ac1a2124cfb6ddfbf09efb0d4075,pc/M-combat-capturePercent/48d3967fcd05b8de1e34c2d4/A-B,vps/M-weather-preset-neutral/888c243346a2fc2822e1a949/A-B
0ef488184d72f1f098ab6566fb80c72140d7078400dd1a9587141fe8b34a13ec,pc/M-combat-capturePercent/48d3967fcd05b8de1e34c2d4/B-A,vps/M-weather-preset-neutral/888c243346a2fc2822e1a949/B-A
6b4a529fbc125b23882833e0aed634bec1b5f0b2174c3e7ece269e3168b0f82f,pc/M-combat-capturePercent/c88b855645bc720b498875d2/A-B,vps/M-weather-preset-neutral/89836a7c00f93993326ea0ac/A-B
7e4672019367fb02f1f4413e94829b3f5c23d2fa9d1ba5802105a04a62fdf6a1,pc/M-combat-capturePercent/c88b855645bc720b498875d2/B-A,vps/M-weather-preset-neutral/89836a7c00f93993326ea0ac/B-A
a5bb96235bf6f9a76b769ff737d8e922df94b0a52f749525853085cd022bf3ef,pc/M-combat-capturePercent/a74b3b7b747bae166c9bbd4d/A-B,vps/M-weather-preset-neutral/92478618f4c389c8e6772957/A-B
8a5fbdbf1b558dc200eab97d67343355792afdf24d5bbb0e91f754b86f3a02ef,pc/M-combat-capturePercent/a74b3b7b747bae166c9bbd4d/B-A,vps/M-weather-preset-neutral/92478618f4c389c8e6772957/B-A
4597ad24b5a2e47b6a7dce9496a9b6f4b1f246dce33a40845b0982a200fb8806,pc/M-combat-capturePercent/5be07c6fc69f472eef0ee17f/A-B,vps/M-weather-preset-neutral/92ab00088656239010a785a9/A-B
7c1e87a0769464bd834f5d84f3fd33eaf9071aabdb90673a4cec8f5b7383d2cf,pc/M-combat-capturePercent/5be07c6fc69f472eef0ee17f/B-A,vps/M-weather-preset-neutral/92ab00088656239010a785a9/B-A
e1e29aab7102365136b614a54a8aeb0bee449145f3bc465a205963f9f554f006,pc/M-combat-capturePercent/bf898c747897728e9c646b00/A-B,vps/M-weather-preset-neutral/93e4847bb2d4313d298037fe/A-B
0c2b4bb54f68750a49827995ac5ca7c41b885ac68f663af9b71cf4658f802372,pc/M-combat-capturePercent/bf898c747897728e9c646b00/B-A,vps/M-weather-preset-neutral/93e4847bb2d4313d298037fe/B-A
3d79ed5983c89d0022c51a128734a7b36a8941c07b48f432dd6f260a0059cec7,pc/M-combat-capturePercent/9a1ddda43134d9061057be59/A-B,vps/M-weather-preset-neutral/9802772d7860e32c1eb45bbc/A-B
b539cabaf72f26f266d867628052db7ffc7cfa333da902e943ce8bd34a752c17,pc/M-combat-capturePercent/9a1ddda43134d9061057be59/B-A,vps/M-weather-preset-neutral/9802772d7860e32c1eb45bbc/B-A
a5cef95da0740171d974b1b8238a058e26fade3fe8a8f09d6de3182d2fb25476,pc/M-combat-capturePercent/ac748b9a7bbadd1b4ccb3da4/A-B,vps/M-weather-preset-neutral/9a57c28ed621fa6b9f877c1f/A-B
22588da900fbea8c00b87d769132d035359f1c3deae9b763847a866d744b79ff,pc/M-combat-capturePercent/ac748b9a7bbadd1b4ccb3da4/B-A,vps/M-weather-preset-neutral/9a57c28ed621fa6b9f877c1f/B-A
35be79c5c128b6e4343bfeefa1db2f2aeb0a0150c17aa99303e7622a603c351b,pc/M-combat-capturePercent/7498c9f948922906239ad8d6/A-B,vps/M-weather-preset-neutral/9a86c2a89e67764325cfa732/A-B
49d4b23c42e173b1bcdc7cd48f22932e3a82504dd30129431f21b83876d94cb2,pc/M-combat-capturePercent/7498c9f948922906239ad8d6/B-A,vps/M-weather-preset-neutral/9a86c2a89e67764325cfa732/B-A
9858c7ffa1a6a847079e50482789f9a042cfeb281ada503d2c73d74b65c9d985,pc/M-combat-capturePercent/2eb2746a70cb35fe1ce25f98/A-B,vps/M-weather-preset-neutral/9d120abae119d9be63a895bd/A-B
151989b8d1b1c0ca759fab7eaf3b152abc03724944a1ef9ad70118e7a90322e4,pc/M-combat-capturePercent/2eb2746a70cb35fe1ce25f98/B-A,vps/M-weather-preset-neutral/9d120abae119d9be63a895bd/B-A
647ab88a83aa6f834990989ca24911ddf969595c4a5f5d85e2c151fdaebac92b,pc/M-combat-capturePercent/93f29e181d26c9d16b60ee8b/A-B,vps/M-weather-preset-neutral/a3931adb9c8623cbc89a2980/A-B
cb5849664fb65ac00466aa61563a1f9baace77ad985b9c02a92e371cf45b1603,pc/M-combat-capturePercent/93f29e181d26c9d16b60ee8b/B-A,vps/M-weather-preset-neutral/a3931adb9c8623cbc89a2980/B-A
587a0b6c8fbf92e9e393e63a374c6bdc95fc594470b7c8ee42ee3df5c4a6b8ef,pc/M-combat-capturePercent/1a50bd67feb4ca4f159a4cfe/A-B,vps/M-weather-preset-neutral/a4f195db3fb8455cdeb742bf/A-B
cab79020193af6f55744135f0197a1630e3c2215411e9bdd269a836e052ec646,pc/M-combat-capturePercent/1a50bd67feb4ca4f159a4cfe/B-A,vps/M-weather-preset-neutral/a4f195db3fb8455cdeb742bf/B-A
9ca322cb96477f8f2d6b2e7673307285a8c1ac1a2124cfb6ddfbf09efb0d4075,pc/M-combat-capturePercent/48d3967fcd05b8de1e34c2d4/A-B,vps/M-weather-preset-neutral/a54b0e408700f4f6f57588b5/A-B
0ef488184d72f1f098ab6566fb80c72140d7078400dd1a9587141fe8b34a13ec,pc/M-combat-capturePercent/48d3967fcd05b8de1e34c2d4/B-A,vps/M-weather-preset-neutral/a54b0e408700f4f6f57588b5/B-A
9858c7ffa1a6a847079e50482789f9a042cfeb281ada503d2c73d74b65c9d985,pc/M-combat-capturePercent/2eb2746a70cb35fe1ce25f98/A-B,vps/M-weather-preset-neutral/a5adeca7701893d522170c1d/A-B
151989b8d1b1c0ca759fab7eaf3b152abc03724944a1ef9ad70118e7a90322e4,pc/M-combat-capturePercent/2eb2746a70cb35fe1ce25f98/B-A,vps/M-weather-preset-neutral/a5adeca7701893d522170c1d/B-A
e1e29aab7102365136b614a54a8aeb0bee449145f3bc465a205963f9f554f006,pc/M-combat-capturePercent/bf898c747897728e9c646b00/A-B,vps/M-weather-preset-neutral/b629227e6f0d4b2bcee036e7/A-B
0c2b4bb54f68750a49827995ac5ca7c41b885ac68f663af9b71cf4658f802372,pc/M-combat-capturePercent/bf898c747897728e9c646b00/B-A,vps/M-weather-preset-neutral/b629227e6f0d4b2bcee036e7/B-A
a5bb96235bf6f9a76b769ff737d8e922df94b0a52f749525853085cd022bf3ef,pc/M-combat-capturePercent/a74b3b7b747bae166c9bbd4d/A-B,vps/M-weather-preset-neutral/b77254a0a10468b633ab0eab/A-B
8a5fbdbf1b558dc200eab97d67343355792afdf24d5bbb0e91f754b86f3a02ef,pc/M-combat-capturePercent/a74b3b7b747bae166c9bbd4d/B-A,vps/M-weather-preset-neutral/b77254a0a10468b633ab0eab/B-A
092ff6440ba52367b900849f38396771039917fdafcad50e5a9b3669a0a1a448,pc/M-combat-capturePercent/f78c1d62cca9f23dba9520f5/A-B,vps/M-weather-preset-neutral/b80cb8aee22b01fbc6e7ed7f/A-B
40e5890746cdbe0ba659fc1854a9e8c3218947407cf39f571ec0b4f63dfcca5c,pc/M-combat-capturePercent/f78c1d62cca9f23dba9520f5/B-A,vps/M-weather-preset-neutral/b80cb8aee22b01fbc6e7ed7f/B-A
85f859f840726422ec7d710e5557c9d3b6715fd7fc74bfe34607d4d92c94e777,pc/M-combat-capturePercent/0c0085870630c59e82d2d03f/A-B,vps/M-weather-preset-neutral/bbcd553bc7a16c61d281ba73/A-B
03908c0fa4ced8ca60a7e0fb3a0f39260e015950626c7db85dad0402f2d3619e,pc/M-combat-capturePercent/0c0085870630c59e82d2d03f/B-A,vps/M-weather-preset-neutral/bbcd553bc7a16c61d281ba73/B-A
6b4a529fbc125b23882833e0aed634bec1b5f0b2174c3e7ece269e3168b0f82f,pc/M-combat-capturePercent/c88b855645bc720b498875d2/A-B,vps/M-weather-preset-neutral/c0d6109c05e457458b0bda00/A-B
7e4672019367fb02f1f4413e94829b3f5c23d2fa9d1ba5802105a04a62fdf6a1,pc/M-combat-capturePercent/c88b855645bc720b498875d2/B-A,vps/M-weather-preset-neutral/c0d6109c05e457458b0bda00/B-A
ee9e20890d11662504f7fe1e38034c18b966e01cd6c9e5396948c62e4ef00edc,pc/M-combat-capturePercent/1216817fbd021bfb8a800544/A-B,vps/M-weather-preset-neutral/c2e29032f857ef1e13a7572f/A-B
6716753b8e8b76b4a64e3b17a97ed8046605bed1f7d8159437110a4c2a02ffa9,pc/M-combat-capturePercent/1216817fbd021bfb8a800544/B-A,vps/M-weather-preset-neutral/c2e29032f857ef1e13a7572f/B-A
7d7abac10e512ec2c70d5d25a59d0d144ba2b19ce4372cc4f09baf310123eafb,pc/M-combat-capturePercent/15b79b9ef5cbd9e794375476/A-B,vps/M-weather-preset-neutral/c398898c8bbaca2df23a3b42/A-B
75facca78d59da8acebf5520dc1aec84674008dca00e85ffe5137a6371d683bd,pc/M-combat-capturePercent/15b79b9ef5cbd9e794375476/B-A,vps/M-weather-preset-neutral/c398898c8bbaca2df23a3b42/B-A
9858c7ffa1a6a847079e50482789f9a042cfeb281ada503d2c73d74b65c9d985,pc/M-combat-capturePercent/2eb2746a70cb35fe1ce25f98/A-B,vps/M-weather-preset-neutral/c730d60fc4ce2ea52bef6d82/A-B
151989b8d1b1c0ca759fab7eaf3b152abc03724944a1ef9ad70118e7a90322e4,pc/M-combat-capturePercent/2eb2746a70cb35fe1ce25f98/B-A,vps/M-weather-preset-neutral/c730d60fc4ce2ea52bef6d82/B-A
7d7abac10e512ec2c70d5d25a59d0d144ba2b19ce4372cc4f09baf310123eafb,pc/M-combat-capturePercent/15b79b9ef5cbd9e794375476/A-B,vps/M-weather-preset-neutral/c74521cdf2ea33fab967be56/A-B
75facca78d59da8acebf5520dc1aec84674008dca00e85ffe5137a6371d683bd,pc/M-combat-capturePercent/15b79b9ef5cbd9e794375476/B-A,vps/M-weather-preset-neutral/c74521cdf2ea33fab967be56/B-A
4970d1f6b5265fad201517f3825ff40d79aa8b20306bc545f88c8e11a313708e,pc/M-combat-capturePercent/6aee5ba4cebd035270c43536/A-B,vps/M-weather-preset-neutral/cb7b28b15b36471aafbe16d8/A-B
0243eeadabcc14bc5e95fa1b391f9a0fbfc6c55db116c0e75d961227e7785c42,pc/M-combat-capturePercent/6aee5ba4cebd035270c43536/B-A,vps/M-weather-preset-neutral/cb7b28b15b36471aafbe16d8/B-A
35be79c5c128b6e4343bfeefa1db2f2aeb0a0150c17aa99303e7622a603c351b,pc/M-combat-capturePercent/7498c9f948922906239ad8d6/A-B,vps/M-weather-preset-neutral/d030792b65af26a5a9d446a3/A-B
49d4b23c42e173b1bcdc7cd48f22932e3a82504dd30129431f21b83876d94cb2,pc/M-combat-capturePercent/7498c9f948922906239ad8d6/B-A,vps/M-weather-preset-neutral/d030792b65af26a5a9d446a3/B-A
58cd7ae8deb38800a7970576196ee8f591af45338dcec1590dcfba297fa69701,pc/M-combat-capturePercent/0fad6426e216ce1d497cd944/A-B,vps/M-weather-preset-neutral/d4021533466f7bb45a81a23e/A-B
71c1edf0b3076609f0d5f6632549a6592128c1a272b42a58354f9fb187b4a370,pc/M-combat-capturePercent/0fad6426e216ce1d497cd944/B-A,vps/M-weather-preset-neutral/d4021533466f7bb45a81a23e/B-A
4597ad24b5a2e47b6a7dce9496a9b6f4b1f246dce33a40845b0982a200fb8806,pc/M-combat-capturePercent/5be07c6fc69f472eef0ee17f/A-B,vps/M-weather-preset-neutral/d57e878bd7d93557ed0eafe5/A-B
7c1e87a0769464bd834f5d84f3fd33eaf9071aabdb90673a4cec8f5b7383d2cf,pc/M-combat-capturePercent/5be07c6fc69f472eef0ee17f/B-A,vps/M-weather-preset-neutral/d57e878bd7d93557ed0eafe5/B-A
6d407622c60b016795f97c89a6a5574696df9124c61c66dd231ce4e7c7aa2393,pc/M-combat-capturePercent/ec03e2f3b6e41ea5555df14c/A-B,vps/M-weather-preset-neutral/d643ccc9a7c5295b7c7b7e37/A-B
5b40b5d08240a3cb41ac0662b746bf7848264fd5d59a18b9cccd174e1c8a970f,pc/M-combat-capturePercent/ec03e2f3b6e41ea5555df14c/B-A,vps/M-weather-preset-neutral/d643ccc9a7c5295b7c7b7e37/B-A
ee9e20890d11662504f7fe1e38034c18b966e01cd6c9e5396948c62e4ef00edc,pc/M-combat-capturePercent/1216817fbd021bfb8a800544/A-B,vps/M-weather-preset-neutral/d87bc4ab4b186cf8411db06a/A-B
6716753b8e8b76b4a64e3b17a97ed8046605bed1f7d8159437110a4c2a02ffa9,pc/M-combat-capturePercent/1216817fbd021bfb8a800544/B-A,vps/M-weather-preset-neutral/d87bc4ab4b186cf8411db06a/B-A
b965633c898c10ac48cc0b945d886ca291a7c3df9f2bc8fbbd6924891bba8756,pc/M-combat-capturePercent/a477667580eb4a6cca4bfd35/A-B,vps/M-weather-preset-neutral/da78e214d17a6163b6f4a2b5/A-B
04d26513bee41f8de98ab49cd97c992b3a0017b0ad91dc428f6066f007ce270c,pc/M-combat-capturePercent/a477667580eb4a6cca4bfd35/B-A,vps/M-weather-preset-neutral/da78e214d17a6163b6f4a2b5/B-A
ac0328d7e848fe34c754caa6b9c4b0ed2030d2e4d6fcccd1ed330988caf253df,pc/M-combat-capturePercent/2497be6bce26a22f97e6e95e/A-B,vps/M-weather-preset-neutral/de02d3c5b8eaac1ec1619ae7/A-B
cdf02ca8a3da35cbdb52ea241c610d7fdc069d44ffd601725625d6de3e1c67e1,pc/M-combat-capturePercent/2497be6bce26a22f97e6e95e/B-A,vps/M-weather-preset-neutral/de02d3c5b8eaac1ec1619ae7/B-A
7d7abac10e512ec2c70d5d25a59d0d144ba2b19ce4372cc4f09baf310123eafb,pc/M-combat-capturePercent/15b79b9ef5cbd9e794375476/A-B,vps/M-weather-preset-neutral/e11453f477dc7b91151c7067/A-B
75facca78d59da8acebf5520dc1aec84674008dca00e85ffe5137a6371d683bd,pc/M-combat-capturePercent/15b79b9ef5cbd9e794375476/B-A,vps/M-weather-preset-neutral/e11453f477dc7b91151c7067/B-A
7021d39476c082c69391aa7d9d107c8598ae66c5b1828c73e129c275542d42fb,pc/M-combat-capturePercent/adf2a33f332db08d4d373bba/A-B,vps/M-weather-preset-neutral/e18d80b74836bc248b545958/A-B
0a6998a19d108d4ea47989fe9c9346eb6b099ed85b399e3702e1d1add2785d07,pc/M-combat-capturePercent/adf2a33f332db08d4d373bba/B-A,vps/M-weather-preset-neutral/e18d80b74836bc248b545958/B-A
647ab88a83aa6f834990989ca24911ddf969595c4a5f5d85e2c151fdaebac92b,pc/M-combat-capturePercent/93f29e181d26c9d16b60ee8b/A-B,vps/M-weather-preset-neutral/e1d2dad4a4cdbb42d883d821/A-B
cb5849664fb65ac00466aa61563a1f9baace77ad985b9c02a92e371cf45b1603,pc/M-combat-capturePercent/93f29e181d26c9d16b60ee8b/B-A,vps/M-weather-preset-neutral/e1d2dad4a4cdbb42d883d821/B-A
2a1d1503a117713d05836a468b6a0d0d39d7d08702d9ca68ffe56c89d6f08704,pc/M-combat-capturePercent/98043342a0f7383cbda2c59d/A-B,vps/M-weather-preset-neutral/e688d5a23a5fdae21e0e2be6/A-B
cdd056f355bfd3009ca6798847f425d092b2fa95fee94cbb9f1b9d30918fd936,pc/M-combat-capturePercent/98043342a0f7383cbda2c59d/B-A,vps/M-weather-preset-neutral/e688d5a23a5fdae21e0e2be6/B-A
6b4a529fbc125b23882833e0aed634bec1b5f0b2174c3e7ece269e3168b0f82f,pc/M-combat-capturePercent/c88b855645bc720b498875d2/A-B,vps/M-weather-preset-neutral/ed93db8974c9657a5164da7c/A-B
7e4672019367fb02f1f4413e94829b3f5c23d2fa9d1ba5802105a04a62fdf6a1,pc/M-combat-capturePercent/c88b855645bc720b498875d2/B-A,vps/M-weather-preset-neutral/ed93db8974c9657a5164da7c/B-A
a5cef95da0740171d974b1b8238a058e26fade3fe8a8f09d6de3182d2fb25476,pc/M-combat-capturePercent/ac748b9a7bbadd1b4ccb3da4/A-B,vps/M-weather-preset-neutral/f2ede5477cc8e5bb9051cf12/A-B
22588da900fbea8c00b87d769132d035359f1c3deae9b763847a866d744b79ff,pc/M-combat-capturePercent/ac748b9a7bbadd1b4ccb3da4/B-A,vps/M-weather-preset-neutral/f2ede5477cc8e5bb9051cf12/B-A
1178f1206facb99d474deb6896610eb381b51065a110d670b64abf6c01184760,pc/M-combat-capturePercent/9ea4f603e73d531fd3c8df44/A-B,vps/M-weather-preset-neutral/f61692e07431dd3c4a9b1398/A-B
db8d3921ad4c7ffbcfdfcbf53d72da2e8c438f83b03f5de5e5b8aab344978ab5,pc/M-combat-capturePercent/9ea4f603e73d531fd3c8df44/B-A,vps/M-weather-preset-neutral/f61692e07431dd3c4a9b1398/B-A
2a1d1503a117713d05836a468b6a0d0d39d7d08702d9ca68ffe56c89d6f08704,pc/M-combat-capturePercent/98043342a0f7383cbda2c59d/A-B,vps/M-weather-preset-neutral/f822d4aff4a7641ffc78118c/A-B
cdd056f355bfd3009ca6798847f425d092b2fa95fee94cbb9f1b9d30918fd936,pc/M-combat-capturePercent/98043342a0f7383cbda2c59d/B-A,vps/M-weather-preset-neutral/f822d4aff4a7641ffc78118c/B-A
6d407622c60b016795f97c89a6a5574696df9124c61c66dd231ce4e7c7aa2393,pc/M-combat-capturePercent/ec03e2f3b6e41ea5555df14c/A-B,vps/M-weather-preset-neutral/fb6f2352b28b313d79cdc77b/A-B
5b40b5d08240a3cb41ac0662b746bf7848264fd5d59a18b9cccd174e1c8a970f,pc/M-combat-capturePercent/ec03e2f3b6e41ea5555df14c/B-A,vps/M-weather-preset-neutral/fb6f2352b28b313d79cdc77b/B-A
54b8eb5652e7a14e2d23dbf5a122ee8f8758e3e126c18b1c2077bfe200269275,pc/M-combat-capturePercent/e03c8d62aa94aae4fc0f13f1/A-B,vps/M-weather-preset-neutral/fc99451412d760a76f235ab5/A-B
078641e562821c4012d1a24d08878af3f97f45aea622350727a2eb5edcbd524c,pc/M-combat-capturePercent/e03c8d62aa94aae4fc0f13f1/B-A,vps/M-weather-preset-neutral/fc99451412d760a76f235ab5/B-A
4227f054b87e527b1d1b0274ed1998e330c5df10704580221a9b575b4a8798c6,pc/M-combat-capturePercent/b4b94da886e061c92142841a/A-B,vps/M-weather-preset-neutral/fedbfeff0ac1b010e5f84f0c/A-B
ed29d7971438fc1a049999694ca61a2424e52dc6124815c6cadb6b6c1daaffd8,pc/M-combat-capturePercent/b4b94da886e061c92142841a/B-A,vps/M-weather-preset-neutral/fedbfeff0ac1b010e5f84f0c/B-A
3897c74b6b12fd744ad1e693e15030eab586415d30c6bafc9576d374e65aeb8b,vps/M-weather-preset-blizzard/1fe0f2e98e2b402037f158fb/A-B,vps/W-factor-blizzard-archer-attack/0e26a17b840fb5d9e4ad59a4/A-B
74125316b1b973357df93af7d262e1afaae739a124529744bd4380610c9a428a,vps/M-weather-preset-blizzard/1fe0f2e98e2b402037f158fb/B-A,vps/W-factor-blizzard-archer-attack/0e26a17b840fb5d9e4ad59a4/B-A
b6f19a2b335892bc8d8534ce21e4e069dbd407a0228c086a15cad4c6c9d80b70,vps/M-weather-preset-blizzard/36b9842f537fd575204b03b3/A-B,vps/W-factor-blizzard-archer-attack/714008e4fa42eceb4e9ea711/A-B
f9558bb9ef7f2b6883db66b9a55c93d998b99ea38c15a8c823b8af7ea6e86c26,vps/M-weather-preset-blizzard/36b9842f537fd575204b03b3/B-A,vps/W-factor-blizzard-archer-attack/714008e4fa42eceb4e9ea711/B-A
98c0bd7860412df302b3197f8bb2e0cda395a55722a3eab766cac640309e9e13,vps/M-weather-preset-blizzard/02ec37682d2b938d19c523f8/A-B,vps/W-factor-blizzard-archer-attack/74dd4b0460fecc72db0a53f7/A-B
abc52753021e31174946026c0e95c4f1a7b23b4363a3077fcd6b564b1ca4058b,vps/M-weather-preset-blizzard/02ec37682d2b938d19c523f8/B-A,vps/W-factor-blizzard-archer-attack/74dd4b0460fecc72db0a53f7/B-A
5b2d9e0df0cc729d0e766284c70abd5088e07845c940bb2b8f7dd511a3f19fa9,vps/M-weather-preset-blizzard/4441cd2e0839aa71ab358b97/A-B,vps/W-factor-blizzard-archer-attack/a2592f72225a58706edae3ee/A-B
fa22591df1c200cf98a4ce34a5f587d5684427880d3c539d5573c500a070eebb,vps/M-weather-preset-blizzard/4441cd2e0839aa71ab358b97/B-A,vps/W-factor-blizzard-archer-attack/a2592f72225a58706edae3ee/B-A
b980d3f205741919eff92c659037d31511616b5fbef5f41bb8edc26d56b9a41b,vps/M-weather-preset-blizzard/9371ce4c25ee3dbcf841d7bd/A-B,vps/W-factor-blizzard-archer-attack/de1d84c6de63b1c636427cb0/A-B
16a498e065f363f28a5fad6c554135bfcbefc7970cdd6162936325a04aa689e4,vps/M-weather-preset-blizzard/9371ce4c25ee3dbcf841d7bd/B-A,vps/W-factor-blizzard-archer-attack/de1d84c6de63b1c636427cb0/B-A
388613499d9437c7362537befed961c5c6cd092dba21bd4521e52a654da528ed,vps/M-weather-preset-blizzard/9e3aaa8c16a3589296ed5924/A-B,vps/W-factor-blizzard-archer-attack/f1a981f31e1378af470e8040/A-B
3fa98c65a1d24498a3510ee27a7b75039888675e673d03d25782fe2a05cdee4e,vps/M-weather-preset-blizzard/9e3aaa8c16a3589296ed5924/B-A,vps/W-factor-blizzard-archer-attack/f1a981f31e1378af470e8040/B-A
2f2618e0229d9b531a13152a2e942a371f142f881badfe365429075e3509cbef,vps/W-factor-blizzard-archer-attack/72ddc773ae04148017444cc8/A-B,vps/W-factor-blizzard-archer-baseAccuracy/00509dd7b006cd2965d70f6b/A-B
87bf5c5a322527d9bb6f2fa19430666281623466d762e657a8a74dd35fedf3cc,vps/W-factor-blizzard-archer-attack/72ddc773ae04148017444cc8/B-A,vps/W-factor-blizzard-archer-baseAccuracy/00509dd7b006cd2965d70f6b/B-A
9683ed0094ce45be3cca38cc5f463a1941b052651d25b047cdc86abe079410f2,vps/W-factor-blizzard-archer-attack/227c5aabb5ec79290835e00d/A-B,vps/W-factor-blizzard-archer-baseAccuracy/1e13fe456524c79b8d29b48c/A-B
cad13c9874343fb5864b83f1370f1737cf1d99f33e21111e6c5b48cfa93979de,vps/W-factor-blizzard-archer-attack/227c5aabb5ec79290835e00d/B-A,vps/W-factor-blizzard-archer-baseAccuracy/1e13fe456524c79b8d29b48c/B-A
d0ad41ceed668915082194d1fa27dc8c743a59d37d907b442ef5e6bf1e1f1ba0,vps/W-factor-blizzard-archer-attack/2b72057c05df2a9ce90da04a/A-B,vps/W-factor-blizzard-archer-baseAccuracy/37af08bcb7b0e81e727f9f42/A-B
eda5b279339af1fc5636a1571876a598e3bfc1c45a9a1e584ad7dc49228d669b,vps/W-factor-blizzard-archer-attack/2b72057c05df2a9ce90da04a/B-A,vps/W-factor-blizzard-archer-baseAccuracy/37af08bcb7b0e81e727f9f42/B-A
388613499d9437c7362537befed961c5c6cd092dba21bd4521e52a654da528ed,vps/M-weather-preset-blizzard/9e3aaa8c16a3589296ed5924/A-B,vps/W-factor-blizzard-archer-baseAccuracy/41940d19583f87953afa4086/A-B
3fa98c65a1d24498a3510ee27a7b75039888675e673d03d25782fe2a05cdee4e,vps/M-weather-preset-blizzard/9e3aaa8c16a3589296ed5924/B-A,vps/W-factor-blizzard-archer-baseAccuracy/41940d19583f87953afa4086/B-A
b6f19a2b335892bc8d8534ce21e4e069dbd407a0228c086a15cad4c6c9d80b70,vps/M-weather-preset-blizzard/36b9842f537fd575204b03b3/A-B,vps/W-factor-blizzard-archer-baseAccuracy/4b7bf2ca1bb3c49824e12e11/A-B
f9558bb9ef7f2b6883db66b9a55c93d998b99ea38c15a8c823b8af7ea6e86c26,vps/M-weather-preset-blizzard/36b9842f537fd575204b03b3/B-A,vps/W-factor-blizzard-archer-baseAccuracy/4b7bf2ca1bb3c49824e12e11/B-A
b980d3f205741919eff92c659037d31511616b5fbef5f41bb8edc26d56b9a41b,vps/M-weather-preset-blizzard/9371ce4c25ee3dbcf841d7bd/A-B,vps/W-factor-blizzard-archer-baseAccuracy/670c8d464f9239c7ec7e6657/A-B
16a498e065f363f28a5fad6c554135bfcbefc7970cdd6162936325a04aa689e4,vps/M-weather-preset-blizzard/9371ce4c25ee3dbcf841d7bd/B-A,vps/W-factor-blizzard-archer-baseAccuracy/670c8d464f9239c7ec7e6657/B-A
11e55ca6a64b104f091924e4c4257bc599e5f2ee315b84d2cf314ded5e2256e7,vps/W-factor-blizzard-archer-attack/97708e5d2dd135898b8f9d90/A-B,vps/W-factor-blizzard-archer-baseAccuracy/8ab391fb57c6993a4f0fbb21/A-B
a07fd76e035d8c1095163c9e88af30ae99e16e3e534bc5f87f1522fb09e3040b,vps/W-factor-blizzard-archer-attack/97708e5d2dd135898b8f9d90/B-A,vps/W-factor-blizzard-archer-baseAccuracy/8ab391fb57c6993a4f0fbb21/B-A
b498153c44ef5b1eba7ced3964b3a4cdd11cc32b34521b8e633be2c86376a33b,vps/W-factor-blizzard-archer-attack/afd20b28d0f79293d4a1ee3d/A-B,vps/W-factor-blizzard-archer-baseAccuracy/8cfd02ae10ffc1903837ef8a/A-B
5c42e0d407d00be3977abfb395adfcee6222f88b3e60984fa02ed1c96209ed48,vps/W-factor-blizzard-archer-attack/afd20b28d0f79293d4a1ee3d/B-A,vps/W-factor-blizzard-archer-baseAccuracy/8cfd02ae10ffc1903837ef8a/B-A
ca13eec928e0d5decb550853e3f1aaee3b44418037371ed343f98c375a03d4b0,vps/W-factor-blizzard-archer-attack/e567f027e7601e24dba42a5f/A-B,vps/W-factor-blizzard-archer-baseAccuracy/a4677940798f7e755bb84e4d/A-B
37e4832a381c95240b0a339a6e80fbf4f87b246320f43e28c0097a649639d748,vps/W-factor-blizzard-archer-attack/e567f027e7601e24dba42a5f/B-A,vps/W-factor-blizzard-archer-baseAccuracy/a4677940798f7e755bb84e4d/B-A
3897c74b6b12fd744ad1e693e15030eab586415d30c6bafc9576d374e65aeb8b,vps/M-weather-preset-blizzard/1fe0f2e98e2b402037f158fb/A-B,vps/W-factor-blizzard-archer-baseAccuracy/b45542655c5b7e4dbdbf0d12/A-B
74125316b1b973357df93af7d262e1afaae739a124529744bd4380610c9a428a,vps/M-weather-preset-blizzard/1fe0f2e98e2b402037f158fb/B-A,vps/W-factor-blizzard-archer-baseAccuracy/b45542655c5b7e4dbdbf0d12/B-A
5b2d9e0df0cc729d0e766284c70abd5088e07845c940bb2b8f7dd511a3f19fa9,vps/M-weather-preset-blizzard/4441cd2e0839aa71ab358b97/A-B,vps/W-factor-blizzard-archer-baseAccuracy/b99894d9532b3c4a313f2ec1/A-B
fa22591df1c200cf98a4ce34a5f587d5684427880d3c539d5573c500a070eebb,vps/M-weather-preset-blizzard/4441cd2e0839aa71ab358b97/B-A,vps/W-factor-blizzard-archer-baseAccuracy/b99894d9532b3c4a313f2ec1/B-A
98c0bd7860412df302b3197f8bb2e0cda395a55722a3eab766cac640309e9e13,vps/M-weather-preset-blizzard/02ec37682d2b938d19c523f8/A-B,vps/W-factor-blizzard-archer-baseAccuracy/f27cbaacdee00609875c3eae/A-B
abc52753021e31174946026c0e95c4f1a7b23b4363a3077fcd6b564b1ca4058b,vps/M-weather-preset-blizzard/02ec37682d2b938d19c523f8/B-A,vps/W-factor-blizzard-archer-baseAccuracy/f27cbaacdee00609875c3eae/B-A
dfdccd38f3682726a1cfaa116d1c90766db1a9574099ae46099b539bd1962c0b,vps/M-weather-preset-blizzard/6c04de6856d47e607a51de36/A-B,vps/W-factor-blizzard-knight-attack/5be68bb142f8cfe1bff51a05/A-B
1397715e4092e88219e45be067e8939fcb2ec5db4568259c5b27766a07cb94e7,vps/M-weather-preset-blizzard/6c04de6856d47e607a51de36/B-A,vps/W-factor-blizzard-knight-attack/5be68bb142f8cfe1bff51a05/B-A
fac83b6e8d6bfd95059b3da589bb8d69464bdf32ec0013ca2d4db49c6cb8a83f,vps/M-weather-preset-blizzard/c194ff27f03bd1dbd5eb2b8e/A-B,vps/W-factor-blizzard-knight-attack/8e832a26de0661de163a0f2d/A-B
5853a8f2a6b32e1717e4332da392f6dd6c0e40b829d8876e336867baf83b591f,vps/M-weather-preset-blizzard/c194ff27f03bd1dbd5eb2b8e/B-A,vps/W-factor-blizzard-knight-attack/8e832a26de0661de163a0f2d/B-A
9b7c6ebe76aefc7fa6723bc50fe5494baf578d49b6570039076ee7722dcfe7c5,vps/M-weather-preset-blizzard/4d63af721a7cf32d88226b3c/A-B,vps/W-factor-blizzard-knight-attack/93ea2708b039019b33e4c01a/A-B
9fdcc44b15fec1ba496488a96a77042563dd13e3f948eb40773b9121422d83d7,vps/M-weather-preset-blizzard/4d63af721a7cf32d88226b3c/B-A,vps/W-factor-blizzard-knight-attack/93ea2708b039019b33e4c01a/B-A
d5405eb4d9701b3ffcd7e3ff44c0f995c06afd53c915e870db8e223c5079cca1,vps/W-factor-blizzard-knight-attack/d57e4406f4de2e22438fe839/A-B,vps/W-factor-blizzard-knight-baseAccuracy/01cc2ee3ef3691aa24a37c4b/A-B
f9edc5a974a87dd29d692cc576ef86d6616cab8abf36aa5b6b02a60da3247e15,vps/W-factor-blizzard-knight-attack/d57e4406f4de2e22438fe839/B-A,vps/W-factor-blizzard-knight-baseAccuracy/01cc2ee3ef3691aa24a37c4b/B-A
c67a23530a3102792e0e91bef93831fb4fa60cdfc3236bffb4520f6167ab5897,vps/W-factor-blizzard-knight-attack/918cb561a7e2bd631aee4438/A-B,vps/W-factor-blizzard-knight-baseAccuracy/21e2e081361d95c5ded6486f/A-B
ad95b667f211c7571ca19b8b66900c2040813e45094e6004399894c62d270401,vps/W-factor-blizzard-knight-attack/918cb561a7e2bd631aee4438/B-A,vps/W-factor-blizzard-knight-baseAccuracy/21e2e081361d95c5ded6486f/B-A
fac83b6e8d6bfd95059b3da589bb8d69464bdf32ec0013ca2d4db49c6cb8a83f,vps/M-weather-preset-blizzard/c194ff27f03bd1dbd5eb2b8e/A-B,vps/W-factor-blizzard-knight-baseAccuracy/2d9617e82bdc0bf45648c979/A-B
5853a8f2a6b32e1717e4332da392f6dd6c0e40b829d8876e336867baf83b591f,vps/M-weather-preset-blizzard/c194ff27f03bd1dbd5eb2b8e/B-A,vps/W-factor-blizzard-knight-baseAccuracy/2d9617e82bdc0bf45648c979/B-A
ba72d669808dbc4d1792299526da7e9a34ff369a8111520a72dd0072814e7a35,vps/W-factor-blizzard-knight-attack/964422f69dc72a161b86a233/A-B,vps/W-factor-blizzard-knight-baseAccuracy/34d8a5e163e80f913bb177e9/A-B
22550f6bf56e55029b5539350610aacefd57b42bca701ad7f35d3f840e2a3fbc,vps/W-factor-blizzard-knight-attack/964422f69dc72a161b86a233/B-A,vps/W-factor-blizzard-knight-baseAccuracy/34d8a5e163e80f913bb177e9/B-A
36f7cdd5de5fd29426a0cf5dc02f26721d34796f1fba7c695f98a9a7870a12ff,vps/W-factor-blizzard-knight-attack/ffc864a7d4d7bad0cc83c421/A-B,vps/W-factor-blizzard-knight-baseAccuracy/45b5275865e0f975c5f9db49/A-B
c14cf12a50455e6c00fbf8dd5a281b2d59af189f083ab4d4a6d9b0db640d4bbc,vps/W-factor-blizzard-knight-attack/ffc864a7d4d7bad0cc83c421/B-A,vps/W-factor-blizzard-knight-baseAccuracy/45b5275865e0f975c5f9db49/B-A
8fe55e9a16db11e5055eca48feaf4b27225ef3814d1224537af1b2c0653ed729,vps/W-factor-blizzard-knight-attack/a8383ab54ebea3d0b28fa3d9/A-B,vps/W-factor-blizzard-knight-baseAccuracy/5df50818a0621f099b06126c/A-B
455b253d5566879a14fddd905958ff8e31f86d5a464ca45c3d8ae8da866b6384,vps/W-factor-blizzard-knight-attack/a8383ab54ebea3d0b28fa3d9/B-A,vps/W-factor-blizzard-knight-baseAccuracy/5df50818a0621f099b06126c/B-A
eb644e2eaf7a9af93f0b3a1bf46815b120aa533141dc1de954009a65a2425fc5,vps/W-factor-blizzard-knight-attack/773f14d6ad8e07819bf50e40/A-B,vps/W-factor-blizzard-knight-baseAccuracy/7a3cc502eea0cf6b966bf9f6/A-B
f0759b2f2dc9635e415dc6b72057ad99cfc3d9fbf6b9dcc271917bd7c1f6f585,vps/W-factor-blizzard-knight-attack/773f14d6ad8e07819bf50e40/B-A,vps/W-factor-blizzard-knight-baseAccuracy/7a3cc502eea0cf6b966bf9f6/B-A
9d7ae4ce357aad6964398888bb3e9557ab5ed1c8267b5d09282198aa62273806,vps/W-factor-blizzard-knight-attack/336a61ff5f37b3d71ac6c0e9/A-B,vps/W-factor-blizzard-knight-baseAccuracy/a8269e547a9e36998bfc76fd/A-B
43cdd53f7d8a5aa23754207699f07b644b26cb4baaae072f5d00485591d76523,vps/W-factor-blizzard-knight-attack/336a61ff5f37b3d71ac6c0e9/B-A,vps/W-factor-blizzard-knight-baseAccuracy/a8269e547a9e36998bfc76fd/B-A
dfdccd38f3682726a1cfaa116d1c90766db1a9574099ae46099b539bd1962c0b,vps/M-weather-preset-blizzard/6c04de6856d47e607a51de36/A-B,vps/W-factor-blizzard-knight-baseAccuracy/b54832403cc55f650335a5e9/A-B
1397715e4092e88219e45be067e8939fcb2ec5db4568259c5b27766a07cb94e7,vps/M-weather-preset-blizzard/6c04de6856d47e607a51de36/B-A,vps/W-factor-blizzard-knight-baseAccuracy/b54832403cc55f650335a5e9/B-A
9b7c6ebe76aefc7fa6723bc50fe5494baf578d49b6570039076ee7722dcfe7c5,vps/M-weather-preset-blizzard/4d63af721a7cf32d88226b3c/A-B,vps/W-factor-blizzard-knight-baseAccuracy/e9ced6fa6b4b6d31cf15a0ff/A-B
9fdcc44b15fec1ba496488a96a77042563dd13e3f948eb40773b9121422d83d7,vps/M-weather-preset-blizzard/4d63af721a7cf32d88226b3c/B-A,vps/W-factor-blizzard-knight-baseAccuracy/e9ced6fa6b4b6d31cf15a0ff/B-A
e99ca9510ef962f1d778828f39920f72688b50961a4479cfc45f5d02bab5e5c1,vps/W-factor-blizzard-knight-attack/2352fc1b40d06f35ebd743ee/A-B,vps/W-factor-blizzard-knight-baseAccuracy/eb5ce2035c2dd7a2653442ee/A-B
e436af1c0a3763802b6dc69c5822d5800bb0382df3e9e1978e5c43f1ce21feb5,vps/W-factor-blizzard-knight-attack/2352fc1b40d06f35ebd743ee/B-A,vps/W-factor-blizzard-knight-baseAccuracy/eb5ce2035c2dd7a2653442ee/B-A
6a76af4a6a0ca0dbf7fd07d08e267ba62cd024390614f25c1d234ed12c7d57f4,vps/W-factor-blizzard-knight-attack/37aef691f7af7c4a13193e7d/A-B,vps/W-factor-blizzard-knight-baseAccuracy/f58cf714554f2c7feb6e4735/A-B
6e63ac04e7c08e701eb174ad8800315010f65c2de9953a23b4b40f85d432d15e,vps/W-factor-blizzard-knight-attack/37aef691f7af7c4a13193e7d/B-A,vps/W-factor-blizzard-knight-baseAccuracy/f58cf714554f2c7feb6e4735/B-A
2da86569493f252ff044a4d1f703dd9b6c7cee71aa0c0e11b3b46990d3b2a8fb,vps/M-weather-preset-blizzard/b3e10a9ee8bdfcc1c6965d6e/A-B,vps/W-factor-blizzard-soldier-attack/0ac847ac12b6f876a04a8133/A-B
4b4cdd89a8ff1425193a9396ceab40d872e0bb8a79756100e45affe4cac76f84,vps/M-weather-preset-blizzard/b3e10a9ee8bdfcc1c6965d6e/B-A,vps/W-factor-blizzard-soldier-attack/0ac847ac12b6f876a04a8133/B-A
a6871b10db3733d5624d5ce74d62350f9f5777e32fcb627605c237cc416ded28,vps/M-weather-preset-blizzard/31f3acf5063c8cf39b6f92fa/A-B,vps/W-factor-blizzard-soldier-attack/25b3376612f2f576ab36f7a2/A-B
3b340b7d64aff25b587756906ebaf873f40637c1b51330e22db58c7a410c1bf0,vps/M-weather-preset-blizzard/31f3acf5063c8cf39b6f92fa/B-A,vps/W-factor-blizzard-soldier-attack/25b3376612f2f576ab36f7a2/B-A
1b4e326176e5fb45bd6c2630f213900007760e30eed690d1ede595159981a7e1,vps/M-weather-preset-blizzard/53ece49ae10a28eba0b4f4fd/A-B,vps/W-factor-blizzard-soldier-attack/5d79f33649f77fcd0b672e7a/A-B
06e4728fe3aeb06bc2bc654e04f0ac873b5c7233a0ac5254a65ec0018f674e25,vps/M-weather-preset-blizzard/53ece49ae10a28eba0b4f4fd/B-A,vps/W-factor-blizzard-soldier-attack/5d79f33649f77fcd0b672e7a/B-A
e773aff6b03cab33c176cd2e8eb8041238e5d3a41e0a492e16eafcd317013ed3,vps/M-weather-preset-blizzard/0107a86ab67ccd3842d87687/A-B,vps/W-factor-blizzard-soldier-attack/5e1f34037c2f227074717768/A-B
ee1b6d577cc5bd620435a25dfa82e33ed5f949b69748850f1d1cf81fa4b080bf,vps/M-weather-preset-blizzard/0107a86ab67ccd3842d87687/B-A,vps/W-factor-blizzard-soldier-attack/5e1f34037c2f227074717768/B-A
320f9b7c57b3be2a66b253053769a7542b0b2816b866a45d333d002fbc7afabc,vps/M-weather-preset-blizzard/39d5e8ae74355d5a0b560100/A-B,vps/W-factor-blizzard-soldier-attack/8b32f8e5b03d86687d3942c1/A-B
2c358b5f7f34fac171051fd64b15c4ac6e701ede955854b78e02e6ba2861373c,vps/M-weather-preset-blizzard/39d5e8ae74355d5a0b560100/B-A,vps/W-factor-blizzard-soldier-attack/8b32f8e5b03d86687d3942c1/B-A
c492cb5c6faf38fd6ff40ed6e1295534c1019ac06d54d1290b84a681ad6717ed,vps/M-weather-preset-blizzard/6b0d1989c3b02a167bb46f5a/A-B,vps/W-factor-blizzard-soldier-attack/8c4c32cad75a6f839317430a/A-B
d0ba95e6da599c371037714206a475d58369e07e2a11ce2b480f6f654dcffeb7,vps/M-weather-preset-blizzard/6b0d1989c3b02a167bb46f5a/B-A,vps/W-factor-blizzard-soldier-attack/8c4c32cad75a6f839317430a/B-A
c0b7dcde26758f62d3def38df992ccefc95ab395f80937bf62c6574d68165600,vps/M-weather-preset-blizzard/2114c92f14ce8a82c10796bf/A-B,vps/W-factor-blizzard-soldier-attack/8ffde16ec5703a81d95db02b/A-B
ec6e18eb2a12d2f454acc77361cdc4e5925f9cb62a9762c74c8beeae2579683f,vps/M-weather-preset-blizzard/2114c92f14ce8a82c10796bf/B-A,vps/W-factor-blizzard-soldier-attack/8ffde16ec5703a81d95db02b/B-A
2fe24f1c9787c387668a9478642a5cea018eac50c9b86051df9ad21fdb6486f4,vps/M-weather-preset-blizzard/06b5f67339b0e5053f5cf127/A-B,vps/W-factor-blizzard-soldier-attack/a52d1b5d83de9c6b00304f66/A-B
dd9507761fb597f33c70e6dfe93fa86e5727778f2fa6f877e93a0774770f9494,vps/M-weather-preset-blizzard/06b5f67339b0e5053f5cf127/B-A,vps/W-factor-blizzard-soldier-attack/a52d1b5d83de9c6b00304f66/B-A
b3dc42290c37634e713abfde95bc21fef246e3632964a891a5b4d2081af4fb08,vps/M-weather-preset-blizzard/0bd56365ee5772a23eea29f0/A-B,vps/W-factor-blizzard-soldier-attack/b0755ceeed4e0d58ea390ca0/A-B
1e40ca86a18ce9fac1649aaf31bb1d984abaa7c9f817fb1171687ccd1c76b667,vps/M-weather-preset-blizzard/0bd56365ee5772a23eea29f0/B-A,vps/W-factor-blizzard-soldier-attack/b0755ceeed4e0d58ea390ca0/B-A
470964769d72826d854e9c0c61a3ecb5b8a095cd90e475464c3e7ac369ef5df3,vps/M-weather-preset-blizzard/a1e541fea8418df471bb8f56/A-B,vps/W-factor-blizzard-soldier-attack/cb7ba2f0a1dd3e577dc60bc7/A-B
4cca61e6ee65198687ba7482aef8b1738c2da1df76812eb5253969ac7e84ac1d,vps/M-weather-preset-blizzard/a1e541fea8418df471bb8f56/B-A,vps/W-factor-blizzard-soldier-attack/cb7ba2f0a1dd3e577dc60bc7/B-A
b82d61d7f470ff53efcc74174fd3c5403b73609e79314cf5caa5667613766e65,vps/M-weather-preset-blizzard/ce8d7e74417fa1e0ac9702a0/A-B,vps/W-factor-blizzard-soldier-attack/d774f9e021d8b5a4ee163c9f/A-B
e311ee7bd95fe5791b952a91be903955cbaa904a409e7ab54a51f60ddddeb93b,vps/M-weather-preset-blizzard/ce8d7e74417fa1e0ac9702a0/B-A,vps/W-factor-blizzard-soldier-attack/d774f9e021d8b5a4ee163c9f/B-A
d9b158362ee748c583b9201089244f5e1ab3d35c081fbea659551f50eea6039a,vps/M-weather-preset-blizzard/6ffba9e9ab022f2eb090618e/A-B,vps/W-factor-blizzard-soldier-attack/da92709c5d34e96e01d83c7a/A-B
95774d09b60d1f58cdabe0341c0bb1b83fa0f08cb483b50662003dfa5f8b3684,vps/M-weather-preset-blizzard/6ffba9e9ab022f2eb090618e/B-A,vps/W-factor-blizzard-soldier-attack/da92709c5d34e96e01d83c7a/B-A
b82d61d7f470ff53efcc74174fd3c5403b73609e79314cf5caa5667613766e65,vps/M-weather-preset-blizzard/ce8d7e74417fa1e0ac9702a0/A-B,vps/W-factor-blizzard-soldier-baseAccuracy/2b5d1edc45772fe0f813312e/A-B
e311ee7bd95fe5791b952a91be903955cbaa904a409e7ab54a51f60ddddeb93b,vps/M-weather-preset-blizzard/ce8d7e74417fa1e0ac9702a0/B-A,vps/W-factor-blizzard-soldier-baseAccuracy/2b5d1edc45772fe0f813312e/B-A
b3dc42290c37634e713abfde95bc21fef246e3632964a891a5b4d2081af4fb08,vps/M-weather-preset-blizzard/0bd56365ee5772a23eea29f0/A-B,vps/W-factor-blizzard-soldier-baseAccuracy/36194da991c96fa96bf0289e/A-B
1e40ca86a18ce9fac1649aaf31bb1d984abaa7c9f817fb1171687ccd1c76b667,vps/M-weather-preset-blizzard/0bd56365ee5772a23eea29f0/B-A,vps/W-factor-blizzard-soldier-baseAccuracy/36194da991c96fa96bf0289e/B-A
c492cb5c6faf38fd6ff40ed6e1295534c1019ac06d54d1290b84a681ad6717ed,vps/M-weather-preset-blizzard/6b0d1989c3b02a167bb46f5a/A-B,vps/W-factor-blizzard-soldier-baseAccuracy/56e4f8587ce574f82b4503dd/A-B
d0ba95e6da599c371037714206a475d58369e07e2a11ce2b480f6f654dcffeb7,vps/M-weather-preset-blizzard/6b0d1989c3b02a167bb46f5a/B-A,vps/W-factor-blizzard-soldier-baseAccuracy/56e4f8587ce574f82b4503dd/B-A
470964769d72826d854e9c0c61a3ecb5b8a095cd90e475464c3e7ac369ef5df3,vps/M-weather-preset-blizzard/a1e541fea8418df471bb8f56/A-B,vps/W-factor-blizzard-soldier-baseAccuracy/65680b686f2c9c0d42d1da2a/A-B
4cca61e6ee65198687ba7482aef8b1738c2da1df76812eb5253969ac7e84ac1d,vps/M-weather-preset-blizzard/a1e541fea8418df471bb8f56/B-A,vps/W-factor-blizzard-soldier-baseAccuracy/65680b686f2c9c0d42d1da2a/B-A
d9b158362ee748c583b9201089244f5e1ab3d35c081fbea659551f50eea6039a,vps/M-weather-preset-blizzard/6ffba9e9ab022f2eb090618e/A-B,vps/W-factor-blizzard-soldier-baseAccuracy/6930d593c719ba571553bfd8/A-B
95774d09b60d1f58cdabe0341c0bb1b83fa0f08cb483b50662003dfa5f8b3684,vps/M-weather-preset-blizzard/6ffba9e9ab022f2eb090618e/B-A,vps/W-factor-blizzard-soldier-baseAccuracy/6930d593c719ba571553bfd8/B-A
e773aff6b03cab33c176cd2e8eb8041238e5d3a41e0a492e16eafcd317013ed3,vps/M-weather-preset-blizzard/0107a86ab67ccd3842d87687/A-B,vps/W-factor-blizzard-soldier-baseAccuracy/931a05010beec9cef5130772/A-B
ee1b6d577cc5bd620435a25dfa82e33ed5f949b69748850f1d1cf81fa4b080bf,vps/M-weather-preset-blizzard/0107a86ab67ccd3842d87687/B-A,vps/W-factor-blizzard-soldier-baseAccuracy/931a05010beec9cef5130772/B-A
2da86569493f252ff044a4d1f703dd9b6c7cee71aa0c0e11b3b46990d3b2a8fb,vps/M-weather-preset-blizzard/b3e10a9ee8bdfcc1c6965d6e/A-B,vps/W-factor-blizzard-soldier-baseAccuracy/c0371a24202b11e2d802220d/A-B
4b4cdd89a8ff1425193a9396ceab40d872e0bb8a79756100e45affe4cac76f84,vps/M-weather-preset-blizzard/b3e10a9ee8bdfcc1c6965d6e/B-A,vps/W-factor-blizzard-soldier-baseAccuracy/c0371a24202b11e2d802220d/B-A
c0b7dcde26758f62d3def38df992ccefc95ab395f80937bf62c6574d68165600,vps/M-weather-preset-blizzard/2114c92f14ce8a82c10796bf/A-B,vps/W-factor-blizzard-soldier-baseAccuracy/d38f017a7a4108ffd0ca7a3c/A-B
ec6e18eb2a12d2f454acc77361cdc4e5925f9cb62a9762c74c8beeae2579683f,vps/M-weather-preset-blizzard/2114c92f14ce8a82c10796bf/B-A,vps/W-factor-blizzard-soldier-baseAccuracy/d38f017a7a4108ffd0ca7a3c/B-A
2fe24f1c9787c387668a9478642a5cea018eac50c9b86051df9ad21fdb6486f4,vps/M-weather-preset-blizzard/06b5f67339b0e5053f5cf127/A-B,vps/W-factor-blizzard-soldier-baseAccuracy/d4641823bec017adb608b051/A-B
dd9507761fb597f33c70e6dfe93fa86e5727778f2fa6f877e93a0774770f9494,vps/M-weather-preset-blizzard/06b5f67339b0e5053f5cf127/B-A,vps/W-factor-blizzard-soldier-baseAccuracy/d4641823bec017adb608b051/B-A
320f9b7c57b3be2a66b253053769a7542b0b2816b866a45d333d002fbc7afabc,vps/M-weather-preset-blizzard/39d5e8ae74355d5a0b560100/A-B,vps/W-factor-blizzard-soldier-baseAccuracy/dd898b6d86c835fd3f9745c7/A-B
2c358b5f7f34fac171051fd64b15c4ac6e701ede955854b78e02e6ba2861373c,vps/M-weather-preset-blizzard/39d5e8ae74355d5a0b560100/B-A,vps/W-factor-blizzard-soldier-baseAccuracy/dd898b6d86c835fd3f9745c7/B-A
1b4e326176e5fb45bd6c2630f213900007760e30eed690d1ede595159981a7e1,vps/M-weather-preset-blizzard/53ece49ae10a28eba0b4f4fd/A-B,vps/W-factor-blizzard-soldier-baseAccuracy/ed230657b935bf7d9c7c977f/A-B
06e4728fe3aeb06bc2bc654e04f0ac873b5c7233a0ac5254a65ec0018f674e25,vps/M-weather-preset-blizzard/53ece49ae10a28eba0b4f4fd/B-A,vps/W-factor-blizzard-soldier-baseAccuracy/ed230657b935bf7d9c7c977f/B-A
a6871b10db3733d5624d5ce74d62350f9f5777e32fcb627605c237cc416ded28,vps/M-weather-preset-blizzard/31f3acf5063c8cf39b6f92fa/A-B,vps/W-factor-blizzard-soldier-baseAccuracy/fda290c13af3338e15c6ef45/A-B
3b340b7d64aff25b587756906ebaf873f40637c1b51330e22db58c7a410c1bf0,vps/M-weather-preset-blizzard/31f3acf5063c8cf39b6f92fa/B-A,vps/W-factor-blizzard-soldier-baseAccuracy/fda290c13af3338e15c6ef45/B-A
4c64961941dafa136181397d10c74a0d6a675ea090e5b0226eae73fc72af215e,vps/M-weather-preset-blizzard/7b50083271c01e872981573a/A-B,vps/W-factor-blizzard-spearman-attack/04e0c37890be8232a01eb438/A-B
e4b1797ab77de59861d35f35f22e8c3410ac3c9ba7111a8ad380f50948beada9,vps/M-weather-preset-blizzard/7b50083271c01e872981573a/B-A,vps/W-factor-blizzard-spearman-attack/04e0c37890be8232a01eb438/B-A
40e46f152feae3e30b2ae5902d6196c79cc96d36c7df2c62d2a8b2d19ef45f6a,vps/M-weather-preset-blizzard/f534f4be220c3febf21ee76d/A-B,vps/W-factor-blizzard-spearman-attack/128779b77e47b328d7a70179/A-B
50b65da42a641af5cbde1fc0e459af1baa9409a53a98c545d5a7dea5ad652dd8,vps/M-weather-preset-blizzard/f534f4be220c3febf21ee76d/B-A,vps/W-factor-blizzard-spearman-attack/128779b77e47b328d7a70179/B-A
5501ded2ae02a5e97373863a1f15101d94f7bb534e22e50d8c8478b81a402b40,vps/M-weather-preset-blizzard/5be842d1bbbc408696caea7d/A-B,vps/W-factor-blizzard-spearman-attack/4c8f7ff3fb7aa2ffdab574b4/A-B
019d3ee2dcaa79c2280ef32ecd3694dd9ed052c76c52436049c402a5531809ce,vps/M-weather-preset-blizzard/5be842d1bbbc408696caea7d/B-A,vps/W-factor-blizzard-spearman-attack/4c8f7ff3fb7aa2ffdab574b4/B-A
6232ef2e5c9491083f6af351c27ca36546f05cfcca45a2fe83f03bfea9562f0d,vps/M-weather-preset-blizzard/8c59b45c772262228566db8b/A-B,vps/W-factor-blizzard-spearman-attack/925b5e4168e026902a7965fd/A-B
ae7a267598ad18c0e7ec3a38d023c05fc9af484b9ff22d169071e352250cfd38,vps/M-weather-preset-blizzard/8c59b45c772262228566db8b/B-A,vps/W-factor-blizzard-spearman-attack/925b5e4168e026902a7965fd/B-A
d0b4174ae78aa251adb5cabbc171a176e96d76353994bb3fb7266cd185fcbf1b,vps/M-weather-preset-blizzard/f9f963dfb314f8ab802f75d1/A-B,vps/W-factor-blizzard-spearman-attack/a06dda0e4fec0c5ce28b6e63/A-B
cfcd39533dbb626eae3e722f86d51b124c1035eef8f96e9441147f0d7e7a137d,vps/M-weather-preset-blizzard/f9f963dfb314f8ab802f75d1/B-A,vps/W-factor-blizzard-spearman-attack/a06dda0e4fec0c5ce28b6e63/B-A
b92332e062e02d1c76ac3e5cee32de5e7629beff8f83ee4fe5479d8e7ba26b11,vps/M-weather-preset-blizzard/04d9fe325402e8fe99023d80/A-B,vps/W-factor-blizzard-spearman-attack/a220bf314511fee0b1076adc/A-B
c1aae676e1dbe6143a161cead0e6e190483ef7dec2671961f451a3eba9732737,vps/M-weather-preset-blizzard/04d9fe325402e8fe99023d80/B-A,vps/W-factor-blizzard-spearman-attack/a220bf314511fee0b1076adc/B-A
03676839188e567d14fefd1a165f469651138e60b1c920f4f010ebfc0dfc23cf,vps/M-weather-preset-blizzard/601aff0bd8b94c5ce7d3dea4/A-B,vps/W-factor-blizzard-spearman-attack/c4eea7b34bedc8d831af5aa6/A-B
7860eac3c0fe56d83c90477115bdf590274e927dfc768c053dd03a10e649ab65,vps/M-weather-preset-blizzard/601aff0bd8b94c5ce7d3dea4/B-A,vps/W-factor-blizzard-spearman-attack/c4eea7b34bedc8d831af5aa6/B-A
26db57d8d2bd764120f71f51b0286416faeff27d6c64f3267b5c8d188c64d6c1,vps/M-weather-preset-blizzard/10bd2f27780c7ea8ccb19692/A-B,vps/W-factor-blizzard-spearman-attack/c8ce5b885398094985001953/A-B
1506bc96a03bebc482ee5d2f1afbfde20ecebdb0673773945a686658546248f7,vps/M-weather-preset-blizzard/10bd2f27780c7ea8ccb19692/B-A,vps/W-factor-blizzard-spearman-attack/c8ce5b885398094985001953/B-A
9f9b20662c27aeb76d530410d87d7a289e4cce89a8145705533ad7585555d952,vps/M-weather-preset-blizzard/6ccc5580a37e3550e4a6630b/A-B,vps/W-factor-blizzard-spearman-attack/eabc9e42185ad0c12e9ea8a4/A-B
50865f294f4f17ef69fd1def0884e0b276e7b083b231f990190fe28c527fbfa4,vps/M-weather-preset-blizzard/6ccc5580a37e3550e4a6630b/B-A,vps/W-factor-blizzard-spearman-attack/eabc9e42185ad0c12e9ea8a4/B-A
b92332e062e02d1c76ac3e5cee32de5e7629beff8f83ee4fe5479d8e7ba26b11,vps/M-weather-preset-blizzard/04d9fe325402e8fe99023d80/A-B,vps/W-factor-blizzard-spearman-baseAccuracy/0d1c70ccd0b8acb08c740837/A-B
c1aae676e1dbe6143a161cead0e6e190483ef7dec2671961f451a3eba9732737,vps/M-weather-preset-blizzard/04d9fe325402e8fe99023d80/B-A,vps/W-factor-blizzard-spearman-baseAccuracy/0d1c70ccd0b8acb08c740837/B-A
40e46f152feae3e30b2ae5902d6196c79cc96d36c7df2c62d2a8b2d19ef45f6a,vps/M-weather-preset-blizzard/f534f4be220c3febf21ee76d/A-B,vps/W-factor-blizzard-spearman-baseAccuracy/10200c99e61dcf16aedefcd6/A-B
50b65da42a641af5cbde1fc0e459af1baa9409a53a98c545d5a7dea5ad652dd8,vps/M-weather-preset-blizzard/f534f4be220c3febf21ee76d/B-A,vps/W-factor-blizzard-spearman-baseAccuracy/10200c99e61dcf16aedefcd6/B-A
26db57d8d2bd764120f71f51b0286416faeff27d6c64f3267b5c8d188c64d6c1,vps/M-weather-preset-blizzard/10bd2f27780c7ea8ccb19692/A-B,vps/W-factor-blizzard-spearman-baseAccuracy/21a9bfad284917d1daa5b990/A-B
1506bc96a03bebc482ee5d2f1afbfde20ecebdb0673773945a686658546248f7,vps/M-weather-preset-blizzard/10bd2f27780c7ea8ccb19692/B-A,vps/W-factor-blizzard-spearman-baseAccuracy/21a9bfad284917d1daa5b990/B-A
6232ef2e5c9491083f6af351c27ca36546f05cfcca45a2fe83f03bfea9562f0d,vps/M-weather-preset-blizzard/8c59b45c772262228566db8b/A-B,vps/W-factor-blizzard-spearman-baseAccuracy/23bccf8fe43303a7421f1c7a/A-B
ae7a267598ad18c0e7ec3a38d023c05fc9af484b9ff22d169071e352250cfd38,vps/M-weather-preset-blizzard/8c59b45c772262228566db8b/B-A,vps/W-factor-blizzard-spearman-baseAccuracy/23bccf8fe43303a7421f1c7a/B-A
2368a153befb929bb07a6de078c83ad253b185a8bb7314feb40c5ac6f2595ef5,vps/W-factor-blizzard-spearman-attack/e9c1d7cc6a20d0769b9848f1/A-B,vps/W-factor-blizzard-spearman-baseAccuracy/2e7fe323d3b433d86a606bbb/A-B
2554c976d71712aa61d39043cad4db31000e3c1d98e23dface3cd293dff62553,vps/W-factor-blizzard-spearman-attack/e9c1d7cc6a20d0769b9848f1/B-A,vps/W-factor-blizzard-spearman-baseAccuracy/2e7fe323d3b433d86a606bbb/B-A
4c64961941dafa136181397d10c74a0d6a675ea090e5b0226eae73fc72af215e,vps/M-weather-preset-blizzard/7b50083271c01e872981573a/A-B,vps/W-factor-blizzard-spearman-baseAccuracy/411bba345be90bd29a2f67bd/A-B
e4b1797ab77de59861d35f35f22e8c3410ac3c9ba7111a8ad380f50948beada9,vps/M-weather-preset-blizzard/7b50083271c01e872981573a/B-A,vps/W-factor-blizzard-spearman-baseAccuracy/411bba345be90bd29a2f67bd/B-A
9f9b20662c27aeb76d530410d87d7a289e4cce89a8145705533ad7585555d952,vps/M-weather-preset-blizzard/6ccc5580a37e3550e4a6630b/A-B,vps/W-factor-blizzard-spearman-baseAccuracy/8b352ba6d2a4040e59c789ee/A-B
50865f294f4f17ef69fd1def0884e0b276e7b083b231f990190fe28c527fbfa4,vps/M-weather-preset-blizzard/6ccc5580a37e3550e4a6630b/B-A,vps/W-factor-blizzard-spearman-baseAccuracy/8b352ba6d2a4040e59c789ee/B-A
d0b4174ae78aa251adb5cabbc171a176e96d76353994bb3fb7266cd185fcbf1b,vps/M-weather-preset-blizzard/f9f963dfb314f8ab802f75d1/A-B,vps/W-factor-blizzard-spearman-baseAccuracy/acf3491fa7a0c18f229471da/A-B
cfcd39533dbb626eae3e722f86d51b124c1035eef8f96e9441147f0d7e7a137d,vps/M-weather-preset-blizzard/f9f963dfb314f8ab802f75d1/B-A,vps/W-factor-blizzard-spearman-baseAccuracy/acf3491fa7a0c18f229471da/B-A
107d2095f462bd24a91655bfa9ed6e353050918407bbeac41a0546bc184a2785,vps/W-factor-blizzard-spearman-attack/07a51cd02006ca8356920f3f/A-B,vps/W-factor-blizzard-spearman-baseAccuracy/ad5611f03061c3fc2e5de081/A-B
1cad5a4edce9b1d3a5b6ff2155f4ca04a13f7c030e551a1513ccf0adc41e6e8c,vps/W-factor-blizzard-spearman-attack/07a51cd02006ca8356920f3f/B-A,vps/W-factor-blizzard-spearman-baseAccuracy/ad5611f03061c3fc2e5de081/B-A
d827a9f822b91ba33a018ac6a784a6b502581dc1bd1b9f18cec3ab8b2bee5850,vps/W-factor-blizzard-spearman-attack/bd3a72609c04a65bdd308c40/A-B,vps/W-factor-blizzard-spearman-baseAccuracy/c620e03d9f4e0aebb0e9c9d8/A-B
0600b1d82399b9a0e6f87cd87fe10f121e753b69c9f33b8dca8a97cc1005c091,vps/W-factor-blizzard-spearman-attack/bd3a72609c04a65bdd308c40/B-A,vps/W-factor-blizzard-spearman-baseAccuracy/c620e03d9f4e0aebb0e9c9d8/B-A
5501ded2ae02a5e97373863a1f15101d94f7bb534e22e50d8c8478b81a402b40,vps/M-weather-preset-blizzard/5be842d1bbbc408696caea7d/A-B,vps/W-factor-blizzard-spearman-baseAccuracy/c7ecda5f1a6d9d9e66ef8afe/A-B
019d3ee2dcaa79c2280ef32ecd3694dd9ed052c76c52436049c402a5531809ce,vps/M-weather-preset-blizzard/5be842d1bbbc408696caea7d/B-A,vps/W-factor-blizzard-spearman-baseAccuracy/c7ecda5f1a6d9d9e66ef8afe/B-A
03676839188e567d14fefd1a165f469651138e60b1c920f4f010ebfc0dfc23cf,vps/M-weather-preset-blizzard/601aff0bd8b94c5ce7d3dea4/A-B,vps/W-factor-blizzard-spearman-baseAccuracy/f33b148adbf3a861a35c8305/A-B
7860eac3c0fe56d83c90477115bdf590274e927dfc768c053dd03a10e649ab65,vps/M-weather-preset-blizzard/601aff0bd8b94c5ce7d3dea4/B-A,vps/W-factor-blizzard-spearman-baseAccuracy/f33b148adbf3a861a35c8305/B-A
4e7fccad5525e220a23e5f37ece28310820f0737cb8dbd04dfd3d17b8ecfb2ea,vps/M-weather-preset-canicule/334239a11352f0b791500704/A-B,vps/W-factor-canicule-archer-attack/2f1f188bb9c35656650078fa/A-B
14721d3e8bd350f600629c026c1d35105c95593aff08dd1035174f4e0e83ba3e,vps/M-weather-preset-canicule/334239a11352f0b791500704/B-A,vps/W-factor-canicule-archer-attack/2f1f188bb9c35656650078fa/B-A
8c8d8c7cba753d0d8e1b2694bdb464592ba384ac0fb5eb5acddf969887d71c62,vps/M-weather-preset-canicule/5fd55b6b06f100312646a412/A-B,vps/W-factor-canicule-archer-attack/6059578af0d946a78d322760/A-B
1f4177b1450506144bda4fc4ca79feadf4720678729e25a86320a2ece061e374,vps/M-weather-preset-canicule/5fd55b6b06f100312646a412/B-A,vps/W-factor-canicule-archer-attack/6059578af0d946a78d322760/B-A
b56bb71973e510d21992a532a143255cc1bf24ab62206ca8a5910d75f004e261,vps/M-weather-preset-canicule/617c198373b8ee4cdc02d160/A-B,vps/W-factor-canicule-archer-attack/723971175345a29191cf8e29/A-B
23c8132e3a250881ab9f14be6688b25f9d8975a4c3f2de172d75149a8973d2d9,vps/M-weather-preset-canicule/617c198373b8ee4cdc02d160/B-A,vps/W-factor-canicule-archer-attack/723971175345a29191cf8e29/B-A
8251143aae450b03a9c687b194084d54205ebbf56a91ab1b7ec574f893f34937,vps/M-weather-preset-canicule/acc7849683d1803739a666fb/A-B,vps/W-factor-canicule-archer-attack/8fc58f245a63c2180a19fc9a/A-B
f9f7bbf56c7d309236c9ab9c4a2688fcc7f16c9d7cbfad03836b90bd63a0f9b7,vps/M-weather-preset-canicule/acc7849683d1803739a666fb/B-A,vps/W-factor-canicule-archer-attack/8fc58f245a63c2180a19fc9a/B-A
c9a796192082998a825473fdbc95c53bb439f7197ef274b7e60de340ecedb3c4,vps/M-weather-preset-canicule/e7c4e1ff9eac89bd021e5a3e/A-B,vps/W-factor-canicule-archer-attack/dceafb680ca7be4c3405f7dd/A-B
a4d4f2293b8880482f338eae28b965cf6c5f1240164a2ae0416a5ebb15d1b4f3,vps/M-weather-preset-canicule/e7c4e1ff9eac89bd021e5a3e/B-A,vps/W-factor-canicule-archer-attack/dceafb680ca7be4c3405f7dd/B-A
9640edd698097d7f0e36a58bf299d0f75080b32f589483b303a8953f54f01b06,vps/M-weather-preset-canicule/62147e09dcbe746dcc614508/A-B,vps/W-factor-canicule-archer-attack/f5613da8968fb198db3dd52b/A-B
c673aaef97e392a33e5cf5239bfaf381f8aa7df795a6de58aee18ce355aec76f,vps/M-weather-preset-canicule/62147e09dcbe746dcc614508/B-A,vps/W-factor-canicule-archer-attack/f5613da8968fb198db3dd52b/B-A
d2960ffbffc95a01172717b3baf1e2f586c0c0c56b4f22d7c4c556ef411fb2f1,vps/W-factor-canicule-archer-attack/80a68e013edb294c68955dad/A-B,vps/W-factor-canicule-archer-baseAccuracy/17ac9d49629e86af0aed57ed/A-B
0ccd7b9017389d5f198910efeacd83c2d57b5dbe5dda81941d3a741847d515fe,vps/W-factor-canicule-archer-attack/80a68e013edb294c68955dad/B-A,vps/W-factor-canicule-archer-baseAccuracy/17ac9d49629e86af0aed57ed/B-A
9640edd698097d7f0e36a58bf299d0f75080b32f589483b303a8953f54f01b06,vps/M-weather-preset-canicule/62147e09dcbe746dcc614508/A-B,vps/W-factor-canicule-archer-baseAccuracy/241a8f5143045bbccca31143/A-B
c673aaef97e392a33e5cf5239bfaf381f8aa7df795a6de58aee18ce355aec76f,vps/M-weather-preset-canicule/62147e09dcbe746dcc614508/B-A,vps/W-factor-canicule-archer-baseAccuracy/241a8f5143045bbccca31143/B-A
8c8d8c7cba753d0d8e1b2694bdb464592ba384ac0fb5eb5acddf969887d71c62,vps/M-weather-preset-canicule/5fd55b6b06f100312646a412/A-B,vps/W-factor-canicule-archer-baseAccuracy/2482b534bff55edd9dc619b7/A-B
1f4177b1450506144bda4fc4ca79feadf4720678729e25a86320a2ece061e374,vps/M-weather-preset-canicule/5fd55b6b06f100312646a412/B-A,vps/W-factor-canicule-archer-baseAccuracy/2482b534bff55edd9dc619b7/B-A
c9a796192082998a825473fdbc95c53bb439f7197ef274b7e60de340ecedb3c4,vps/M-weather-preset-canicule/e7c4e1ff9eac89bd021e5a3e/A-B,vps/W-factor-canicule-archer-baseAccuracy/2ec137d78d7a165522e98d03/A-B
a4d4f2293b8880482f338eae28b965cf6c5f1240164a2ae0416a5ebb15d1b4f3,vps/M-weather-preset-canicule/e7c4e1ff9eac89bd021e5a3e/B-A,vps/W-factor-canicule-archer-baseAccuracy/2ec137d78d7a165522e98d03/B-A
b56bb71973e510d21992a532a143255cc1bf24ab62206ca8a5910d75f004e261,vps/M-weather-preset-canicule/617c198373b8ee4cdc02d160/A-B,vps/W-factor-canicule-archer-baseAccuracy/43dcf263c98cde47c66a7024/A-B
23c8132e3a250881ab9f14be6688b25f9d8975a4c3f2de172d75149a8973d2d9,vps/M-weather-preset-canicule/617c198373b8ee4cdc02d160/B-A,vps/W-factor-canicule-archer-baseAccuracy/43dcf263c98cde47c66a7024/B-A
8251143aae450b03a9c687b194084d54205ebbf56a91ab1b7ec574f893f34937,vps/M-weather-preset-canicule/acc7849683d1803739a666fb/A-B,vps/W-factor-canicule-archer-baseAccuracy/85633f030fb30f6008fca059/A-B
f9f7bbf56c7d309236c9ab9c4a2688fcc7f16c9d7cbfad03836b90bd63a0f9b7,vps/M-weather-preset-canicule/acc7849683d1803739a666fb/B-A,vps/W-factor-canicule-archer-baseAccuracy/85633f030fb30f6008fca059/B-A
4e7fccad5525e220a23e5f37ece28310820f0737cb8dbd04dfd3d17b8ecfb2ea,vps/M-weather-preset-canicule/334239a11352f0b791500704/A-B,vps/W-factor-canicule-archer-baseAccuracy/8d0729aebf9d163bfeb6d6fb/A-B
14721d3e8bd350f600629c026c1d35105c95593aff08dd1035174f4e0e83ba3e,vps/M-weather-preset-canicule/334239a11352f0b791500704/B-A,vps/W-factor-canicule-archer-baseAccuracy/8d0729aebf9d163bfeb6d6fb/B-A
0703e6b23a4a90dbbecf3982eff9dcaf1f3e8eda6f129635678308dc8419626f,vps/W-factor-canicule-archer-attack/545315e6b64065d0e28c9a53/A-B,vps/W-factor-canicule-archer-baseAccuracy/95b329f955a847919c001bd9/A-B
6966a6b848dd34f3dee8dd04a9fc24a98173bf31b6d5a0c25705068e62fee7b6,vps/W-factor-canicule-archer-attack/545315e6b64065d0e28c9a53/B-A,vps/W-factor-canicule-archer-baseAccuracy/95b329f955a847919c001bd9/B-A
a823b25c84b49c0090e4ec79034d7d94a98e831d9084e56ec285a280d99b5d73,vps/W-factor-canicule-archer-attack/933b2a13dc01b6561a28aa4f/A-B,vps/W-factor-canicule-archer-baseAccuracy/97466e8b76d0e6760052c7b0/A-B
4504d38e26e3e512d5657b8a0d87d414187ba6b3ad06a0a7b67a4b7c9ac1ce7f,vps/W-factor-canicule-archer-attack/933b2a13dc01b6561a28aa4f/B-A,vps/W-factor-canicule-archer-baseAccuracy/97466e8b76d0e6760052c7b0/B-A
30022d6858db059bd890db988c7605e17a5f3c2771e5cbad057c05c3c5b3b7b2,vps/W-factor-canicule-archer-attack/6092d0544aff8b2e260f5e4b/A-B,vps/W-factor-canicule-archer-baseAccuracy/c151aa025f5bd11885ebb0f5/A-B
fe5a5e0a3824f0c114df4d3c8e5f85fe64fc8d9f5ab6db0e9752e78a3271129c,vps/W-factor-canicule-archer-attack/6092d0544aff8b2e260f5e4b/B-A,vps/W-factor-canicule-archer-baseAccuracy/c151aa025f5bd11885ebb0f5/B-A
00152314acced7557ccefde013a7291d231c0f3de2940b08ed834c6c9cba1b74,vps/W-factor-canicule-archer-attack/8b9447be76de7b44bbf0c7fd/A-B,vps/W-factor-canicule-archer-baseAccuracy/dbd880da1277c1633f597a68/A-B
9d95d707bee084f605f0b88a7df56eaff3930ae2cbf0830d046f4874af178e86,vps/W-factor-canicule-archer-attack/8b9447be76de7b44bbf0c7fd/B-A,vps/W-factor-canicule-archer-baseAccuracy/dbd880da1277c1633f597a68/B-A
1b5e1c78a34f4787f3da53d1c69d62e195ac1506579c25dffd33008532d5e002,vps/W-factor-canicule-archer-attack/d39cf0362ff41f3c07dd8bca/A-B,vps/W-factor-canicule-archer-baseAccuracy/ff0d6a6149d1646fac70583f/A-B
cc5b469af1810aabc7fe9b941da070943d020f682082ba661f220ebea1078911,vps/W-factor-canicule-archer-attack/d39cf0362ff41f3c07dd8bca/B-A,vps/W-factor-canicule-archer-baseAccuracy/ff0d6a6149d1646fac70583f/B-A
26d614fe7187cefcec27c6b334ab6719ca9d5c2866232cf13c4f5ed5b2273c31,vps/M-weather-preset-canicule/49f54265251eb38938097589/A-B,vps/W-factor-canicule-knight-attack/2f85d344236034934d29f7cd/A-B
c0f2e1a59fe23c83e24125734cf1df1eb093622c955fef8e5f39d6893d199fc4,vps/M-weather-preset-canicule/49f54265251eb38938097589/B-A,vps/W-factor-canicule-knight-attack/2f85d344236034934d29f7cd/B-A
d3f3fcf582a981a4cd3b904c77f1899fc76e44ee6a9c94b55b624ba2a44319fc,vps/M-weather-preset-canicule/b2988d2851ba24f1ca248d8a/A-B,vps/W-factor-canicule-knight-attack/776817db98600ef8be406adc/A-B
a587dad0a4f6d939ec61f00778d6397a995cfa5260202c662b411b48af0687fe,vps/M-weather-preset-canicule/b2988d2851ba24f1ca248d8a/B-A,vps/W-factor-canicule-knight-attack/776817db98600ef8be406adc/B-A
923b4501e927606022f968b91a200c3b7cd78701b697beee7dc5cc430d206d18,vps/M-weather-preset-canicule/96e0965de273f2dc42071608/A-B,vps/W-factor-canicule-knight-attack/eb5d6c3aac5fa8432782ae06/A-B
de340d9b5ecd3e7e4d1c017c0a0b4f0093e632a79f0ffa0dbdbfbfaf41bcf077,vps/M-weather-preset-canicule/96e0965de273f2dc42071608/B-A,vps/W-factor-canicule-knight-attack/eb5d6c3aac5fa8432782ae06/B-A
26d614fe7187cefcec27c6b334ab6719ca9d5c2866232cf13c4f5ed5b2273c31,vps/M-weather-preset-canicule/49f54265251eb38938097589/A-B,vps/W-factor-canicule-knight-baseAccuracy/1881be75d49955ddb50ad826/A-B
c0f2e1a59fe23c83e24125734cf1df1eb093622c955fef8e5f39d6893d199fc4,vps/M-weather-preset-canicule/49f54265251eb38938097589/B-A,vps/W-factor-canicule-knight-baseAccuracy/1881be75d49955ddb50ad826/B-A
ef5037adc1ad786c07cf641405076522bd957cea2547866e75d60cff68999b4d,vps/W-factor-canicule-knight-attack/b706fe8e0529e915c5e46b5a/A-B,vps/W-factor-canicule-knight-baseAccuracy/23b29e38e576e489ffc9cccd/A-B
aa0453ff89f30db0abbdcff986bbeecd4f531af7dc965cf5d5b7dd7b6615b3ca,vps/W-factor-canicule-knight-attack/b706fe8e0529e915c5e46b5a/B-A,vps/W-factor-canicule-knight-baseAccuracy/23b29e38e576e489ffc9cccd/B-A
923b4501e927606022f968b91a200c3b7cd78701b697beee7dc5cc430d206d18,vps/M-weather-preset-canicule/96e0965de273f2dc42071608/A-B,vps/W-factor-canicule-knight-baseAccuracy/2e0fa0c34b352dd860dfc1a3/A-B
de340d9b5ecd3e7e4d1c017c0a0b4f0093e632a79f0ffa0dbdbfbfaf41bcf077,vps/M-weather-preset-canicule/96e0965de273f2dc42071608/B-A,vps/W-factor-canicule-knight-baseAccuracy/2e0fa0c34b352dd860dfc1a3/B-A
6549a4ea0828ca7cd5fb70107f98ba2f43a2855e1f17c97dc98ad2dbe0e5ef37,vps/W-factor-canicule-knight-attack/7163cdf686db94d5f0676a2f/A-B,vps/W-factor-canicule-knight-baseAccuracy/2fea3338badf366ce4490769/A-B
dd123af8c9160a6faf98c152f9ba1d0bced8fe493a6f00f475a3e58d74872386,vps/W-factor-canicule-knight-attack/7163cdf686db94d5f0676a2f/B-A,vps/W-factor-canicule-knight-baseAccuracy/2fea3338badf366ce4490769/B-A
c8a399e684e6d1c83201b9636a75d5632b84fbce5df53ac9db5e39ad5cb96f20,vps/W-factor-canicule-knight-attack/ef73ced3de9087ed8c45e77f/A-B,vps/W-factor-canicule-knight-baseAccuracy/6f7c49adc22d4108784cc6f0/A-B
9b7ec05898eafa645de80ede76e7d24ec8038a06fab14a43c7f3e48d8bbd2948,vps/W-factor-canicule-knight-attack/ef73ced3de9087ed8c45e77f/B-A,vps/W-factor-canicule-knight-baseAccuracy/6f7c49adc22d4108784cc6f0/B-A
48fbb469e9e092db0cd87f995c675ec31331f9ac4e5103b4f73cd6a8d6098393,vps/W-factor-canicule-knight-attack/ddddc888db9935aaf8706302/A-B,vps/W-factor-canicule-knight-baseAccuracy/8743b2fddcb25b825575615e/A-B
73127dbf133de6b9fdff5bfe3cc368a955531f1f12359faee399b6418ab0101b,vps/W-factor-canicule-knight-attack/ddddc888db9935aaf8706302/B-A,vps/W-factor-canicule-knight-baseAccuracy/8743b2fddcb25b825575615e/B-A
d3f3fcf582a981a4cd3b904c77f1899fc76e44ee6a9c94b55b624ba2a44319fc,vps/M-weather-preset-canicule/b2988d2851ba24f1ca248d8a/A-B,vps/W-factor-canicule-knight-baseAccuracy/b91eda71f6be2f6afd7862f7/A-B
a587dad0a4f6d939ec61f00778d6397a995cfa5260202c662b411b48af0687fe,vps/M-weather-preset-canicule/b2988d2851ba24f1ca248d8a/B-A,vps/W-factor-canicule-knight-baseAccuracy/b91eda71f6be2f6afd7862f7/B-A
bd414a54c8b6d5edc2671e503c980100385b7a6c708d57ed58b13d97f2e1750b,vps/W-factor-canicule-knight-attack/121e59a19e2a771cd58d15de/A-B,vps/W-factor-canicule-knight-baseAccuracy/c2c4586ce29199e9e30fca6e/A-B
fa0c3cd74f7cf8c725d38f3d5ab2976bb6552eab4da1804d2159de98e2c2daf2,vps/W-factor-canicule-knight-attack/121e59a19e2a771cd58d15de/B-A,vps/W-factor-canicule-knight-baseAccuracy/c2c4586ce29199e9e30fca6e/B-A
194e9f22dcb013561e1c447bd107ba6b498ab5d355c29fbc9aa10ec834aaf8f6,vps/W-factor-canicule-knight-attack/d6db2d3c014ec53b284efc94/A-B,vps/W-factor-canicule-knight-baseAccuracy/dc48e52ef446206abd6b5ecf/A-B
f50b982f52b69e978d228214ce65aeb183116b2f46105ee442ac5edd431ac6ec,vps/W-factor-canicule-knight-attack/d6db2d3c014ec53b284efc94/B-A,vps/W-factor-canicule-knight-baseAccuracy/dc48e52ef446206abd6b5ecf/B-A
28655eb6fe1299db6ec45f68b44a7457ed2ff2f912e97ae8a3bbb4c789ef33a3,vps/W-factor-canicule-knight-attack/034b9c9a7a28010127962f4a/A-B,vps/W-factor-canicule-knight-baseAccuracy/de8c7b1892a3f2113d86d3b4/A-B
df9676978d5a987007ad904e02bcdbd8375f262bcd3f0ab0e4f83e1c15f614dd,vps/W-factor-canicule-knight-attack/034b9c9a7a28010127962f4a/B-A,vps/W-factor-canicule-knight-baseAccuracy/de8c7b1892a3f2113d86d3b4/B-A
1a5805b116b1827aafec8ab7fb290fe80ef7afde345f44277b4f5b1c82d0ce10,vps/W-factor-canicule-knight-attack/8a651cf6ab85859a1146ec45/A-B,vps/W-factor-canicule-knight-baseAccuracy/f950b13f7204eabee666b9fa/A-B
a70862ea1e60936581d7e1a941bf16986901a928217cd7775cbc6face2e1045c,vps/W-factor-canicule-knight-attack/8a651cf6ab85859a1146ec45/B-A,vps/W-factor-canicule-knight-baseAccuracy/f950b13f7204eabee666b9fa/B-A
81830690948720807ed81027277d4a08d632cb6a4421829986e12d12b8c104e7,vps/W-factor-canicule-knight-attack/18aa56d6c5f09cb28925e472/A-B,vps/W-factor-canicule-knight-baseAccuracy/feca7239b3963b23c8845b29/A-B
de90ccefa9203b9746815d1f2f3991fc09595824dd85d64909eed40a534e2f3e,vps/W-factor-canicule-knight-attack/18aa56d6c5f09cb28925e472/B-A,vps/W-factor-canicule-knight-baseAccuracy/feca7239b3963b23c8845b29/B-A
2d29f2c1773d8a1ecf750587e9c1865afad6126f122009e03a5447d58d85de00,vps/M-weather-preset-canicule/bc1f61b5397a01eab96a9541/A-B,vps/W-factor-canicule-soldier-attack/1e1d09bb570544d8027298dc/A-B
3559dbb8525319cda9a90f0d22e097c8dd1cb75e3a3e6b61258fc1912d29ca4f,vps/M-weather-preset-canicule/bc1f61b5397a01eab96a9541/B-A,vps/W-factor-canicule-soldier-attack/1e1d09bb570544d8027298dc/B-A
c98988cbddcca62dbb9653b6803196ac0eab66c654ced14ba25b529418e02ebf,vps/M-weather-preset-canicule/e328c715876c95141ed9d287/A-B,vps/W-factor-canicule-soldier-attack/5abcebdf74c5c2fc1e9bb216/A-B
4d38f2e2c349ceef8c2ec607247c54820b12b5fd9cb931845d2be12644f47385,vps/M-weather-preset-canicule/e328c715876c95141ed9d287/B-A,vps/W-factor-canicule-soldier-attack/5abcebdf74c5c2fc1e9bb216/B-A
570663efaf6a88d41503fa976df27f69e79f695ff4d7ce1e906bc474ef5d46be,vps/M-weather-preset-canicule/af4a583559c7f0ea67e96463/A-B,vps/W-factor-canicule-soldier-attack/5b1b56a14da7b9b5cefac325/A-B
8b44060da01e82c16867dc47964408c1fb628ab14fe91b28faaf98152da4f449,vps/M-weather-preset-canicule/af4a583559c7f0ea67e96463/B-A,vps/W-factor-canicule-soldier-attack/5b1b56a14da7b9b5cefac325/B-A
386ae316e973defd5cc281caef67783af80a2663fcd7b7dc1d3444126437481d,vps/M-weather-preset-canicule/081f8c433a78e8734e9ec96d/A-B,vps/W-factor-canicule-soldier-attack/5eaad467fd3dd97f18f4d5c6/A-B
3de630427e17379d22909cf6a45d5c4b39159bbf137e0da63dc64c7299f6528e,vps/M-weather-preset-canicule/081f8c433a78e8734e9ec96d/B-A,vps/W-factor-canicule-soldier-attack/5eaad467fd3dd97f18f4d5c6/B-A
8ab92f4f6b5adffbc5b7d0ac0aacf992059d8de113973c81031d1e01049adb9d,vps/M-weather-preset-canicule/7d9bc94fe64340dbe542d4d2/A-B,vps/W-factor-canicule-soldier-attack/62f7e137b78962bc0ea21a56/A-B
0e2f07de9cf702069ed125de2f9e815e448afdd1732c2fc26f8ae2673de8d90e,vps/M-weather-preset-canicule/7d9bc94fe64340dbe542d4d2/B-A,vps/W-factor-canicule-soldier-attack/62f7e137b78962bc0ea21a56/B-A
0bc6203d2f9941f11b9b02dbb0abeadcbe2efc617a010b014df8b1fdb4d9aeda,vps/M-weather-preset-canicule/33245407698dd0d1c043e152/A-B,vps/W-factor-canicule-soldier-attack/6908c4ba26cca3a7ccc0ff2f/A-B
bd634c859f70fcb475e107e80329c5531dc7d0ea97dddb9cc135d3c4905f4fce,vps/M-weather-preset-canicule/33245407698dd0d1c043e152/B-A,vps/W-factor-canicule-soldier-attack/6908c4ba26cca3a7ccc0ff2f/B-A
9c57e29d36e4fef2c5c63fc0d35b5b4281bebd683469f4a83855cdf8e233a389,vps/M-weather-preset-canicule/da17e073cb4b38421a8bbfe7/A-B,vps/W-factor-canicule-soldier-attack/6b54490bd1c6ce10cac24bbe/A-B
1bcbea50cd3cdf3fb0fee5dfd03206feb7d1c57c209b52144d3acd84d9a298f2,vps/M-weather-preset-canicule/da17e073cb4b38421a8bbfe7/B-A,vps/W-factor-canicule-soldier-attack/6b54490bd1c6ce10cac24bbe/B-A
40f155905710dc67b8bca554658ab97cc1392c7417095d7fbab33e80d022bf3d,vps/M-weather-preset-canicule/b9f39a92dae8286545b5b206/A-B,vps/W-factor-canicule-soldier-attack/78f258a90f3f83232dc4ca40/A-B
05e1cc3f01465eb0c219c5cdae800cae253c33ab452d8b537a790993b53357d8,vps/M-weather-preset-canicule/b9f39a92dae8286545b5b206/B-A,vps/W-factor-canicule-soldier-attack/78f258a90f3f83232dc4ca40/B-A
de8aa66661bd65735e0954194cbfe40e2a7691dcddd322f9407ea58d2cef23e6,vps/M-weather-preset-canicule/b218ef3ce8432c71eb1f4772/A-B,vps/W-factor-canicule-soldier-attack/7ddca81fa225f9258d93f644/A-B
59d4196b45e9c3de8303ade271ae41e7ee0d6368fa5343cc69391876158b5b48,vps/M-weather-preset-canicule/b218ef3ce8432c71eb1f4772/B-A,vps/W-factor-canicule-soldier-attack/7ddca81fa225f9258d93f644/B-A
6ca5fb90a3daa969d7a08272298eb30e4980bae73bcb53f1d53e072462b5efd5,vps/M-weather-preset-canicule/61e9d1e698d25529da9bfede/A-B,vps/W-factor-canicule-soldier-attack/882049fe19bf6e8d21baabb7/A-B
19c65795daf4d75695aad50cee8ee0796cea39e4038455f30f19ebe8f711e306,vps/M-weather-preset-canicule/61e9d1e698d25529da9bfede/B-A,vps/W-factor-canicule-soldier-attack/882049fe19bf6e8d21baabb7/B-A
98a18add8165de70f4c27fc803a352c310db382ced1eda93f4f4ea284986e598,vps/M-weather-preset-canicule/d0c82ab0a136908c36b13c28/A-B,vps/W-factor-canicule-soldier-attack/a03c70c667d3911c778ae87d/A-B
1302ed696210c999a0c8bcc425048d6f2cf3a548cd2aca8051caf113662e88c3,vps/M-weather-preset-canicule/d0c82ab0a136908c36b13c28/B-A,vps/W-factor-canicule-soldier-attack/a03c70c667d3911c778ae87d/B-A
29b690ac53fea7b989a9efa64927069b65767f15b71104a463d454e4d9049589,vps/M-weather-preset-canicule/e6bc6f9bcb63903fafb7919d/A-B,vps/W-factor-canicule-soldier-attack/dc0d98c926ae9429c2501436/A-B
624d28ae530c38802fdb225fd2c08ba2802e3357dc3281d51597f140c03deb4d,vps/M-weather-preset-canicule/e6bc6f9bcb63903fafb7919d/B-A,vps/W-factor-canicule-soldier-attack/dc0d98c926ae9429c2501436/B-A
386ae316e973defd5cc281caef67783af80a2663fcd7b7dc1d3444126437481d,vps/M-weather-preset-canicule/081f8c433a78e8734e9ec96d/A-B,vps/W-factor-canicule-soldier-baseAccuracy/15af81b4f3edf7c9d6d968fb/A-B
3de630427e17379d22909cf6a45d5c4b39159bbf137e0da63dc64c7299f6528e,vps/M-weather-preset-canicule/081f8c433a78e8734e9ec96d/B-A,vps/W-factor-canicule-soldier-baseAccuracy/15af81b4f3edf7c9d6d968fb/B-A
6ca5fb90a3daa969d7a08272298eb30e4980bae73bcb53f1d53e072462b5efd5,vps/M-weather-preset-canicule/61e9d1e698d25529da9bfede/A-B,vps/W-factor-canicule-soldier-baseAccuracy/23848c1c0645c416a7e17688/A-B
19c65795daf4d75695aad50cee8ee0796cea39e4038455f30f19ebe8f711e306,vps/M-weather-preset-canicule/61e9d1e698d25529da9bfede/B-A,vps/W-factor-canicule-soldier-baseAccuracy/23848c1c0645c416a7e17688/B-A
98a18add8165de70f4c27fc803a352c310db382ced1eda93f4f4ea284986e598,vps/M-weather-preset-canicule/d0c82ab0a136908c36b13c28/A-B,vps/W-factor-canicule-soldier-baseAccuracy/268d1cb47441cdaf6d594c51/A-B
1302ed696210c999a0c8bcc425048d6f2cf3a548cd2aca8051caf113662e88c3,vps/M-weather-preset-canicule/d0c82ab0a136908c36b13c28/B-A,vps/W-factor-canicule-soldier-baseAccuracy/268d1cb47441cdaf6d594c51/B-A
2d29f2c1773d8a1ecf750587e9c1865afad6126f122009e03a5447d58d85de00,vps/M-weather-preset-canicule/bc1f61b5397a01eab96a9541/A-B,vps/W-factor-canicule-soldier-baseAccuracy/28273fee0c8c3200883b7a9e/A-B
3559dbb8525319cda9a90f0d22e097c8dd1cb75e3a3e6b61258fc1912d29ca4f,vps/M-weather-preset-canicule/bc1f61b5397a01eab96a9541/B-A,vps/W-factor-canicule-soldier-baseAccuracy/28273fee0c8c3200883b7a9e/B-A
0bc6203d2f9941f11b9b02dbb0abeadcbe2efc617a010b014df8b1fdb4d9aeda,vps/M-weather-preset-canicule/33245407698dd0d1c043e152/A-B,vps/W-factor-canicule-soldier-baseAccuracy/5f4fe532685963669e9876ec/A-B
bd634c859f70fcb475e107e80329c5531dc7d0ea97dddb9cc135d3c4905f4fce,vps/M-weather-preset-canicule/33245407698dd0d1c043e152/B-A,vps/W-factor-canicule-soldier-baseAccuracy/5f4fe532685963669e9876ec/B-A
de8aa66661bd65735e0954194cbfe40e2a7691dcddd322f9407ea58d2cef23e6,vps/M-weather-preset-canicule/b218ef3ce8432c71eb1f4772/A-B,vps/W-factor-canicule-soldier-baseAccuracy/63e90c7e379ecb29e1c77812/A-B
59d4196b45e9c3de8303ade271ae41e7ee0d6368fa5343cc69391876158b5b48,vps/M-weather-preset-canicule/b218ef3ce8432c71eb1f4772/B-A,vps/W-factor-canicule-soldier-baseAccuracy/63e90c7e379ecb29e1c77812/B-A
40f155905710dc67b8bca554658ab97cc1392c7417095d7fbab33e80d022bf3d,vps/M-weather-preset-canicule/b9f39a92dae8286545b5b206/A-B,vps/W-factor-canicule-soldier-baseAccuracy/8ccb224f87398385a0425fb6/A-B
05e1cc3f01465eb0c219c5cdae800cae253c33ab452d8b537a790993b53357d8,vps/M-weather-preset-canicule/b9f39a92dae8286545b5b206/B-A,vps/W-factor-canicule-soldier-baseAccuracy/8ccb224f87398385a0425fb6/B-A
29b690ac53fea7b989a9efa64927069b65767f15b71104a463d454e4d9049589,vps/M-weather-preset-canicule/e6bc6f9bcb63903fafb7919d/A-B,vps/W-factor-canicule-soldier-baseAccuracy/a38d5c5f8358f86c01663cff/A-B
624d28ae530c38802fdb225fd2c08ba2802e3357dc3281d51597f140c03deb4d,vps/M-weather-preset-canicule/e6bc6f9bcb63903fafb7919d/B-A,vps/W-factor-canicule-soldier-baseAccuracy/a38d5c5f8358f86c01663cff/B-A
570663efaf6a88d41503fa976df27f69e79f695ff4d7ce1e906bc474ef5d46be,vps/M-weather-preset-canicule/af4a583559c7f0ea67e96463/A-B,vps/W-factor-canicule-soldier-baseAccuracy/bb2a3c362cf1ac5cbe3f97a0/A-B
8b44060da01e82c16867dc47964408c1fb628ab14fe91b28faaf98152da4f449,vps/M-weather-preset-canicule/af4a583559c7f0ea67e96463/B-A,vps/W-factor-canicule-soldier-baseAccuracy/bb2a3c362cf1ac5cbe3f97a0/B-A
8ab92f4f6b5adffbc5b7d0ac0aacf992059d8de113973c81031d1e01049adb9d,vps/M-weather-preset-canicule/7d9bc94fe64340dbe542d4d2/A-B,vps/W-factor-canicule-soldier-baseAccuracy/c744e8a01eae2f519533b857/A-B
0e2f07de9cf702069ed125de2f9e815e448afdd1732c2fc26f8ae2673de8d90e,vps/M-weather-preset-canicule/7d9bc94fe64340dbe542d4d2/B-A,vps/W-factor-canicule-soldier-baseAccuracy/c744e8a01eae2f519533b857/B-A
9c57e29d36e4fef2c5c63fc0d35b5b4281bebd683469f4a83855cdf8e233a389,vps/M-weather-preset-canicule/da17e073cb4b38421a8bbfe7/A-B,vps/W-factor-canicule-soldier-baseAccuracy/d729f57820631585168190cf/A-B
1bcbea50cd3cdf3fb0fee5dfd03206feb7d1c57c209b52144d3acd84d9a298f2,vps/M-weather-preset-canicule/da17e073cb4b38421a8bbfe7/B-A,vps/W-factor-canicule-soldier-baseAccuracy/d729f57820631585168190cf/B-A
c98988cbddcca62dbb9653b6803196ac0eab66c654ced14ba25b529418e02ebf,vps/M-weather-preset-canicule/e328c715876c95141ed9d287/A-B,vps/W-factor-canicule-soldier-baseAccuracy/d94c30e60c3ad704cef31ff6/A-B
4d38f2e2c349ceef8c2ec607247c54820b12b5fd9cb931845d2be12644f47385,vps/M-weather-preset-canicule/e328c715876c95141ed9d287/B-A,vps/W-factor-canicule-soldier-baseAccuracy/d94c30e60c3ad704cef31ff6/B-A
07a995a66f952a56c29ce592fac72bfdc526cef402d3e1b4983c31b73906bd2a,vps/M-weather-preset-canicule/90dd3a822d5734ec082017d0/A-B,vps/W-factor-canicule-spearman-attack/2f1a84a1f3430fe842ff37a7/A-B
f7865258f4cee96853861df9c50d4a2cd60a87e92c26fb2d40302cb027f471d3,vps/M-weather-preset-canicule/90dd3a822d5734ec082017d0/B-A,vps/W-factor-canicule-spearman-attack/2f1a84a1f3430fe842ff37a7/B-A
883c190e5e2e89a5619b27516c274de2e052b6da4dab98db1142498e12192b08,vps/M-weather-preset-canicule/6caa214a6a45982f2ffb1b06/A-B,vps/W-factor-canicule-spearman-attack/448cbe7399c5702bcf488d4f/A-B
ef44be64449223e90619a06cfdf8a4971427d0ec10b414c0c8009ce5aaa03ecc,vps/M-weather-preset-canicule/6caa214a6a45982f2ffb1b06/B-A,vps/W-factor-canicule-spearman-attack/448cbe7399c5702bcf488d4f/B-A
1ab9844710e3b28e2812f51a7332255a10b4c10881f0fb54b5c38d58b2ce7310,vps/M-weather-preset-canicule/f42798b2abf8bf3c0e3f76ea/A-B,vps/W-factor-canicule-spearman-attack/4631723b08ae777bc8e427e9/A-B
a2aeb066d1381ef3dcf3ae720efb8776f0f4448c1aa2ee5010721d20412312fe,vps/M-weather-preset-canicule/f42798b2abf8bf3c0e3f76ea/B-A,vps/W-factor-canicule-spearman-attack/4631723b08ae777bc8e427e9/B-A
43a342ad981d8814503fbe9aeda5b3a32b49fd69362a226094d15cefa19b21e5,vps/M-weather-preset-canicule/ccf19faaadf5820cbd609afe/A-B,vps/W-factor-canicule-spearman-attack/6e8714fcaeb4af108eb02cab/A-B
81a3f23221db1af0dbc3e66cf160d2b88bf405571607ddfb4444c59f4ffe33e1,vps/M-weather-preset-canicule/ccf19faaadf5820cbd609afe/B-A,vps/W-factor-canicule-spearman-attack/6e8714fcaeb4af108eb02cab/B-A
a3bd4894f0954b2811d14448e319b0b8e0dbb5e44a61d2dce32603632d017025,vps/M-weather-preset-canicule/1aee4e909a1c3b4db4d63879/A-B,vps/W-factor-canicule-spearman-attack/8aeb6fa8109acc17c5c26109/A-B
2e5fc180e5f63ff561ab01f4cd8eb4e20027012f50bb7c8da9973f53d78f6f97,vps/M-weather-preset-canicule/1aee4e909a1c3b4db4d63879/B-A,vps/W-factor-canicule-spearman-attack/8aeb6fa8109acc17c5c26109/B-A
89c7de5af3016c44510836ed8235aa9fd07de7b40a6c6c0af2d9592eb03d836f,vps/M-weather-preset-canicule/40dc64c0bdf84876ab1a404b/A-B,vps/W-factor-canicule-spearman-attack/9668c9b4502528cfa1e9ec1d/A-B
a24ed27e1f62e069cbce7fbb622087d9d1803fb54bf66c4b3d1f5cd37284dd07,vps/M-weather-preset-canicule/40dc64c0bdf84876ab1a404b/B-A,vps/W-factor-canicule-spearman-attack/9668c9b4502528cfa1e9ec1d/B-A
adf4e0a7f16d96a111573ad5e8183471763ecaba7c5bcd71f77b3b870aca569b,vps/M-weather-preset-canicule/521c4e357a83d93605596780/A-B,vps/W-factor-canicule-spearman-attack/b5aa72655afb347f8b88c840/A-B
fefa3ad2a18f0bbef59c9318b7d3279924bf9e645f6e883bd38d0d9a30e89d28,vps/M-weather-preset-canicule/521c4e357a83d93605596780/B-A,vps/W-factor-canicule-spearman-attack/b5aa72655afb347f8b88c840/B-A
5203e632215adc95a2459de40a027480c1fbd8a6a311e3c4821b6995e34eeb29,vps/M-weather-preset-canicule/ed61c71364a94cdf5ca36aeb/A-B,vps/W-factor-canicule-spearman-attack/e43d3688558f125778c3d367/A-B
1257ada04e397ca2e2c25f68080cd23cee699df93621dcbb4c937e0204d2bbf3,vps/M-weather-preset-canicule/ed61c71364a94cdf5ca36aeb/B-A,vps/W-factor-canicule-spearman-attack/e43d3688558f125778c3d367/B-A
8b66ea658423a137a2126892225570ad9937d6bc52512da2a410cf13f6e1c1b2,vps/M-weather-preset-canicule/3c7a8d97164e7d21ed2e85f8/A-B,vps/W-factor-canicule-spearman-attack/e6ff1e84d15e38f04541bf54/A-B
01c904fee666d3c408afdcab53d1641bcdba04e6f68a1fe5a4031868e9b3c291,vps/M-weather-preset-canicule/3c7a8d97164e7d21ed2e85f8/B-A,vps/W-factor-canicule-spearman-attack/e6ff1e84d15e38f04541bf54/B-A
8b66ea658423a137a2126892225570ad9937d6bc52512da2a410cf13f6e1c1b2,vps/M-weather-preset-canicule/3c7a8d97164e7d21ed2e85f8/A-B,vps/W-factor-canicule-spearman-baseAccuracy/1cfc52174927928832286b10/A-B
01c904fee666d3c408afdcab53d1641bcdba04e6f68a1fe5a4031868e9b3c291,vps/M-weather-preset-canicule/3c7a8d97164e7d21ed2e85f8/B-A,vps/W-factor-canicule-spearman-baseAccuracy/1cfc52174927928832286b10/B-A
43a342ad981d8814503fbe9aeda5b3a32b49fd69362a226094d15cefa19b21e5,vps/M-weather-preset-canicule/ccf19faaadf5820cbd609afe/A-B,vps/W-factor-canicule-spearman-baseAccuracy/314e142b2fb8942e78faef1b/A-B
81a3f23221db1af0dbc3e66cf160d2b88bf405571607ddfb4444c59f4ffe33e1,vps/M-weather-preset-canicule/ccf19faaadf5820cbd609afe/B-A,vps/W-factor-canicule-spearman-baseAccuracy/314e142b2fb8942e78faef1b/B-A
1ab9844710e3b28e2812f51a7332255a10b4c10881f0fb54b5c38d58b2ce7310,vps/M-weather-preset-canicule/f42798b2abf8bf3c0e3f76ea/A-B,vps/W-factor-canicule-spearman-baseAccuracy/48607651fb1131ce109d4042/A-B
a2aeb066d1381ef3dcf3ae720efb8776f0f4448c1aa2ee5010721d20412312fe,vps/M-weather-preset-canicule/f42798b2abf8bf3c0e3f76ea/B-A,vps/W-factor-canicule-spearman-baseAccuracy/48607651fb1131ce109d4042/B-A
adf4e0a7f16d96a111573ad5e8183471763ecaba7c5bcd71f77b3b870aca569b,vps/M-weather-preset-canicule/521c4e357a83d93605596780/A-B,vps/W-factor-canicule-spearman-baseAccuracy/49277fe7e5da406e2d05b9f4/A-B
fefa3ad2a18f0bbef59c9318b7d3279924bf9e645f6e883bd38d0d9a30e89d28,vps/M-weather-preset-canicule/521c4e357a83d93605596780/B-A,vps/W-factor-canicule-spearman-baseAccuracy/49277fe7e5da406e2d05b9f4/B-A
883c190e5e2e89a5619b27516c274de2e052b6da4dab98db1142498e12192b08,vps/M-weather-preset-canicule/6caa214a6a45982f2ffb1b06/A-B,vps/W-factor-canicule-spearman-baseAccuracy/a557d0b699cb70cf3dfecdd0/A-B
ef44be64449223e90619a06cfdf8a4971427d0ec10b414c0c8009ce5aaa03ecc,vps/M-weather-preset-canicule/6caa214a6a45982f2ffb1b06/B-A,vps/W-factor-canicule-spearman-baseAccuracy/a557d0b699cb70cf3dfecdd0/B-A
89c7de5af3016c44510836ed8235aa9fd07de7b40a6c6c0af2d9592eb03d836f,vps/M-weather-preset-canicule/40dc64c0bdf84876ab1a404b/A-B,vps/W-factor-canicule-spearman-baseAccuracy/bffd20cf8d3ba67e15b74aa5/A-B
a24ed27e1f62e069cbce7fbb622087d9d1803fb54bf66c4b3d1f5cd37284dd07,vps/M-weather-preset-canicule/40dc64c0bdf84876ab1a404b/B-A,vps/W-factor-canicule-spearman-baseAccuracy/bffd20cf8d3ba67e15b74aa5/B-A
4a80193897065cca933886c371ac398dfb889cc61dc4e784076c870d5ade8313,vps/W-factor-canicule-spearman-attack/98d84496edd6356b682ab59a/A-B,vps/W-factor-canicule-spearman-baseAccuracy/c1475c77932bf844abca1733/A-B
febc58334d56740c377ac42a55fbbea84a3809f6c6093cc13680ec8a3d48101f,vps/W-factor-canicule-spearman-attack/98d84496edd6356b682ab59a/B-A,vps/W-factor-canicule-spearman-baseAccuracy/c1475c77932bf844abca1733/B-A
07a995a66f952a56c29ce592fac72bfdc526cef402d3e1b4983c31b73906bd2a,vps/M-weather-preset-canicule/90dd3a822d5734ec082017d0/A-B,vps/W-factor-canicule-spearman-baseAccuracy/c6f7a1ac950477f7eb1e525c/A-B
f7865258f4cee96853861df9c50d4a2cd60a87e92c26fb2d40302cb027f471d3,vps/M-weather-preset-canicule/90dd3a822d5734ec082017d0/B-A,vps/W-factor-canicule-spearman-baseAccuracy/c6f7a1ac950477f7eb1e525c/B-A
d2d0970a0aa027b056531731988362930d962fc5575577fc68477c5b30d7beba,vps/W-factor-canicule-spearman-attack/63f168d7a02e25c59386de74/A-B,vps/W-factor-canicule-spearman-baseAccuracy/c9f0bcdc8d90b683baab65f9/A-B
2c8429b0e8463a001d3a88ffc45009db0ed1e858950f06175ab337b4e3762458,vps/W-factor-canicule-spearman-attack/63f168d7a02e25c59386de74/B-A,vps/W-factor-canicule-spearman-baseAccuracy/c9f0bcdc8d90b683baab65f9/B-A
a0dcc732fd24553319290de951bb5a09ce9ce6928f5180868223dd7d1db263eb,vps/W-factor-canicule-spearman-attack/31344900cd5e5218b74dc784/A-B,vps/W-factor-canicule-spearman-baseAccuracy/d23d8ab01b97c322b90a301f/A-B
6eadfe9e7572b8ce2d1adb12cf96e4f02bb051bec524e1f3f523ea7b14e1003b,vps/W-factor-canicule-spearman-attack/31344900cd5e5218b74dc784/B-A,vps/W-factor-canicule-spearman-baseAccuracy/d23d8ab01b97c322b90a301f/B-A
a3bd4894f0954b2811d14448e319b0b8e0dbb5e44a61d2dce32603632d017025,vps/M-weather-preset-canicule/1aee4e909a1c3b4db4d63879/A-B,vps/W-factor-canicule-spearman-baseAccuracy/d639c53b1348270313ed43d2/A-B
2e5fc180e5f63ff561ab01f4cd8eb4e20027012f50bb7c8da9973f53d78f6f97,vps/M-weather-preset-canicule/1aee4e909a1c3b4db4d63879/B-A,vps/W-factor-canicule-spearman-baseAccuracy/d639c53b1348270313ed43d2/B-A
5203e632215adc95a2459de40a027480c1fbd8a6a311e3c4821b6995e34eeb29,vps/M-weather-preset-canicule/ed61c71364a94cdf5ca36aeb/A-B,vps/W-factor-canicule-spearman-baseAccuracy/f786292da42a532c90f0f97a/A-B
1257ada04e397ca2e2c25f68080cd23cee699df93621dcbb4c937e0204d2bbf3,vps/M-weather-preset-canicule/ed61c71364a94cdf5ca36aeb/B-A,vps/W-factor-canicule-spearman-baseAccuracy/f786292da42a532c90f0f97a/B-A
48e91cc5c60b4a23d0c41ecf8e76efb72fdc2920ed45157d05c491a5401aaf4d,pc/M-counter-archer-spearman/4855d248fc4b88ad3121523b/A-B,vps/W-factor-cloudy-archer-attack/16c778c67baf711383276db7/A-B
55858bb50470dc54ca6230faf3d07e9cb4523579bc6c1e80b43072fb9bacfd34,pc/M-counter-archer-spearman/4855d248fc4b88ad3121523b/B-A,vps/W-factor-cloudy-archer-attack/16c778c67baf711383276db7/B-A
4597ad24b5a2e47b6a7dce9496a9b6f4b1f246dce33a40845b0982a200fb8806,pc/M-combat-capturePercent/5be07c6fc69f472eef0ee17f/A-B,vps/W-factor-cloudy-archer-attack/21250f8c151cf89d3dcb7b5c/A-B
7c1e87a0769464bd834f5d84f3fd33eaf9071aabdb90673a4cec8f5b7383d2cf,pc/M-combat-capturePercent/5be07c6fc69f472eef0ee17f/B-A,vps/W-factor-cloudy-archer-attack/21250f8c151cf89d3dcb7b5c/B-A
537e84a5d22464f8d7c1deb6dcd26c79055a7da287012c266bbcfe8efbbb8765,pc/M-counter-archer-soldier/f432894ede780067e9c3b26d/A-B,vps/W-factor-cloudy-archer-attack/213fc47d9f417e541837297d/A-B
715ddcb52c63eb369b27e2863c2f74be561265d5ff08486ffb44d84d5cdc2917,pc/M-counter-archer-soldier/f432894ede780067e9c3b26d/B-A,vps/W-factor-cloudy-archer-attack/213fc47d9f417e541837297d/B-A
c22025f6493eec19f3c3d4561a5a9ac893a983d0021eb2d68647a4814eeb29fd,pc/M-counter-archer-spearman/5782b6cc785e9acab77e0b3f/A-B,vps/W-factor-cloudy-archer-attack/2481278ab38fc87b292cc443/A-B
73390988fd74b7bd560745d989606f9ffcfc7dad9389eab1faea8f6d0f7e78a3,pc/M-counter-archer-spearman/5782b6cc785e9acab77e0b3f/B-A,vps/W-factor-cloudy-archer-attack/2481278ab38fc87b292cc443/B-A
35be79c5c128b6e4343bfeefa1db2f2aeb0a0150c17aa99303e7622a603c351b,pc/M-combat-capturePercent/7498c9f948922906239ad8d6/A-B,vps/W-factor-cloudy-archer-attack/4ac59be45d8af387e212c467/A-B
49d4b23c42e173b1bcdc7cd48f22932e3a82504dd30129431f21b83876d94cb2,pc/M-combat-capturePercent/7498c9f948922906239ad8d6/B-A,vps/W-factor-cloudy-archer-attack/4ac59be45d8af387e212c467/B-A
a5cef95da0740171d974b1b8238a058e26fade3fe8a8f09d6de3182d2fb25476,pc/M-combat-capturePercent/ac748b9a7bbadd1b4ccb3da4/A-B,vps/W-factor-cloudy-archer-attack/4b21d1d106c8a7986c4a57b9/A-B
22588da900fbea8c00b87d769132d035359f1c3deae9b763847a866d744b79ff,pc/M-combat-capturePercent/ac748b9a7bbadd1b4ccb3da4/B-A,vps/W-factor-cloudy-archer-attack/4b21d1d106c8a7986c4a57b9/B-A
ee9e20890d11662504f7fe1e38034c18b966e01cd6c9e5396948c62e4ef00edc,pc/M-combat-capturePercent/1216817fbd021bfb8a800544/A-B,vps/W-factor-cloudy-archer-attack/4cfa81647b4e85b88e2205b8/A-B
6716753b8e8b76b4a64e3b17a97ed8046605bed1f7d8159437110a4c2a02ffa9,pc/M-combat-capturePercent/1216817fbd021bfb8a800544/B-A,vps/W-factor-cloudy-archer-attack/4cfa81647b4e85b88e2205b8/B-A
6b4a529fbc125b23882833e0aed634bec1b5f0b2174c3e7ece269e3168b0f82f,pc/M-combat-capturePercent/c88b855645bc720b498875d2/A-B,vps/W-factor-cloudy-archer-attack/5536f78406eab44d32804186/A-B
7e4672019367fb02f1f4413e94829b3f5c23d2fa9d1ba5802105a04a62fdf6a1,pc/M-combat-capturePercent/c88b855645bc720b498875d2/B-A,vps/W-factor-cloudy-archer-attack/5536f78406eab44d32804186/B-A
092ff6440ba52367b900849f38396771039917fdafcad50e5a9b3669a0a1a448,pc/M-combat-capturePercent/f78c1d62cca9f23dba9520f5/A-B,vps/W-factor-cloudy-archer-attack/64968b8700114ef4dd45565e/A-B
40e5890746cdbe0ba659fc1854a9e8c3218947407cf39f571ec0b4f63dfcca5c,pc/M-combat-capturePercent/f78c1d62cca9f23dba9520f5/B-A,vps/W-factor-cloudy-archer-attack/64968b8700114ef4dd45565e/B-A
b65a6478fa205a764519bc9efec97c2149f9936ef64a6a2aafe349694921efbe,pc/M-counter-archer-soldier/d5729c80b3505a8218f166f4/A-B,vps/W-factor-cloudy-archer-attack/7c25a93700bdc755571ecbc6/A-B
c14abffa723beb70afa0c8748d6700712304ccf27fc49718fac36a5656500a2d,pc/M-counter-archer-soldier/d5729c80b3505a8218f166f4/B-A,vps/W-factor-cloudy-archer-attack/7c25a93700bdc755571ecbc6/B-A
e3925504a6cce1422fc610fe342508487c7dd5995657d3cefa27408a22864604,pc/M-counter-archer-soldier/f99f73b80acc5e1701c017da/A-B,vps/W-factor-cloudy-archer-attack/af8a7b95a704eacbbc68e661/A-B
579ab46e739ac9fb701f1df9021ed41769fee1e278b654c752fea55f4dd3cf28,pc/M-counter-archer-soldier/f99f73b80acc5e1701c017da/B-A,vps/W-factor-cloudy-archer-attack/af8a7b95a704eacbbc68e661/B-A
ae51cd0bcfe5cda59d49d32cc79c9d469986176d2d0f927e82dd174407503817,pc/M-counter-archer-spearman/6b84a644dc6bccd4b87e09de/A-B,vps/W-factor-cloudy-archer-attack/c60cadd898b803b60297f103/A-B
f5cd8287fd3545c302e2653e3bfedb3205321542ec32364d1d7dffda8ed11492,pc/M-counter-archer-spearman/6b84a644dc6bccd4b87e09de/B-A,vps/W-factor-cloudy-archer-attack/c60cadd898b803b60297f103/B-A
ae51cd0bcfe5cda59d49d32cc79c9d469986176d2d0f927e82dd174407503817,pc/M-counter-archer-spearman/6b84a644dc6bccd4b87e09de/A-B,vps/W-factor-cloudy-archer-baseAccuracy/291b06548caa745dc868cb14/A-B
f5cd8287fd3545c302e2653e3bfedb3205321542ec32364d1d7dffda8ed11492,pc/M-counter-archer-spearman/6b84a644dc6bccd4b87e09de/B-A,vps/W-factor-cloudy-archer-baseAccuracy/291b06548caa745dc868cb14/B-A
a5cef95da0740171d974b1b8238a058e26fade3fe8a8f09d6de3182d2fb25476,pc/M-combat-capturePercent/ac748b9a7bbadd1b4ccb3da4/A-B,vps/W-factor-cloudy-archer-baseAccuracy/2c64aa1059cb71f232c73de9/A-B
22588da900fbea8c00b87d769132d035359f1c3deae9b763847a866d744b79ff,pc/M-combat-capturePercent/ac748b9a7bbadd1b4ccb3da4/B-A,vps/W-factor-cloudy-archer-baseAccuracy/2c64aa1059cb71f232c73de9/B-A
ee9e20890d11662504f7fe1e38034c18b966e01cd6c9e5396948c62e4ef00edc,pc/M-combat-capturePercent/1216817fbd021bfb8a800544/A-B,vps/W-factor-cloudy-archer-baseAccuracy/66c79f6764ff8b681c9c6b7b/A-B
6716753b8e8b76b4a64e3b17a97ed8046605bed1f7d8159437110a4c2a02ffa9,pc/M-combat-capturePercent/1216817fbd021bfb8a800544/B-A,vps/W-factor-cloudy-archer-baseAccuracy/66c79f6764ff8b681c9c6b7b/B-A
35be79c5c128b6e4343bfeefa1db2f2aeb0a0150c17aa99303e7622a603c351b,pc/M-combat-capturePercent/7498c9f948922906239ad8d6/A-B,vps/W-factor-cloudy-archer-baseAccuracy/6b09ca723544e503fdd7fa53/A-B
49d4b23c42e173b1bcdc7cd48f22932e3a82504dd30129431f21b83876d94cb2,pc/M-combat-capturePercent/7498c9f948922906239ad8d6/B-A,vps/W-factor-cloudy-archer-baseAccuracy/6b09ca723544e503fdd7fa53/B-A
c22025f6493eec19f3c3d4561a5a9ac893a983d0021eb2d68647a4814eeb29fd,pc/M-counter-archer-spearman/5782b6cc785e9acab77e0b3f/A-B,vps/W-factor-cloudy-archer-baseAccuracy/6da79a25b8caf11656ac6ab3/A-B
73390988fd74b7bd560745d989606f9ffcfc7dad9389eab1faea8f6d0f7e78a3,pc/M-counter-archer-spearman/5782b6cc785e9acab77e0b3f/B-A,vps/W-factor-cloudy-archer-baseAccuracy/6da79a25b8caf11656ac6ab3/B-A
092ff6440ba52367b900849f38396771039917fdafcad50e5a9b3669a0a1a448,pc/M-combat-capturePercent/f78c1d62cca9f23dba9520f5/A-B,vps/W-factor-cloudy-archer-baseAccuracy/b764609a8e2a68d5f7d2a186/A-B
40e5890746cdbe0ba659fc1854a9e8c3218947407cf39f571ec0b4f63dfcca5c,pc/M-combat-capturePercent/f78c1d62cca9f23dba9520f5/B-A,vps/W-factor-cloudy-archer-baseAccuracy/b764609a8e2a68d5f7d2a186/B-A
b65a6478fa205a764519bc9efec97c2149f9936ef64a6a2aafe349694921efbe,pc/M-counter-archer-soldier/d5729c80b3505a8218f166f4/A-B,vps/W-factor-cloudy-archer-baseAccuracy/b98bdb6b344bb59b0c526b3b/A-B
c14abffa723beb70afa0c8748d6700712304ccf27fc49718fac36a5656500a2d,pc/M-counter-archer-soldier/d5729c80b3505a8218f166f4/B-A,vps/W-factor-cloudy-archer-baseAccuracy/b98bdb6b344bb59b0c526b3b/B-A
48e91cc5c60b4a23d0c41ecf8e76efb72fdc2920ed45157d05c491a5401aaf4d,pc/M-counter-archer-spearman/4855d248fc4b88ad3121523b/A-B,vps/W-factor-cloudy-archer-baseAccuracy/c47f2e0235fb4f95a71a1752/A-B
55858bb50470dc54ca6230faf3d07e9cb4523579bc6c1e80b43072fb9bacfd34,pc/M-counter-archer-spearman/4855d248fc4b88ad3121523b/B-A,vps/W-factor-cloudy-archer-baseAccuracy/c47f2e0235fb4f95a71a1752/B-A
4597ad24b5a2e47b6a7dce9496a9b6f4b1f246dce33a40845b0982a200fb8806,pc/M-combat-capturePercent/5be07c6fc69f472eef0ee17f/A-B,vps/W-factor-cloudy-archer-baseAccuracy/c953f7c6afc3380e5ff4bf9b/A-B
7c1e87a0769464bd834f5d84f3fd33eaf9071aabdb90673a4cec8f5b7383d2cf,pc/M-combat-capturePercent/5be07c6fc69f472eef0ee17f/B-A,vps/W-factor-cloudy-archer-baseAccuracy/c953f7c6afc3380e5ff4bf9b/B-A
6b4a529fbc125b23882833e0aed634bec1b5f0b2174c3e7ece269e3168b0f82f,pc/M-combat-capturePercent/c88b855645bc720b498875d2/A-B,vps/W-factor-cloudy-archer-baseAccuracy/c9b7d72374a36497774bd14b/A-B
7e4672019367fb02f1f4413e94829b3f5c23d2fa9d1ba5802105a04a62fdf6a1,pc/M-combat-capturePercent/c88b855645bc720b498875d2/B-A,vps/W-factor-cloudy-archer-baseAccuracy/c9b7d72374a36497774bd14b/B-A
e3925504a6cce1422fc610fe342508487c7dd5995657d3cefa27408a22864604,pc/M-counter-archer-soldier/f99f73b80acc5e1701c017da/A-B,vps/W-factor-cloudy-archer-baseAccuracy/ca3c221f4b691fa192daaeab/A-B
579ab46e739ac9fb701f1df9021ed41769fee1e278b654c752fea55f4dd3cf28,pc/M-counter-archer-soldier/f99f73b80acc5e1701c017da/B-A,vps/W-factor-cloudy-archer-baseAccuracy/ca3c221f4b691fa192daaeab/B-A
537e84a5d22464f8d7c1deb6dcd26c79055a7da287012c266bbcfe8efbbb8765,pc/M-counter-archer-soldier/f432894ede780067e9c3b26d/A-B,vps/W-factor-cloudy-archer-baseAccuracy/da6110429df704ce8ff2bb99/A-B
715ddcb52c63eb369b27e2863c2f74be561265d5ff08486ffb44d84d5cdc2917,pc/M-counter-archer-soldier/f432894ede780067e9c3b26d/B-A,vps/W-factor-cloudy-archer-baseAccuracy/da6110429df704ce8ff2bb99/B-A
be262af8d40c5c29de76cd4f06065710ebc47f483b3f67fcea0e69f66d5ceaa1,pc/M-counter-knight-spearman/40fa3d6fb4fe25b8c7df996c/A-B,vps/W-factor-cloudy-knight-attack/08494e112c6b721adbc2e11e/A-B
9c342e15155ccf3566c9a20d69f1eaca1a551dcc50f665fab22c9d2429f9cc98,pc/M-counter-knight-spearman/40fa3d6fb4fe25b8c7df996c/B-A,vps/W-factor-cloudy-knight-attack/08494e112c6b721adbc2e11e/B-A
d0fc8136b27c341b2b389664fd9cbfbae0b31d49eb10f409d3468b26031d2db5,pc/M-counter-knight-soldier/d1dc75172a91d3c61745f9d9/A-B,vps/W-factor-cloudy-knight-attack/483d19e00ed0ef859dbf60bf/A-B
5e1daaa5b52b45667e60f516d35ce1bbd3328cb3aaae21c7ec3934aad642822e,pc/M-counter-knight-soldier/d1dc75172a91d3c61745f9d9/B-A,vps/W-factor-cloudy-knight-attack/483d19e00ed0ef859dbf60bf/B-A
a83d5f0040763149f6b44340db00b94dba4c78d70addf03967778832995e1872,pc/M-counter-knight-spearman/cd7d999fb2394a9776a56b7e/A-B,vps/W-factor-cloudy-knight-attack/4e33bb62b6e6b461d5abe65f/A-B
e3d768e5053fa36bcb00289b8845073b6b53b06d8b9d2999b8e222b9d2e1bcb4,pc/M-counter-knight-spearman/cd7d999fb2394a9776a56b7e/B-A,vps/W-factor-cloudy-knight-attack/4e33bb62b6e6b461d5abe65f/B-A
1178f1206facb99d474deb6896610eb381b51065a110d670b64abf6c01184760,pc/M-combat-capturePercent/9ea4f603e73d531fd3c8df44/A-B,vps/W-factor-cloudy-knight-attack/59422319660fc026b762d887/A-B
db8d3921ad4c7ffbcfdfcbf53d72da2e8c438f83b03f5de5e5b8aab344978ab5,pc/M-combat-capturePercent/9ea4f603e73d531fd3c8df44/B-A,vps/W-factor-cloudy-knight-attack/59422319660fc026b762d887/B-A
3ba56ad4632dc7988935b5dae7fbe86c668cec79319163f4430194ba6669d3e5,pc/M-counter-knight-spearman/724e76e19c74cf2e998d1b0e/A-B,vps/W-factor-cloudy-knight-attack/9005882cfa144cd690f4b64d/A-B
efa865b6e6994c746eb98a831b6871c218270231d8e6b21a92f83c550b0766ea,pc/M-counter-knight-spearman/724e76e19c74cf2e998d1b0e/B-A,vps/W-factor-cloudy-knight-attack/9005882cfa144cd690f4b64d/B-A
6505d546bd60966af34fcd6dcf062bdf8ed80e85b057fa20cd5de98e8019caa5,pc/M-counter-knight-archer/abca2cbecab372385db28f7a/A-B,vps/W-factor-cloudy-knight-attack/ba911552a50bf568e451083f/A-B
e35cd5aa8ade7e80792be33c8b882623f30c7473e12e4f30159150af28b1531a,pc/M-counter-knight-archer/abca2cbecab372385db28f7a/B-A,vps/W-factor-cloudy-knight-attack/ba911552a50bf568e451083f/B-A
f6ab04f25f23acc16321c07d20e652c167d2da367dd3b2e1288b7184f3b59d9c,pc/M-counter-knight-archer/d7ea802833b1f1a779ecb795/A-B,vps/W-factor-cloudy-knight-attack/bf07372c0342dd607ddb375c/A-B
303c04b0c4ade3a3311bcd14b5016d5615a58aa5017c7c918cabfc09f8ed53e4,pc/M-counter-knight-archer/d7ea802833b1f1a779ecb795/B-A,vps/W-factor-cloudy-knight-attack/bf07372c0342dd607ddb375c/B-A
9858c7ffa1a6a847079e50482789f9a042cfeb281ada503d2c73d74b65c9d985,pc/M-combat-capturePercent/2eb2746a70cb35fe1ce25f98/A-B,vps/W-factor-cloudy-knight-attack/d69c6e0265625f66d09b512c/A-B
151989b8d1b1c0ca759fab7eaf3b152abc03724944a1ef9ad70118e7a90322e4,pc/M-combat-capturePercent/2eb2746a70cb35fe1ce25f98/B-A,vps/W-factor-cloudy-knight-attack/d69c6e0265625f66d09b512c/B-A
efc4fdcd65621f58639b9a2c05b60cd02d32bd2145a7eeff7bf25c72464e8a79,pc/M-counter-knight-soldier/f038daaf4300af7f9df167d2/A-B,vps/W-factor-cloudy-knight-attack/e2a51e5158c8a3e25bf417cf/A-B
780a67a606c98875a90a136ddbc8152e9b394ac4c821bbd1585b13544ad23451,pc/M-counter-knight-soldier/f038daaf4300af7f9df167d2/B-A,vps/W-factor-cloudy-knight-attack/e2a51e5158c8a3e25bf417cf/B-A
5d1348b689763e1dec034bd25e10f3dd39bdddde41e7df7f9052f9365734cdc2,pc/M-counter-knight-soldier/106b506136090c74503cc757/A-B,vps/W-factor-cloudy-knight-attack/e59c9d16778d02f246c4ad26/A-B
ed56ff380198eebe0b3347981f4f6894a2e22c6ed5990016ae2196c6364c290f,pc/M-counter-knight-soldier/106b506136090c74503cc757/B-A,vps/W-factor-cloudy-knight-attack/e59c9d16778d02f246c4ad26/B-A
87844e416d861f5c9ead6ab9b78dcfb00006427ddc351bd0388c1eabd412ea8d,pc/M-combat-capturePercent/2d6350473497c883675afa80/A-B,vps/W-factor-cloudy-knight-attack/ea858caad43a425670934757/A-B
e137c8706ef5acd42c2d3113acb60f6a980b709cb9423e1758161e5fa6ce3ea3,pc/M-combat-capturePercent/2d6350473497c883675afa80/B-A,vps/W-factor-cloudy-knight-attack/ea858caad43a425670934757/B-A
e8ace81187585f9a9799ca32812522681ac41a635a15cad6f908602359c5924d,pc/M-counter-knight-archer/b1eb39050565060f2ac2c7bb/A-B,vps/W-factor-cloudy-knight-attack/ec5d59fe17ef65d51d6503b9/A-B
efae91d1ed12f877be4990b4e3359b2e883e22c52802dc93c28ac8ab47910dd2,pc/M-counter-knight-archer/b1eb39050565060f2ac2c7bb/B-A,vps/W-factor-cloudy-knight-attack/ec5d59fe17ef65d51d6503b9/B-A
6505d546bd60966af34fcd6dcf062bdf8ed80e85b057fa20cd5de98e8019caa5,pc/M-counter-knight-archer/abca2cbecab372385db28f7a/A-B,vps/W-factor-cloudy-knight-baseAccuracy/22a2dc050f01660901312ca9/A-B
e35cd5aa8ade7e80792be33c8b882623f30c7473e12e4f30159150af28b1531a,pc/M-counter-knight-archer/abca2cbecab372385db28f7a/B-A,vps/W-factor-cloudy-knight-baseAccuracy/22a2dc050f01660901312ca9/B-A
a83d5f0040763149f6b44340db00b94dba4c78d70addf03967778832995e1872,pc/M-counter-knight-spearman/cd7d999fb2394a9776a56b7e/A-B,vps/W-factor-cloudy-knight-baseAccuracy/3c61895e943cf38b343ac556/A-B
e3d768e5053fa36bcb00289b8845073b6b53b06d8b9d2999b8e222b9d2e1bcb4,pc/M-counter-knight-spearman/cd7d999fb2394a9776a56b7e/B-A,vps/W-factor-cloudy-knight-baseAccuracy/3c61895e943cf38b343ac556/B-A
9858c7ffa1a6a847079e50482789f9a042cfeb281ada503d2c73d74b65c9d985,pc/M-combat-capturePercent/2eb2746a70cb35fe1ce25f98/A-B,vps/W-factor-cloudy-knight-baseAccuracy/45c29cc157739ac7951e8703/A-B
151989b8d1b1c0ca759fab7eaf3b152abc03724944a1ef9ad70118e7a90322e4,pc/M-combat-capturePercent/2eb2746a70cb35fe1ce25f98/B-A,vps/W-factor-cloudy-knight-baseAccuracy/45c29cc157739ac7951e8703/B-A
3ba56ad4632dc7988935b5dae7fbe86c668cec79319163f4430194ba6669d3e5,pc/M-counter-knight-spearman/724e76e19c74cf2e998d1b0e/A-B,vps/W-factor-cloudy-knight-baseAccuracy/65699bfbe91316de704ba88c/A-B
efa865b6e6994c746eb98a831b6871c218270231d8e6b21a92f83c550b0766ea,pc/M-counter-knight-spearman/724e76e19c74cf2e998d1b0e/B-A,vps/W-factor-cloudy-knight-baseAccuracy/65699bfbe91316de704ba88c/B-A
d0fc8136b27c341b2b389664fd9cbfbae0b31d49eb10f409d3468b26031d2db5,pc/M-counter-knight-soldier/d1dc75172a91d3c61745f9d9/A-B,vps/W-factor-cloudy-knight-baseAccuracy/714f18641f4c89f3f5b585f1/A-B
5e1daaa5b52b45667e60f516d35ce1bbd3328cb3aaae21c7ec3934aad642822e,pc/M-counter-knight-soldier/d1dc75172a91d3c61745f9d9/B-A,vps/W-factor-cloudy-knight-baseAccuracy/714f18641f4c89f3f5b585f1/B-A
1178f1206facb99d474deb6896610eb381b51065a110d670b64abf6c01184760,pc/M-combat-capturePercent/9ea4f603e73d531fd3c8df44/A-B,vps/W-factor-cloudy-knight-baseAccuracy/801eff1a35be3f6b639c1d2c/A-B
db8d3921ad4c7ffbcfdfcbf53d72da2e8c438f83b03f5de5e5b8aab344978ab5,pc/M-combat-capturePercent/9ea4f603e73d531fd3c8df44/B-A,vps/W-factor-cloudy-knight-baseAccuracy/801eff1a35be3f6b639c1d2c/B-A
87844e416d861f5c9ead6ab9b78dcfb00006427ddc351bd0388c1eabd412ea8d,pc/M-combat-capturePercent/2d6350473497c883675afa80/A-B,vps/W-factor-cloudy-knight-baseAccuracy/8642258c015996cb8a60a37c/A-B
e137c8706ef5acd42c2d3113acb60f6a980b709cb9423e1758161e5fa6ce3ea3,pc/M-combat-capturePercent/2d6350473497c883675afa80/B-A,vps/W-factor-cloudy-knight-baseAccuracy/8642258c015996cb8a60a37c/B-A
e8ace81187585f9a9799ca32812522681ac41a635a15cad6f908602359c5924d,pc/M-counter-knight-archer/b1eb39050565060f2ac2c7bb/A-B,vps/W-factor-cloudy-knight-baseAccuracy/a9b37a59d4b9023adec51185/A-B
efae91d1ed12f877be4990b4e3359b2e883e22c52802dc93c28ac8ab47910dd2,pc/M-counter-knight-archer/b1eb39050565060f2ac2c7bb/B-A,vps/W-factor-cloudy-knight-baseAccuracy/a9b37a59d4b9023adec51185/B-A
efc4fdcd65621f58639b9a2c05b60cd02d32bd2145a7eeff7bf25c72464e8a79,pc/M-counter-knight-soldier/f038daaf4300af7f9df167d2/A-B,vps/W-factor-cloudy-knight-baseAccuracy/c286304b21ad66d9990437e2/A-B
780a67a606c98875a90a136ddbc8152e9b394ac4c821bbd1585b13544ad23451,pc/M-counter-knight-soldier/f038daaf4300af7f9df167d2/B-A,vps/W-factor-cloudy-knight-baseAccuracy/c286304b21ad66d9990437e2/B-A
5d1348b689763e1dec034bd25e10f3dd39bdddde41e7df7f9052f9365734cdc2,pc/M-counter-knight-soldier/106b506136090c74503cc757/A-B,vps/W-factor-cloudy-knight-baseAccuracy/d901cc7b0251e300475f7659/A-B
ed56ff380198eebe0b3347981f4f6894a2e22c6ed5990016ae2196c6364c290f,pc/M-counter-knight-soldier/106b506136090c74503cc757/B-A,vps/W-factor-cloudy-knight-baseAccuracy/d901cc7b0251e300475f7659/B-A
be262af8d40c5c29de76cd4f06065710ebc47f483b3f67fcea0e69f66d5ceaa1,pc/M-counter-knight-spearman/40fa3d6fb4fe25b8c7df996c/A-B,vps/W-factor-cloudy-knight-baseAccuracy/dd44c0bbe4a38139e918ede3/A-B
9c342e15155ccf3566c9a20d69f1eaca1a551dcc50f665fab22c9d2429f9cc98,pc/M-counter-knight-spearman/40fa3d6fb4fe25b8c7df996c/B-A,vps/W-factor-cloudy-knight-baseAccuracy/dd44c0bbe4a38139e918ede3/B-A
f6ab04f25f23acc16321c07d20e652c167d2da367dd3b2e1288b7184f3b59d9c,pc/M-counter-knight-archer/d7ea802833b1f1a779ecb795/A-B,vps/W-factor-cloudy-knight-baseAccuracy/f1f4b0b482c14b04478695cb/A-B
303c04b0c4ade3a3311bcd14b5016d5615a58aa5017c7c918cabfc09f8ed53e4,pc/M-counter-knight-archer/d7ea802833b1f1a779ecb795/B-A,vps/W-factor-cloudy-knight-baseAccuracy/f1f4b0b482c14b04478695cb/B-A
2a1d1503a117713d05836a468b6a0d0d39d7d08702d9ca68ffe56c89d6f08704,pc/M-combat-capturePercent/98043342a0f7383cbda2c59d/A-B,vps/W-factor-cloudy-soldier-attack/184c9142a743f5be47d4c78c/A-B
cdd056f355bfd3009ca6798847f425d092b2fa95fee94cbb9f1b9d30918fd936,pc/M-combat-capturePercent/98043342a0f7383cbda2c59d/B-A,vps/W-factor-cloudy-soldier-attack/184c9142a743f5be47d4c78c/B-A
4970d1f6b5265fad201517f3825ff40d79aa8b20306bc545f88c8e11a313708e,pc/M-combat-capturePercent/6aee5ba4cebd035270c43536/A-B,vps/W-factor-cloudy-soldier-attack/195d42cfbf7820de39571c8c/A-B
0243eeadabcc14bc5e95fa1b391f9a0fbfc6c55db116c0e75d961227e7785c42,pc/M-combat-capturePercent/6aee5ba4cebd035270c43536/B-A,vps/W-factor-cloudy-soldier-attack/195d42cfbf7820de39571c8c/B-A
7021d39476c082c69391aa7d9d107c8598ae66c5b1828c73e129c275542d42fb,pc/M-combat-capturePercent/adf2a33f332db08d4d373bba/A-B,vps/W-factor-cloudy-soldier-attack/1f340ce6a7352c55631c9ff1/A-B
0a6998a19d108d4ea47989fe9c9346eb6b099ed85b399e3702e1d1add2785d07,pc/M-combat-capturePercent/adf2a33f332db08d4d373bba/B-A,vps/W-factor-cloudy-soldier-attack/1f340ce6a7352c55631c9ff1/B-A
a5bb96235bf6f9a76b769ff737d8e922df94b0a52f749525853085cd022bf3ef,pc/M-combat-capturePercent/a74b3b7b747bae166c9bbd4d/A-B,vps/W-factor-cloudy-soldier-attack/2c72e4dc0813f9be9d9a3450/A-B
8a5fbdbf1b558dc200eab97d67343355792afdf24d5bbb0e91f754b86f3a02ef,pc/M-combat-capturePercent/a74b3b7b747bae166c9bbd4d/B-A,vps/W-factor-cloudy-soldier-attack/2c72e4dc0813f9be9d9a3450/B-A
9ca322cb96477f8f2d6b2e7673307285a8c1ac1a2124cfb6ddfbf09efb0d4075,pc/M-combat-capturePercent/48d3967fcd05b8de1e34c2d4/A-B,vps/W-factor-cloudy-soldier-attack/34f4588e2d97eae3ebc14cf5/A-B
0ef488184d72f1f098ab6566fb80c72140d7078400dd1a9587141fe8b34a13ec,pc/M-combat-capturePercent/48d3967fcd05b8de1e34c2d4/B-A,vps/W-factor-cloudy-soldier-attack/34f4588e2d97eae3ebc14cf5/B-A
3d79ed5983c89d0022c51a128734a7b36a8941c07b48f432dd6f260a0059cec7,pc/M-combat-capturePercent/9a1ddda43134d9061057be59/A-B,vps/W-factor-cloudy-soldier-attack/5ab15c1bdbc191e511771a1e/A-B
b539cabaf72f26f266d867628052db7ffc7cfa333da902e943ce8bd34a752c17,pc/M-combat-capturePercent/9a1ddda43134d9061057be59/B-A,vps/W-factor-cloudy-soldier-attack/5ab15c1bdbc191e511771a1e/B-A
e1e29aab7102365136b614a54a8aeb0bee449145f3bc465a205963f9f554f006,pc/M-combat-capturePercent/bf898c747897728e9c646b00/A-B,vps/W-factor-cloudy-soldier-attack/5b9e46ae9f1ec18e93c5b373/A-B
0c2b4bb54f68750a49827995ac5ca7c41b885ac68f663af9b71cf4658f802372,pc/M-combat-capturePercent/bf898c747897728e9c646b00/B-A,vps/W-factor-cloudy-soldier-attack/5b9e46ae9f1ec18e93c5b373/B-A
00f252d5722657943a4cb0718ce0da7e8a4611896fa35ea5621c1322e14ef866,pc/M-combat-capturePercent/54e1d4f2a6e7f51febebdd8e/A-B,vps/W-factor-cloudy-soldier-attack/5e0cb9d38439067ffc86efbe/A-B
9000dde07f557a8d66b3ea4000e55211bbd45f04e3469db5cbc747249d14ba6c,pc/M-combat-capturePercent/54e1d4f2a6e7f51febebdd8e/B-A,vps/W-factor-cloudy-soldier-attack/5e0cb9d38439067ffc86efbe/B-A
f5eaa97da71df5298d7c5b30554bec43da7311247b6bf61d3299b38dd99ce886,pc/M-combat-capturePercent/80ebf93b386771704cc70bab/A-B,vps/W-factor-cloudy-soldier-attack/a661c6d46e0877bd0ed1a761/A-B
6a49a491a5ff72a4b8db0cc1fcd37742813f1f1a76d4b11bb02af21e20d1e1ce,pc/M-combat-capturePercent/80ebf93b386771704cc70bab/B-A,vps/W-factor-cloudy-soldier-attack/a661c6d46e0877bd0ed1a761/B-A
587a0b6c8fbf92e9e393e63a374c6bdc95fc594470b7c8ee42ee3df5c4a6b8ef,pc/M-combat-capturePercent/1a50bd67feb4ca4f159a4cfe/A-B,vps/W-factor-cloudy-soldier-attack/b9a8ed0924aaa2d1f220065b/A-B
cab79020193af6f55744135f0197a1630e3c2215411e9bdd269a836e052ec646,pc/M-combat-capturePercent/1a50bd67feb4ca4f159a4cfe/B-A,vps/W-factor-cloudy-soldier-attack/b9a8ed0924aaa2d1f220065b/B-A
647ab88a83aa6f834990989ca24911ddf969595c4a5f5d85e2c151fdaebac92b,pc/M-combat-capturePercent/93f29e181d26c9d16b60ee8b/A-B,vps/W-factor-cloudy-soldier-attack/c1d4d06a8d63070238f64bf3/A-B
cb5849664fb65ac00466aa61563a1f9baace77ad985b9c02a92e371cf45b1603,pc/M-combat-capturePercent/93f29e181d26c9d16b60ee8b/B-A,vps/W-factor-cloudy-soldier-attack/c1d4d06a8d63070238f64bf3/B-A
6d407622c60b016795f97c89a6a5574696df9124c61c66dd231ce4e7c7aa2393,pc/M-combat-capturePercent/ec03e2f3b6e41ea5555df14c/A-B,vps/W-factor-cloudy-soldier-attack/e122f23ff13fa2d3578e33ec/A-B
5b40b5d08240a3cb41ac0662b746bf7848264fd5d59a18b9cccd174e1c8a970f,pc/M-combat-capturePercent/ec03e2f3b6e41ea5555df14c/B-A,vps/W-factor-cloudy-soldier-attack/e122f23ff13fa2d3578e33ec/B-A
9ca322cb96477f8f2d6b2e7673307285a8c1ac1a2124cfb6ddfbf09efb0d4075,pc/M-combat-capturePercent/48d3967fcd05b8de1e34c2d4/A-B,vps/W-factor-cloudy-soldier-baseAccuracy/12bb73278af1941a96877e82/A-B
0ef488184d72f1f098ab6566fb80c72140d7078400dd1a9587141fe8b34a13ec,pc/M-combat-capturePercent/48d3967fcd05b8de1e34c2d4/B-A,vps/W-factor-cloudy-soldier-baseAccuracy/12bb73278af1941a96877e82/B-A
f5eaa97da71df5298d7c5b30554bec43da7311247b6bf61d3299b38dd99ce886,pc/M-combat-capturePercent/80ebf93b386771704cc70bab/A-B,vps/W-factor-cloudy-soldier-baseAccuracy/36bdb3de29a4d2ce1613b7fa/A-B
6a49a491a5ff72a4b8db0cc1fcd37742813f1f1a76d4b11bb02af21e20d1e1ce,pc/M-combat-capturePercent/80ebf93b386771704cc70bab/B-A,vps/W-factor-cloudy-soldier-baseAccuracy/36bdb3de29a4d2ce1613b7fa/B-A
00f252d5722657943a4cb0718ce0da7e8a4611896fa35ea5621c1322e14ef866,pc/M-combat-capturePercent/54e1d4f2a6e7f51febebdd8e/A-B,vps/W-factor-cloudy-soldier-baseAccuracy/38d2d056292e7b9dbc67c197/A-B
9000dde07f557a8d66b3ea4000e55211bbd45f04e3469db5cbc747249d14ba6c,pc/M-combat-capturePercent/54e1d4f2a6e7f51febebdd8e/B-A,vps/W-factor-cloudy-soldier-baseAccuracy/38d2d056292e7b9dbc67c197/B-A
7021d39476c082c69391aa7d9d107c8598ae66c5b1828c73e129c275542d42fb,pc/M-combat-capturePercent/adf2a33f332db08d4d373bba/A-B,vps/W-factor-cloudy-soldier-baseAccuracy/496ce806df99e42cec156d25/A-B
0a6998a19d108d4ea47989fe9c9346eb6b099ed85b399e3702e1d1add2785d07,pc/M-combat-capturePercent/adf2a33f332db08d4d373bba/B-A,vps/W-factor-cloudy-soldier-baseAccuracy/496ce806df99e42cec156d25/B-A
4970d1f6b5265fad201517f3825ff40d79aa8b20306bc545f88c8e11a313708e,pc/M-combat-capturePercent/6aee5ba4cebd035270c43536/A-B,vps/W-factor-cloudy-soldier-baseAccuracy/5f4f15f70c4dca400b2a36c6/A-B
0243eeadabcc14bc5e95fa1b391f9a0fbfc6c55db116c0e75d961227e7785c42,pc/M-combat-capturePercent/6aee5ba4cebd035270c43536/B-A,vps/W-factor-cloudy-soldier-baseAccuracy/5f4f15f70c4dca400b2a36c6/B-A
587a0b6c8fbf92e9e393e63a374c6bdc95fc594470b7c8ee42ee3df5c4a6b8ef,pc/M-combat-capturePercent/1a50bd67feb4ca4f159a4cfe/A-B,vps/W-factor-cloudy-soldier-baseAccuracy/82495301144aa4ec38be690a/A-B
cab79020193af6f55744135f0197a1630e3c2215411e9bdd269a836e052ec646,pc/M-combat-capturePercent/1a50bd67feb4ca4f159a4cfe/B-A,vps/W-factor-cloudy-soldier-baseAccuracy/82495301144aa4ec38be690a/B-A
647ab88a83aa6f834990989ca24911ddf969595c4a5f5d85e2c151fdaebac92b,pc/M-combat-capturePercent/93f29e181d26c9d16b60ee8b/A-B,vps/W-factor-cloudy-soldier-baseAccuracy/85458189049c3df9512a6976/A-B
cb5849664fb65ac00466aa61563a1f9baace77ad985b9c02a92e371cf45b1603,pc/M-combat-capturePercent/93f29e181d26c9d16b60ee8b/B-A,vps/W-factor-cloudy-soldier-baseAccuracy/85458189049c3df9512a6976/B-A
e1e29aab7102365136b614a54a8aeb0bee449145f3bc465a205963f9f554f006,pc/M-combat-capturePercent/bf898c747897728e9c646b00/A-B,vps/W-factor-cloudy-soldier-baseAccuracy/9499d8ce1913698b4d4062c7/A-B
0c2b4bb54f68750a49827995ac5ca7c41b885ac68f663af9b71cf4658f802372,pc/M-combat-capturePercent/bf898c747897728e9c646b00/B-A,vps/W-factor-cloudy-soldier-baseAccuracy/9499d8ce1913698b4d4062c7/B-A
3d79ed5983c89d0022c51a128734a7b36a8941c07b48f432dd6f260a0059cec7,pc/M-combat-capturePercent/9a1ddda43134d9061057be59/A-B,vps/W-factor-cloudy-soldier-baseAccuracy/cca9d4053df05f5dd1574676/A-B
b539cabaf72f26f266d867628052db7ffc7cfa333da902e943ce8bd34a752c17,pc/M-combat-capturePercent/9a1ddda43134d9061057be59/B-A,vps/W-factor-cloudy-soldier-baseAccuracy/cca9d4053df05f5dd1574676/B-A
a5bb96235bf6f9a76b769ff737d8e922df94b0a52f749525853085cd022bf3ef,pc/M-combat-capturePercent/a74b3b7b747bae166c9bbd4d/A-B,vps/W-factor-cloudy-soldier-baseAccuracy/f1a41e86743d676efd38e443/A-B
8a5fbdbf1b558dc200eab97d67343355792afdf24d5bbb0e91f754b86f3a02ef,pc/M-combat-capturePercent/a74b3b7b747bae166c9bbd4d/B-A,vps/W-factor-cloudy-soldier-baseAccuracy/f1a41e86743d676efd38e443/B-A
6d407622c60b016795f97c89a6a5574696df9124c61c66dd231ce4e7c7aa2393,pc/M-combat-capturePercent/ec03e2f3b6e41ea5555df14c/A-B,vps/W-factor-cloudy-soldier-baseAccuracy/f2bde171fd4b48b5cc391d1f/A-B
5b40b5d08240a3cb41ac0662b746bf7848264fd5d59a18b9cccd174e1c8a970f,pc/M-combat-capturePercent/ec03e2f3b6e41ea5555df14c/B-A,vps/W-factor-cloudy-soldier-baseAccuracy/f2bde171fd4b48b5cc391d1f/B-A
2a1d1503a117713d05836a468b6a0d0d39d7d08702d9ca68ffe56c89d6f08704,pc/M-combat-capturePercent/98043342a0f7383cbda2c59d/A-B,vps/W-factor-cloudy-soldier-baseAccuracy/fc151c9003cb5ed177b3ebd9/A-B
cdd056f355bfd3009ca6798847f425d092b2fa95fee94cbb9f1b9d30918fd936,pc/M-combat-capturePercent/98043342a0f7383cbda2c59d/B-A,vps/W-factor-cloudy-soldier-baseAccuracy/fc151c9003cb5ed177b3ebd9/B-A
7d7abac10e512ec2c70d5d25a59d0d144ba2b19ce4372cc4f09baf310123eafb,pc/M-combat-capturePercent/15b79b9ef5cbd9e794375476/A-B,vps/W-factor-cloudy-spearman-attack/092ca610ccb3ad709057fe23/A-B
75facca78d59da8acebf5520dc1aec84674008dca00e85ffe5137a6371d683bd,pc/M-combat-capturePercent/15b79b9ef5cbd9e794375476/B-A,vps/W-factor-cloudy-spearman-attack/092ca610ccb3ad709057fe23/B-A
4227f054b87e527b1d1b0274ed1998e330c5df10704580221a9b575b4a8798c6,pc/M-combat-capturePercent/b4b94da886e061c92142841a/A-B,vps/W-factor-cloudy-spearman-attack/09a8b1147ecfb949eec0f13f/A-B
ed29d7971438fc1a049999694ca61a2424e52dc6124815c6cadb6b6c1daaffd8,pc/M-combat-capturePercent/b4b94da886e061c92142841a/B-A,vps/W-factor-cloudy-spearman-attack/09a8b1147ecfb949eec0f13f/B-A
e1e15074299de68705a0c780b2d3fb59197c1aac103ae07319f15d754de45d5a,pc/M-counter-spearman-soldier/e8d4301fb42eb5dc79e5d562/A-B,vps/W-factor-cloudy-spearman-attack/147e5016f8a491b1ab3459da/A-B
40db732252fdbb4c83d829c619b8c5bb7675d6c707874829d4ef7d7f6be59e56,pc/M-counter-spearman-soldier/e8d4301fb42eb5dc79e5d562/B-A,vps/W-factor-cloudy-spearman-attack/147e5016f8a491b1ab3459da/B-A
d008a6c4cea3edb58d3e49bd4fe6a9dc06177f8442e6495e138e98d884af187e,pc/M-combat-capturePercent/7701dd750551af246ed1b8c5/A-B,vps/W-factor-cloudy-spearman-attack/3412895eddc3a3adecb00d3d/A-B
bcbc877f0cf8b1db3ca6328cc8d75854e56dc0b5735561ddaff5ce14c2a229f6,pc/M-combat-capturePercent/7701dd750551af246ed1b8c5/B-A,vps/W-factor-cloudy-spearman-attack/3412895eddc3a3adecb00d3d/B-A
85f859f840726422ec7d710e5557c9d3b6715fd7fc74bfe34607d4d92c94e777,pc/M-combat-capturePercent/0c0085870630c59e82d2d03f/A-B,vps/W-factor-cloudy-spearman-attack/3ced83bc621d7d7fde69e15c/A-B
03908c0fa4ced8ca60a7e0fb3a0f39260e015950626c7db85dad0402f2d3619e,pc/M-combat-capturePercent/0c0085870630c59e82d2d03f/B-A,vps/W-factor-cloudy-spearman-attack/3ced83bc621d7d7fde69e15c/B-A
4cc7756faf4200e045b276dd9746f81803d06dbd345a04f815c1b28930e8f1c5,pc/M-counter-spearman-soldier/53af060b43ed6bfe92a7fc27/A-B,vps/W-factor-cloudy-spearman-attack/53ead48c7f6768833ca32f82/A-B
473f29f635d7cddbe224f67088634db9686a5b19e0094a96473b0f27244d2424,pc/M-counter-spearman-soldier/53af060b43ed6bfe92a7fc27/B-A,vps/W-factor-cloudy-spearman-attack/53ead48c7f6768833ca32f82/B-A
b965633c898c10ac48cc0b945d886ca291a7c3df9f2bc8fbbd6924891bba8756,pc/M-combat-capturePercent/a477667580eb4a6cca4bfd35/A-B,vps/W-factor-cloudy-spearman-attack/6409a77da7e30e91340ef9d0/A-B
04d26513bee41f8de98ab49cd97c992b3a0017b0ad91dc428f6066f007ce270c,pc/M-combat-capturePercent/a477667580eb4a6cca4bfd35/B-A,vps/W-factor-cloudy-spearman-attack/6409a77da7e30e91340ef9d0/B-A
b73591b9f6abc73a280ac0ee1d8386bcade85430256e3f726b2cbcc088927d4b,pc/M-counter-spearman-soldier/2a7ab78a27d49cd7e351e330/A-B,vps/W-factor-cloudy-spearman-attack/6af727f86e2758a10dcb2edd/A-B
e86c1609971a59d6f6f7f1964467fd28673b2257a151e6057fcb3bec365002f1,pc/M-counter-spearman-soldier/2a7ab78a27d49cd7e351e330/B-A,vps/W-factor-cloudy-spearman-attack/6af727f86e2758a10dcb2edd/B-A
58cd7ae8deb38800a7970576196ee8f591af45338dcec1590dcfba297fa69701,pc/M-combat-capturePercent/0fad6426e216ce1d497cd944/A-B,vps/W-factor-cloudy-spearman-attack/7f1457fa37d764cde448ad9f/A-B
71c1edf0b3076609f0d5f6632549a6592128c1a272b42a58354f9fb187b4a370,pc/M-combat-capturePercent/0fad6426e216ce1d497cd944/B-A,vps/W-factor-cloudy-spearman-attack/7f1457fa37d764cde448ad9f/B-A
54b8eb5652e7a14e2d23dbf5a122ee8f8758e3e126c18b1c2077bfe200269275,pc/M-combat-capturePercent/e03c8d62aa94aae4fc0f13f1/A-B,vps/W-factor-cloudy-spearman-attack/b2c7e5a5f79685bfad5959d4/A-B
078641e562821c4012d1a24d08878af3f97f45aea622350727a2eb5edcbd524c,pc/M-combat-capturePercent/e03c8d62aa94aae4fc0f13f1/B-A,vps/W-factor-cloudy-spearman-attack/b2c7e5a5f79685bfad5959d4/B-A
2bc6219638d312265f5c45e3ff80bf6b75c9c3992211780b96db52997872da32,pc/M-combat-capturePercent/9ee1c7b7c3d22f186dea063d/A-B,vps/W-factor-cloudy-spearman-attack/f69570d8d18f9337085ee617/A-B
120c55e4f29e4d0105d6cc15c34f2d0b90e315f38cd4336b4554e662eda73d66,pc/M-combat-capturePercent/9ee1c7b7c3d22f186dea063d/B-A,vps/W-factor-cloudy-spearman-attack/f69570d8d18f9337085ee617/B-A
ac0328d7e848fe34c754caa6b9c4b0ed2030d2e4d6fcccd1ed330988caf253df,pc/M-combat-capturePercent/2497be6bce26a22f97e6e95e/A-B,vps/W-factor-cloudy-spearman-attack/f86c85753309cf1037e1bf36/A-B
cdf02ca8a3da35cbdb52ea241c610d7fdc069d44ffd601725625d6de3e1c67e1,pc/M-combat-capturePercent/2497be6bce26a22f97e6e95e/B-A,vps/W-factor-cloudy-spearman-attack/f86c85753309cf1037e1bf36/B-A
7d7abac10e512ec2c70d5d25a59d0d144ba2b19ce4372cc4f09baf310123eafb,pc/M-combat-capturePercent/15b79b9ef5cbd9e794375476/A-B,vps/W-factor-cloudy-spearman-baseAccuracy/1148bebf93dc31b3824b4d68/A-B
75facca78d59da8acebf5520dc1aec84674008dca00e85ffe5137a6371d683bd,pc/M-combat-capturePercent/15b79b9ef5cbd9e794375476/B-A,vps/W-factor-cloudy-spearman-baseAccuracy/1148bebf93dc31b3824b4d68/B-A
ac0328d7e848fe34c754caa6b9c4b0ed2030d2e4d6fcccd1ed330988caf253df,pc/M-combat-capturePercent/2497be6bce26a22f97e6e95e/A-B,vps/W-factor-cloudy-spearman-baseAccuracy/16ab6d6a6af7dda0b042bf6a/A-B
cdf02ca8a3da35cbdb52ea241c610d7fdc069d44ffd601725625d6de3e1c67e1,pc/M-combat-capturePercent/2497be6bce26a22f97e6e95e/B-A,vps/W-factor-cloudy-spearman-baseAccuracy/16ab6d6a6af7dda0b042bf6a/B-A
54b8eb5652e7a14e2d23dbf5a122ee8f8758e3e126c18b1c2077bfe200269275,pc/M-combat-capturePercent/e03c8d62aa94aae4fc0f13f1/A-B,vps/W-factor-cloudy-spearman-baseAccuracy/2c2e0382231b75ccdf0c2fdb/A-B
078641e562821c4012d1a24d08878af3f97f45aea622350727a2eb5edcbd524c,pc/M-combat-capturePercent/e03c8d62aa94aae4fc0f13f1/B-A,vps/W-factor-cloudy-spearman-baseAccuracy/2c2e0382231b75ccdf0c2fdb/B-A
b965633c898c10ac48cc0b945d886ca291a7c3df9f2bc8fbbd6924891bba8756,pc/M-combat-capturePercent/a477667580eb4a6cca4bfd35/A-B,vps/W-factor-cloudy-spearman-baseAccuracy/3c21f43ed1ca33d518200da7/A-B
04d26513bee41f8de98ab49cd97c992b3a0017b0ad91dc428f6066f007ce270c,pc/M-combat-capturePercent/a477667580eb4a6cca4bfd35/B-A,vps/W-factor-cloudy-spearman-baseAccuracy/3c21f43ed1ca33d518200da7/B-A
d008a6c4cea3edb58d3e49bd4fe6a9dc06177f8442e6495e138e98d884af187e,pc/M-combat-capturePercent/7701dd750551af246ed1b8c5/A-B,vps/W-factor-cloudy-spearman-baseAccuracy/425e3d08c38925cdab9b016c/A-B
bcbc877f0cf8b1db3ca6328cc8d75854e56dc0b5735561ddaff5ce14c2a229f6,pc/M-combat-capturePercent/7701dd750551af246ed1b8c5/B-A,vps/W-factor-cloudy-spearman-baseAccuracy/425e3d08c38925cdab9b016c/B-A
85f859f840726422ec7d710e5557c9d3b6715fd7fc74bfe34607d4d92c94e777,pc/M-combat-capturePercent/0c0085870630c59e82d2d03f/A-B,vps/W-factor-cloudy-spearman-baseAccuracy/462639470d3320e635aad5f1/A-B
03908c0fa4ced8ca60a7e0fb3a0f39260e015950626c7db85dad0402f2d3619e,pc/M-combat-capturePercent/0c0085870630c59e82d2d03f/B-A,vps/W-factor-cloudy-spearman-baseAccuracy/462639470d3320e635aad5f1/B-A
e1e15074299de68705a0c780b2d3fb59197c1aac103ae07319f15d754de45d5a,pc/M-counter-spearman-soldier/e8d4301fb42eb5dc79e5d562/A-B,vps/W-factor-cloudy-spearman-baseAccuracy/53336d607f079c8be4c7dc76/A-B
40db732252fdbb4c83d829c619b8c5bb7675d6c707874829d4ef7d7f6be59e56,pc/M-counter-spearman-soldier/e8d4301fb42eb5dc79e5d562/B-A,vps/W-factor-cloudy-spearman-baseAccuracy/53336d607f079c8be4c7dc76/B-A
58cd7ae8deb38800a7970576196ee8f591af45338dcec1590dcfba297fa69701,pc/M-combat-capturePercent/0fad6426e216ce1d497cd944/A-B,vps/W-factor-cloudy-spearman-baseAccuracy/5b9be287ee56a28501258695/A-B
71c1edf0b3076609f0d5f6632549a6592128c1a272b42a58354f9fb187b4a370,pc/M-combat-capturePercent/0fad6426e216ce1d497cd944/B-A,vps/W-factor-cloudy-spearman-baseAccuracy/5b9be287ee56a28501258695/B-A
2bc6219638d312265f5c45e3ff80bf6b75c9c3992211780b96db52997872da32,pc/M-combat-capturePercent/9ee1c7b7c3d22f186dea063d/A-B,vps/W-factor-cloudy-spearman-baseAccuracy/5ce74e5693ceee8711cf9c7b/A-B
120c55e4f29e4d0105d6cc15c34f2d0b90e315f38cd4336b4554e662eda73d66,pc/M-combat-capturePercent/9ee1c7b7c3d22f186dea063d/B-A,vps/W-factor-cloudy-spearman-baseAccuracy/5ce74e5693ceee8711cf9c7b/B-A
b73591b9f6abc73a280ac0ee1d8386bcade85430256e3f726b2cbcc088927d4b,pc/M-counter-spearman-soldier/2a7ab78a27d49cd7e351e330/A-B,vps/W-factor-cloudy-spearman-baseAccuracy/6183c12ed92e037b553b89f0/A-B
e86c1609971a59d6f6f7f1964467fd28673b2257a151e6057fcb3bec365002f1,pc/M-counter-spearman-soldier/2a7ab78a27d49cd7e351e330/B-A,vps/W-factor-cloudy-spearman-baseAccuracy/6183c12ed92e037b553b89f0/B-A
4227f054b87e527b1d1b0274ed1998e330c5df10704580221a9b575b4a8798c6,pc/M-combat-capturePercent/b4b94da886e061c92142841a/A-B,vps/W-factor-cloudy-spearman-baseAccuracy/8aa85a7b1b47cf49e94deaa8/A-B
ed29d7971438fc1a049999694ca61a2424e52dc6124815c6cadb6b6c1daaffd8,pc/M-combat-capturePercent/b4b94da886e061c92142841a/B-A,vps/W-factor-cloudy-spearman-baseAccuracy/8aa85a7b1b47cf49e94deaa8/B-A
4cc7756faf4200e045b276dd9746f81803d06dbd345a04f815c1b28930e8f1c5,pc/M-counter-spearman-soldier/53af060b43ed6bfe92a7fc27/A-B,vps/W-factor-cloudy-spearman-baseAccuracy/b9ac674bcd2b798fcfd2b0ff/A-B
473f29f635d7cddbe224f67088634db9686a5b19e0094a96473b0f27244d2424,pc/M-counter-spearman-soldier/53af060b43ed6bfe92a7fc27/B-A,vps/W-factor-cloudy-spearman-baseAccuracy/b9ac674bcd2b798fcfd2b0ff/B-A
6946072dca0fd984c81f6e0c1d419e48f0405863f5876189e04d65104576a5ba,vps/M-weather-preset-heat/73092d474e2172ecbd029999/A-B,vps/W-factor-heat-archer-attack/06459cf5e17d18ea8e477cea/A-B
c2ec2aa1302147da161f9c54727a84a6f3feecdf383ce228ea3d347bb7d101f4,vps/M-weather-preset-heat/73092d474e2172ecbd029999/B-A,vps/W-factor-heat-archer-attack/06459cf5e17d18ea8e477cea/B-A
e5941fa3b0b6394bc77dfe4256f129cf08c65e786c9719a77309a074258026e2,vps/M-weather-preset-heat/1992f889555df06f16dcb945/A-B,vps/W-factor-heat-archer-attack/30908fb4cccb014693891d3f/A-B
ebc4b81fa123a249e62a4e6887ae284a4803e52afc1d278c44d53ac82d2ce35b,vps/M-weather-preset-heat/1992f889555df06f16dcb945/B-A,vps/W-factor-heat-archer-attack/30908fb4cccb014693891d3f/B-A
4bbafdbbf935e5c6d335d6760fade762c4ebf9893b2fe379edc560209cd8a121,vps/M-weather-preset-heat/e64894547717ecec400a17c7/A-B,vps/W-factor-heat-archer-attack/5cb056696bb96ef823fffb07/A-B
e43f0f62cbce97fd5e867acf310677d6d7e66082210d9c5523664d9f8d80a7b2,vps/M-weather-preset-heat/e64894547717ecec400a17c7/B-A,vps/W-factor-heat-archer-attack/5cb056696bb96ef823fffb07/B-A
2819ce25d0dd0e01988693ad4b2fa1dcd4176fdc0295d9104b13281a420973e3,vps/M-weather-preset-heat/2b334f09ee8d431e58223027/A-B,vps/W-factor-heat-archer-attack/99da91573881d0842fcf0695/A-B
49b8b5cd5e3afb04323175eb140f4b53944c40075606b8d8ee92bbcce3d0a82c,vps/M-weather-preset-heat/2b334f09ee8d431e58223027/B-A,vps/W-factor-heat-archer-attack/99da91573881d0842fcf0695/B-A
5d41420163b0a9470137ff9e238c136ee418f889c78d917ed31ea8b31958a2f9,vps/M-weather-preset-heat/5432620399ebf78b6b279345/A-B,vps/W-factor-heat-archer-attack/ddae587fffaca3e5f783c302/A-B
88ba85c0cedff7aab93358438e498cfb08518e6700a56c37b0a4a229c0c857fe,vps/M-weather-preset-heat/5432620399ebf78b6b279345/B-A,vps/W-factor-heat-archer-attack/ddae587fffaca3e5f783c302/B-A
4cb13f55c6910bab0b740866592d9f2a724d4bc4d5545805df0a81edd181225b,vps/M-weather-preset-heat/62fdd441d56a4623de15066a/A-B,vps/W-factor-heat-archer-attack/f97437d887239ce4933ed4a3/A-B
11e9e176619bb98d7a563b22c02b63b8f432b2c83e2fb153e1e7de81c6041209,vps/M-weather-preset-heat/62fdd441d56a4623de15066a/B-A,vps/W-factor-heat-archer-attack/f97437d887239ce4933ed4a3/B-A
2819ce25d0dd0e01988693ad4b2fa1dcd4176fdc0295d9104b13281a420973e3,vps/M-weather-preset-heat/2b334f09ee8d431e58223027/A-B,vps/W-factor-heat-archer-baseAccuracy/24aa58a886157e9e8b08c045/A-B
49b8b5cd5e3afb04323175eb140f4b53944c40075606b8d8ee92bbcce3d0a82c,vps/M-weather-preset-heat/2b334f09ee8d431e58223027/B-A,vps/W-factor-heat-archer-baseAccuracy/24aa58a886157e9e8b08c045/B-A
e5941fa3b0b6394bc77dfe4256f129cf08c65e786c9719a77309a074258026e2,vps/M-weather-preset-heat/1992f889555df06f16dcb945/A-B,vps/W-factor-heat-archer-baseAccuracy/26345de4001a615636a70b4c/A-B
ebc4b81fa123a249e62a4e6887ae284a4803e52afc1d278c44d53ac82d2ce35b,vps/M-weather-preset-heat/1992f889555df06f16dcb945/B-A,vps/W-factor-heat-archer-baseAccuracy/26345de4001a615636a70b4c/B-A
5d41420163b0a9470137ff9e238c136ee418f889c78d917ed31ea8b31958a2f9,vps/M-weather-preset-heat/5432620399ebf78b6b279345/A-B,vps/W-factor-heat-archer-baseAccuracy/2b53e609302ad75cd390a2b5/A-B
88ba85c0cedff7aab93358438e498cfb08518e6700a56c37b0a4a229c0c857fe,vps/M-weather-preset-heat/5432620399ebf78b6b279345/B-A,vps/W-factor-heat-archer-baseAccuracy/2b53e609302ad75cd390a2b5/B-A
4bbafdbbf935e5c6d335d6760fade762c4ebf9893b2fe379edc560209cd8a121,vps/M-weather-preset-heat/e64894547717ecec400a17c7/A-B,vps/W-factor-heat-archer-baseAccuracy/33301896073d5c382ece370d/A-B
e43f0f62cbce97fd5e867acf310677d6d7e66082210d9c5523664d9f8d80a7b2,vps/M-weather-preset-heat/e64894547717ecec400a17c7/B-A,vps/W-factor-heat-archer-baseAccuracy/33301896073d5c382ece370d/B-A
ad8619b64fea80fac80a3afe67598355164710ea3e1c17cedcfa844bd4eb81d9,vps/W-factor-heat-archer-attack/198d9fd0000ad5a74cd7b0c2/A-B,vps/W-factor-heat-archer-baseAccuracy/35b5e714c7b36742030d0f75/A-B
20b6115310ac2eeb3c4100b9432af363e7a6290bffc9f5e6016f4d4a3375993e,vps/W-factor-heat-archer-attack/198d9fd0000ad5a74cd7b0c2/B-A,vps/W-factor-heat-archer-baseAccuracy/35b5e714c7b36742030d0f75/B-A
56710af87b2a52837a70f2b32f70031018577435991c1e3417f3e12d11baa235,vps/W-factor-heat-archer-attack/0214d90208aa5ff592693273/A-B,vps/W-factor-heat-archer-baseAccuracy/387d09ebfe1af7058d9a07df/A-B
3c108cf412fe8e6afd4e016c1b62e7cc63148f6e1ef3300c5185cc429fca35b8,vps/W-factor-heat-archer-attack/0214d90208aa5ff592693273/B-A,vps/W-factor-heat-archer-baseAccuracy/387d09ebfe1af7058d9a07df/B-A
4cb13f55c6910bab0b740866592d9f2a724d4bc4d5545805df0a81edd181225b,vps/M-weather-preset-heat/62fdd441d56a4623de15066a/A-B,vps/W-factor-heat-archer-baseAccuracy/3ed89bbeb71e610bae068752/A-B
11e9e176619bb98d7a563b22c02b63b8f432b2c83e2fb153e1e7de81c6041209,vps/M-weather-preset-heat/62fdd441d56a4623de15066a/B-A,vps/W-factor-heat-archer-baseAccuracy/3ed89bbeb71e610bae068752/B-A
0ec0eb3e8defac18247703426ac5d4b200a728716cbd1fa3db30eeb750c7e216,vps/W-factor-heat-archer-attack/5d42522b3390b20938082b84/A-B,vps/W-factor-heat-archer-baseAccuracy/49a50e6739a740e47d58b9c1/A-B
fd8403a5ab1a2db946863f6ea05240bb0c2f7ad99f6575c5a6ab020c1d7b37be,vps/W-factor-heat-archer-attack/5d42522b3390b20938082b84/B-A,vps/W-factor-heat-archer-baseAccuracy/49a50e6739a740e47d58b9c1/B-A
a06168a395721fd5f1d1ae6b4046a10d6bb118cb93fd96fb02a01cc44178198c,vps/W-factor-heat-archer-attack/4a1a995c49a49c8fb83474b8/A-B,vps/W-factor-heat-archer-baseAccuracy/4d45593fe9914e226d4ba40a/A-B
48f0bcf2341cfdbe80a1d021ae47bdf56385dc257d889854d69d061c4e53eb3a,vps/W-factor-heat-archer-attack/4a1a995c49a49c8fb83474b8/B-A,vps/W-factor-heat-archer-baseAccuracy/4d45593fe9914e226d4ba40a/B-A
d76d030092a67827e8de3931073334ef3908e7fd04a97e54a172e021b5d82da5,vps/W-factor-heat-archer-attack/31da1d54f41931a364fdc3a4/A-B,vps/W-factor-heat-archer-baseAccuracy/73b6aabf6abf9d66f666c739/A-B
4d0dac115dfe6921132347a4009194ab506985e52fbc4f137a1bac44e719dc82,vps/W-factor-heat-archer-attack/31da1d54f41931a364fdc3a4/B-A,vps/W-factor-heat-archer-baseAccuracy/73b6aabf6abf9d66f666c739/B-A
5cf8cf13605dc6d6816405f07c069202482a48ec6fe230e08348532e0b03b640,vps/W-factor-heat-archer-attack/9e4c539fc8e86f9c73071faa/A-B,vps/W-factor-heat-archer-baseAccuracy/8e928fbc14e7e016a152e301/A-B
54c7e24e5731f361d6b8c341f148e21d55f20950399d79dcc2fd9c058c229ab7,vps/W-factor-heat-archer-attack/9e4c539fc8e86f9c73071faa/B-A,vps/W-factor-heat-archer-baseAccuracy/8e928fbc14e7e016a152e301/B-A
6946072dca0fd984c81f6e0c1d419e48f0405863f5876189e04d65104576a5ba,vps/M-weather-preset-heat/73092d474e2172ecbd029999/A-B,vps/W-factor-heat-archer-baseAccuracy/b9b36e969f67c2600da8f1d6/A-B
c2ec2aa1302147da161f9c54727a84a6f3feecdf383ce228ea3d347bb7d101f4,vps/M-weather-preset-heat/73092d474e2172ecbd029999/B-A,vps/W-factor-heat-archer-baseAccuracy/b9b36e969f67c2600da8f1d6/B-A
bd25d01661a84411986c8a5aebf8ec1f03dafc513a3dab5f8b1b29ec88defd7b,vps/M-weather-preset-heat/b93566fd84b245bb7c5b5635/A-B,vps/W-factor-heat-knight-attack/2c7a68c67b4f3d5144dc3a7b/A-B
e73d7177239f694cf955aa3b16660334194d9da7d7b795014994aa766c3b4d06,vps/M-weather-preset-heat/b93566fd84b245bb7c5b5635/B-A,vps/W-factor-heat-knight-attack/2c7a68c67b4f3d5144dc3a7b/B-A
5accffe18c801065f666a1e755cbaef0ce03b0fd7380ee2f5ef4554786ab943a,vps/M-weather-preset-heat/7be6d0d625ac591111c7d647/A-B,vps/W-factor-heat-knight-attack/3fb6084c523fa01af7e1668a/A-B
a9a47b980971534fc61de76a682f0d21d0ac48b11130899bdb133d2e1345b25c,vps/M-weather-preset-heat/7be6d0d625ac591111c7d647/B-A,vps/W-factor-heat-knight-attack/3fb6084c523fa01af7e1668a/B-A
e8adb1cae55da6567524fc4145b793f73aa37c669562b2bd00118028b6fef68a,vps/M-weather-preset-heat/28cf3a302abcda3efeea517b/A-B,vps/W-factor-heat-knight-attack/5147d402cc8d13f827abf839/A-B
8cd043cb36f032446459b5c6c2f35fc1ed0010042e9e2598e0e2455125038001,vps/M-weather-preset-heat/28cf3a302abcda3efeea517b/B-A,vps/W-factor-heat-knight-attack/5147d402cc8d13f827abf839/B-A
99f7dbc7cd5ce99f08f00bc617a2d72ef96233aebfa490b0258f1b9af8be41ca,vps/W-factor-heat-knight-attack/b515401c7cdbed8fbfb06441/A-B,vps/W-factor-heat-knight-baseAccuracy/0520be3ee2cbf27a5a1886ee/A-B
25083ca97841c4c3468345cbf8769f2367b87afae7119422ede35c46a11d9ea8,vps/W-factor-heat-knight-attack/b515401c7cdbed8fbfb06441/B-A,vps/W-factor-heat-knight-baseAccuracy/0520be3ee2cbf27a5a1886ee/B-A
5901cf7d0a04de050eb1eb2609423ccc7185475da05a6d38232f9493e1df1072,vps/W-factor-heat-knight-attack/c74b408ce40bbceb871993e3/A-B,vps/W-factor-heat-knight-baseAccuracy/1878717a99c244ba3a11102f/A-B
ddc04e7bf5724bc7e46457d63954b1e56e5641b97a638016bbf639cb520c25bb,vps/W-factor-heat-knight-attack/c74b408ce40bbceb871993e3/B-A,vps/W-factor-heat-knight-baseAccuracy/1878717a99c244ba3a11102f/B-A
dc991cd5b12e3cd2f233c53c57c90fd7afc68154d12447ce7f4fdf96d4af07b6,vps/W-factor-heat-knight-attack/87bed5ca6956a5d6634654b2/A-B,vps/W-factor-heat-knight-baseAccuracy/25806212933c9ec38b097554/A-B
8acf9463aebad6bbefeef88d387425f1fe45ead332610cc95c96d0379e6ce7aa,vps/W-factor-heat-knight-attack/87bed5ca6956a5d6634654b2/B-A,vps/W-factor-heat-knight-baseAccuracy/25806212933c9ec38b097554/B-A
f9aad753d0f190d2d98619db42765603d46cbb16a8f8fe35e1e81d5300398926,vps/W-factor-heat-knight-attack/c31826840cc7b526467e455b/A-B,vps/W-factor-heat-knight-baseAccuracy/2b4c1f1c7c600947487b9425/A-B
0c4b24e4709173fd4eefa38d2bf7bf6d8c428597588f2b38647d36aa5c515ee3,vps/W-factor-heat-knight-attack/c31826840cc7b526467e455b/B-A,vps/W-factor-heat-knight-baseAccuracy/2b4c1f1c7c600947487b9425/B-A
f26b1149eb92f0b0c285e4adcc9e60e71650dfc41f2a91275001a67e1f215a7c,vps/W-factor-heat-knight-attack/d71e42ce01cf8e55292b5217/A-B,vps/W-factor-heat-knight-baseAccuracy/35155c8506e1e8a55ba9b7a0/A-B
72e3fa251f48a6b82f4c1afa1c1187671d77f481544e5657983eed84219547af,vps/W-factor-heat-knight-attack/d71e42ce01cf8e55292b5217/B-A,vps/W-factor-heat-knight-baseAccuracy/35155c8506e1e8a55ba9b7a0/B-A
94fd1de7f0e9cab7fec6c9f2de08e63d6be482e6d3daf8449d691d2a990f9776,vps/W-factor-heat-knight-attack/ef950ee68bb462a5a4149cd1/A-B,vps/W-factor-heat-knight-baseAccuracy/39f7f6a61af55abea1d9103b/A-B
b757f3292d1e6b6b29f96aa77631a6bd5c58766bcd4009dbdd6c4b90468373f5,vps/W-factor-heat-knight-attack/ef950ee68bb462a5a4149cd1/B-A,vps/W-factor-heat-knight-baseAccuracy/39f7f6a61af55abea1d9103b/B-A
8bdfb9977bcb2f427d2d2e8835c48e15ed1a0c0c946ae7862e478969dce8d97e,vps/W-factor-heat-knight-attack/1d89eb752ef43c1cf1ba6eb5/A-B,vps/W-factor-heat-knight-baseAccuracy/5f205282299111cf3320255f/A-B
f5a01c7988925cf34bf045f75c1871153e693eadb59e44e2ee25513e98c9c9ff,vps/W-factor-heat-knight-attack/1d89eb752ef43c1cf1ba6eb5/B-A,vps/W-factor-heat-knight-baseAccuracy/5f205282299111cf3320255f/B-A
78f9eaba6b2e251f4e02f3d59528642fd3eb77d8098b3e119171692dcdb76440,vps/W-factor-heat-knight-attack/c67eee21a540ee2abeece825/A-B,vps/W-factor-heat-knight-baseAccuracy/67e96fe73896371edc62c4d0/A-B
802c5de87d0a535de2071ce2526e9563e586d048147120f35b404d725f35cecc,vps/W-factor-heat-knight-attack/c67eee21a540ee2abeece825/B-A,vps/W-factor-heat-knight-baseAccuracy/67e96fe73896371edc62c4d0/B-A
3a236e1c4e0b224333968055f83dc2bfda83ef048cd8449ca0c44ea2bf044061,vps/W-factor-heat-knight-attack/46602957124b2620844e2e23/A-B,vps/W-factor-heat-knight-baseAccuracy/92c67a461e46af638e89730e/A-B
185e6de114230d57388343c3e540cdc24f4315a7cba715fabf34860500a1bef1,vps/W-factor-heat-knight-attack/46602957124b2620844e2e23/B-A,vps/W-factor-heat-knight-baseAccuracy/92c67a461e46af638e89730e/B-A
e8adb1cae55da6567524fc4145b793f73aa37c669562b2bd00118028b6fef68a,vps/M-weather-preset-heat/28cf3a302abcda3efeea517b/A-B,vps/W-factor-heat-knight-baseAccuracy/c92036a3e67c0078309df25a/A-B
8cd043cb36f032446459b5c6c2f35fc1ed0010042e9e2598e0e2455125038001,vps/M-weather-preset-heat/28cf3a302abcda3efeea517b/B-A,vps/W-factor-heat-knight-baseAccuracy/c92036a3e67c0078309df25a/B-A
bd25d01661a84411986c8a5aebf8ec1f03dafc513a3dab5f8b1b29ec88defd7b,vps/M-weather-preset-heat/b93566fd84b245bb7c5b5635/A-B,vps/W-factor-heat-knight-baseAccuracy/f6fda4b58dfab192f5ffd98b/A-B
e73d7177239f694cf955aa3b16660334194d9da7d7b795014994aa766c3b4d06,vps/M-weather-preset-heat/b93566fd84b245bb7c5b5635/B-A,vps/W-factor-heat-knight-baseAccuracy/f6fda4b58dfab192f5ffd98b/B-A
5accffe18c801065f666a1e755cbaef0ce03b0fd7380ee2f5ef4554786ab943a,vps/M-weather-preset-heat/7be6d0d625ac591111c7d647/A-B,vps/W-factor-heat-knight-baseAccuracy/fceef8a9b0338f3330cefe9a/A-B
a9a47b980971534fc61de76a682f0d21d0ac48b11130899bdb133d2e1345b25c,vps/M-weather-preset-heat/7be6d0d625ac591111c7d647/B-A,vps/W-factor-heat-knight-baseAccuracy/fceef8a9b0338f3330cefe9a/B-A
e38f54a1955c19983f71a9641bdc543afaa44e7e11c8ff830895e53f367c7520,vps/M-weather-preset-heat/5c24f130db5f9b1cee744dcc/A-B,vps/W-factor-heat-soldier-attack/0568fc2be714f9fb115a1996/A-B
5b79bbc9dffdf63b84b0837cb7d37ea913f24f2a43e18c8628ffc4ed36219fc6,vps/M-weather-preset-heat/5c24f130db5f9b1cee744dcc/B-A,vps/W-factor-heat-soldier-attack/0568fc2be714f9fb115a1996/B-A
6d293f4400850adb91b138d038eaa0dcecd1ed0ba40ce39e4913ae07b1b41af7,vps/M-weather-preset-heat/594895ef19ab083c0dfe2cc0/A-B,vps/W-factor-heat-soldier-attack/0b4c4b3a142f3e094531dd27/A-B
4fb17ac4a0d76a6a2586532328810d90272eb40bf61d7b6a2f28718bb0ff328e,vps/M-weather-preset-heat/594895ef19ab083c0dfe2cc0/B-A,vps/W-factor-heat-soldier-attack/0b4c4b3a142f3e094531dd27/B-A
09c5874f9162e82bea3d8701e686f1abceb0890c0d8429e73110b122412b3e4e,vps/M-weather-preset-heat/3c83385595f694f3bedf5ef8/A-B,vps/W-factor-heat-soldier-attack/2a894b799425fec5cda84d72/A-B
d2baacbf1cebcb17d03c949322424c5c8f388ab25581619de901a5d8a2765d18,vps/M-weather-preset-heat/3c83385595f694f3bedf5ef8/B-A,vps/W-factor-heat-soldier-attack/2a894b799425fec5cda84d72/B-A
c971c51ac5fc8686f03436712e89b0b3f1c0fbc7fa536f31502e62da7e7aaa2e,vps/M-weather-preset-heat/749412f5744408002cf8c65a/A-B,vps/W-factor-heat-soldier-attack/395c75d6e3212c2dd3a9768f/A-B
8eeba665b25835166739d424b556988e8cc39d440f51c3bd8ab4bc9eb1fc6ce2,vps/M-weather-preset-heat/749412f5744408002cf8c65a/B-A,vps/W-factor-heat-soldier-attack/395c75d6e3212c2dd3a9768f/B-A
a67a8b7adcbb046b67978465147b373eabe393c2d6e774a88e41913ebd4a77a5,vps/M-weather-preset-heat/212462c5e8ef4f0ecee34a08/A-B,vps/W-factor-heat-soldier-attack/4c5ca3f0911358fb848abb63/A-B
0c3b592d4aa47111951d2376ecc6498f33a0beb25cd34f67433753f65a95fb18,vps/M-weather-preset-heat/212462c5e8ef4f0ecee34a08/B-A,vps/W-factor-heat-soldier-attack/4c5ca3f0911358fb848abb63/B-A
0d01c400460f000bf5044b79d10787f378161e37411fd8e2130fdaa24bcf2f7e,vps/M-weather-preset-heat/27a5d48bb6b63993670e5fce/A-B,vps/W-factor-heat-soldier-attack/626af48e2f844ea83abd2bc6/A-B
ad69f120580212a412b9f5b4f883e21794e284956c72e1b58d7fd6efef5d862b,vps/M-weather-preset-heat/27a5d48bb6b63993670e5fce/B-A,vps/W-factor-heat-soldier-attack/626af48e2f844ea83abd2bc6/B-A
e794c0c1b23b0f34149efde2185eeaa6a117d6ad5840f72118cc56318a4fc6f8,vps/M-weather-preset-heat/dc5b63eff6d3005a6f6e8ece/A-B,vps/W-factor-heat-soldier-attack/65527fddbff9baca99d3f4f6/A-B
ffff0dff334ed2e1cae3b1cce3faba0f7ad29647aec021d9aeb77663a3bedb48,vps/M-weather-preset-heat/dc5b63eff6d3005a6f6e8ece/B-A,vps/W-factor-heat-soldier-attack/65527fddbff9baca99d3f4f6/B-A
542909fc13b954d2bd8ad0631fe0f76e12a77d33c0e1533e9f5c0994b373c26e,vps/M-weather-preset-heat/db5c7343c046783c1629214a/A-B,vps/W-factor-heat-soldier-attack/75dfa83c534217a15b910ffb/A-B
b275993e04f380f379c4d9b850b9819a5e2c2d40ac42a34f95c0f2a013cf4ba4,vps/M-weather-preset-heat/db5c7343c046783c1629214a/B-A,vps/W-factor-heat-soldier-attack/75dfa83c534217a15b910ffb/B-A
750bc8408c197a8d0eb8ea9e243367e91a00007b845390fc6a61b6217daae2ad,vps/M-weather-preset-heat/38f5fbd25197a606f369e7b6/A-B,vps/W-factor-heat-soldier-attack/a2b743331c9cbce61fcf159b/A-B
f097ad5a0bdd23d6ca1454bbd07076644648ccfd39eaa7e7b971679e0b4c1b8e,vps/M-weather-preset-heat/38f5fbd25197a606f369e7b6/B-A,vps/W-factor-heat-soldier-attack/a2b743331c9cbce61fcf159b/B-A
d8b49e37e3d335f6707cc5e1f3ffe53162cbd80b47fa8058d72da0c9a16f02b6,vps/M-weather-preset-heat/94e6d3020676e40e2bf58118/A-B,vps/W-factor-heat-soldier-attack/bd926a8b2e685179e5c94ea0/A-B
78ef1728465af25d1f227d0228aa0f081ce328c1bf5998d4c0547b38a93a5bd4,vps/M-weather-preset-heat/94e6d3020676e40e2bf58118/B-A,vps/W-factor-heat-soldier-attack/bd926a8b2e685179e5c94ea0/B-A
0355fd22a32cd14f709c2a17c8f2fcbb2110eaba4d11f2bce4b579cbe9dd152f,vps/M-weather-preset-heat/2c8be9b8231c0b0b4c14caa2/A-B,vps/W-factor-heat-soldier-attack/c12895df30f1bf1d19bb3523/A-B
fb1544643c0a6b2f85ce30e5778fba79b95c1bd6896540a0c3290d0e2050f481,vps/M-weather-preset-heat/2c8be9b8231c0b0b4c14caa2/B-A,vps/W-factor-heat-soldier-attack/c12895df30f1bf1d19bb3523/B-A
9038af7f558125075a774d76de1b370d910924573c39d18ae05e2cb477a67ccd,vps/M-weather-preset-heat/6d1b495162626772b2d550dd/A-B,vps/W-factor-heat-soldier-attack/f60ec4a6fbe41d6e0c612b69/A-B
150c72c3d03317fc06646a89914680beec36dc215502c0a2301f61965980af3e,vps/M-weather-preset-heat/6d1b495162626772b2d550dd/B-A,vps/W-factor-heat-soldier-attack/f60ec4a6fbe41d6e0c612b69/B-A
e794c0c1b23b0f34149efde2185eeaa6a117d6ad5840f72118cc56318a4fc6f8,vps/M-weather-preset-heat/dc5b63eff6d3005a6f6e8ece/A-B,vps/W-factor-heat-soldier-baseAccuracy/07070ac0e8dea6f53e5ed712/A-B
ffff0dff334ed2e1cae3b1cce3faba0f7ad29647aec021d9aeb77663a3bedb48,vps/M-weather-preset-heat/dc5b63eff6d3005a6f6e8ece/B-A,vps/W-factor-heat-soldier-baseAccuracy/07070ac0e8dea6f53e5ed712/B-A
750bc8408c197a8d0eb8ea9e243367e91a00007b845390fc6a61b6217daae2ad,vps/M-weather-preset-heat/38f5fbd25197a606f369e7b6/A-B,vps/W-factor-heat-soldier-baseAccuracy/1ea6c19e043e3b90b13ea1ed/A-B
f097ad5a0bdd23d6ca1454bbd07076644648ccfd39eaa7e7b971679e0b4c1b8e,vps/M-weather-preset-heat/38f5fbd25197a606f369e7b6/B-A,vps/W-factor-heat-soldier-baseAccuracy/1ea6c19e043e3b90b13ea1ed/B-A
6d293f4400850adb91b138d038eaa0dcecd1ed0ba40ce39e4913ae07b1b41af7,vps/M-weather-preset-heat/594895ef19ab083c0dfe2cc0/A-B,vps/W-factor-heat-soldier-baseAccuracy/2d728db08ae6685ee782f228/A-B
4fb17ac4a0d76a6a2586532328810d90272eb40bf61d7b6a2f28718bb0ff328e,vps/M-weather-preset-heat/594895ef19ab083c0dfe2cc0/B-A,vps/W-factor-heat-soldier-baseAccuracy/2d728db08ae6685ee782f228/B-A
d8b49e37e3d335f6707cc5e1f3ffe53162cbd80b47fa8058d72da0c9a16f02b6,vps/M-weather-preset-heat/94e6d3020676e40e2bf58118/A-B,vps/W-factor-heat-soldier-baseAccuracy/2ea4e44c183baf3f79583734/A-B
78ef1728465af25d1f227d0228aa0f081ce328c1bf5998d4c0547b38a93a5bd4,vps/M-weather-preset-heat/94e6d3020676e40e2bf58118/B-A,vps/W-factor-heat-soldier-baseAccuracy/2ea4e44c183baf3f79583734/B-A
0d01c400460f000bf5044b79d10787f378161e37411fd8e2130fdaa24bcf2f7e,vps/M-weather-preset-heat/27a5d48bb6b63993670e5fce/A-B,vps/W-factor-heat-soldier-baseAccuracy/3a9ad139e9c8ef09a94618c1/A-B
ad69f120580212a412b9f5b4f883e21794e284956c72e1b58d7fd6efef5d862b,vps/M-weather-preset-heat/27a5d48bb6b63993670e5fce/B-A,vps/W-factor-heat-soldier-baseAccuracy/3a9ad139e9c8ef09a94618c1/B-A
c971c51ac5fc8686f03436712e89b0b3f1c0fbc7fa536f31502e62da7e7aaa2e,vps/M-weather-preset-heat/749412f5744408002cf8c65a/A-B,vps/W-factor-heat-soldier-baseAccuracy/5efcfd604206f3484d085415/A-B
8eeba665b25835166739d424b556988e8cc39d440f51c3bd8ab4bc9eb1fc6ce2,vps/M-weather-preset-heat/749412f5744408002cf8c65a/B-A,vps/W-factor-heat-soldier-baseAccuracy/5efcfd604206f3484d085415/B-A
542909fc13b954d2bd8ad0631fe0f76e12a77d33c0e1533e9f5c0994b373c26e,vps/M-weather-preset-heat/db5c7343c046783c1629214a/A-B,vps/W-factor-heat-soldier-baseAccuracy/5f617ccc37a99cbece97e906/A-B
b275993e04f380f379c4d9b850b9819a5e2c2d40ac42a34f95c0f2a013cf4ba4,vps/M-weather-preset-heat/db5c7343c046783c1629214a/B-A,vps/W-factor-heat-soldier-baseAccuracy/5f617ccc37a99cbece97e906/B-A
e38f54a1955c19983f71a9641bdc543afaa44e7e11c8ff830895e53f367c7520,vps/M-weather-preset-heat/5c24f130db5f9b1cee744dcc/A-B,vps/W-factor-heat-soldier-baseAccuracy/86ea5c40801b5905482d725c/A-B
5b79bbc9dffdf63b84b0837cb7d37ea913f24f2a43e18c8628ffc4ed36219fc6,vps/M-weather-preset-heat/5c24f130db5f9b1cee744dcc/B-A,vps/W-factor-heat-soldier-baseAccuracy/86ea5c40801b5905482d725c/B-A
9038af7f558125075a774d76de1b370d910924573c39d18ae05e2cb477a67ccd,vps/M-weather-preset-heat/6d1b495162626772b2d550dd/A-B,vps/W-factor-heat-soldier-baseAccuracy/b1b90f5361f2c515bad068eb/A-B
150c72c3d03317fc06646a89914680beec36dc215502c0a2301f61965980af3e,vps/M-weather-preset-heat/6d1b495162626772b2d550dd/B-A,vps/W-factor-heat-soldier-baseAccuracy/b1b90f5361f2c515bad068eb/B-A
09c5874f9162e82bea3d8701e686f1abceb0890c0d8429e73110b122412b3e4e,vps/M-weather-preset-heat/3c83385595f694f3bedf5ef8/A-B,vps/W-factor-heat-soldier-baseAccuracy/c203d3d0699324c30604e4e9/A-B
d2baacbf1cebcb17d03c949322424c5c8f388ab25581619de901a5d8a2765d18,vps/M-weather-preset-heat/3c83385595f694f3bedf5ef8/B-A,vps/W-factor-heat-soldier-baseAccuracy/c203d3d0699324c30604e4e9/B-A
a67a8b7adcbb046b67978465147b373eabe393c2d6e774a88e41913ebd4a77a5,vps/M-weather-preset-heat/212462c5e8ef4f0ecee34a08/A-B,vps/W-factor-heat-soldier-baseAccuracy/c94d154160b9700e987f6aeb/A-B
0c3b592d4aa47111951d2376ecc6498f33a0beb25cd34f67433753f65a95fb18,vps/M-weather-preset-heat/212462c5e8ef4f0ecee34a08/B-A,vps/W-factor-heat-soldier-baseAccuracy/c94d154160b9700e987f6aeb/B-A
0355fd22a32cd14f709c2a17c8f2fcbb2110eaba4d11f2bce4b579cbe9dd152f,vps/M-weather-preset-heat/2c8be9b8231c0b0b4c14caa2/A-B,vps/W-factor-heat-soldier-baseAccuracy/f44b6ff73ce30a3985047e9b/A-B
fb1544643c0a6b2f85ce30e5778fba79b95c1bd6896540a0c3290d0e2050f481,vps/M-weather-preset-heat/2c8be9b8231c0b0b4c14caa2/B-A,vps/W-factor-heat-soldier-baseAccuracy/f44b6ff73ce30a3985047e9b/B-A
820c49161491948d0c0d32016af1776eaeca6cf3fa5beefbca2543dd56d83bf5,vps/M-weather-preset-heat/d4dd37e1e820c808971481c9/A-B,vps/W-factor-heat-spearman-attack/07be30b0cb0260698bf5dbf7/A-B
3098807789b8d9e9ca023446c63cc963bed483d09be74f05faf7542c3c4fbc38,vps/M-weather-preset-heat/d4dd37e1e820c808971481c9/B-A,vps/W-factor-heat-spearman-attack/07be30b0cb0260698bf5dbf7/B-A
5e887dd3b75e86aaab3fc511f13ce23eab1da92c1ea1708053f31ff45c149ab6,vps/M-weather-preset-heat/06d30f6a37a4901d65eb5c45/A-B,vps/W-factor-heat-spearman-attack/3d0945c39937ae3d71546dc1/A-B
3ceeddde33236b62928d1ad28e5a1bc93aad2251b828d489a77faa16ed680271,vps/M-weather-preset-heat/06d30f6a37a4901d65eb5c45/B-A,vps/W-factor-heat-spearman-attack/3d0945c39937ae3d71546dc1/B-A
bb32e5dd4045c6c3d20737090530863b5867fd59514affb42d28215148fb5cda,vps/M-weather-preset-heat/6638d66a9a2eb425548be06b/A-B,vps/W-factor-heat-spearman-attack/40b7880b9f85ce94237b39f7/A-B
30c968fb118f88a2dbdbaec664c047afd346c9f99d34a7f47ef77bf8ea07f24f,vps/M-weather-preset-heat/6638d66a9a2eb425548be06b/B-A,vps/W-factor-heat-spearman-attack/40b7880b9f85ce94237b39f7/B-A
00b4b58fcc6e216d10f049a4a62f4492469c57b18a861c5d4a26d4f7839aff75,vps/M-weather-preset-heat/2c09178b03ad7800699a9528/A-B,vps/W-factor-heat-spearman-attack/562cb816b669e86824936ecf/A-B
41b0e9cd91ad491ab2de3207428e8125e340996a8c647c6343f0b07cbe372742,vps/M-weather-preset-heat/2c09178b03ad7800699a9528/B-A,vps/W-factor-heat-spearman-attack/562cb816b669e86824936ecf/B-A
061a912b2b6f471bbbcfebcfef81d67ca5f2b3567c180bbb1d4e652d4b5b26cd,vps/M-weather-preset-heat/30b3f3766f76d9bf83bbadba/A-B,vps/W-factor-heat-spearman-attack/69c7f075ee7bf487416e755a/A-B
709a665fcf727d50e532f70e851a5b3687747402dbd93bf642639a3742971f26,vps/M-weather-preset-heat/30b3f3766f76d9bf83bbadba/B-A,vps/W-factor-heat-spearman-attack/69c7f075ee7bf487416e755a/B-A
3b2ce92015a75141497174003bcf4678e81630c9a27b7f9506ff030160990234,vps/M-weather-preset-heat/0b147330d6b1cc14046c4ed4/A-B,vps/W-factor-heat-spearman-attack/a35907be9b0323b3c196531a/A-B
f71403aaae8aa179a93187496514d1360c383abb69217d80e65e968772e04021,vps/M-weather-preset-heat/0b147330d6b1cc14046c4ed4/B-A,vps/W-factor-heat-spearman-attack/a35907be9b0323b3c196531a/B-A
91c399324f6ca759110d1001dfb23e11acea85a8c0ee89d9b8145338288e6570,vps/M-weather-preset-heat/de836dad9b71b8af731b5c35/A-B,vps/W-factor-heat-spearman-attack/a675922833ce3fa060c7a9cd/A-B
922f13710d3c4b157bf5ce0fcb9251828510a51e83c38292d14ed9fd20a9c85d,vps/M-weather-preset-heat/de836dad9b71b8af731b5c35/B-A,vps/W-factor-heat-spearman-attack/a675922833ce3fa060c7a9cd/B-A
e90efd59e2c8d71780b9eb169d08004360937f0474f7774638b7e015fa143752,vps/M-weather-preset-heat/68cd4d5ecdcd0f1dc38bc84a/A-B,vps/W-factor-heat-spearman-attack/b9fe0ca90b9da2a3062c1a18/A-B
f1740867fb0028e2599b62906a2d9246ccf1e82a94c6e5bc36d95b62f186ef60,vps/M-weather-preset-heat/68cd4d5ecdcd0f1dc38bc84a/B-A,vps/W-factor-heat-spearman-attack/b9fe0ca90b9da2a3062c1a18/B-A
c2aebcde29cbc094d21a60963afe616dd80cfa3440f43799bd65f05f6e03168a,vps/M-weather-preset-heat/649c572f8805da8c9cbd1162/A-B,vps/W-factor-heat-spearman-attack/f9670f7a8c65f69a886ad3b3/A-B
c43d55b67cd8313c19cf2701c55b25badb556a0b78c2c65bccde5e95d7e03c52,vps/M-weather-preset-heat/649c572f8805da8c9cbd1162/B-A,vps/W-factor-heat-spearman-attack/f9670f7a8c65f69a886ad3b3/B-A
c2aebcde29cbc094d21a60963afe616dd80cfa3440f43799bd65f05f6e03168a,vps/M-weather-preset-heat/649c572f8805da8c9cbd1162/A-B,vps/W-factor-heat-spearman-baseAccuracy/17e3f7d166358e810ea3346b/A-B
c43d55b67cd8313c19cf2701c55b25badb556a0b78c2c65bccde5e95d7e03c52,vps/M-weather-preset-heat/649c572f8805da8c9cbd1162/B-A,vps/W-factor-heat-spearman-baseAccuracy/17e3f7d166358e810ea3346b/B-A
564bb71192f843a2a7fdaf4770df8178a68d2e3bf573f2ea32468cf56e810896,vps/W-factor-heat-spearman-attack/eb584e255e255b6e4fab0248/A-B,vps/W-factor-heat-spearman-baseAccuracy/1ff6578cd4edcde77240776e/A-B
98a29220bbde6b5c5ec56a51cb7aae823eb03174170575fafba080c2efdb857b,vps/W-factor-heat-spearman-attack/eb584e255e255b6e4fab0248/B-A,vps/W-factor-heat-spearman-baseAccuracy/1ff6578cd4edcde77240776e/B-A
3b2ce92015a75141497174003bcf4678e81630c9a27b7f9506ff030160990234,vps/M-weather-preset-heat/0b147330d6b1cc14046c4ed4/A-B,vps/W-factor-heat-spearman-baseAccuracy/2532926d93a65d06c49dfd78/A-B
f71403aaae8aa179a93187496514d1360c383abb69217d80e65e968772e04021,vps/M-weather-preset-heat/0b147330d6b1cc14046c4ed4/B-A,vps/W-factor-heat-spearman-baseAccuracy/2532926d93a65d06c49dfd78/B-A
5e887dd3b75e86aaab3fc511f13ce23eab1da92c1ea1708053f31ff45c149ab6,vps/M-weather-preset-heat/06d30f6a37a4901d65eb5c45/A-B,vps/W-factor-heat-spearman-baseAccuracy/6042b63c16cc3b0a6f8948c6/A-B
3ceeddde33236b62928d1ad28e5a1bc93aad2251b828d489a77faa16ed680271,vps/M-weather-preset-heat/06d30f6a37a4901d65eb5c45/B-A,vps/W-factor-heat-spearman-baseAccuracy/6042b63c16cc3b0a6f8948c6/B-A
5a59c72139bcffa6b6acaede02ec8364ccc693c7e5524a0fcb8ef217134b3a21,vps/W-factor-heat-spearman-attack/470ea38b8fadb3c5dc29df80/A-B,vps/W-factor-heat-spearman-baseAccuracy/700bd534c25566f43f448504/A-B
2414bf2eb0681b6f271282eeb2bf6cc4b490ad338303686a5d6e747a4fa80db3,vps/W-factor-heat-spearman-attack/470ea38b8fadb3c5dc29df80/B-A,vps/W-factor-heat-spearman-baseAccuracy/700bd534c25566f43f448504/B-A
061a912b2b6f471bbbcfebcfef81d67ca5f2b3567c180bbb1d4e652d4b5b26cd,vps/M-weather-preset-heat/30b3f3766f76d9bf83bbadba/A-B,vps/W-factor-heat-spearman-baseAccuracy/74c736ae691416b61b88b721/A-B
709a665fcf727d50e532f70e851a5b3687747402dbd93bf642639a3742971f26,vps/M-weather-preset-heat/30b3f3766f76d9bf83bbadba/B-A,vps/W-factor-heat-spearman-baseAccuracy/74c736ae691416b61b88b721/B-A
d4c2e396db7330d9dba57029e446262b13a88ed8c89ef670fd8827277f94ad30,vps/W-factor-heat-spearman-attack/8a568f78d249429058d4c487/A-B,vps/W-factor-heat-spearman-baseAccuracy/852a0e1f605a0a9397797e05/A-B
88d82182eb720cb24852e1ffa3cd812a44dd117816ef771233920fd85beb2ee3,vps/W-factor-heat-spearman-attack/8a568f78d249429058d4c487/B-A,vps/W-factor-heat-spearman-baseAccuracy/852a0e1f605a0a9397797e05/B-A
e90efd59e2c8d71780b9eb169d08004360937f0474f7774638b7e015fa143752,vps/M-weather-preset-heat/68cd4d5ecdcd0f1dc38bc84a/A-B,vps/W-factor-heat-spearman-baseAccuracy/9999e5c0423303b27472a815/A-B
f1740867fb0028e2599b62906a2d9246ccf1e82a94c6e5bc36d95b62f186ef60,vps/M-weather-preset-heat/68cd4d5ecdcd0f1dc38bc84a/B-A,vps/W-factor-heat-spearman-baseAccuracy/9999e5c0423303b27472a815/B-A
91c399324f6ca759110d1001dfb23e11acea85a8c0ee89d9b8145338288e6570,vps/M-weather-preset-heat/de836dad9b71b8af731b5c35/A-B,vps/W-factor-heat-spearman-baseAccuracy/adf8c3dd1d66c2019ac2a252/A-B
922f13710d3c4b157bf5ce0fcb9251828510a51e83c38292d14ed9fd20a9c85d,vps/M-weather-preset-heat/de836dad9b71b8af731b5c35/B-A,vps/W-factor-heat-spearman-baseAccuracy/adf8c3dd1d66c2019ac2a252/B-A
bb32e5dd4045c6c3d20737090530863b5867fd59514affb42d28215148fb5cda,vps/M-weather-preset-heat/6638d66a9a2eb425548be06b/A-B,vps/W-factor-heat-spearman-baseAccuracy/b99446387bb092b04ad6612e/A-B
30c968fb118f88a2dbdbaec664c047afd346c9f99d34a7f47ef77bf8ea07f24f,vps/M-weather-preset-heat/6638d66a9a2eb425548be06b/B-A,vps/W-factor-heat-spearman-baseAccuracy/b99446387bb092b04ad6612e/B-A
820c49161491948d0c0d32016af1776eaeca6cf3fa5beefbca2543dd56d83bf5,vps/M-weather-preset-heat/d4dd37e1e820c808971481c9/A-B,vps/W-factor-heat-spearman-baseAccuracy/c038bd521b1a6a91473c3c0b/A-B
3098807789b8d9e9ca023446c63cc963bed483d09be74f05faf7542c3c4fbc38,vps/M-weather-preset-heat/d4dd37e1e820c808971481c9/B-A,vps/W-factor-heat-spearman-baseAccuracy/c038bd521b1a6a91473c3c0b/B-A
00b4b58fcc6e216d10f049a4a62f4492469c57b18a861c5d4a26d4f7839aff75,vps/M-weather-preset-heat/2c09178b03ad7800699a9528/A-B,vps/W-factor-heat-spearman-baseAccuracy/e0a5c99c4301155fd7106724/A-B
41b0e9cd91ad491ab2de3207428e8125e340996a8c647c6343f0b07cbe372742,vps/M-weather-preset-heat/2c09178b03ad7800699a9528/B-A,vps/W-factor-heat-spearman-baseAccuracy/e0a5c99c4301155fd7106724/B-A
b65a6478fa205a764519bc9efec97c2149f9936ef64a6a2aafe349694921efbe,pc/M-counter-archer-soldier/d5729c80b3505a8218f166f4/A-B,vps/W-factor-neutral-archer-attack/030339f1ecc951cc5c0e1fcd/A-B
c14abffa723beb70afa0c8748d6700712304ccf27fc49718fac36a5656500a2d,pc/M-counter-archer-soldier/d5729c80b3505a8218f166f4/B-A,vps/W-factor-neutral-archer-attack/030339f1ecc951cc5c0e1fcd/B-A
537e84a5d22464f8d7c1deb6dcd26c79055a7da287012c266bbcfe8efbbb8765,pc/M-counter-archer-soldier/f432894ede780067e9c3b26d/A-B,vps/W-factor-neutral-archer-attack/08225d398ec00c2d136295b0/A-B
715ddcb52c63eb369b27e2863c2f74be561265d5ff08486ffb44d84d5cdc2917,pc/M-counter-archer-soldier/f432894ede780067e9c3b26d/B-A,vps/W-factor-neutral-archer-attack/08225d398ec00c2d136295b0/B-A
48e91cc5c60b4a23d0c41ecf8e76efb72fdc2920ed45157d05c491a5401aaf4d,pc/M-counter-archer-spearman/4855d248fc4b88ad3121523b/A-B,vps/W-factor-neutral-archer-attack/0cee0f6fc90e14fb92f1759c/A-B
55858bb50470dc54ca6230faf3d07e9cb4523579bc6c1e80b43072fb9bacfd34,pc/M-counter-archer-spearman/4855d248fc4b88ad3121523b/B-A,vps/W-factor-neutral-archer-attack/0cee0f6fc90e14fb92f1759c/B-A
4597ad24b5a2e47b6a7dce9496a9b6f4b1f246dce33a40845b0982a200fb8806,pc/M-combat-capturePercent/5be07c6fc69f472eef0ee17f/A-B,vps/W-factor-neutral-archer-attack/17356986aac8b9e13366ade3/A-B
7c1e87a0769464bd834f5d84f3fd33eaf9071aabdb90673a4cec8f5b7383d2cf,pc/M-combat-capturePercent/5be07c6fc69f472eef0ee17f/B-A,vps/W-factor-neutral-archer-attack/17356986aac8b9e13366ade3/B-A
35be79c5c128b6e4343bfeefa1db2f2aeb0a0150c17aa99303e7622a603c351b,pc/M-combat-capturePercent/7498c9f948922906239ad8d6/A-B,vps/W-factor-neutral-archer-attack/71494bcd906e46824310ef3e/A-B
49d4b23c42e173b1bcdc7cd48f22932e3a82504dd30129431f21b83876d94cb2,pc/M-combat-capturePercent/7498c9f948922906239ad8d6/B-A,vps/W-factor-neutral-archer-attack/71494bcd906e46824310ef3e/B-A
e3925504a6cce1422fc610fe342508487c7dd5995657d3cefa27408a22864604,pc/M-counter-archer-soldier/f99f73b80acc5e1701c017da/A-B,vps/W-factor-neutral-archer-attack/aad267c3dc3f0d188ad533ce/A-B
579ab46e739ac9fb701f1df9021ed41769fee1e278b654c752fea55f4dd3cf28,pc/M-counter-archer-soldier/f99f73b80acc5e1701c017da/B-A,vps/W-factor-neutral-archer-attack/aad267c3dc3f0d188ad533ce/B-A
c22025f6493eec19f3c3d4561a5a9ac893a983d0021eb2d68647a4814eeb29fd,pc/M-counter-archer-spearman/5782b6cc785e9acab77e0b3f/A-B,vps/W-factor-neutral-archer-attack/ae425a4aff6e0d9ee73130b1/A-B
73390988fd74b7bd560745d989606f9ffcfc7dad9389eab1faea8f6d0f7e78a3,pc/M-counter-archer-spearman/5782b6cc785e9acab77e0b3f/B-A,vps/W-factor-neutral-archer-attack/ae425a4aff6e0d9ee73130b1/B-A
ee9e20890d11662504f7fe1e38034c18b966e01cd6c9e5396948c62e4ef00edc,pc/M-combat-capturePercent/1216817fbd021bfb8a800544/A-B,vps/W-factor-neutral-archer-attack/c0b50b375263408466ebe341/A-B
6716753b8e8b76b4a64e3b17a97ed8046605bed1f7d8159437110a4c2a02ffa9,pc/M-combat-capturePercent/1216817fbd021bfb8a800544/B-A,vps/W-factor-neutral-archer-attack/c0b50b375263408466ebe341/B-A
a5cef95da0740171d974b1b8238a058e26fade3fe8a8f09d6de3182d2fb25476,pc/M-combat-capturePercent/ac748b9a7bbadd1b4ccb3da4/A-B,vps/W-factor-neutral-archer-attack/d0f7bb4348662e55fa01a35a/A-B
22588da900fbea8c00b87d769132d035359f1c3deae9b763847a866d744b79ff,pc/M-combat-capturePercent/ac748b9a7bbadd1b4ccb3da4/B-A,vps/W-factor-neutral-archer-attack/d0f7bb4348662e55fa01a35a/B-A
092ff6440ba52367b900849f38396771039917fdafcad50e5a9b3669a0a1a448,pc/M-combat-capturePercent/f78c1d62cca9f23dba9520f5/A-B,vps/W-factor-neutral-archer-attack/d9ce62ddb86784c2c79241ea/A-B
40e5890746cdbe0ba659fc1854a9e8c3218947407cf39f571ec0b4f63dfcca5c,pc/M-combat-capturePercent/f78c1d62cca9f23dba9520f5/B-A,vps/W-factor-neutral-archer-attack/d9ce62ddb86784c2c79241ea/B-A
6b4a529fbc125b23882833e0aed634bec1b5f0b2174c3e7ece269e3168b0f82f,pc/M-combat-capturePercent/c88b855645bc720b498875d2/A-B,vps/W-factor-neutral-archer-attack/e516cc43edee7af7504a75c9/A-B
7e4672019367fb02f1f4413e94829b3f5c23d2fa9d1ba5802105a04a62fdf6a1,pc/M-combat-capturePercent/c88b855645bc720b498875d2/B-A,vps/W-factor-neutral-archer-attack/e516cc43edee7af7504a75c9/B-A
ae51cd0bcfe5cda59d49d32cc79c9d469986176d2d0f927e82dd174407503817,pc/M-counter-archer-spearman/6b84a644dc6bccd4b87e09de/A-B,vps/W-factor-neutral-archer-attack/f9fa5f96eccb30e8c7f0bece/A-B
f5cd8287fd3545c302e2653e3bfedb3205321542ec32364d1d7dffda8ed11492,pc/M-counter-archer-spearman/6b84a644dc6bccd4b87e09de/B-A,vps/W-factor-neutral-archer-attack/f9fa5f96eccb30e8c7f0bece/B-A
ae51cd0bcfe5cda59d49d32cc79c9d469986176d2d0f927e82dd174407503817,pc/M-counter-archer-spearman/6b84a644dc6bccd4b87e09de/A-B,vps/W-factor-neutral-archer-baseAccuracy/095c486cd0fcd25972497d52/A-B
f5cd8287fd3545c302e2653e3bfedb3205321542ec32364d1d7dffda8ed11492,pc/M-counter-archer-spearman/6b84a644dc6bccd4b87e09de/B-A,vps/W-factor-neutral-archer-baseAccuracy/095c486cd0fcd25972497d52/B-A
ee9e20890d11662504f7fe1e38034c18b966e01cd6c9e5396948c62e4ef00edc,pc/M-combat-capturePercent/1216817fbd021bfb8a800544/A-B,vps/W-factor-neutral-archer-baseAccuracy/0e77ea2baf08065af6a05fa7/A-B
6716753b8e8b76b4a64e3b17a97ed8046605bed1f7d8159437110a4c2a02ffa9,pc/M-combat-capturePercent/1216817fbd021bfb8a800544/B-A,vps/W-factor-neutral-archer-baseAccuracy/0e77ea2baf08065af6a05fa7/B-A
a5cef95da0740171d974b1b8238a058e26fade3fe8a8f09d6de3182d2fb25476,pc/M-combat-capturePercent/ac748b9a7bbadd1b4ccb3da4/A-B,vps/W-factor-neutral-archer-baseAccuracy/42a6d4dc0ba29504ce13eb3c/A-B
22588da900fbea8c00b87d769132d035359f1c3deae9b763847a866d744b79ff,pc/M-combat-capturePercent/ac748b9a7bbadd1b4ccb3da4/B-A,vps/W-factor-neutral-archer-baseAccuracy/42a6d4dc0ba29504ce13eb3c/B-A
b65a6478fa205a764519bc9efec97c2149f9936ef64a6a2aafe349694921efbe,pc/M-counter-archer-soldier/d5729c80b3505a8218f166f4/A-B,vps/W-factor-neutral-archer-baseAccuracy/440ac070ceb4f17f749e190a/A-B
c14abffa723beb70afa0c8748d6700712304ccf27fc49718fac36a5656500a2d,pc/M-counter-archer-soldier/d5729c80b3505a8218f166f4/B-A,vps/W-factor-neutral-archer-baseAccuracy/440ac070ceb4f17f749e190a/B-A
c22025f6493eec19f3c3d4561a5a9ac893a983d0021eb2d68647a4814eeb29fd,pc/M-counter-archer-spearman/5782b6cc785e9acab77e0b3f/A-B,vps/W-factor-neutral-archer-baseAccuracy/4862ef1b6a709bdd8d737e35/A-B
73390988fd74b7bd560745d989606f9ffcfc7dad9389eab1faea8f6d0f7e78a3,pc/M-counter-archer-spearman/5782b6cc785e9acab77e0b3f/B-A,vps/W-factor-neutral-archer-baseAccuracy/4862ef1b6a709bdd8d737e35/B-A
48e91cc5c60b4a23d0c41ecf8e76efb72fdc2920ed45157d05c491a5401aaf4d,pc/M-counter-archer-spearman/4855d248fc4b88ad3121523b/A-B,vps/W-factor-neutral-archer-baseAccuracy/5a7ad16191632761df30b050/A-B
55858bb50470dc54ca6230faf3d07e9cb4523579bc6c1e80b43072fb9bacfd34,pc/M-counter-archer-spearman/4855d248fc4b88ad3121523b/B-A,vps/W-factor-neutral-archer-baseAccuracy/5a7ad16191632761df30b050/B-A
092ff6440ba52367b900849f38396771039917fdafcad50e5a9b3669a0a1a448,pc/M-combat-capturePercent/f78c1d62cca9f23dba9520f5/A-B,vps/W-factor-neutral-archer-baseAccuracy/749e227fab0f427fbce6e687/A-B
40e5890746cdbe0ba659fc1854a9e8c3218947407cf39f571ec0b4f63dfcca5c,pc/M-combat-capturePercent/f78c1d62cca9f23dba9520f5/B-A,vps/W-factor-neutral-archer-baseAccuracy/749e227fab0f427fbce6e687/B-A
6b4a529fbc125b23882833e0aed634bec1b5f0b2174c3e7ece269e3168b0f82f,pc/M-combat-capturePercent/c88b855645bc720b498875d2/A-B,vps/W-factor-neutral-archer-baseAccuracy/7821106a4516be121b3c19b1/A-B
7e4672019367fb02f1f4413e94829b3f5c23d2fa9d1ba5802105a04a62fdf6a1,pc/M-combat-capturePercent/c88b855645bc720b498875d2/B-A,vps/W-factor-neutral-archer-baseAccuracy/7821106a4516be121b3c19b1/B-A
35be79c5c128b6e4343bfeefa1db2f2aeb0a0150c17aa99303e7622a603c351b,pc/M-combat-capturePercent/7498c9f948922906239ad8d6/A-B,vps/W-factor-neutral-archer-baseAccuracy/98f95f355618126617091fcb/A-B
49d4b23c42e173b1bcdc7cd48f22932e3a82504dd30129431f21b83876d94cb2,pc/M-combat-capturePercent/7498c9f948922906239ad8d6/B-A,vps/W-factor-neutral-archer-baseAccuracy/98f95f355618126617091fcb/B-A
537e84a5d22464f8d7c1deb6dcd26c79055a7da287012c266bbcfe8efbbb8765,pc/M-counter-archer-soldier/f432894ede780067e9c3b26d/A-B,vps/W-factor-neutral-archer-baseAccuracy/a43498f169ab1ab83f15e8d0/A-B
715ddcb52c63eb369b27e2863c2f74be561265d5ff08486ffb44d84d5cdc2917,pc/M-counter-archer-soldier/f432894ede780067e9c3b26d/B-A,vps/W-factor-neutral-archer-baseAccuracy/a43498f169ab1ab83f15e8d0/B-A
4597ad24b5a2e47b6a7dce9496a9b6f4b1f246dce33a40845b0982a200fb8806,pc/M-combat-capturePercent/5be07c6fc69f472eef0ee17f/A-B,vps/W-factor-neutral-archer-baseAccuracy/d98f2250fad6e380e8091da5/A-B
7c1e87a0769464bd834f5d84f3fd33eaf9071aabdb90673a4cec8f5b7383d2cf,pc/M-combat-capturePercent/5be07c6fc69f472eef0ee17f/B-A,vps/W-factor-neutral-archer-baseAccuracy/d98f2250fad6e380e8091da5/B-A
e3925504a6cce1422fc610fe342508487c7dd5995657d3cefa27408a22864604,pc/M-counter-archer-soldier/f99f73b80acc5e1701c017da/A-B,vps/W-factor-neutral-archer-baseAccuracy/f1d14832e55553b08dd48251/A-B
579ab46e739ac9fb701f1df9021ed41769fee1e278b654c752fea55f4dd3cf28,pc/M-counter-archer-soldier/f99f73b80acc5e1701c017da/B-A,vps/W-factor-neutral-archer-baseAccuracy/f1d14832e55553b08dd48251/B-A
3ba56ad4632dc7988935b5dae7fbe86c668cec79319163f4430194ba6669d3e5,pc/M-counter-knight-spearman/724e76e19c74cf2e998d1b0e/A-B,vps/W-factor-neutral-knight-attack/0040158f0f9e501ec7f7f31c/A-B
efa865b6e6994c746eb98a831b6871c218270231d8e6b21a92f83c550b0766ea,pc/M-counter-knight-spearman/724e76e19c74cf2e998d1b0e/B-A,vps/W-factor-neutral-knight-attack/0040158f0f9e501ec7f7f31c/B-A
efc4fdcd65621f58639b9a2c05b60cd02d32bd2145a7eeff7bf25c72464e8a79,pc/M-counter-knight-soldier/f038daaf4300af7f9df167d2/A-B,vps/W-factor-neutral-knight-attack/40e18101d35491e00cf9f7a2/A-B
780a67a606c98875a90a136ddbc8152e9b394ac4c821bbd1585b13544ad23451,pc/M-counter-knight-soldier/f038daaf4300af7f9df167d2/B-A,vps/W-factor-neutral-knight-attack/40e18101d35491e00cf9f7a2/B-A
9858c7ffa1a6a847079e50482789f9a042cfeb281ada503d2c73d74b65c9d985,pc/M-combat-capturePercent/2eb2746a70cb35fe1ce25f98/A-B,vps/W-factor-neutral-knight-attack/5b114d356611fe8e19e89d30/A-B
151989b8d1b1c0ca759fab7eaf3b152abc03724944a1ef9ad70118e7a90322e4,pc/M-combat-capturePercent/2eb2746a70cb35fe1ce25f98/B-A,vps/W-factor-neutral-knight-attack/5b114d356611fe8e19e89d30/B-A
1178f1206facb99d474deb6896610eb381b51065a110d670b64abf6c01184760,pc/M-combat-capturePercent/9ea4f603e73d531fd3c8df44/A-B,vps/W-factor-neutral-knight-attack/6b48831383967a027628633d/A-B
db8d3921ad4c7ffbcfdfcbf53d72da2e8c438f83b03f5de5e5b8aab344978ab5,pc/M-combat-capturePercent/9ea4f603e73d531fd3c8df44/B-A,vps/W-factor-neutral-knight-attack/6b48831383967a027628633d/B-A
6505d546bd60966af34fcd6dcf062bdf8ed80e85b057fa20cd5de98e8019caa5,pc/M-counter-knight-archer/abca2cbecab372385db28f7a/A-B,vps/W-factor-neutral-knight-attack/98d0c0c081e157da9de4bd6d/A-B
e35cd5aa8ade7e80792be33c8b882623f30c7473e12e4f30159150af28b1531a,pc/M-counter-knight-archer/abca2cbecab372385db28f7a/B-A,vps/W-factor-neutral-knight-attack/98d0c0c081e157da9de4bd6d/B-A
be262af8d40c5c29de76cd4f06065710ebc47f483b3f67fcea0e69f66d5ceaa1,pc/M-counter-knight-spearman/40fa3d6fb4fe25b8c7df996c/A-B,vps/W-factor-neutral-knight-attack/b165074693a69590e8960857/A-B
9c342e15155ccf3566c9a20d69f1eaca1a551dcc50f665fab22c9d2429f9cc98,pc/M-counter-knight-spearman/40fa3d6fb4fe25b8c7df996c/B-A,vps/W-factor-neutral-knight-attack/b165074693a69590e8960857/B-A
e8ace81187585f9a9799ca32812522681ac41a635a15cad6f908602359c5924d,pc/M-counter-knight-archer/b1eb39050565060f2ac2c7bb/A-B,vps/W-factor-neutral-knight-attack/b923f3ac1f9a144fff1d41a6/A-B
efae91d1ed12f877be4990b4e3359b2e883e22c52802dc93c28ac8ab47910dd2,pc/M-counter-knight-archer/b1eb39050565060f2ac2c7bb/B-A,vps/W-factor-neutral-knight-attack/b923f3ac1f9a144fff1d41a6/B-A
d0fc8136b27c341b2b389664fd9cbfbae0b31d49eb10f409d3468b26031d2db5,pc/M-counter-knight-soldier/d1dc75172a91d3c61745f9d9/A-B,vps/W-factor-neutral-knight-attack/ccf1b87a7b26f00b1794a67e/A-B
5e1daaa5b52b45667e60f516d35ce1bbd3328cb3aaae21c7ec3934aad642822e,pc/M-counter-knight-soldier/d1dc75172a91d3c61745f9d9/B-A,vps/W-factor-neutral-knight-attack/ccf1b87a7b26f00b1794a67e/B-A
87844e416d861f5c9ead6ab9b78dcfb00006427ddc351bd0388c1eabd412ea8d,pc/M-combat-capturePercent/2d6350473497c883675afa80/A-B,vps/W-factor-neutral-knight-attack/cd1b5e25ee645c94ba79a1d4/A-B
e137c8706ef5acd42c2d3113acb60f6a980b709cb9423e1758161e5fa6ce3ea3,pc/M-combat-capturePercent/2d6350473497c883675afa80/B-A,vps/W-factor-neutral-knight-attack/cd1b5e25ee645c94ba79a1d4/B-A
5d1348b689763e1dec034bd25e10f3dd39bdddde41e7df7f9052f9365734cdc2,pc/M-counter-knight-soldier/106b506136090c74503cc757/A-B,vps/W-factor-neutral-knight-attack/e8e2e52f3401d87f537c552c/A-B
ed56ff380198eebe0b3347981f4f6894a2e22c6ed5990016ae2196c6364c290f,pc/M-counter-knight-soldier/106b506136090c74503cc757/B-A,vps/W-factor-neutral-knight-attack/e8e2e52f3401d87f537c552c/B-A
f6ab04f25f23acc16321c07d20e652c167d2da367dd3b2e1288b7184f3b59d9c,pc/M-counter-knight-archer/d7ea802833b1f1a779ecb795/A-B,vps/W-factor-neutral-knight-attack/efa24c34009eb96451fdbc8c/A-B
303c04b0c4ade3a3311bcd14b5016d5615a58aa5017c7c918cabfc09f8ed53e4,pc/M-counter-knight-archer/d7ea802833b1f1a779ecb795/B-A,vps/W-factor-neutral-knight-attack/efa24c34009eb96451fdbc8c/B-A
a83d5f0040763149f6b44340db00b94dba4c78d70addf03967778832995e1872,pc/M-counter-knight-spearman/cd7d999fb2394a9776a56b7e/A-B,vps/W-factor-neutral-knight-attack/f4b33d9e76e92a2518ed438f/A-B
e3d768e5053fa36bcb00289b8845073b6b53b06d8b9d2999b8e222b9d2e1bcb4,pc/M-counter-knight-spearman/cd7d999fb2394a9776a56b7e/B-A,vps/W-factor-neutral-knight-attack/f4b33d9e76e92a2518ed438f/B-A
5d1348b689763e1dec034bd25e10f3dd39bdddde41e7df7f9052f9365734cdc2,pc/M-counter-knight-soldier/106b506136090c74503cc757/A-B,vps/W-factor-neutral-knight-baseAccuracy/1bb6e78a3ff9ca3b3e646b48/A-B
ed56ff380198eebe0b3347981f4f6894a2e22c6ed5990016ae2196c6364c290f,pc/M-counter-knight-soldier/106b506136090c74503cc757/B-A,vps/W-factor-neutral-knight-baseAccuracy/1bb6e78a3ff9ca3b3e646b48/B-A
f6ab04f25f23acc16321c07d20e652c167d2da367dd3b2e1288b7184f3b59d9c,pc/M-counter-knight-archer/d7ea802833b1f1a779ecb795/A-B,vps/W-factor-neutral-knight-baseAccuracy/22ae803757a5366a9c2b3ad6/A-B
303c04b0c4ade3a3311bcd14b5016d5615a58aa5017c7c918cabfc09f8ed53e4,pc/M-counter-knight-archer/d7ea802833b1f1a779ecb795/B-A,vps/W-factor-neutral-knight-baseAccuracy/22ae803757a5366a9c2b3ad6/B-A
d0fc8136b27c341b2b389664fd9cbfbae0b31d49eb10f409d3468b26031d2db5,pc/M-counter-knight-soldier/d1dc75172a91d3c61745f9d9/A-B,vps/W-factor-neutral-knight-baseAccuracy/338b19c73f8a4b9635a6252d/A-B
5e1daaa5b52b45667e60f516d35ce1bbd3328cb3aaae21c7ec3934aad642822e,pc/M-counter-knight-soldier/d1dc75172a91d3c61745f9d9/B-A,vps/W-factor-neutral-knight-baseAccuracy/338b19c73f8a4b9635a6252d/B-A
be262af8d40c5c29de76cd4f06065710ebc47f483b3f67fcea0e69f66d5ceaa1,pc/M-counter-knight-spearman/40fa3d6fb4fe25b8c7df996c/A-B,vps/W-factor-neutral-knight-baseAccuracy/483bd739b775aa9396a7dbee/A-B
9c342e15155ccf3566c9a20d69f1eaca1a551dcc50f665fab22c9d2429f9cc98,pc/M-counter-knight-spearman/40fa3d6fb4fe25b8c7df996c/B-A,vps/W-factor-neutral-knight-baseAccuracy/483bd739b775aa9396a7dbee/B-A
e8ace81187585f9a9799ca32812522681ac41a635a15cad6f908602359c5924d,pc/M-counter-knight-archer/b1eb39050565060f2ac2c7bb/A-B,vps/W-factor-neutral-knight-baseAccuracy/4d1a700aa11549513e5a87d1/A-B
efae91d1ed12f877be4990b4e3359b2e883e22c52802dc93c28ac8ab47910dd2,pc/M-counter-knight-archer/b1eb39050565060f2ac2c7bb/B-A,vps/W-factor-neutral-knight-baseAccuracy/4d1a700aa11549513e5a87d1/B-A
6505d546bd60966af34fcd6dcf062bdf8ed80e85b057fa20cd5de98e8019caa5,pc/M-counter-knight-archer/abca2cbecab372385db28f7a/A-B,vps/W-factor-neutral-knight-baseAccuracy/5508735e8c7912f43d85b35c/A-B
e35cd5aa8ade7e80792be33c8b882623f30c7473e12e4f30159150af28b1531a,pc/M-counter-knight-archer/abca2cbecab372385db28f7a/B-A,vps/W-factor-neutral-knight-baseAccuracy/5508735e8c7912f43d85b35c/B-A
9858c7ffa1a6a847079e50482789f9a042cfeb281ada503d2c73d74b65c9d985,pc/M-combat-capturePercent/2eb2746a70cb35fe1ce25f98/A-B,vps/W-factor-neutral-knight-baseAccuracy/577976334153749b0273fd82/A-B
151989b8d1b1c0ca759fab7eaf3b152abc03724944a1ef9ad70118e7a90322e4,pc/M-combat-capturePercent/2eb2746a70cb35fe1ce25f98/B-A,vps/W-factor-neutral-knight-baseAccuracy/577976334153749b0273fd82/B-A
87844e416d861f5c9ead6ab9b78dcfb00006427ddc351bd0388c1eabd412ea8d,pc/M-combat-capturePercent/2d6350473497c883675afa80/A-B,vps/W-factor-neutral-knight-baseAccuracy/b8c57cc82b175879d4af64dd/A-B
e137c8706ef5acd42c2d3113acb60f6a980b709cb9423e1758161e5fa6ce3ea3,pc/M-combat-capturePercent/2d6350473497c883675afa80/B-A,vps/W-factor-neutral-knight-baseAccuracy/b8c57cc82b175879d4af64dd/B-A
efc4fdcd65621f58639b9a2c05b60cd02d32bd2145a7eeff7bf25c72464e8a79,pc/M-counter-knight-soldier/f038daaf4300af7f9df167d2/A-B,vps/W-factor-neutral-knight-baseAccuracy/c26381c99adf8690f801166f/A-B
780a67a606c98875a90a136ddbc8152e9b394ac4c821bbd1585b13544ad23451,pc/M-counter-knight-soldier/f038daaf4300af7f9df167d2/B-A,vps/W-factor-neutral-knight-baseAccuracy/c26381c99adf8690f801166f/B-A
1178f1206facb99d474deb6896610eb381b51065a110d670b64abf6c01184760,pc/M-combat-capturePercent/9ea4f603e73d531fd3c8df44/A-B,vps/W-factor-neutral-knight-baseAccuracy/d08834b150a90f57b2d46586/A-B
db8d3921ad4c7ffbcfdfcbf53d72da2e8c438f83b03f5de5e5b8aab344978ab5,pc/M-combat-capturePercent/9ea4f603e73d531fd3c8df44/B-A,vps/W-factor-neutral-knight-baseAccuracy/d08834b150a90f57b2d46586/B-A
3ba56ad4632dc7988935b5dae7fbe86c668cec79319163f4430194ba6669d3e5,pc/M-counter-knight-spearman/724e76e19c74cf2e998d1b0e/A-B,vps/W-factor-neutral-knight-baseAccuracy/dc222b97966b11a29e752fdd/A-B
efa865b6e6994c746eb98a831b6871c218270231d8e6b21a92f83c550b0766ea,pc/M-counter-knight-spearman/724e76e19c74cf2e998d1b0e/B-A,vps/W-factor-neutral-knight-baseAccuracy/dc222b97966b11a29e752fdd/B-A
a83d5f0040763149f6b44340db00b94dba4c78d70addf03967778832995e1872,pc/M-counter-knight-spearman/cd7d999fb2394a9776a56b7e/A-B,vps/W-factor-neutral-knight-baseAccuracy/f1f64de2809fe019538c9bda/A-B
e3d768e5053fa36bcb00289b8845073b6b53b06d8b9d2999b8e222b9d2e1bcb4,pc/M-counter-knight-spearman/cd7d999fb2394a9776a56b7e/B-A,vps/W-factor-neutral-knight-baseAccuracy/f1f64de2809fe019538c9bda/B-A
a5bb96235bf6f9a76b769ff737d8e922df94b0a52f749525853085cd022bf3ef,pc/M-combat-capturePercent/a74b3b7b747bae166c9bbd4d/A-B,vps/W-factor-neutral-soldier-attack/3287072c2b16c864c09eff74/A-B
8a5fbdbf1b558dc200eab97d67343355792afdf24d5bbb0e91f754b86f3a02ef,pc/M-combat-capturePercent/a74b3b7b747bae166c9bbd4d/B-A,vps/W-factor-neutral-soldier-attack/3287072c2b16c864c09eff74/B-A
6d407622c60b016795f97c89a6a5574696df9124c61c66dd231ce4e7c7aa2393,pc/M-combat-capturePercent/ec03e2f3b6e41ea5555df14c/A-B,vps/W-factor-neutral-soldier-attack/3b34335742ca2c5fb2af9950/A-B
5b40b5d08240a3cb41ac0662b746bf7848264fd5d59a18b9cccd174e1c8a970f,pc/M-combat-capturePercent/ec03e2f3b6e41ea5555df14c/B-A,vps/W-factor-neutral-soldier-attack/3b34335742ca2c5fb2af9950/B-A
7021d39476c082c69391aa7d9d107c8598ae66c5b1828c73e129c275542d42fb,pc/M-combat-capturePercent/adf2a33f332db08d4d373bba/A-B,vps/W-factor-neutral-soldier-attack/46a77bb1e41b01fde2a662dd/A-B
0a6998a19d108d4ea47989fe9c9346eb6b099ed85b399e3702e1d1add2785d07,pc/M-combat-capturePercent/adf2a33f332db08d4d373bba/B-A,vps/W-factor-neutral-soldier-attack/46a77bb1e41b01fde2a662dd/B-A
4970d1f6b5265fad201517f3825ff40d79aa8b20306bc545f88c8e11a313708e,pc/M-combat-capturePercent/6aee5ba4cebd035270c43536/A-B,vps/W-factor-neutral-soldier-attack/491f332cbc9c0e0221707f8b/A-B
0243eeadabcc14bc5e95fa1b391f9a0fbfc6c55db116c0e75d961227e7785c42,pc/M-combat-capturePercent/6aee5ba4cebd035270c43536/B-A,vps/W-factor-neutral-soldier-attack/491f332cbc9c0e0221707f8b/B-A
e1e29aab7102365136b614a54a8aeb0bee449145f3bc465a205963f9f554f006,pc/M-combat-capturePercent/bf898c747897728e9c646b00/A-B,vps/W-factor-neutral-soldier-attack/613c530cdaec39bfc994ec16/A-B
0c2b4bb54f68750a49827995ac5ca7c41b885ac68f663af9b71cf4658f802372,pc/M-combat-capturePercent/bf898c747897728e9c646b00/B-A,vps/W-factor-neutral-soldier-attack/613c530cdaec39bfc994ec16/B-A
f5eaa97da71df5298d7c5b30554bec43da7311247b6bf61d3299b38dd99ce886,pc/M-combat-capturePercent/80ebf93b386771704cc70bab/A-B,vps/W-factor-neutral-soldier-attack/64cba772a6a3c262cd15fb85/A-B
6a49a491a5ff72a4b8db0cc1fcd37742813f1f1a76d4b11bb02af21e20d1e1ce,pc/M-combat-capturePercent/80ebf93b386771704cc70bab/B-A,vps/W-factor-neutral-soldier-attack/64cba772a6a3c262cd15fb85/B-A
9ca322cb96477f8f2d6b2e7673307285a8c1ac1a2124cfb6ddfbf09efb0d4075,pc/M-combat-capturePercent/48d3967fcd05b8de1e34c2d4/A-B,vps/W-factor-neutral-soldier-attack/826234da02a586b56675b695/A-B
0ef488184d72f1f098ab6566fb80c72140d7078400dd1a9587141fe8b34a13ec,pc/M-combat-capturePercent/48d3967fcd05b8de1e34c2d4/B-A,vps/W-factor-neutral-soldier-attack/826234da02a586b56675b695/B-A
587a0b6c8fbf92e9e393e63a374c6bdc95fc594470b7c8ee42ee3df5c4a6b8ef,pc/M-combat-capturePercent/1a50bd67feb4ca4f159a4cfe/A-B,vps/W-factor-neutral-soldier-attack/8fa164631ff8cf3d3c6bc878/A-B
cab79020193af6f55744135f0197a1630e3c2215411e9bdd269a836e052ec646,pc/M-combat-capturePercent/1a50bd67feb4ca4f159a4cfe/B-A,vps/W-factor-neutral-soldier-attack/8fa164631ff8cf3d3c6bc878/B-A
00f252d5722657943a4cb0718ce0da7e8a4611896fa35ea5621c1322e14ef866,pc/M-combat-capturePercent/54e1d4f2a6e7f51febebdd8e/A-B,vps/W-factor-neutral-soldier-attack/9cc1de8f99d0ddbcbaa98e02/A-B
9000dde07f557a8d66b3ea4000e55211bbd45f04e3469db5cbc747249d14ba6c,pc/M-combat-capturePercent/54e1d4f2a6e7f51febebdd8e/B-A,vps/W-factor-neutral-soldier-attack/9cc1de8f99d0ddbcbaa98e02/B-A
2a1d1503a117713d05836a468b6a0d0d39d7d08702d9ca68ffe56c89d6f08704,pc/M-combat-capturePercent/98043342a0f7383cbda2c59d/A-B,vps/W-factor-neutral-soldier-attack/a5d931bd40215724f0f882b4/A-B
cdd056f355bfd3009ca6798847f425d092b2fa95fee94cbb9f1b9d30918fd936,pc/M-combat-capturePercent/98043342a0f7383cbda2c59d/B-A,vps/W-factor-neutral-soldier-attack/a5d931bd40215724f0f882b4/B-A
647ab88a83aa6f834990989ca24911ddf969595c4a5f5d85e2c151fdaebac92b,pc/M-combat-capturePercent/93f29e181d26c9d16b60ee8b/A-B,vps/W-factor-neutral-soldier-attack/b423d5446803140024d8e357/A-B
cb5849664fb65ac00466aa61563a1f9baace77ad985b9c02a92e371cf45b1603,pc/M-combat-capturePercent/93f29e181d26c9d16b60ee8b/B-A,vps/W-factor-neutral-soldier-attack/b423d5446803140024d8e357/B-A
3d79ed5983c89d0022c51a128734a7b36a8941c07b48f432dd6f260a0059cec7,pc/M-combat-capturePercent/9a1ddda43134d9061057be59/A-B,vps/W-factor-neutral-soldier-attack/e163e14a30692706638de343/A-B
b539cabaf72f26f266d867628052db7ffc7cfa333da902e943ce8bd34a752c17,pc/M-combat-capturePercent/9a1ddda43134d9061057be59/B-A,vps/W-factor-neutral-soldier-attack/e163e14a30692706638de343/B-A
4970d1f6b5265fad201517f3825ff40d79aa8b20306bc545f88c8e11a313708e,pc/M-combat-capturePercent/6aee5ba4cebd035270c43536/A-B,vps/W-factor-neutral-soldier-baseAccuracy/2ede2c2cc6eda21dc129eb70/A-B
0243eeadabcc14bc5e95fa1b391f9a0fbfc6c55db116c0e75d961227e7785c42,pc/M-combat-capturePercent/6aee5ba4cebd035270c43536/B-A,vps/W-factor-neutral-soldier-baseAccuracy/2ede2c2cc6eda21dc129eb70/B-A
7021d39476c082c69391aa7d9d107c8598ae66c5b1828c73e129c275542d42fb,pc/M-combat-capturePercent/adf2a33f332db08d4d373bba/A-B,vps/W-factor-neutral-soldier-baseAccuracy/66e0c8289f4ee3bd3dcd0d4f/A-B
0a6998a19d108d4ea47989fe9c9346eb6b099ed85b399e3702e1d1add2785d07,pc/M-combat-capturePercent/adf2a33f332db08d4d373bba/B-A,vps/W-factor-neutral-soldier-baseAccuracy/66e0c8289f4ee3bd3dcd0d4f/B-A
a5bb96235bf6f9a76b769ff737d8e922df94b0a52f749525853085cd022bf3ef,pc/M-combat-capturePercent/a74b3b7b747bae166c9bbd4d/A-B,vps/W-factor-neutral-soldier-baseAccuracy/94c73fa3fe284f99c8d34aa3/A-B
8a5fbdbf1b558dc200eab97d67343355792afdf24d5bbb0e91f754b86f3a02ef,pc/M-combat-capturePercent/a74b3b7b747bae166c9bbd4d/B-A,vps/W-factor-neutral-soldier-baseAccuracy/94c73fa3fe284f99c8d34aa3/B-A
6d407622c60b016795f97c89a6a5574696df9124c61c66dd231ce4e7c7aa2393,pc/M-combat-capturePercent/ec03e2f3b6e41ea5555df14c/A-B,vps/W-factor-neutral-soldier-baseAccuracy/95c6f7ccf023e0e8fe7ec232/A-B
5b40b5d08240a3cb41ac0662b746bf7848264fd5d59a18b9cccd174e1c8a970f,pc/M-combat-capturePercent/ec03e2f3b6e41ea5555df14c/B-A,vps/W-factor-neutral-soldier-baseAccuracy/95c6f7ccf023e0e8fe7ec232/B-A
e1e29aab7102365136b614a54a8aeb0bee449145f3bc465a205963f9f554f006,pc/M-combat-capturePercent/bf898c747897728e9c646b00/A-B,vps/W-factor-neutral-soldier-baseAccuracy/9db4381a8adcef1677674c9f/A-B
0c2b4bb54f68750a49827995ac5ca7c41b885ac68f663af9b71cf4658f802372,pc/M-combat-capturePercent/bf898c747897728e9c646b00/B-A,vps/W-factor-neutral-soldier-baseAccuracy/9db4381a8adcef1677674c9f/B-A
f5eaa97da71df5298d7c5b30554bec43da7311247b6bf61d3299b38dd99ce886,pc/M-combat-capturePercent/80ebf93b386771704cc70bab/A-B,vps/W-factor-neutral-soldier-baseAccuracy/a4df23bcbeb170d9ee3e4b74/A-B
6a49a491a5ff72a4b8db0cc1fcd37742813f1f1a76d4b11bb02af21e20d1e1ce,pc/M-combat-capturePercent/80ebf93b386771704cc70bab/B-A,vps/W-factor-neutral-soldier-baseAccuracy/a4df23bcbeb170d9ee3e4b74/B-A
587a0b6c8fbf92e9e393e63a374c6bdc95fc594470b7c8ee42ee3df5c4a6b8ef,pc/M-combat-capturePercent/1a50bd67feb4ca4f159a4cfe/A-B,vps/W-factor-neutral-soldier-baseAccuracy/b5a356933247086c4441b2cf/A-B
cab79020193af6f55744135f0197a1630e3c2215411e9bdd269a836e052ec646,pc/M-combat-capturePercent/1a50bd67feb4ca4f159a4cfe/B-A,vps/W-factor-neutral-soldier-baseAccuracy/b5a356933247086c4441b2cf/B-A
9ca322cb96477f8f2d6b2e7673307285a8c1ac1a2124cfb6ddfbf09efb0d4075,pc/M-combat-capturePercent/48d3967fcd05b8de1e34c2d4/A-B,vps/W-factor-neutral-soldier-baseAccuracy/b9425f75005cba5c30ed4716/A-B
0ef488184d72f1f098ab6566fb80c72140d7078400dd1a9587141fe8b34a13ec,pc/M-combat-capturePercent/48d3967fcd05b8de1e34c2d4/B-A,vps/W-factor-neutral-soldier-baseAccuracy/b9425f75005cba5c30ed4716/B-A
647ab88a83aa6f834990989ca24911ddf969595c4a5f5d85e2c151fdaebac92b,pc/M-combat-capturePercent/93f29e181d26c9d16b60ee8b/A-B,vps/W-factor-neutral-soldier-baseAccuracy/ce77ead863eb4adef3a75e29/A-B
cb5849664fb65ac00466aa61563a1f9baace77ad985b9c02a92e371cf45b1603,pc/M-combat-capturePercent/93f29e181d26c9d16b60ee8b/B-A,vps/W-factor-neutral-soldier-baseAccuracy/ce77ead863eb4adef3a75e29/B-A
3d79ed5983c89d0022c51a128734a7b36a8941c07b48f432dd6f260a0059cec7,pc/M-combat-capturePercent/9a1ddda43134d9061057be59/A-B,vps/W-factor-neutral-soldier-baseAccuracy/dfb89205d03d0a09fe68d626/A-B
b539cabaf72f26f266d867628052db7ffc7cfa333da902e943ce8bd34a752c17,pc/M-combat-capturePercent/9a1ddda43134d9061057be59/B-A,vps/W-factor-neutral-soldier-baseAccuracy/dfb89205d03d0a09fe68d626/B-A
00f252d5722657943a4cb0718ce0da7e8a4611896fa35ea5621c1322e14ef866,pc/M-combat-capturePercent/54e1d4f2a6e7f51febebdd8e/A-B,vps/W-factor-neutral-soldier-baseAccuracy/e64a421c357b7a1a6221facd/A-B
9000dde07f557a8d66b3ea4000e55211bbd45f04e3469db5cbc747249d14ba6c,pc/M-combat-capturePercent/54e1d4f2a6e7f51febebdd8e/B-A,vps/W-factor-neutral-soldier-baseAccuracy/e64a421c357b7a1a6221facd/B-A
2a1d1503a117713d05836a468b6a0d0d39d7d08702d9ca68ffe56c89d6f08704,pc/M-combat-capturePercent/98043342a0f7383cbda2c59d/A-B,vps/W-factor-neutral-soldier-baseAccuracy/fe729990e3de9b2999474627/A-B
cdd056f355bfd3009ca6798847f425d092b2fa95fee94cbb9f1b9d30918fd936,pc/M-combat-capturePercent/98043342a0f7383cbda2c59d/B-A,vps/W-factor-neutral-soldier-baseAccuracy/fe729990e3de9b2999474627/B-A
2bc6219638d312265f5c45e3ff80bf6b75c9c3992211780b96db52997872da32,pc/M-combat-capturePercent/9ee1c7b7c3d22f186dea063d/A-B,vps/W-factor-neutral-spearman-attack/4de08b87276607ded6ff7172/A-B
120c55e4f29e4d0105d6cc15c34f2d0b90e315f38cd4336b4554e662eda73d66,pc/M-combat-capturePercent/9ee1c7b7c3d22f186dea063d/B-A,vps/W-factor-neutral-spearman-attack/4de08b87276607ded6ff7172/B-A
54b8eb5652e7a14e2d23dbf5a122ee8f8758e3e126c18b1c2077bfe200269275,pc/M-combat-capturePercent/e03c8d62aa94aae4fc0f13f1/A-B,vps/W-factor-neutral-spearman-attack/5738ad1c8809d6c605fbc7aa/A-B
078641e562821c4012d1a24d08878af3f97f45aea622350727a2eb5edcbd524c,pc/M-combat-capturePercent/e03c8d62aa94aae4fc0f13f1/B-A,vps/W-factor-neutral-spearman-attack/5738ad1c8809d6c605fbc7aa/B-A
e1e15074299de68705a0c780b2d3fb59197c1aac103ae07319f15d754de45d5a,pc/M-counter-spearman-soldier/e8d4301fb42eb5dc79e5d562/A-B,vps/W-factor-neutral-spearman-attack/a3c1e1c0b645fd6f1a7ce54f/A-B
40db732252fdbb4c83d829c619b8c5bb7675d6c707874829d4ef7d7f6be59e56,pc/M-counter-spearman-soldier/e8d4301fb42eb5dc79e5d562/B-A,vps/W-factor-neutral-spearman-attack/a3c1e1c0b645fd6f1a7ce54f/B-A
4cc7756faf4200e045b276dd9746f81803d06dbd345a04f815c1b28930e8f1c5,pc/M-counter-spearman-soldier/53af060b43ed6bfe92a7fc27/A-B,vps/W-factor-neutral-spearman-attack/ab692b5bcf2296053de9deb6/A-B
473f29f635d7cddbe224f67088634db9686a5b19e0094a96473b0f27244d2424,pc/M-counter-spearman-soldier/53af060b43ed6bfe92a7fc27/B-A,vps/W-factor-neutral-spearman-attack/ab692b5bcf2296053de9deb6/B-A
b73591b9f6abc73a280ac0ee1d8386bcade85430256e3f726b2cbcc088927d4b,pc/M-counter-spearman-soldier/2a7ab78a27d49cd7e351e330/A-B,vps/W-factor-neutral-spearman-attack/b0f37c2cb2afdffa9c43e983/A-B
e86c1609971a59d6f6f7f1964467fd28673b2257a151e6057fcb3bec365002f1,pc/M-counter-spearman-soldier/2a7ab78a27d49cd7e351e330/B-A,vps/W-factor-neutral-spearman-attack/b0f37c2cb2afdffa9c43e983/B-A
ac0328d7e848fe34c754caa6b9c4b0ed2030d2e4d6fcccd1ed330988caf253df,pc/M-combat-capturePercent/2497be6bce26a22f97e6e95e/A-B,vps/W-factor-neutral-spearman-attack/b49ee0e519e10258948c991d/A-B
cdf02ca8a3da35cbdb52ea241c610d7fdc069d44ffd601725625d6de3e1c67e1,pc/M-combat-capturePercent/2497be6bce26a22f97e6e95e/B-A,vps/W-factor-neutral-spearman-attack/b49ee0e519e10258948c991d/B-A
7d7abac10e512ec2c70d5d25a59d0d144ba2b19ce4372cc4f09baf310123eafb,pc/M-combat-capturePercent/15b79b9ef5cbd9e794375476/A-B,vps/W-factor-neutral-spearman-attack/b55b9c5dc51351774faabf34/A-B
75facca78d59da8acebf5520dc1aec84674008dca00e85ffe5137a6371d683bd,pc/M-combat-capturePercent/15b79b9ef5cbd9e794375476/B-A,vps/W-factor-neutral-spearman-attack/b55b9c5dc51351774faabf34/B-A
d008a6c4cea3edb58d3e49bd4fe6a9dc06177f8442e6495e138e98d884af187e,pc/M-combat-capturePercent/7701dd750551af246ed1b8c5/A-B,vps/W-factor-neutral-spearman-attack/bebde9d5a1a2069e7945e2fe/A-B
bcbc877f0cf8b1db3ca6328cc8d75854e56dc0b5735561ddaff5ce14c2a229f6,pc/M-combat-capturePercent/7701dd750551af246ed1b8c5/B-A,vps/W-factor-neutral-spearman-attack/bebde9d5a1a2069e7945e2fe/B-A
4227f054b87e527b1d1b0274ed1998e330c5df10704580221a9b575b4a8798c6,pc/M-combat-capturePercent/b4b94da886e061c92142841a/A-B,vps/W-factor-neutral-spearman-attack/cb076c1a965fd036559c8414/A-B
ed29d7971438fc1a049999694ca61a2424e52dc6124815c6cadb6b6c1daaffd8,pc/M-combat-capturePercent/b4b94da886e061c92142841a/B-A,vps/W-factor-neutral-spearman-attack/cb076c1a965fd036559c8414/B-A
b965633c898c10ac48cc0b945d886ca291a7c3df9f2bc8fbbd6924891bba8756,pc/M-combat-capturePercent/a477667580eb4a6cca4bfd35/A-B,vps/W-factor-neutral-spearman-attack/e3baf95374f3bd4cbd99a73e/A-B
04d26513bee41f8de98ab49cd97c992b3a0017b0ad91dc428f6066f007ce270c,pc/M-combat-capturePercent/a477667580eb4a6cca4bfd35/B-A,vps/W-factor-neutral-spearman-attack/e3baf95374f3bd4cbd99a73e/B-A
58cd7ae8deb38800a7970576196ee8f591af45338dcec1590dcfba297fa69701,pc/M-combat-capturePercent/0fad6426e216ce1d497cd944/A-B,vps/W-factor-neutral-spearman-attack/fd7db3d180938f7e08f18ccf/A-B
71c1edf0b3076609f0d5f6632549a6592128c1a272b42a58354f9fb187b4a370,pc/M-combat-capturePercent/0fad6426e216ce1d497cd944/B-A,vps/W-factor-neutral-spearman-attack/fd7db3d180938f7e08f18ccf/B-A
85f859f840726422ec7d710e5557c9d3b6715fd7fc74bfe34607d4d92c94e777,pc/M-combat-capturePercent/0c0085870630c59e82d2d03f/A-B,vps/W-factor-neutral-spearman-attack/ff84a8c4a27a96be32aef724/A-B
03908c0fa4ced8ca60a7e0fb3a0f39260e015950626c7db85dad0402f2d3619e,pc/M-combat-capturePercent/0c0085870630c59e82d2d03f/B-A,vps/W-factor-neutral-spearman-attack/ff84a8c4a27a96be32aef724/B-A
2bc6219638d312265f5c45e3ff80bf6b75c9c3992211780b96db52997872da32,pc/M-combat-capturePercent/9ee1c7b7c3d22f186dea063d/A-B,vps/W-factor-neutral-spearman-baseAccuracy/064ccf0fe2c78f30b7bbb965/A-B
120c55e4f29e4d0105d6cc15c34f2d0b90e315f38cd4336b4554e662eda73d66,pc/M-combat-capturePercent/9ee1c7b7c3d22f186dea063d/B-A,vps/W-factor-neutral-spearman-baseAccuracy/064ccf0fe2c78f30b7bbb965/B-A
54b8eb5652e7a14e2d23dbf5a122ee8f8758e3e126c18b1c2077bfe200269275,pc/M-combat-capturePercent/e03c8d62aa94aae4fc0f13f1/A-B,vps/W-factor-neutral-spearman-baseAccuracy/41a646711b4b9efffca3bc7a/A-B
078641e562821c4012d1a24d08878af3f97f45aea622350727a2eb5edcbd524c,pc/M-combat-capturePercent/e03c8d62aa94aae4fc0f13f1/B-A,vps/W-factor-neutral-spearman-baseAccuracy/41a646711b4b9efffca3bc7a/B-A
7d7abac10e512ec2c70d5d25a59d0d144ba2b19ce4372cc4f09baf310123eafb,pc/M-combat-capturePercent/15b79b9ef5cbd9e794375476/A-B,vps/W-factor-neutral-spearman-baseAccuracy/6db4bab16c1c856d45ce929e/A-B
75facca78d59da8acebf5520dc1aec84674008dca00e85ffe5137a6371d683bd,pc/M-combat-capturePercent/15b79b9ef5cbd9e794375476/B-A,vps/W-factor-neutral-spearman-baseAccuracy/6db4bab16c1c856d45ce929e/B-A
4227f054b87e527b1d1b0274ed1998e330c5df10704580221a9b575b4a8798c6,pc/M-combat-capturePercent/b4b94da886e061c92142841a/A-B,vps/W-factor-neutral-spearman-baseAccuracy/6eea726280c4b3c66c032e77/A-B
ed29d7971438fc1a049999694ca61a2424e52dc6124815c6cadb6b6c1daaffd8,pc/M-combat-capturePercent/b4b94da886e061c92142841a/B-A,vps/W-factor-neutral-spearman-baseAccuracy/6eea726280c4b3c66c032e77/B-A
85f859f840726422ec7d710e5557c9d3b6715fd7fc74bfe34607d4d92c94e777,pc/M-combat-capturePercent/0c0085870630c59e82d2d03f/A-B,vps/W-factor-neutral-spearman-baseAccuracy/77eedfb510e5b83d6a0db5ce/A-B
03908c0fa4ced8ca60a7e0fb3a0f39260e015950626c7db85dad0402f2d3619e,pc/M-combat-capturePercent/0c0085870630c59e82d2d03f/B-A,vps/W-factor-neutral-spearman-baseAccuracy/77eedfb510e5b83d6a0db5ce/B-A
4cc7756faf4200e045b276dd9746f81803d06dbd345a04f815c1b28930e8f1c5,pc/M-counter-spearman-soldier/53af060b43ed6bfe92a7fc27/A-B,vps/W-factor-neutral-spearman-baseAccuracy/7be4b3763e239ac4d1da6bbb/A-B
473f29f635d7cddbe224f67088634db9686a5b19e0094a96473b0f27244d2424,pc/M-counter-spearman-soldier/53af060b43ed6bfe92a7fc27/B-A,vps/W-factor-neutral-spearman-baseAccuracy/7be4b3763e239ac4d1da6bbb/B-A
b73591b9f6abc73a280ac0ee1d8386bcade85430256e3f726b2cbcc088927d4b,pc/M-counter-spearman-soldier/2a7ab78a27d49cd7e351e330/A-B,vps/W-factor-neutral-spearman-baseAccuracy/813a667331ba2cbb7c516685/A-B
e86c1609971a59d6f6f7f1964467fd28673b2257a151e6057fcb3bec365002f1,pc/M-counter-spearman-soldier/2a7ab78a27d49cd7e351e330/B-A,vps/W-factor-neutral-spearman-baseAccuracy/813a667331ba2cbb7c516685/B-A
ac0328d7e848fe34c754caa6b9c4b0ed2030d2e4d6fcccd1ed330988caf253df,pc/M-combat-capturePercent/2497be6bce26a22f97e6e95e/A-B,vps/W-factor-neutral-spearman-baseAccuracy/9433d36f77535f10d3e6aeae/A-B
cdf02ca8a3da35cbdb52ea241c610d7fdc069d44ffd601725625d6de3e1c67e1,pc/M-combat-capturePercent/2497be6bce26a22f97e6e95e/B-A,vps/W-factor-neutral-spearman-baseAccuracy/9433d36f77535f10d3e6aeae/B-A
e1e15074299de68705a0c780b2d3fb59197c1aac103ae07319f15d754de45d5a,pc/M-counter-spearman-soldier/e8d4301fb42eb5dc79e5d562/A-B,vps/W-factor-neutral-spearman-baseAccuracy/b8a99938793decbe9db59f82/A-B
40db732252fdbb4c83d829c619b8c5bb7675d6c707874829d4ef7d7f6be59e56,pc/M-counter-spearman-soldier/e8d4301fb42eb5dc79e5d562/B-A,vps/W-factor-neutral-spearman-baseAccuracy/b8a99938793decbe9db59f82/B-A
58cd7ae8deb38800a7970576196ee8f591af45338dcec1590dcfba297fa69701,pc/M-combat-capturePercent/0fad6426e216ce1d497cd944/A-B,vps/W-factor-neutral-spearman-baseAccuracy/bf2fdca3d8d8715b3969d39b/A-B
71c1edf0b3076609f0d5f6632549a6592128c1a272b42a58354f9fb187b4a370,pc/M-combat-capturePercent/0fad6426e216ce1d497cd944/B-A,vps/W-factor-neutral-spearman-baseAccuracy/bf2fdca3d8d8715b3969d39b/B-A
d008a6c4cea3edb58d3e49bd4fe6a9dc06177f8442e6495e138e98d884af187e,pc/M-combat-capturePercent/7701dd750551af246ed1b8c5/A-B,vps/W-factor-neutral-spearman-baseAccuracy/d83c91a9e73a2361118f5d9e/A-B
bcbc877f0cf8b1db3ca6328cc8d75854e56dc0b5735561ddaff5ce14c2a229f6,pc/M-combat-capturePercent/7701dd750551af246ed1b8c5/B-A,vps/W-factor-neutral-spearman-baseAccuracy/d83c91a9e73a2361118f5d9e/B-A
b965633c898c10ac48cc0b945d886ca291a7c3df9f2bc8fbbd6924891bba8756,pc/M-combat-capturePercent/a477667580eb4a6cca4bfd35/A-B,vps/W-factor-neutral-spearman-baseAccuracy/e2c47d5fa57ce5489ee85418/A-B
04d26513bee41f8de98ab49cd97c992b3a0017b0ad91dc428f6066f007ce270c,pc/M-combat-capturePercent/a477667580eb4a6cca4bfd35/B-A,vps/W-factor-neutral-spearman-baseAccuracy/e2c47d5fa57ce5489ee85418/B-A
f4a9eec1202c401b2a54a4a7180ddec70c1dd1b2b4e20d12351a4b4f907b80fe,vps/M-weather-preset-rain/c6344cee29c3bbe0a4b1da11/A-B,vps/W-factor-rain-archer-attack/145a5e4c95718ef2d4472feb/A-B
a6694e433b1007fe4942068a0a2077760690ba5a2e796efc8b57e394851d1011,vps/M-weather-preset-rain/c6344cee29c3bbe0a4b1da11/B-A,vps/W-factor-rain-archer-attack/145a5e4c95718ef2d4472feb/B-A
c23c947f1026f6f49173e9b4fffbae1e245837239413b7681f520830d21d18be,vps/M-weather-preset-rain/f16f8826a5cd58fe9edf4b38/A-B,vps/W-factor-rain-archer-attack/2d5f4ffc0f3f2574d66fd426/A-B
80a1731b8946fefc2c4c74228d355e4fa60cdb6ec267eaa7babb74ecef880c70,vps/M-weather-preset-rain/f16f8826a5cd58fe9edf4b38/B-A,vps/W-factor-rain-archer-attack/2d5f4ffc0f3f2574d66fd426/B-A
73037df4b96d6b9f31b14673be527769ca10cacdb5f267e619782af0a49e2d32,vps/M-weather-preset-rain/cef8064e09ddb2ea10d7bdfc/A-B,vps/W-factor-rain-archer-attack/357f77f6cdac98702831773a/A-B
1f1298335295719a9ff9eb03dfcfa91cc1b65209032ee50de63e48b6372cad74,vps/M-weather-preset-rain/cef8064e09ddb2ea10d7bdfc/B-A,vps/W-factor-rain-archer-attack/357f77f6cdac98702831773a/B-A
f8d1cfe28600d1d29f96b92036d1d6e28c6a24d6f9dc33d356fee0776824ae91,vps/M-weather-preset-rain/abdbca79d60cb3c8c0bfcd87/A-B,vps/W-factor-rain-archer-attack/822db1584d01d7e4e24a7a8d/A-B
88eaee886cdc22d588d42282ad9cebc13376f2cfcc69742c1cf4a2920225c902,vps/M-weather-preset-rain/abdbca79d60cb3c8c0bfcd87/B-A,vps/W-factor-rain-archer-attack/822db1584d01d7e4e24a7a8d/B-A
1b5759c9f5a75ce4546a8d4e93d34db949d68bcc5d70c44025c2d676765e8eb2,vps/M-weather-preset-rain/6337bfb2e5594bd22544b24d/A-B,vps/W-factor-rain-archer-attack/a49ab1c78fd97b38af1c8e1d/A-B
28f06f8098e595fda0bd5be7523d1d10b43aab11c8f4e5443cf9909e2dfe0660,vps/M-weather-preset-rain/6337bfb2e5594bd22544b24d/B-A,vps/W-factor-rain-archer-attack/a49ab1c78fd97b38af1c8e1d/B-A
9ce44a870c604f26d20d0cf3da74807b9f8ccb1c87cd46250d820844ee7b8ee8,vps/M-weather-preset-rain/65d143b1a1dc48ec6c6e7142/A-B,vps/W-factor-rain-archer-attack/bec1adbc92ddd69e3255ce5f/A-B
c78f9b9727c7dd0bd1fd190a19d42b4db504a587928438533e20ccb48a6ceb93,vps/M-weather-preset-rain/65d143b1a1dc48ec6c6e7142/B-A,vps/W-factor-rain-archer-attack/bec1adbc92ddd69e3255ce5f/B-A
9e81d3ad99f1af4ca2b7d397a4b7732f9bc043922757577faa717b5f9db96e40,vps/W-factor-rain-archer-attack/210ed5a0ef55922d85007ff7/A-B,vps/W-factor-rain-archer-baseAccuracy/246474a0c4d923725db2304c/A-B
e6a5ea8f804d8e5c3ffdf6c32d22e215722a9d1d629f7c8d6edc7e8412c9d6e9,vps/W-factor-rain-archer-attack/210ed5a0ef55922d85007ff7/B-A,vps/W-factor-rain-archer-baseAccuracy/246474a0c4d923725db2304c/B-A
c2a8708c76c95e37725a37ea6a32285aaf54a8cba3d0d0a1f7841762ebabf519,vps/W-factor-rain-archer-attack/5c96d6d86f99e01fc7b48889/A-B,vps/W-factor-rain-archer-baseAccuracy/36f1edfc0e5961cd9df18123/A-B
df5e2b0451c3c2eb4b8f2db72f87847207f1d5b8bd51e8ec471124e5326c8041,vps/W-factor-rain-archer-attack/5c96d6d86f99e01fc7b48889/B-A,vps/W-factor-rain-archer-baseAccuracy/36f1edfc0e5961cd9df18123/B-A
73037df4b96d6b9f31b14673be527769ca10cacdb5f267e619782af0a49e2d32,vps/M-weather-preset-rain/cef8064e09ddb2ea10d7bdfc/A-B,vps/W-factor-rain-archer-baseAccuracy/5c34f513ce9268d43627549e/A-B
1f1298335295719a9ff9eb03dfcfa91cc1b65209032ee50de63e48b6372cad74,vps/M-weather-preset-rain/cef8064e09ddb2ea10d7bdfc/B-A,vps/W-factor-rain-archer-baseAccuracy/5c34f513ce9268d43627549e/B-A
f4a9eec1202c401b2a54a4a7180ddec70c1dd1b2b4e20d12351a4b4f907b80fe,vps/M-weather-preset-rain/c6344cee29c3bbe0a4b1da11/A-B,vps/W-factor-rain-archer-baseAccuracy/82cbe32bc7c2891d6535079c/A-B
a6694e433b1007fe4942068a0a2077760690ba5a2e796efc8b57e394851d1011,vps/M-weather-preset-rain/c6344cee29c3bbe0a4b1da11/B-A,vps/W-factor-rain-archer-baseAccuracy/82cbe32bc7c2891d6535079c/B-A
c23c947f1026f6f49173e9b4fffbae1e245837239413b7681f520830d21d18be,vps/M-weather-preset-rain/f16f8826a5cd58fe9edf4b38/A-B,vps/W-factor-rain-archer-baseAccuracy/8aa829a79e6f92955ce29d6e/A-B
80a1731b8946fefc2c4c74228d355e4fa60cdb6ec267eaa7babb74ecef880c70,vps/M-weather-preset-rain/f16f8826a5cd58fe9edf4b38/B-A,vps/W-factor-rain-archer-baseAccuracy/8aa829a79e6f92955ce29d6e/B-A
b400d694e22a12cd2e0d4073c6f5c2b30dabb39656506ee05fc74177462aa235,vps/W-factor-rain-archer-attack/ca0a35d1313f937a30d9719a/A-B,vps/W-factor-rain-archer-baseAccuracy/9fb521093756e70c9dfce69a/A-B
c6b7a2a2bdf6e6cf257bc78c0f9053e6b94c86b7ff1707c7a21341af16b73ca5,vps/W-factor-rain-archer-attack/ca0a35d1313f937a30d9719a/B-A,vps/W-factor-rain-archer-baseAccuracy/9fb521093756e70c9dfce69a/B-A
1b5759c9f5a75ce4546a8d4e93d34db949d68bcc5d70c44025c2d676765e8eb2,vps/M-weather-preset-rain/6337bfb2e5594bd22544b24d/A-B,vps/W-factor-rain-archer-baseAccuracy/b17ed7ec2f8d47c7ec668c1f/A-B
28f06f8098e595fda0bd5be7523d1d10b43aab11c8f4e5443cf9909e2dfe0660,vps/M-weather-preset-rain/6337bfb2e5594bd22544b24d/B-A,vps/W-factor-rain-archer-baseAccuracy/b17ed7ec2f8d47c7ec668c1f/B-A
30da93f87a293cb37fca7a9dfc39f35bee3aa46dc52ed7c4bb1166ee6cd32330,vps/W-factor-rain-archer-attack/7aea4235664c86a96c733fd4/A-B,vps/W-factor-rain-archer-baseAccuracy/b8db499693049146d511eb3b/A-B
8bc41853f14e58a6b270e7c2a8585eca8af5bca8c660bc6ead3ac56b53a6a333,vps/W-factor-rain-archer-attack/7aea4235664c86a96c733fd4/B-A,vps/W-factor-rain-archer-baseAccuracy/b8db499693049146d511eb3b/B-A
f2fcf4fb125b8d02e07ccc3974aa93e4a1e671294a0be5e872e214bbc97c0be4,vps/W-factor-rain-archer-attack/2f442ddc5e53646f65e9bf7f/A-B,vps/W-factor-rain-archer-baseAccuracy/c0b3309182a5fe704d2038cb/A-B
75aa5aad407cf9202566431c130090f47bd6d091cc420f050d11f5b765c325d4,vps/W-factor-rain-archer-attack/2f442ddc5e53646f65e9bf7f/B-A,vps/W-factor-rain-archer-baseAccuracy/c0b3309182a5fe704d2038cb/B-A
f8d1cfe28600d1d29f96b92036d1d6e28c6a24d6f9dc33d356fee0776824ae91,vps/M-weather-preset-rain/abdbca79d60cb3c8c0bfcd87/A-B,vps/W-factor-rain-archer-baseAccuracy/ccabce5a5ec578186d271678/A-B
88eaee886cdc22d588d42282ad9cebc13376f2cfcc69742c1cf4a2920225c902,vps/M-weather-preset-rain/abdbca79d60cb3c8c0bfcd87/B-A,vps/W-factor-rain-archer-baseAccuracy/ccabce5a5ec578186d271678/B-A
ef0b33f7f867b7ebeddb09677e03bbcc5f80f657a0594e8a40781ba878a5a7ac,vps/W-factor-rain-archer-attack/a0e3f25f5b835a16cbca478c/A-B,vps/W-factor-rain-archer-baseAccuracy/eb0e04ac193a6414f3e573bc/A-B
fbe4402234bd247b46041bdd40052fffc9c80c0a693e94b268f8f45a2056909f,vps/W-factor-rain-archer-attack/a0e3f25f5b835a16cbca478c/B-A,vps/W-factor-rain-archer-baseAccuracy/eb0e04ac193a6414f3e573bc/B-A
9ce44a870c604f26d20d0cf3da74807b9f8ccb1c87cd46250d820844ee7b8ee8,vps/M-weather-preset-rain/65d143b1a1dc48ec6c6e7142/A-B,vps/W-factor-rain-archer-baseAccuracy/f715c21623d6e233c5364548/A-B
c78f9b9727c7dd0bd1fd190a19d42b4db504a587928438533e20ccb48a6ceb93,vps/M-weather-preset-rain/65d143b1a1dc48ec6c6e7142/B-A,vps/W-factor-rain-archer-baseAccuracy/f715c21623d6e233c5364548/B-A
0fb46141c434ceee58495cd9a72402eaa85688675f29e0a7f13a6f41965c1373,vps/M-weather-preset-rain/7b559d8dfcc9de8b4b989273/A-B,vps/W-factor-rain-knight-attack/98acd2e9b46cfad5d3330828/A-B
3c6ffd677667e58549f7b8a674deb8f72f772ffd80a4c2a364142e10364a3bd5,vps/M-weather-preset-rain/7b559d8dfcc9de8b4b989273/B-A,vps/W-factor-rain-knight-attack/98acd2e9b46cfad5d3330828/B-A
2fe98e4b6279df28e80fb40522e42f4270d4886f5e5d838f5ef176e378528497,vps/M-weather-preset-rain/bdcda1de0edd156a02075167/A-B,vps/W-factor-rain-knight-attack/b15b2b3dd220555cc80dce26/A-B
5103f664185f394976818a60410d74e75314d11381e7822472bfc82f16d74d5b,vps/M-weather-preset-rain/bdcda1de0edd156a02075167/B-A,vps/W-factor-rain-knight-attack/b15b2b3dd220555cc80dce26/B-A
e5e4a65455c367f4a7e66d0febc7dc2729f796414693f25d2f996536fd019533,vps/M-weather-preset-rain/4729a9e8dfca20d6faa7fc71/A-B,vps/W-factor-rain-knight-attack/eb77e5a519ef3bd0d77f9e61/A-B
fc0ed706e4d15a594ab2cf1aea9dd84925fc3bbd82855093cdbad96a85731e38,vps/M-weather-preset-rain/4729a9e8dfca20d6faa7fc71/B-A,vps/W-factor-rain-knight-attack/eb77e5a519ef3bd0d77f9e61/B-A
2fe98e4b6279df28e80fb40522e42f4270d4886f5e5d838f5ef176e378528497,vps/M-weather-preset-rain/bdcda1de0edd156a02075167/A-B,vps/W-factor-rain-knight-baseAccuracy/0ed96f66c39024ac01dfe4a8/A-B
5103f664185f394976818a60410d74e75314d11381e7822472bfc82f16d74d5b,vps/M-weather-preset-rain/bdcda1de0edd156a02075167/B-A,vps/W-factor-rain-knight-baseAccuracy/0ed96f66c39024ac01dfe4a8/B-A
e5e4a65455c367f4a7e66d0febc7dc2729f796414693f25d2f996536fd019533,vps/M-weather-preset-rain/4729a9e8dfca20d6faa7fc71/A-B,vps/W-factor-rain-knight-baseAccuracy/1863c9f9d0b998f3d0d891d6/A-B
fc0ed706e4d15a594ab2cf1aea9dd84925fc3bbd82855093cdbad96a85731e38,vps/M-weather-preset-rain/4729a9e8dfca20d6faa7fc71/B-A,vps/W-factor-rain-knight-baseAccuracy/1863c9f9d0b998f3d0d891d6/B-A
4076e5b0f388bb07040bd07e6d7b2df19d3d13c5551a1653a06786a1f335b9e9,vps/W-factor-rain-knight-attack/33e13497ee0f0b94fcd91a4b/A-B,vps/W-factor-rain-knight-baseAccuracy/3d9c1e3335a4053bb06d541f/A-B
79c756b461fcb99c26f1a7b3ed8653a26a0364e6fbfd0c1b67b571494b07b0a4,vps/W-factor-rain-knight-attack/33e13497ee0f0b94fcd91a4b/B-A,vps/W-factor-rain-knight-baseAccuracy/3d9c1e3335a4053bb06d541f/B-A
7fe47fe20bfeee1b3f11e01f017fa73cb7a2460ab3effbb32b81d7349a388e44,vps/W-factor-rain-knight-attack/55f8ccc995b8b0429eb4475a/A-B,vps/W-factor-rain-knight-baseAccuracy/492efa76d198625366fe6491/A-B
6cd4df87c92f13d19d2a933eff4741fc48ed7b0fef1e3dbbb69974b5f3580554,vps/W-factor-rain-knight-attack/55f8ccc995b8b0429eb4475a/B-A,vps/W-factor-rain-knight-baseAccuracy/492efa76d198625366fe6491/B-A
0a774ba24da39dfa7d92c31f6946a7252d27ad7106756918dc391f8df714c5f3,vps/W-factor-rain-knight-attack/cfc2ff3404a94d0811daf2cf/A-B,vps/W-factor-rain-knight-baseAccuracy/4b629f3f3b15d56fe7ce6d8b/A-B
f70c9c53c88308f1e0ff6dd0530568e0eed94ca737c0a5c5aafc500bbdb84ab9,vps/W-factor-rain-knight-attack/cfc2ff3404a94d0811daf2cf/B-A,vps/W-factor-rain-knight-baseAccuracy/4b629f3f3b15d56fe7ce6d8b/B-A
25b9108983010b89969d8a33fbc27902934f5aab7f700c9437ceda84cc435227,vps/W-factor-rain-knight-attack/a8a195417ae342a5d3dcec01/A-B,vps/W-factor-rain-knight-baseAccuracy/531b2e741376579ce161f71b/A-B
5af85ffd0f3a101537189225375706e54d0dd45c8cb221cb3675f65ab2a98cfd,vps/W-factor-rain-knight-attack/a8a195417ae342a5d3dcec01/B-A,vps/W-factor-rain-knight-baseAccuracy/531b2e741376579ce161f71b/B-A
9fb88daf4d927507969122548c5711d3e7cafe3366f0ff96e57961b697e7fc0b,vps/W-factor-rain-knight-attack/4b81700132aa26e6c89bb51a/A-B,vps/W-factor-rain-knight-baseAccuracy/635a3775d79719df26747877/A-B
3707eb824fc77dee27afc5330e9fc3b4cb883883e612d5b3d529cfb7c9073595,vps/W-factor-rain-knight-attack/4b81700132aa26e6c89bb51a/B-A,vps/W-factor-rain-knight-baseAccuracy/635a3775d79719df26747877/B-A
af3d7f8196a3aea4d3df0afec77a712c379ae1718908fc09c5a6bf75c83153a1,vps/W-factor-rain-knight-attack/656801ecc6a81d146bc3e509/A-B,vps/W-factor-rain-knight-baseAccuracy/6bb1f781878e32ebd9ebf202/A-B
475b090f09e78e870e7be119b14c191ffb7d4ca7207f24be3569e60fb064a300,vps/W-factor-rain-knight-attack/656801ecc6a81d146bc3e509/B-A,vps/W-factor-rain-knight-baseAccuracy/6bb1f781878e32ebd9ebf202/B-A
db812bdcf72739e7ee67e2cc003b361b9a3f200c46110ffd29effcc03fc08e34,vps/W-factor-rain-knight-attack/4178cc2ec7d53c5feac57ee3/A-B,vps/W-factor-rain-knight-baseAccuracy/b6c36922425d8165b62b4611/A-B
c1ac0f1d6822410807abbb3933694a4f44cb415cfd01f4d89e9ef4d605d1d6cd,vps/W-factor-rain-knight-attack/4178cc2ec7d53c5feac57ee3/B-A,vps/W-factor-rain-knight-baseAccuracy/b6c36922425d8165b62b4611/B-A
0fb46141c434ceee58495cd9a72402eaa85688675f29e0a7f13a6f41965c1373,vps/M-weather-preset-rain/7b559d8dfcc9de8b4b989273/A-B,vps/W-factor-rain-knight-baseAccuracy/d63d92160089ffc4c4cd00fa/A-B
3c6ffd677667e58549f7b8a674deb8f72f772ffd80a4c2a364142e10364a3bd5,vps/M-weather-preset-rain/7b559d8dfcc9de8b4b989273/B-A,vps/W-factor-rain-knight-baseAccuracy/d63d92160089ffc4c4cd00fa/B-A
847a3bf698a5040fa96b2346615d72818d6f391e5bf89654152eea98251748ff,vps/W-factor-rain-knight-attack/c7d85e0c5bafe777c9166ccb/A-B,vps/W-factor-rain-knight-baseAccuracy/dd8114ae71bddbdccef861fd/A-B
f1f31a279c85e68b7bd53998d110fd49bcb3311c6c6ac81eb993238189ae9c56,vps/W-factor-rain-knight-attack/c7d85e0c5bafe777c9166ccb/B-A,vps/W-factor-rain-knight-baseAccuracy/dd8114ae71bddbdccef861fd/B-A
22ccbdbe13c0a9e304e6ea4ebd1c765942b9894ac2441f1d7f4cd3346969f1e8,vps/W-factor-rain-knight-attack/9b30397b190d8d518dcfc12d/A-B,vps/W-factor-rain-knight-baseAccuracy/fc470aeb5464bec4e9b8d781/A-B
d7b1456c0526910a41b1d344579a529a064fb70a8a7d8bb844d4ba7bb176360c,vps/W-factor-rain-knight-attack/9b30397b190d8d518dcfc12d/B-A,vps/W-factor-rain-knight-baseAccuracy/fc470aeb5464bec4e9b8d781/B-A
e704ffbd0ffce303718b15d4d327fc9839628a7be9169ba30ea9accda29d1829,vps/M-weather-preset-rain/cdba254ec3dced44467fa1c7/A-B,vps/W-factor-rain-soldier-attack/2a1e3218a6fc7185dd3ee676/A-B
0060476d42aebe02289f737a48001c3ba23369fc4da776e5255acbe5c473a21f,vps/M-weather-preset-rain/cdba254ec3dced44467fa1c7/B-A,vps/W-factor-rain-soldier-attack/2a1e3218a6fc7185dd3ee676/B-A
e1b9f3882bdfef4490cf1d7e08b328358c0dc03ae5961caf10c3045f087e172b,vps/M-weather-preset-rain/94bcddaf47bb92c73813cba9/A-B,vps/W-factor-rain-soldier-attack/39ee0df2ad906b88787560a2/A-B
d157c2f82c0f2c5699cb6de5d5b0ee04d99cd30678451d3b907b48ebfc0fd531,vps/M-weather-preset-rain/94bcddaf47bb92c73813cba9/B-A,vps/W-factor-rain-soldier-attack/39ee0df2ad906b88787560a2/B-A
7a58db2ac151c26765008a33bfbdef1c0c27a040d10ff51931412f1eecfb2787,vps/M-weather-preset-rain/fdd9a1e65a94922a5cdb4e7b/A-B,vps/W-factor-rain-soldier-attack/41d0f1279a7df69fdc6e30b6/A-B
5eddbdda81bcd98f0e44ebd8ff2a7e3cd0faabe3607d00d51bb8675e424c9a54,vps/M-weather-preset-rain/fdd9a1e65a94922a5cdb4e7b/B-A,vps/W-factor-rain-soldier-attack/41d0f1279a7df69fdc6e30b6/B-A
d3f7ea61211133b7d33b8788546276aad36bbe3c5e46b69060af92e8f140a01e,vps/M-weather-preset-rain/766f2d420e2dd3dffc634cd2/A-B,vps/W-factor-rain-soldier-attack/440b048c3c7a8c3db7079603/A-B
f73fda0d2a552833aaf118970b3df1e713eef6cece4e20e6cf07c6917bebcf15,vps/M-weather-preset-rain/766f2d420e2dd3dffc634cd2/B-A,vps/W-factor-rain-soldier-attack/440b048c3c7a8c3db7079603/B-A
2b9df09e5c7f6150972d7901a70102a4362825c67d8aafc81ea6d038bdec1e63,vps/M-weather-preset-rain/48811604cda9a72dd18ce040/A-B,vps/W-factor-rain-soldier-attack/5f6002ce3561d07c9f35472a/A-B
da89d12f85c9ef9b54e372604ad1c020b7db5078c97ac29f1297d03e7ab293da,vps/M-weather-preset-rain/48811604cda9a72dd18ce040/B-A,vps/W-factor-rain-soldier-attack/5f6002ce3561d07c9f35472a/B-A
1520f9c5d9c63ed3d993ace76854a89f5ac1aae00a0aa0d725bb87d1513c7198,vps/M-weather-preset-rain/548962b5c5e89320418ec7cc/A-B,vps/W-factor-rain-soldier-attack/7e2469a36d1dce71cd30c4ae/A-B
08dc33689aeaaf764b387a062a27c996ba970084e374e95eaf969ea31ad467f3,vps/M-weather-preset-rain/548962b5c5e89320418ec7cc/B-A,vps/W-factor-rain-soldier-attack/7e2469a36d1dce71cd30c4ae/B-A
189e83fd198a7487938f4c77366ed2b23fca8a541eadc97f5cb457c70eae3740,vps/M-weather-preset-rain/214c26a33b1f8ddd07e9003d/A-B,vps/W-factor-rain-soldier-attack/85da682fe3b4de9d3e362748/A-B
c416e3ca2ad15dea9463b992ae0208d10133eafb3dd0e66747ea970c39e60315,vps/M-weather-preset-rain/214c26a33b1f8ddd07e9003d/B-A,vps/W-factor-rain-soldier-attack/85da682fe3b4de9d3e362748/B-A
0fd4958cd6a0c3f4fff529878886170037e3dd9b5dc52ef40d5972199103de09,vps/M-weather-preset-rain/63805d1b4e01d84b27d6bddd/A-B,vps/W-factor-rain-soldier-attack/8c325a0957f586d6f819873d/A-B
5a0d5e4c9564f1e3950af302a19cab339e993a3f29fbfd8d7e4b4ef5639b7a64,vps/M-weather-preset-rain/63805d1b4e01d84b27d6bddd/B-A,vps/W-factor-rain-soldier-attack/8c325a0957f586d6f819873d/B-A
d2723bbf63647e5d03e7a7b7bcff46c995544c64a7e9e40e149972634c18e58f,vps/M-weather-preset-rain/d6284d9c0deb58c7a955a982/A-B,vps/W-factor-rain-soldier-attack/a3a5c5dcf3436bfae87b0fe0/A-B
2641ed9681069c59971dc6c18f65bde09cf125e11b388aab9637149ea9b29534,vps/M-weather-preset-rain/d6284d9c0deb58c7a955a982/B-A,vps/W-factor-rain-soldier-attack/a3a5c5dcf3436bfae87b0fe0/B-A
4c21293b5849e992b42c4f68a57a20872f3fabf9b2a7abe26bbb9abc3580b700,vps/M-weather-preset-rain/ef51e96e413eef389b215644/A-B,vps/W-factor-rain-soldier-attack/a7c7b7123d2f4d38723ce384/A-B
7afd8fc3a9120ecf577ec0c0379fcc990ed4281f92e648e36a986eab49a8554c,vps/M-weather-preset-rain/ef51e96e413eef389b215644/B-A,vps/W-factor-rain-soldier-attack/a7c7b7123d2f4d38723ce384/B-A
a2c9129468b1cef34dd45f4f4247f3d1803bae2194b857a88146c93f9ac914f2,vps/M-weather-preset-rain/f49a113cd98e529d88ce418b/A-B,vps/W-factor-rain-soldier-attack/b93091b25b38a30d6b25f58c/A-B
ebde8f0a46369aa823729c41d3059c96d2024d867937715c23c077dc8eacae90,vps/M-weather-preset-rain/f49a113cd98e529d88ce418b/B-A,vps/W-factor-rain-soldier-attack/b93091b25b38a30d6b25f58c/B-A
d6f1054be9de01e6d1bdb04f02bfc5e66a34510bf764f8f2362cb08fbb9ab3e3,vps/M-weather-preset-rain/58776f16ec3643d2e60bc00b/A-B,vps/W-factor-rain-soldier-attack/ec041045b37dddc461128ab6/A-B
0c3d33d22fe1ce4c10c37f1e7184235a22679cb8aa4c5d3e5e8c2d42c6898200,vps/M-weather-preset-rain/58776f16ec3643d2e60bc00b/B-A,vps/W-factor-rain-soldier-attack/ec041045b37dddc461128ab6/B-A
189e83fd198a7487938f4c77366ed2b23fca8a541eadc97f5cb457c70eae3740,vps/M-weather-preset-rain/214c26a33b1f8ddd07e9003d/A-B,vps/W-factor-rain-soldier-baseAccuracy/2421daf9d9b4a8b762d3393a/A-B
c416e3ca2ad15dea9463b992ae0208d10133eafb3dd0e66747ea970c39e60315,vps/M-weather-preset-rain/214c26a33b1f8ddd07e9003d/B-A,vps/W-factor-rain-soldier-baseAccuracy/2421daf9d9b4a8b762d3393a/B-A
4c21293b5849e992b42c4f68a57a20872f3fabf9b2a7abe26bbb9abc3580b700,vps/M-weather-preset-rain/ef51e96e413eef389b215644/A-B,vps/W-factor-rain-soldier-baseAccuracy/3473336f5b8ee59303af1dfb/A-B
7afd8fc3a9120ecf577ec0c0379fcc990ed4281f92e648e36a986eab49a8554c,vps/M-weather-preset-rain/ef51e96e413eef389b215644/B-A,vps/W-factor-rain-soldier-baseAccuracy/3473336f5b8ee59303af1dfb/B-A
d6f1054be9de01e6d1bdb04f02bfc5e66a34510bf764f8f2362cb08fbb9ab3e3,vps/M-weather-preset-rain/58776f16ec3643d2e60bc00b/A-B,vps/W-factor-rain-soldier-baseAccuracy/3bf79ea466c0dff458cbef5e/A-B
0c3d33d22fe1ce4c10c37f1e7184235a22679cb8aa4c5d3e5e8c2d42c6898200,vps/M-weather-preset-rain/58776f16ec3643d2e60bc00b/B-A,vps/W-factor-rain-soldier-baseAccuracy/3bf79ea466c0dff458cbef5e/B-A
a2c9129468b1cef34dd45f4f4247f3d1803bae2194b857a88146c93f9ac914f2,vps/M-weather-preset-rain/f49a113cd98e529d88ce418b/A-B,vps/W-factor-rain-soldier-baseAccuracy/3f0c894ec4a67bd58f442c82/A-B
ebde8f0a46369aa823729c41d3059c96d2024d867937715c23c077dc8eacae90,vps/M-weather-preset-rain/f49a113cd98e529d88ce418b/B-A,vps/W-factor-rain-soldier-baseAccuracy/3f0c894ec4a67bd58f442c82/B-A
e1b9f3882bdfef4490cf1d7e08b328358c0dc03ae5961caf10c3045f087e172b,vps/M-weather-preset-rain/94bcddaf47bb92c73813cba9/A-B,vps/W-factor-rain-soldier-baseAccuracy/5180e84552ba6a31faf47263/A-B
d157c2f82c0f2c5699cb6de5d5b0ee04d99cd30678451d3b907b48ebfc0fd531,vps/M-weather-preset-rain/94bcddaf47bb92c73813cba9/B-A,vps/W-factor-rain-soldier-baseAccuracy/5180e84552ba6a31faf47263/B-A
2b9df09e5c7f6150972d7901a70102a4362825c67d8aafc81ea6d038bdec1e63,vps/M-weather-preset-rain/48811604cda9a72dd18ce040/A-B,vps/W-factor-rain-soldier-baseAccuracy/647aafd36c20b5640e663d25/A-B
da89d12f85c9ef9b54e372604ad1c020b7db5078c97ac29f1297d03e7ab293da,vps/M-weather-preset-rain/48811604cda9a72dd18ce040/B-A,vps/W-factor-rain-soldier-baseAccuracy/647aafd36c20b5640e663d25/B-A
1520f9c5d9c63ed3d993ace76854a89f5ac1aae00a0aa0d725bb87d1513c7198,vps/M-weather-preset-rain/548962b5c5e89320418ec7cc/A-B,vps/W-factor-rain-soldier-baseAccuracy/814183edf2f8c12254ca3450/A-B
08dc33689aeaaf764b387a062a27c996ba970084e374e95eaf969ea31ad467f3,vps/M-weather-preset-rain/548962b5c5e89320418ec7cc/B-A,vps/W-factor-rain-soldier-baseAccuracy/814183edf2f8c12254ca3450/B-A
0fd4958cd6a0c3f4fff529878886170037e3dd9b5dc52ef40d5972199103de09,vps/M-weather-preset-rain/63805d1b4e01d84b27d6bddd/A-B,vps/W-factor-rain-soldier-baseAccuracy/9aa6959cd03d09c318ed1950/A-B
5a0d5e4c9564f1e3950af302a19cab339e993a3f29fbfd8d7e4b4ef5639b7a64,vps/M-weather-preset-rain/63805d1b4e01d84b27d6bddd/B-A,vps/W-factor-rain-soldier-baseAccuracy/9aa6959cd03d09c318ed1950/B-A
d2723bbf63647e5d03e7a7b7bcff46c995544c64a7e9e40e149972634c18e58f,vps/M-weather-preset-rain/d6284d9c0deb58c7a955a982/A-B,vps/W-factor-rain-soldier-baseAccuracy/b7fbedcf24b09f7624764bc0/A-B
2641ed9681069c59971dc6c18f65bde09cf125e11b388aab9637149ea9b29534,vps/M-weather-preset-rain/d6284d9c0deb58c7a955a982/B-A,vps/W-factor-rain-soldier-baseAccuracy/b7fbedcf24b09f7624764bc0/B-A
d3f7ea61211133b7d33b8788546276aad36bbe3c5e46b69060af92e8f140a01e,vps/M-weather-preset-rain/766f2d420e2dd3dffc634cd2/A-B,vps/W-factor-rain-soldier-baseAccuracy/cfb325c850318dc097ef71af/A-B
f73fda0d2a552833aaf118970b3df1e713eef6cece4e20e6cf07c6917bebcf15,vps/M-weather-preset-rain/766f2d420e2dd3dffc634cd2/B-A,vps/W-factor-rain-soldier-baseAccuracy/cfb325c850318dc097ef71af/B-A
7a58db2ac151c26765008a33bfbdef1c0c27a040d10ff51931412f1eecfb2787,vps/M-weather-preset-rain/fdd9a1e65a94922a5cdb4e7b/A-B,vps/W-factor-rain-soldier-baseAccuracy/cfc7bae701798dc64e187bb3/A-B
5eddbdda81bcd98f0e44ebd8ff2a7e3cd0faabe3607d00d51bb8675e424c9a54,vps/M-weather-preset-rain/fdd9a1e65a94922a5cdb4e7b/B-A,vps/W-factor-rain-soldier-baseAccuracy/cfc7bae701798dc64e187bb3/B-A
e704ffbd0ffce303718b15d4d327fc9839628a7be9169ba30ea9accda29d1829,vps/M-weather-preset-rain/cdba254ec3dced44467fa1c7/A-B,vps/W-factor-rain-soldier-baseAccuracy/dca675343e54ac34bc48cfcb/A-B
0060476d42aebe02289f737a48001c3ba23369fc4da776e5255acbe5c473a21f,vps/M-weather-preset-rain/cdba254ec3dced44467fa1c7/B-A,vps/W-factor-rain-soldier-baseAccuracy/dca675343e54ac34bc48cfcb/B-A
82c2f56207a553043be3ed86faa0ff668e3a10045f8a2806600a92de000b3284,vps/M-weather-preset-rain/4b4c6fd13848abc633e863b5/A-B,vps/W-factor-rain-spearman-attack/046c2b18232ec35b1ec2e75e/A-B
06362e8f7f34cac9be1b0a9b9ecd65e24ba8a9440bf93c2242a4622758789b99,vps/M-weather-preset-rain/4b4c6fd13848abc633e863b5/B-A,vps/W-factor-rain-spearman-attack/046c2b18232ec35b1ec2e75e/B-A
531c5e613b901b5335d11a5f2642fd0ba0c1e9b4e6ad29b642ae137fd326a44d,vps/M-weather-preset-rain/65b2721b9b964d31e851d083/A-B,vps/W-factor-rain-spearman-attack/5b6eb29fef981b6779777cb6/A-B
3acf06d55e12f44df676c1edd3ce44a037d31f101a1806b49bb169b018633bdc,vps/M-weather-preset-rain/65b2721b9b964d31e851d083/B-A,vps/W-factor-rain-spearman-attack/5b6eb29fef981b6779777cb6/B-A
c1bb72d8f32350eb834cda07772718b0cd10f9fe5337ed4f3148c13b6034600f,vps/M-weather-preset-rain/2f6f4f4d4bb016eef7e27111/A-B,vps/W-factor-rain-spearman-attack/5f87eebe396fe70d194df144/A-B
a3d61328d8c73c2380bbb891b17f20b44e5bbe190984cf30fc9c593ccb41d112,vps/M-weather-preset-rain/2f6f4f4d4bb016eef7e27111/B-A,vps/W-factor-rain-spearman-attack/5f87eebe396fe70d194df144/B-A
9d36d42d6cff3e9b9685eeef295f628a8c86ed7ac83c0f9fa540ffe8c23f140e,vps/M-weather-preset-rain/72b3dd1d32658d18b6eaa7dc/A-B,vps/W-factor-rain-spearman-attack/7d2f478e888b39a46a4a4979/A-B
a7ec56af1a240b323da8870c3306e3f9f43c6da275898477f0c6aac8bbf1d6e7,vps/M-weather-preset-rain/72b3dd1d32658d18b6eaa7dc/B-A,vps/W-factor-rain-spearman-attack/7d2f478e888b39a46a4a4979/B-A
78c9b9a3fae8afdfda8af8f66883bb757bd462dcc5865a79cca4749ae37527c7,vps/M-weather-preset-rain/88a30cc46f8c3dcdc3eba0a7/A-B,vps/W-factor-rain-spearman-attack/9acf5fd37b170cf3f01ee370/A-B
2508bf1f7fe8c6479a21b80fa8baa543bf861a1dff5d6f88de99ad2251018698,vps/M-weather-preset-rain/88a30cc46f8c3dcdc3eba0a7/B-A,vps/W-factor-rain-spearman-attack/9acf5fd37b170cf3f01ee370/B-A
3b93d5ef45b5698ea84e2e16db1be10a8c5ab2b29c1b957ce2f8717906f8e380,vps/M-weather-preset-rain/f8297dd1134d6e41dd00e84d/A-B,vps/W-factor-rain-spearman-attack/a815a1fcdb7e0d25df5f5443/A-B
59b9247ec78f6478c3757c8eb9e1bd2983147081103886d5e6aeb51db1440939,vps/M-weather-preset-rain/f8297dd1134d6e41dd00e84d/B-A,vps/W-factor-rain-spearman-attack/a815a1fcdb7e0d25df5f5443/B-A
44b2e988c6c98d8f11a68a5459e271e577dcad1b5bde631c6c9b43b8cbc8d39c,vps/M-weather-preset-rain/ee4f19498e95f2e7221a1d22/A-B,vps/W-factor-rain-spearman-attack/a8a126bf74a02d1740667e27/A-B
39e44a6c090a9743f96e99e6f72fba609cdb2eced8b993cbb739e6c7dc0e81f0,vps/M-weather-preset-rain/ee4f19498e95f2e7221a1d22/B-A,vps/W-factor-rain-spearman-attack/a8a126bf74a02d1740667e27/B-A
9fd5fe8d418ef9de7ad5c46d88910539ff4314e5316ce99af9563085f61c4403,vps/M-weather-preset-rain/a7cc7819f3c59e72d1f89d5b/A-B,vps/W-factor-rain-spearman-attack/b1ed8440a305c83054689ea1/A-B
9a10add40347559096a6d75e5dc845c6e3dc46caf3fa6967ff1e1757bbe67cba,vps/M-weather-preset-rain/a7cc7819f3c59e72d1f89d5b/B-A,vps/W-factor-rain-spearman-attack/b1ed8440a305c83054689ea1/B-A
3fef719aa9a8f092d5e2d4a992eef68ba9dc712136b8e6df0e690a627402dbf2,vps/M-weather-preset-rain/abecb1ea88527c095618fa10/A-B,vps/W-factor-rain-spearman-attack/d7c805ad712ed45b4b122fbe/A-B
b279da6ba9bcc5ade8aa6b4daae0690a7272715eeb97a8d077e95b4d086143a3,vps/M-weather-preset-rain/abecb1ea88527c095618fa10/B-A,vps/W-factor-rain-spearman-attack/d7c805ad712ed45b4b122fbe/B-A
5835da2ec52825f543f0c68f50908003fc8d018fdd81fe52d45698d19b33b51c,vps/W-factor-rain-spearman-attack/c07ab9e798586e325ced8dc3/A-B,vps/W-factor-rain-spearman-baseAccuracy/2b6f307e13cfe415d2b1274b/A-B
ab1f779ac3247c3c47765dad838573245553d3017cbe36e054c323a9ca2b6c04,vps/W-factor-rain-spearman-attack/c07ab9e798586e325ced8dc3/B-A,vps/W-factor-rain-spearman-baseAccuracy/2b6f307e13cfe415d2b1274b/B-A
531c5e613b901b5335d11a5f2642fd0ba0c1e9b4e6ad29b642ae137fd326a44d,vps/M-weather-preset-rain/65b2721b9b964d31e851d083/A-B,vps/W-factor-rain-spearman-baseAccuracy/370def06167cde22be65bdea/A-B
3acf06d55e12f44df676c1edd3ce44a037d31f101a1806b49bb169b018633bdc,vps/M-weather-preset-rain/65b2721b9b964d31e851d083/B-A,vps/W-factor-rain-spearman-baseAccuracy/370def06167cde22be65bdea/B-A
bc96b107baf7de3bbb2e4a13838fbac3d775b8c5caa87dd1d1ce1befe481bf3a,vps/W-factor-rain-spearman-attack/613f4a20c00f275ac298d93d/A-B,vps/W-factor-rain-spearman-baseAccuracy/433add23877ed918c554a5ff/A-B
d9f5eba137a1ff8ee52a3cced4adcf479a8642804e968942f03a6ef24aa6f93c,vps/W-factor-rain-spearman-attack/613f4a20c00f275ac298d93d/B-A,vps/W-factor-rain-spearman-baseAccuracy/433add23877ed918c554a5ff/B-A
9fd5fe8d418ef9de7ad5c46d88910539ff4314e5316ce99af9563085f61c4403,vps/M-weather-preset-rain/a7cc7819f3c59e72d1f89d5b/A-B,vps/W-factor-rain-spearman-baseAccuracy/4aaa61f362fa91904cf8ab36/A-B
9a10add40347559096a6d75e5dc845c6e3dc46caf3fa6967ff1e1757bbe67cba,vps/M-weather-preset-rain/a7cc7819f3c59e72d1f89d5b/B-A,vps/W-factor-rain-spearman-baseAccuracy/4aaa61f362fa91904cf8ab36/B-A
3b93d5ef45b5698ea84e2e16db1be10a8c5ab2b29c1b957ce2f8717906f8e380,vps/M-weather-preset-rain/f8297dd1134d6e41dd00e84d/A-B,vps/W-factor-rain-spearman-baseAccuracy/55afd1671fce91f261fd0ff3/A-B
59b9247ec78f6478c3757c8eb9e1bd2983147081103886d5e6aeb51db1440939,vps/M-weather-preset-rain/f8297dd1134d6e41dd00e84d/B-A,vps/W-factor-rain-spearman-baseAccuracy/55afd1671fce91f261fd0ff3/B-A
3fef719aa9a8f092d5e2d4a992eef68ba9dc712136b8e6df0e690a627402dbf2,vps/M-weather-preset-rain/abecb1ea88527c095618fa10/A-B,vps/W-factor-rain-spearman-baseAccuracy/5e98da8614c6bc307619e869/A-B
b279da6ba9bcc5ade8aa6b4daae0690a7272715eeb97a8d077e95b4d086143a3,vps/M-weather-preset-rain/abecb1ea88527c095618fa10/B-A,vps/W-factor-rain-spearman-baseAccuracy/5e98da8614c6bc307619e869/B-A
44b2e988c6c98d8f11a68a5459e271e577dcad1b5bde631c6c9b43b8cbc8d39c,vps/M-weather-preset-rain/ee4f19498e95f2e7221a1d22/A-B,vps/W-factor-rain-spearman-baseAccuracy/767951a2a874da44cbafbb09/A-B
39e44a6c090a9743f96e99e6f72fba609cdb2eced8b993cbb739e6c7dc0e81f0,vps/M-weather-preset-rain/ee4f19498e95f2e7221a1d22/B-A,vps/W-factor-rain-spearman-baseAccuracy/767951a2a874da44cbafbb09/B-A
82c2f56207a553043be3ed86faa0ff668e3a10045f8a2806600a92de000b3284,vps/M-weather-preset-rain/4b4c6fd13848abc633e863b5/A-B,vps/W-factor-rain-spearman-baseAccuracy/7eb5d8ec56bc21bec207fc66/A-B
06362e8f7f34cac9be1b0a9b9ecd65e24ba8a9440bf93c2242a4622758789b99,vps/M-weather-preset-rain/4b4c6fd13848abc633e863b5/B-A,vps/W-factor-rain-spearman-baseAccuracy/7eb5d8ec56bc21bec207fc66/B-A
3d619a0e8e2c2f1359a3df50b4bd5fa8f30b701b9e63470297470b290c853aba,vps/W-factor-rain-spearman-attack/be7ac1ba905369a065b07254/A-B,vps/W-factor-rain-spearman-baseAccuracy/a4ef933971b0bf601a7c7985/A-B
ef02a8f2603335044e7563d1e268c853acbad426b0db4b3119b08564b181984b,vps/W-factor-rain-spearman-attack/be7ac1ba905369a065b07254/B-A,vps/W-factor-rain-spearman-baseAccuracy/a4ef933971b0bf601a7c7985/B-A
c1bb72d8f32350eb834cda07772718b0cd10f9fe5337ed4f3148c13b6034600f,vps/M-weather-preset-rain/2f6f4f4d4bb016eef7e27111/A-B,vps/W-factor-rain-spearman-baseAccuracy/ab4831dfea393ef1faaa97c9/A-B
a3d61328d8c73c2380bbb891b17f20b44e5bbe190984cf30fc9c593ccb41d112,vps/M-weather-preset-rain/2f6f4f4d4bb016eef7e27111/B-A,vps/W-factor-rain-spearman-baseAccuracy/ab4831dfea393ef1faaa97c9/B-A
9d36d42d6cff3e9b9685eeef295f628a8c86ed7ac83c0f9fa540ffe8c23f140e,vps/M-weather-preset-rain/72b3dd1d32658d18b6eaa7dc/A-B,vps/W-factor-rain-spearman-baseAccuracy/ca1c07ee7ad1dbedbdb8bd9b/A-B
a7ec56af1a240b323da8870c3306e3f9f43c6da275898477f0c6aac8bbf1d6e7,vps/M-weather-preset-rain/72b3dd1d32658d18b6eaa7dc/B-A,vps/W-factor-rain-spearman-baseAccuracy/ca1c07ee7ad1dbedbdb8bd9b/B-A
78c9b9a3fae8afdfda8af8f66883bb757bd462dcc5865a79cca4749ae37527c7,vps/M-weather-preset-rain/88a30cc46f8c3dcdc3eba0a7/A-B,vps/W-factor-rain-spearman-baseAccuracy/e9c00f4e4330cd0c13932169/A-B
2508bf1f7fe8c6479a21b80fa8baa543bf861a1dff5d6f88de99ad2251018698,vps/M-weather-preset-rain/88a30cc46f8c3dcdc3eba0a7/B-A,vps/W-factor-rain-spearman-baseAccuracy/e9c00f4e4330cd0c13932169/B-A
916976df3121fb09f02b097d5028425443d9c75261db5c9a1f890b1ea9cd9f8d,vps/M-weather-preset-snow/e0623670b114d170cf206d37/A-B,vps/W-factor-snow-archer-attack/8406344cddb93b3db4bd00f9/A-B
615ab564aebd62523d6b907128267fd22a24bff68fa8c92e793e784b77db2c30,vps/M-weather-preset-snow/e0623670b114d170cf206d37/B-A,vps/W-factor-snow-archer-attack/8406344cddb93b3db4bd00f9/B-A
c7d82c7033b6c458c57ab14d7e0dc8dba4bfd5e9cdfc05d17efd361a9f860ba5,vps/M-weather-preset-snow/7be517c9a6a62f86824193cb/A-B,vps/W-factor-snow-archer-attack/9d5a2cf0b6a910066b079e52/A-B
4fdd1f2e6e3969a63e91644ef0716f71f670587e8ce8558f726d134f67fc1f0e,vps/M-weather-preset-snow/7be517c9a6a62f86824193cb/B-A,vps/W-factor-snow-archer-attack/9d5a2cf0b6a910066b079e52/B-A
ca12555cd5f03453f1bd9c90012e13e8167418b78ef0342c6f732259251d9a6e,vps/M-weather-preset-snow/1da44b7d46369d1d739fc345/A-B,vps/W-factor-snow-archer-attack/a92e8fd30a629fed2206f7b7/A-B
c4eb69dd1fd3ba94bc77b2b7c6a644b2f7b7c1175070d5c0c87a317a788c2fb4,vps/M-weather-preset-snow/1da44b7d46369d1d739fc345/B-A,vps/W-factor-snow-archer-attack/a92e8fd30a629fed2206f7b7/B-A
4c46fc63a49771c6d22f41647c2d7300a5e07b1cd376ebf28bb368a26203872b,vps/M-weather-preset-snow/788e3db6d5beeb2fbf8d94a8/A-B,vps/W-factor-snow-archer-attack/adb44fba1010e25d2039568a/A-B
1692e1868540dfa3753aea7a2567e53b10da6f6bff5e47b6c8b774cf1263b6a4,vps/M-weather-preset-snow/788e3db6d5beeb2fbf8d94a8/B-A,vps/W-factor-snow-archer-attack/adb44fba1010e25d2039568a/B-A
3ab46e4f8d6e4929e7b9dfd6eb876d4f3a5d50fd205be413029a9ab2f6f4eae6,vps/M-weather-preset-snow/59fb1bf9b0178f760c2d341e/A-B,vps/W-factor-snow-archer-attack/c1fbbedbe47b94e5c4ce8f02/A-B
2fbee2dfa940db6e83ce0d6b472bca5661bb5b4c5e4c74be9d8d2a1266054f02,vps/M-weather-preset-snow/59fb1bf9b0178f760c2d341e/B-A,vps/W-factor-snow-archer-attack/c1fbbedbe47b94e5c4ce8f02/B-A
7ff22affb13d73f13d734284229d90f6e2c06057c7bb34b317c2cac44e9e09e5,vps/M-weather-preset-snow/cad40261b03b051f214dad5e/A-B,vps/W-factor-snow-archer-attack/feda87a1677738f197edef9d/A-B
a32cf9907b0adcea207f1d8e00cb2190dc023108a8865b0d21b5af44efbb6773,vps/M-weather-preset-snow/cad40261b03b051f214dad5e/B-A,vps/W-factor-snow-archer-attack/feda87a1677738f197edef9d/B-A
4c46fc63a49771c6d22f41647c2d7300a5e07b1cd376ebf28bb368a26203872b,vps/M-weather-preset-snow/788e3db6d5beeb2fbf8d94a8/A-B,vps/W-factor-snow-archer-baseAccuracy/00b8bac2179428c8a6b2e6bd/A-B
1692e1868540dfa3753aea7a2567e53b10da6f6bff5e47b6c8b774cf1263b6a4,vps/M-weather-preset-snow/788e3db6d5beeb2fbf8d94a8/B-A,vps/W-factor-snow-archer-baseAccuracy/00b8bac2179428c8a6b2e6bd/B-A
ca12555cd5f03453f1bd9c90012e13e8167418b78ef0342c6f732259251d9a6e,vps/M-weather-preset-snow/1da44b7d46369d1d739fc345/A-B,vps/W-factor-snow-archer-baseAccuracy/1ced387a21ca44ab0d60ac7c/A-B
c4eb69dd1fd3ba94bc77b2b7c6a644b2f7b7c1175070d5c0c87a317a788c2fb4,vps/M-weather-preset-snow/1da44b7d46369d1d739fc345/B-A,vps/W-factor-snow-archer-baseAccuracy/1ced387a21ca44ab0d60ac7c/B-A
81a4c0bbbbfc7015581bdc871aa5ef566bd0f713c33f03be1977438af235cb59,vps/W-factor-snow-archer-attack/4f6865d1ed2c1d7536c13605/A-B,vps/W-factor-snow-archer-baseAccuracy/1d19d4e09af21bd3fff47d9e/A-B
a87c92cc907a28ff611fce9fadc953d9cfe96ee5d7372334d0b34d609f1c297b,vps/W-factor-snow-archer-attack/4f6865d1ed2c1d7536c13605/B-A,vps/W-factor-snow-archer-baseAccuracy/1d19d4e09af21bd3fff47d9e/B-A
3074960d648240f385f2b3b499b2835b62aad0d71e7d7add45d04411bd035b8f,vps/W-factor-snow-archer-attack/df4c5233465198dd2d9ec1d6/A-B,vps/W-factor-snow-archer-baseAccuracy/3cb5baacb59502f791de0625/A-B
7e8f0a2084768e91e59d3b7d24d3ffc3087cfc9edd3333ba0e56d09860987446,vps/W-factor-snow-archer-attack/df4c5233465198dd2d9ec1d6/B-A,vps/W-factor-snow-archer-baseAccuracy/3cb5baacb59502f791de0625/B-A
3ab46e4f8d6e4929e7b9dfd6eb876d4f3a5d50fd205be413029a9ab2f6f4eae6,vps/M-weather-preset-snow/59fb1bf9b0178f760c2d341e/A-B,vps/W-factor-snow-archer-baseAccuracy/41a81192508b828c9cf8a3c8/A-B
2fbee2dfa940db6e83ce0d6b472bca5661bb5b4c5e4c74be9d8d2a1266054f02,vps/M-weather-preset-snow/59fb1bf9b0178f760c2d341e/B-A,vps/W-factor-snow-archer-baseAccuracy/41a81192508b828c9cf8a3c8/B-A
a8e8da7680a1b72e9aa981d27b42b55832814bcc720186b746a8d30a25ea99cb,vps/W-factor-snow-archer-attack/3df2b24355fbea249c95a0fc/A-B,vps/W-factor-snow-archer-baseAccuracy/5c8de864a48a4dc5508e9737/A-B
bb70b32db7f082c95e910d3e2e7303fb3c9bb561dbb52903b0bd13bcf50e9ec9,vps/W-factor-snow-archer-attack/3df2b24355fbea249c95a0fc/B-A,vps/W-factor-snow-archer-baseAccuracy/5c8de864a48a4dc5508e9737/B-A
c7d82c7033b6c458c57ab14d7e0dc8dba4bfd5e9cdfc05d17efd361a9f860ba5,vps/M-weather-preset-snow/7be517c9a6a62f86824193cb/A-B,vps/W-factor-snow-archer-baseAccuracy/7e9ac5bc8b0aa61d0a581abb/A-B
4fdd1f2e6e3969a63e91644ef0716f71f670587e8ce8558f726d134f67fc1f0e,vps/M-weather-preset-snow/7be517c9a6a62f86824193cb/B-A,vps/W-factor-snow-archer-baseAccuracy/7e9ac5bc8b0aa61d0a581abb/B-A
7ff22affb13d73f13d734284229d90f6e2c06057c7bb34b317c2cac44e9e09e5,vps/M-weather-preset-snow/cad40261b03b051f214dad5e/A-B,vps/W-factor-snow-archer-baseAccuracy/820eae15a287b64b1e309c2e/A-B
a32cf9907b0adcea207f1d8e00cb2190dc023108a8865b0d21b5af44efbb6773,vps/M-weather-preset-snow/cad40261b03b051f214dad5e/B-A,vps/W-factor-snow-archer-baseAccuracy/820eae15a287b64b1e309c2e/B-A
f36abd90f8b1cfe815794303ed01bc07d6044f99f40120f26aea7b4a00d97ba1,vps/W-factor-snow-archer-attack/26ab3c832a6d1b97101dba32/A-B,vps/W-factor-snow-archer-baseAccuracy/83e14d0998ecda6f3140310f/A-B
2ce14744204116153def3e71cc08d3109ebf18632460cc768ca40db032a6e0bd,vps/W-factor-snow-archer-attack/26ab3c832a6d1b97101dba32/B-A,vps/W-factor-snow-archer-baseAccuracy/83e14d0998ecda6f3140310f/B-A
fbcc1b39d121aef2a9e686044abe440c96b3f0f68a6875aeff491b386a97e6dc,vps/W-factor-snow-archer-attack/badaa6d7e86bb9052182ae80/A-B,vps/W-factor-snow-archer-baseAccuracy/98da389f45f5d03a10f14042/A-B
29d8303325ab58ff45d6bef8dc8cb4a72db0bce891e0d4dc992df0e6acfaa74b,vps/W-factor-snow-archer-attack/badaa6d7e86bb9052182ae80/B-A,vps/W-factor-snow-archer-baseAccuracy/98da389f45f5d03a10f14042/B-A
916976df3121fb09f02b097d5028425443d9c75261db5c9a1f890b1ea9cd9f8d,vps/M-weather-preset-snow/e0623670b114d170cf206d37/A-B,vps/W-factor-snow-archer-baseAccuracy/c382a36518731fdeecf0fc81/A-B
615ab564aebd62523d6b907128267fd22a24bff68fa8c92e793e784b77db2c30,vps/M-weather-preset-snow/e0623670b114d170cf206d37/B-A,vps/W-factor-snow-archer-baseAccuracy/c382a36518731fdeecf0fc81/B-A
ab8fb07b8122888227006f2f1dc3625dd82bd0acba585ec1925c0c1a1802f960,vps/W-factor-snow-archer-attack/78953c2a4c1525ee204a048e/A-B,vps/W-factor-snow-archer-baseAccuracy/d5587d1719a39385a3a3362a/A-B
a599f3030fd48cbec94e93cc109963dd4c8af8db8d88968f77b46988b0f95a30,vps/W-factor-snow-archer-attack/78953c2a4c1525ee204a048e/B-A,vps/W-factor-snow-archer-baseAccuracy/d5587d1719a39385a3a3362a/B-A
229c5af6f0995b5a8e4085680c36e054382563151fb32e0c18935a5f00227e01,vps/M-weather-preset-snow/8b6d3a4618b2782ce67b4dbc/A-B,vps/W-factor-snow-knight-attack/7e9599925e742ba43663ef9f/A-B
89f9cb18acb75a5a734e8557a5a8844217433f6c97f87981a63cf9e7a82a1be7,vps/M-weather-preset-snow/8b6d3a4618b2782ce67b4dbc/B-A,vps/W-factor-snow-knight-attack/7e9599925e742ba43663ef9f/B-A
2fdf7c30f7e40d3b871400b75b73ffb6d2deedf73834c211806f957de02eeba3,vps/M-weather-preset-snow/8f87c2d62f3631f63a71eb77/A-B,vps/W-factor-snow-knight-attack/b77a8a3555f6bc8b1967917c/A-B
3311fbaa4b06dd2945509781ddb74036451b5955f4535966e159956c88de8372,vps/M-weather-preset-snow/8f87c2d62f3631f63a71eb77/B-A,vps/W-factor-snow-knight-attack/b77a8a3555f6bc8b1967917c/B-A
3fabd09e12d9056729b2412cd32f81309ac7d3a32d18aea195ccdf48afdaa6a2,vps/M-weather-preset-snow/9327477506beca932dd916ab/A-B,vps/W-factor-snow-knight-attack/cd19c015dbc99df35e98f198/A-B
6dc9526e43bd6450fd3ef9dad26ffccfc387c7a459b790bcc490e1e369e9d317,vps/M-weather-preset-snow/9327477506beca932dd916ab/B-A,vps/W-factor-snow-knight-attack/cd19c015dbc99df35e98f198/B-A
6d06c8da3e14b9066178fb5166c732f4d8e90e13d6d685473d38405aca4068db,vps/W-factor-snow-knight-attack/a721ccd32013f2cec469989a/A-B,vps/W-factor-snow-knight-baseAccuracy/2f8e4d54c8b680134c6456cb/A-B
ffaa4067f29643ff175c6bcf7b9bf3ace0586e3cc2464d2c25c5d84d1b898ae9,vps/W-factor-snow-knight-attack/a721ccd32013f2cec469989a/B-A,vps/W-factor-snow-knight-baseAccuracy/2f8e4d54c8b680134c6456cb/B-A
3fabd09e12d9056729b2412cd32f81309ac7d3a32d18aea195ccdf48afdaa6a2,vps/M-weather-preset-snow/9327477506beca932dd916ab/A-B,vps/W-factor-snow-knight-baseAccuracy/4d8bdecf3644c6b33c55279f/A-B
6dc9526e43bd6450fd3ef9dad26ffccfc387c7a459b790bcc490e1e369e9d317,vps/M-weather-preset-snow/9327477506beca932dd916ab/B-A,vps/W-factor-snow-knight-baseAccuracy/4d8bdecf3644c6b33c55279f/B-A
65fc810bc32eee815d5ff931e3d7a3bf5516711654e06f47ec15488931dc81d8,vps/W-factor-snow-knight-attack/bd52c0225aee59ce481e477d/A-B,vps/W-factor-snow-knight-baseAccuracy/4efc3b5b14a69c92e2f22139/A-B
38e68ab8e391a89f3eeffe9dff0911840b6330b30cf086fd7afe41a852d772c7,vps/W-factor-snow-knight-attack/bd52c0225aee59ce481e477d/B-A,vps/W-factor-snow-knight-baseAccuracy/4efc3b5b14a69c92e2f22139/B-A
2fdf7c30f7e40d3b871400b75b73ffb6d2deedf73834c211806f957de02eeba3,vps/M-weather-preset-snow/8f87c2d62f3631f63a71eb77/A-B,vps/W-factor-snow-knight-baseAccuracy/56e7f29d378b158b0f8d0e5c/A-B
3311fbaa4b06dd2945509781ddb74036451b5955f4535966e159956c88de8372,vps/M-weather-preset-snow/8f87c2d62f3631f63a71eb77/B-A,vps/W-factor-snow-knight-baseAccuracy/56e7f29d378b158b0f8d0e5c/B-A
8f66d846c1022665a93a3a9b5620ee496fc846bf0af198715fca6c4c546045af,vps/W-factor-snow-knight-attack/f3f34fea28b587e91acf58e2/A-B,vps/W-factor-snow-knight-baseAccuracy/5974425f5a397f1e4d660aab/A-B
deb0e963e459ffd890588c2299d1e50e17bca3bb1daf4df66bacea9f9563cac1,vps/W-factor-snow-knight-attack/f3f34fea28b587e91acf58e2/B-A,vps/W-factor-snow-knight-baseAccuracy/5974425f5a397f1e4d660aab/B-A
3df9223cdcb1365ce52a00eff4a55182f1ed83e55b3e25c9d8756fbda74d60c7,vps/W-factor-snow-knight-attack/3d596b21daa7e00ea33dfa5f/A-B,vps/W-factor-snow-knight-baseAccuracy/5d1f53f5db06c0f249f515c5/A-B
f30596e78d4d6a449bf5ab0a4bb5d429b1a0eff85481ccb43fce22b4cac9ed43,vps/W-factor-snow-knight-attack/3d596b21daa7e00ea33dfa5f/B-A,vps/W-factor-snow-knight-baseAccuracy/5d1f53f5db06c0f249f515c5/B-A
f4adeb88494227f530a5a9d3fe1b1fc646789a3008140986cd082e12d99cdb74,vps/W-factor-snow-knight-attack/f742a95abaccd3fcde883934/A-B,vps/W-factor-snow-knight-baseAccuracy/640b7b5f37290d0657a94744/A-B
09b2ec56444a0559654bd7b5c7b62e0fddc3e404d10ce8d3f94b6ae18d5112ac,vps/W-factor-snow-knight-attack/f742a95abaccd3fcde883934/B-A,vps/W-factor-snow-knight-baseAccuracy/640b7b5f37290d0657a94744/B-A
229c5af6f0995b5a8e4085680c36e054382563151fb32e0c18935a5f00227e01,vps/M-weather-preset-snow/8b6d3a4618b2782ce67b4dbc/A-B,vps/W-factor-snow-knight-baseAccuracy/66585d9769dd97b3487361b5/A-B
89f9cb18acb75a5a734e8557a5a8844217433f6c97f87981a63cf9e7a82a1be7,vps/M-weather-preset-snow/8b6d3a4618b2782ce67b4dbc/B-A,vps/W-factor-snow-knight-baseAccuracy/66585d9769dd97b3487361b5/B-A
daffb45adef70878a89dab5a392635e249f009f67ee5f6486fe68689d6a6999a,vps/W-factor-snow-knight-attack/aec645b6f02fb21648538237/A-B,vps/W-factor-snow-knight-baseAccuracy/6e518b254ce16dca9ebd3f09/A-B
895385f323e5ca044617f3c0c54ab10037f612d6db633b383947ff3a9ebb9f2a,vps/W-factor-snow-knight-attack/aec645b6f02fb21648538237/B-A,vps/W-factor-snow-knight-baseAccuracy/6e518b254ce16dca9ebd3f09/B-A
2cf2fbcf4bb56de240cdc8074a6c3ac56b836ac302c1f2432a88b9ad07898bdb,vps/W-factor-snow-knight-attack/5c50d7961380f810e7f1b89b/A-B,vps/W-factor-snow-knight-baseAccuracy/7239c94ac5cce4fa59ec947d/A-B
4ca05c3460d4ef53df5ac45022dea87515e26fca5e3fa5aa0a6790f037928609,vps/W-factor-snow-knight-attack/5c50d7961380f810e7f1b89b/B-A,vps/W-factor-snow-knight-baseAccuracy/7239c94ac5cce4fa59ec947d/B-A
e7060e9d906c994ef17bbae9bcd9380e2eca41c3bf51f462b72daa21be2bf653,vps/W-factor-snow-knight-attack/42e643fb2591b81199b0cf67/A-B,vps/W-factor-snow-knight-baseAccuracy/a755bb0e027defbce0cb8d3d/A-B
436aa725ec1b2af45f674e42f83d4f69672a38fd39dd8ca39103234e3e54c54a,vps/W-factor-snow-knight-attack/42e643fb2591b81199b0cf67/B-A,vps/W-factor-snow-knight-baseAccuracy/a755bb0e027defbce0cb8d3d/B-A
6ede25265e4e4cfc2528aee4203480a4a81e42a7275f4779497b22e42c8e26a6,vps/W-factor-snow-knight-attack/42dcdd9ae961733ec51d28d6/A-B,vps/W-factor-snow-knight-baseAccuracy/f834023c5b0c7bc63c892a3e/A-B
1ec7f297c78453e35900b74feb372699e29a28b2db428808b584cfd75cf8e58c,vps/W-factor-snow-knight-attack/42dcdd9ae961733ec51d28d6/B-A,vps/W-factor-snow-knight-baseAccuracy/f834023c5b0c7bc63c892a3e/B-A
0eb650a43dbba49824602b9ad67a55095b44428dd716ebb1074f7a97d713b859,vps/M-weather-preset-snow/f1391ce8a883876cc50a0b91/A-B,vps/W-factor-snow-soldier-attack/070b88d3fbf9d415c1328b55/A-B
ff7e6d6f2e86be5e5acbe2abea5c7eb676a6ed3d63c9c1d14ff06ee87350a70c,vps/M-weather-preset-snow/f1391ce8a883876cc50a0b91/B-A,vps/W-factor-snow-soldier-attack/070b88d3fbf9d415c1328b55/B-A
45348b6bd83fc0e9b5879937f562139fe629737a1f5ec0cee835dede3a322cd0,vps/M-weather-preset-snow/96c28f3a643d035d83dfd9b0/A-B,vps/W-factor-snow-soldier-attack/0e3994af033d2e2ca37d2e44/A-B
f1aa00b167030c15ffa17ed17271e15c2297916abbb8d9db88be4006faddee73,vps/M-weather-preset-snow/96c28f3a643d035d83dfd9b0/B-A,vps/W-factor-snow-soldier-attack/0e3994af033d2e2ca37d2e44/B-A
1959f01881933abf9f2e43ef7001dd069bc7b1b3e51a9e3501fb29d264c05e17,vps/M-weather-preset-snow/6960b2ad0741cdcd078bf50b/A-B,vps/W-factor-snow-soldier-attack/183a7859405cd5d2ff6eb13b/A-B
c4afbbd7d9df7b983a115e7d1d43555c155fbee4b3035639898a4e06effcb5d1,vps/M-weather-preset-snow/6960b2ad0741cdcd078bf50b/B-A,vps/W-factor-snow-soldier-attack/183a7859405cd5d2ff6eb13b/B-A
b34702cf97c78890a44c8b1280c9ec720a5f2c6c86ae8ceacee35ccc4d9ccbb7,vps/M-weather-preset-snow/b3c42c730f1056e374b54de2/A-B,vps/W-factor-snow-soldier-attack/5129f8e18875731b6be44300/A-B
13a3bd483eb75f69458a8b8abe1c9885fc46cf661a08e9c26b8cb88fba2b261f,vps/M-weather-preset-snow/b3c42c730f1056e374b54de2/B-A,vps/W-factor-snow-soldier-attack/5129f8e18875731b6be44300/B-A
3b3c169338a966d9ac1b3d9bec6ed8b4a9568b63c6a16b7bc1925fb8b7eca82d,vps/M-weather-preset-snow/4c5bb45bdd67712933bab915/A-B,vps/W-factor-snow-soldier-attack/a4eb4293550bd9c533581e2e/A-B
c855138baca691b90d1b3db0333b8fac34577cd10461e7bc9a59f6eedfb2693f,vps/M-weather-preset-snow/4c5bb45bdd67712933bab915/B-A,vps/W-factor-snow-soldier-attack/a4eb4293550bd9c533581e2e/B-A
97a754b5a19d577914206ec07761d00154c9462275c89cd764ce54a9be0443c8,vps/M-weather-preset-snow/3a17fbcd05af749d09f860f6/A-B,vps/W-factor-snow-soldier-attack/a5f21b07827199526329a608/A-B
e225c73d0721b6bb01137206263fbbe7ff32f651f61c7ad3793f9da4701738ce,vps/M-weather-preset-snow/3a17fbcd05af749d09f860f6/B-A,vps/W-factor-snow-soldier-attack/a5f21b07827199526329a608/B-A
1a52ca09323e6e069f62104c0fc5c7932c56d270c13f0283ca7df50ca4bda893,vps/M-weather-preset-snow/ed1d9ad3e991215752814a85/A-B,vps/W-factor-snow-soldier-attack/c00e51e98c3c48e078d18d5a/A-B
0c4fdd8137c12896e8bc1848473fec175f150473481d6d53eea8632c2abb635d,vps/M-weather-preset-snow/ed1d9ad3e991215752814a85/B-A,vps/W-factor-snow-soldier-attack/c00e51e98c3c48e078d18d5a/B-A
e08ac90fadfe80683af7e01327ca61053e84b031b6bbdf3fc59aef4d1a2fb791,vps/M-weather-preset-snow/0c11836c8183a0019ca0687b/A-B,vps/W-factor-snow-soldier-attack/c90f08b857ca746bb362cf19/A-B
e226bd37af47ddf89d22f5eb623a1c8a83d5b2156c6115ba09245073f209bcf7,vps/M-weather-preset-snow/0c11836c8183a0019ca0687b/B-A,vps/W-factor-snow-soldier-attack/c90f08b857ca746bb362cf19/B-A
5b48be8c47f52e865d1f461cd734c2c84ed14b721f4c21ec60b9f54143c30c01,vps/M-weather-preset-snow/4dd3688b8a3a40685627921d/A-B,vps/W-factor-snow-soldier-attack/cb20fc43f5b5442effddc7e6/A-B
b12faf495294b5e0e7c0da009da2f798cc9d337771f9a5f26918e823e0a479d8,vps/M-weather-preset-snow/4dd3688b8a3a40685627921d/B-A,vps/W-factor-snow-soldier-attack/cb20fc43f5b5442effddc7e6/B-A
401887a9e8bde3f5f31f504a6a7ddd7fe73b3c964427808f0f435a585543da86,vps/M-weather-preset-snow/b399f5f312d012191beed704/A-B,vps/W-factor-snow-soldier-attack/cccb91111a3f5bde08fc93dd/A-B
eae9c089c9f08532b952d811f92215ec024e906f155b17c918cf67a6da5938d2,vps/M-weather-preset-snow/b399f5f312d012191beed704/B-A,vps/W-factor-snow-soldier-attack/cccb91111a3f5bde08fc93dd/B-A
3029076e88fa1e5da4a20f9e44671469fc0c2c5d28ac610b223e35879a4ff036,vps/M-weather-preset-snow/bec243ad809fdefcf329c673/A-B,vps/W-factor-snow-soldier-attack/e0ffdbdf62615f18cd8cfa50/A-B
1c2d76d5c3a47fcb487d837997b697172326c7d268ae2346a195645628ae358f,vps/M-weather-preset-snow/bec243ad809fdefcf329c673/B-A,vps/W-factor-snow-soldier-attack/e0ffdbdf62615f18cd8cfa50/B-A
ecd2235e56b6265e9a1a061ad60b977e0fe276780cf2796c9793cf443b15209c,vps/M-weather-preset-snow/ee227bd0e6aba2d3cbd932cb/A-B,vps/W-factor-snow-soldier-attack/f0993232e8fdbe0690d42879/A-B
d9da2d0ec6cfb6121778a06dcb7fbb2c537f8ef418b061e471a354356a265ada,vps/M-weather-preset-snow/ee227bd0e6aba2d3cbd932cb/B-A,vps/W-factor-snow-soldier-attack/f0993232e8fdbe0690d42879/B-A
0eb650a43dbba49824602b9ad67a55095b44428dd716ebb1074f7a97d713b859,vps/M-weather-preset-snow/f1391ce8a883876cc50a0b91/A-B,vps/W-factor-snow-soldier-baseAccuracy/1bc2f3121b2d16e0442ad8aa/A-B
ff7e6d6f2e86be5e5acbe2abea5c7eb676a6ed3d63c9c1d14ff06ee87350a70c,vps/M-weather-preset-snow/f1391ce8a883876cc50a0b91/B-A,vps/W-factor-snow-soldier-baseAccuracy/1bc2f3121b2d16e0442ad8aa/B-A
3b3c169338a966d9ac1b3d9bec6ed8b4a9568b63c6a16b7bc1925fb8b7eca82d,vps/M-weather-preset-snow/4c5bb45bdd67712933bab915/A-B,vps/W-factor-snow-soldier-baseAccuracy/3dfd646cf44144d54ab41461/A-B
c855138baca691b90d1b3db0333b8fac34577cd10461e7bc9a59f6eedfb2693f,vps/M-weather-preset-snow/4c5bb45bdd67712933bab915/B-A,vps/W-factor-snow-soldier-baseAccuracy/3dfd646cf44144d54ab41461/B-A
1a52ca09323e6e069f62104c0fc5c7932c56d270c13f0283ca7df50ca4bda893,vps/M-weather-preset-snow/ed1d9ad3e991215752814a85/A-B,vps/W-factor-snow-soldier-baseAccuracy/45f1da2550772ff54b87d669/A-B
0c4fdd8137c12896e8bc1848473fec175f150473481d6d53eea8632c2abb635d,vps/M-weather-preset-snow/ed1d9ad3e991215752814a85/B-A,vps/W-factor-snow-soldier-baseAccuracy/45f1da2550772ff54b87d669/B-A
ecd2235e56b6265e9a1a061ad60b977e0fe276780cf2796c9793cf443b15209c,vps/M-weather-preset-snow/ee227bd0e6aba2d3cbd932cb/A-B,vps/W-factor-snow-soldier-baseAccuracy/566e91fc1906d28a1da92ba8/A-B
d9da2d0ec6cfb6121778a06dcb7fbb2c537f8ef418b061e471a354356a265ada,vps/M-weather-preset-snow/ee227bd0e6aba2d3cbd932cb/B-A,vps/W-factor-snow-soldier-baseAccuracy/566e91fc1906d28a1da92ba8/B-A
97a754b5a19d577914206ec07761d00154c9462275c89cd764ce54a9be0443c8,vps/M-weather-preset-snow/3a17fbcd05af749d09f860f6/A-B,vps/W-factor-snow-soldier-baseAccuracy/6fa490a2e834c51975334d78/A-B
e225c73d0721b6bb01137206263fbbe7ff32f651f61c7ad3793f9da4701738ce,vps/M-weather-preset-snow/3a17fbcd05af749d09f860f6/B-A,vps/W-factor-snow-soldier-baseAccuracy/6fa490a2e834c51975334d78/B-A
45348b6bd83fc0e9b5879937f562139fe629737a1f5ec0cee835dede3a322cd0,vps/M-weather-preset-snow/96c28f3a643d035d83dfd9b0/A-B,vps/W-factor-snow-soldier-baseAccuracy/8ef7dc1965c29f7bf0653b26/A-B
f1aa00b167030c15ffa17ed17271e15c2297916abbb8d9db88be4006faddee73,vps/M-weather-preset-snow/96c28f3a643d035d83dfd9b0/B-A,vps/W-factor-snow-soldier-baseAccuracy/8ef7dc1965c29f7bf0653b26/B-A
5b48be8c47f52e865d1f461cd734c2c84ed14b721f4c21ec60b9f54143c30c01,vps/M-weather-preset-snow/4dd3688b8a3a40685627921d/A-B,vps/W-factor-snow-soldier-baseAccuracy/9d538cd621998598c7e6b209/A-B
b12faf495294b5e0e7c0da009da2f798cc9d337771f9a5f26918e823e0a479d8,vps/M-weather-preset-snow/4dd3688b8a3a40685627921d/B-A,vps/W-factor-snow-soldier-baseAccuracy/9d538cd621998598c7e6b209/B-A
1959f01881933abf9f2e43ef7001dd069bc7b1b3e51a9e3501fb29d264c05e17,vps/M-weather-preset-snow/6960b2ad0741cdcd078bf50b/A-B,vps/W-factor-snow-soldier-baseAccuracy/c553c59b71cc8fe7e51090e5/A-B
c4afbbd7d9df7b983a115e7d1d43555c155fbee4b3035639898a4e06effcb5d1,vps/M-weather-preset-snow/6960b2ad0741cdcd078bf50b/B-A,vps/W-factor-snow-soldier-baseAccuracy/c553c59b71cc8fe7e51090e5/B-A
401887a9e8bde3f5f31f504a6a7ddd7fe73b3c964427808f0f435a585543da86,vps/M-weather-preset-snow/b399f5f312d012191beed704/A-B,vps/W-factor-snow-soldier-baseAccuracy/e680aa56f1b411f55b145d2e/A-B
eae9c089c9f08532b952d811f92215ec024e906f155b17c918cf67a6da5938d2,vps/M-weather-preset-snow/b399f5f312d012191beed704/B-A,vps/W-factor-snow-soldier-baseAccuracy/e680aa56f1b411f55b145d2e/B-A
b34702cf97c78890a44c8b1280c9ec720a5f2c6c86ae8ceacee35ccc4d9ccbb7,vps/M-weather-preset-snow/b3c42c730f1056e374b54de2/A-B,vps/W-factor-snow-soldier-baseAccuracy/ebe85d1505e20a48de61db34/A-B
13a3bd483eb75f69458a8b8abe1c9885fc46cf661a08e9c26b8cb88fba2b261f,vps/M-weather-preset-snow/b3c42c730f1056e374b54de2/B-A,vps/W-factor-snow-soldier-baseAccuracy/ebe85d1505e20a48de61db34/B-A
e08ac90fadfe80683af7e01327ca61053e84b031b6bbdf3fc59aef4d1a2fb791,vps/M-weather-preset-snow/0c11836c8183a0019ca0687b/A-B,vps/W-factor-snow-soldier-baseAccuracy/efdaf91d9def211dc0b97d8e/A-B
e226bd37af47ddf89d22f5eb623a1c8a83d5b2156c6115ba09245073f209bcf7,vps/M-weather-preset-snow/0c11836c8183a0019ca0687b/B-A,vps/W-factor-snow-soldier-baseAccuracy/efdaf91d9def211dc0b97d8e/B-A
3029076e88fa1e5da4a20f9e44671469fc0c2c5d28ac610b223e35879a4ff036,vps/M-weather-preset-snow/bec243ad809fdefcf329c673/A-B,vps/W-factor-snow-soldier-baseAccuracy/ff2d4f02577d0dba1532651e/A-B
1c2d76d5c3a47fcb487d837997b697172326c7d268ae2346a195645628ae358f,vps/M-weather-preset-snow/bec243ad809fdefcf329c673/B-A,vps/W-factor-snow-soldier-baseAccuracy/ff2d4f02577d0dba1532651e/B-A
60509c3fe380ea51ce5935debe7832fe3630056a4ff8793230033e3216219388,vps/M-weather-preset-snow/40aa1dfc2174cc811e760271/A-B,vps/W-factor-snow-spearman-attack/28043f7eeff3ebc6e95f69df/A-B
147da4e49d2af16d9f46526972ae5ad76f24c763c64fca0cc6335ff5762b750c,vps/M-weather-preset-snow/40aa1dfc2174cc811e760271/B-A,vps/W-factor-snow-spearman-attack/28043f7eeff3ebc6e95f69df/B-A
a92e7217af410a39760205cb87e2404296b72c696213faf1403b4561022a7f61,vps/M-weather-preset-snow/5a9fd9bf17c750a4be117c3d/A-B,vps/W-factor-snow-spearman-attack/2bc298cec1ec58cb4ff9aa23/A-B
2db5c53a615c204089d7913996b9eb694818aeba6364a20b47c5978d8f284e9b,vps/M-weather-preset-snow/5a9fd9bf17c750a4be117c3d/B-A,vps/W-factor-snow-spearman-attack/2bc298cec1ec58cb4ff9aa23/B-A
7581b7c58bf7904387445b277a8a7aabe21c593fb678c177302a310479fa2194,vps/M-weather-preset-snow/6d4467374b3082c62862d4ea/A-B,vps/W-factor-snow-spearman-attack/3f4103fef5401e8c7f918ddf/A-B
a24c7c4d2c8da2d91c55f57fbb3c5cc14b61998c1161c2d91e6a5c6e97ab2e09,vps/M-weather-preset-snow/6d4467374b3082c62862d4ea/B-A,vps/W-factor-snow-spearman-attack/3f4103fef5401e8c7f918ddf/B-A
303379b160d440772e32872574706fdd05c297bc39b1d71bdb0d969a05142239,vps/M-weather-preset-snow/e8714fef2b9721354d9acbb5/A-B,vps/W-factor-snow-spearman-attack/4aaf389241294d6c5d3c016a/A-B
9b78c2849c93d4bb26f4e98f65f3bba52414348971cf960dfbc298c3a0169116,vps/M-weather-preset-snow/e8714fef2b9721354d9acbb5/B-A,vps/W-factor-snow-spearman-attack/4aaf389241294d6c5d3c016a/B-A
84287b86638e7901518e2e2efc76689cd9c8944830d3950f5d1afac5a21a5903,vps/M-weather-preset-snow/d8d2e0fd8eabf97a61ac5d02/A-B,vps/W-factor-snow-spearman-attack/7095087b5dc26be9b01533c2/A-B
efd29353c073d58b0ebc12b2d01f0c489b95596b6f66f3524404b72442b93e6e,vps/M-weather-preset-snow/d8d2e0fd8eabf97a61ac5d02/B-A,vps/W-factor-snow-spearman-attack/7095087b5dc26be9b01533c2/B-A
98c29257c1c632bdd21a86c2368c83d5fc0cbdc567d0fe9eb325d716925e1cf3,vps/M-weather-preset-snow/2f29f6c5bbbc52c7d5321295/A-B,vps/W-factor-snow-spearman-attack/944d006af9bfb075b721253b/A-B
2019e8cf98655f9adf5d3ceff7af567da292825fa065610c4aa2f03f1bbc3ad2,vps/M-weather-preset-snow/2f29f6c5bbbc52c7d5321295/B-A,vps/W-factor-snow-spearman-attack/944d006af9bfb075b721253b/B-A
9fb7f709b937280774348204a1d303c001c8c11f8d6699c9bdce5bef4b3443ef,vps/M-weather-preset-snow/c1a7e8b82dc5227adcaff933/A-B,vps/W-factor-snow-spearman-attack/98907845697231721ee676f4/A-B
fe8e016825cc0eaa48971e3cee89d6e773d0d1f3cb06fc8e9c2f5ad5523092b6,vps/M-weather-preset-snow/c1a7e8b82dc5227adcaff933/B-A,vps/W-factor-snow-spearman-attack/98907845697231721ee676f4/B-A
c09c017db10621b76847398f89bd8119bd40daf36790e5ee908479f5cb6cce38,vps/M-weather-preset-snow/05bec730f1e79d30530abb3e/A-B,vps/W-factor-snow-spearman-attack/d52995ad79d22e6dca2ddad7/A-B
93d6b9420d90665ea0a629bf1f77826055540e7ea4e86047cea43e02866da138,vps/M-weather-preset-snow/05bec730f1e79d30530abb3e/B-A,vps/W-factor-snow-spearman-attack/d52995ad79d22e6dca2ddad7/B-A
f6186ba4e4a3e079d50cd56f06a304f74eef17f808150c037a32dd368475d088,vps/M-weather-preset-snow/cc8c5ceabb16c1b53b907294/A-B,vps/W-factor-snow-spearman-attack/f9ad28ffad0a17a18f2251e2/A-B
513cd49f8f15dca81987103bef060fbff0f4f705edbe078dd8374ca90f12b356,vps/M-weather-preset-snow/cc8c5ceabb16c1b53b907294/B-A,vps/W-factor-snow-spearman-attack/f9ad28ffad0a17a18f2251e2/B-A
f6186ba4e4a3e079d50cd56f06a304f74eef17f808150c037a32dd368475d088,vps/M-weather-preset-snow/cc8c5ceabb16c1b53b907294/A-B,vps/W-factor-snow-spearman-baseAccuracy/163bfc618fbc280752548aa6/A-B
513cd49f8f15dca81987103bef060fbff0f4f705edbe078dd8374ca90f12b356,vps/M-weather-preset-snow/cc8c5ceabb16c1b53b907294/B-A,vps/W-factor-snow-spearman-baseAccuracy/163bfc618fbc280752548aa6/B-A
60509c3fe380ea51ce5935debe7832fe3630056a4ff8793230033e3216219388,vps/M-weather-preset-snow/40aa1dfc2174cc811e760271/A-B,vps/W-factor-snow-spearman-baseAccuracy/2e4bf6fbee5988f178e38bea/A-B
147da4e49d2af16d9f46526972ae5ad76f24c763c64fca0cc6335ff5762b750c,vps/M-weather-preset-snow/40aa1dfc2174cc811e760271/B-A,vps/W-factor-snow-spearman-baseAccuracy/2e4bf6fbee5988f178e38bea/B-A
a92e7217af410a39760205cb87e2404296b72c696213faf1403b4561022a7f61,vps/M-weather-preset-snow/5a9fd9bf17c750a4be117c3d/A-B,vps/W-factor-snow-spearman-baseAccuracy/306693cb80432393d0db7213/A-B
2db5c53a615c204089d7913996b9eb694818aeba6364a20b47c5978d8f284e9b,vps/M-weather-preset-snow/5a9fd9bf17c750a4be117c3d/B-A,vps/W-factor-snow-spearman-baseAccuracy/306693cb80432393d0db7213/B-A
ef3f4cb95c2125bad314c956c038fd01882620e81ed3d6eec87f7d35c7c6d506,vps/W-factor-snow-spearman-attack/4b7abb42fa0f7ebe5c939b66/A-B,vps/W-factor-snow-spearman-baseAccuracy/39290c3df3e82c799dd0236a/A-B
7ff93428a645920e1d4e1e606eb312db6de314b23fba3ded13b15b8e1111fb32,vps/W-factor-snow-spearman-attack/4b7abb42fa0f7ebe5c939b66/B-A,vps/W-factor-snow-spearman-baseAccuracy/39290c3df3e82c799dd0236a/B-A
c88c142e9ee600d050f8fa35afa48a96b48fd9e612df36173c311b70dc658afe,vps/W-factor-snow-spearman-attack/84e275d78e82f4af564cd283/A-B,vps/W-factor-snow-spearman-baseAccuracy/61c16319706015546839ed6f/A-B
d480465b310042e4228a6f54a75570fcd7cc0fa7280df745135a8a1c8fa7babb,vps/W-factor-snow-spearman-attack/84e275d78e82f4af564cd283/B-A,vps/W-factor-snow-spearman-baseAccuracy/61c16319706015546839ed6f/B-A
303379b160d440772e32872574706fdd05c297bc39b1d71bdb0d969a05142239,vps/M-weather-preset-snow/e8714fef2b9721354d9acbb5/A-B,vps/W-factor-snow-spearman-baseAccuracy/691953e6e150d335153e566e/A-B
9b78c2849c93d4bb26f4e98f65f3bba52414348971cf960dfbc298c3a0169116,vps/M-weather-preset-snow/e8714fef2b9721354d9acbb5/B-A,vps/W-factor-snow-spearman-baseAccuracy/691953e6e150d335153e566e/B-A
98c29257c1c632bdd21a86c2368c83d5fc0cbdc567d0fe9eb325d716925e1cf3,vps/M-weather-preset-snow/2f29f6c5bbbc52c7d5321295/A-B,vps/W-factor-snow-spearman-baseAccuracy/6d0f1d003b41fc0bc12b4873/A-B
2019e8cf98655f9adf5d3ceff7af567da292825fa065610c4aa2f03f1bbc3ad2,vps/M-weather-preset-snow/2f29f6c5bbbc52c7d5321295/B-A,vps/W-factor-snow-spearman-baseAccuracy/6d0f1d003b41fc0bc12b4873/B-A
9fb7f709b937280774348204a1d303c001c8c11f8d6699c9bdce5bef4b3443ef,vps/M-weather-preset-snow/c1a7e8b82dc5227adcaff933/A-B,vps/W-factor-snow-spearman-baseAccuracy/b59ecde5c855129a45fbece2/A-B
fe8e016825cc0eaa48971e3cee89d6e773d0d1f3cb06fc8e9c2f5ad5523092b6,vps/M-weather-preset-snow/c1a7e8b82dc5227adcaff933/B-A,vps/W-factor-snow-spearman-baseAccuracy/b59ecde5c855129a45fbece2/B-A
c09c017db10621b76847398f89bd8119bd40daf36790e5ee908479f5cb6cce38,vps/M-weather-preset-snow/05bec730f1e79d30530abb3e/A-B,vps/W-factor-snow-spearman-baseAccuracy/c207a3ef39ca76831ddd8373/A-B
93d6b9420d90665ea0a629bf1f77826055540e7ea4e86047cea43e02866da138,vps/M-weather-preset-snow/05bec730f1e79d30530abb3e/B-A,vps/W-factor-snow-spearman-baseAccuracy/c207a3ef39ca76831ddd8373/B-A
84287b86638e7901518e2e2efc76689cd9c8944830d3950f5d1afac5a21a5903,vps/M-weather-preset-snow/d8d2e0fd8eabf97a61ac5d02/A-B,vps/W-factor-snow-spearman-baseAccuracy/c9aba1297f4cedf4ab0cf4c7/A-B
efd29353c073d58b0ebc12b2d01f0c489b95596b6f66f3524404b72442b93e6e,vps/M-weather-preset-snow/d8d2e0fd8eabf97a61ac5d02/B-A,vps/W-factor-snow-spearman-baseAccuracy/c9aba1297f4cedf4ab0cf4c7/B-A
41623c38a3f1e7d1eb1276520d1923d7c91a3a372b5895066797bef4402557b7,vps/W-factor-snow-spearman-attack/4b5ab1aeb90c3f25690dfcbc/A-B,vps/W-factor-snow-spearman-baseAccuracy/cba43f1870c1368687e03008/A-B
1b8751d907f72107b981aef8158d7fd010d3055eb81bf6db3473b663c28f96b7,vps/W-factor-snow-spearman-attack/4b5ab1aeb90c3f25690dfcbc/B-A,vps/W-factor-snow-spearman-baseAccuracy/cba43f1870c1368687e03008/B-A
7581b7c58bf7904387445b277a8a7aabe21c593fb678c177302a310479fa2194,vps/M-weather-preset-snow/6d4467374b3082c62862d4ea/A-B,vps/W-factor-snow-spearman-baseAccuracy/e65d01840cf5eca58acbca6c/A-B
a24c7c4d2c8da2d91c55f57fbb3c5cc14b61998c1161c2d91e6a5c6e97ab2e09,vps/M-weather-preset-snow/6d4467374b3082c62862d4ea/B-A,vps/W-factor-snow-spearman-baseAccuracy/e65d01840cf5eca58acbca6c/B-A
4bee4c7a3e7a3a7a1917e8ac5ac4016f95886e31ccd81015c742ac9dcfe388b3,vps/M-weather-preset-storm/334c5e96aa4ccbe41daf5a96/A-B,vps/W-factor-storm-archer-attack/104adcffbc59badad102f545/A-B
08bd2e1ad665f8b30b6463366f14b13b6bce481306a0f10e31e8b836be371a19,vps/M-weather-preset-storm/334c5e96aa4ccbe41daf5a96/B-A,vps/W-factor-storm-archer-attack/104adcffbc59badad102f545/B-A
459d5af4d0e592ef795a101f28483e5df0009677da4ee2e98034c63dea56e195,vps/M-weather-preset-storm/4faba0a105c2fac3b710338d/A-B,vps/W-factor-storm-archer-attack/16bb5357a5d157117ca7b2c8/A-B
f22868ac7585b685abd5705f4e04e500075462c6d6f55631d11bb9f4dd5a0253,vps/M-weather-preset-storm/4faba0a105c2fac3b710338d/B-A,vps/W-factor-storm-archer-attack/16bb5357a5d157117ca7b2c8/B-A
276c2924b673f5564c6f79e0443980e380607d1a73f0396b3f44ab146f3bc309,vps/M-weather-preset-storm/f6f4a22706559eb49a753b75/A-B,vps/W-factor-storm-archer-attack/6d0de08b0430d05f56c658b5/A-B
e6acae631aa4205bd047bfc2c798b0ada59d46051148ba5021f1983bffaefba0,vps/M-weather-preset-storm/f6f4a22706559eb49a753b75/B-A,vps/W-factor-storm-archer-attack/6d0de08b0430d05f56c658b5/B-A
f601704625170f3f6620cdceac8317ae05309b0c1130dd2008435c07af2704a8,vps/M-weather-preset-storm/0211e968320cbd275c13aaed/A-B,vps/W-factor-storm-archer-attack/86adbef508b09b8bdbe59679/A-B
c0e1359739aa5a709ba46fae1c4d599b56c683dbab2a3fa74e700824690c141e,vps/M-weather-preset-storm/0211e968320cbd275c13aaed/B-A,vps/W-factor-storm-archer-attack/86adbef508b09b8bdbe59679/B-A
f87344d5024666aaeb18a666090f86634076b337bfbfc3a610cf3729eeffc907,vps/M-weather-preset-storm/021f53925078d1cb7c52c288/A-B,vps/W-factor-storm-archer-attack/c1bfb95069af11e59bde89e9/A-B
98df01f57341fcd935a74a23981a16d48adcdc43ccef80eed84760fc068d3603,vps/M-weather-preset-storm/021f53925078d1cb7c52c288/B-A,vps/W-factor-storm-archer-attack/c1bfb95069af11e59bde89e9/B-A
f708778117d2be425e2431233dbecc8f55bef662fdea0fe0e6c1507d0d588d11,vps/M-weather-preset-storm/09339e0c8771e3439c1b7f22/A-B,vps/W-factor-storm-archer-attack/dfea5249e2df12a5514d2c68/A-B
e0770dceb8b564bb0ec9034a3a70a80eb37dcda7d58f9ed50f7315c22696c7ab,vps/M-weather-preset-storm/09339e0c8771e3439c1b7f22/B-A,vps/W-factor-storm-archer-attack/dfea5249e2df12a5514d2c68/B-A
d028a8aa16dd0ef7ae0e6f64c3caf18d89a9969d672fb86426bd7d4219475e95,vps/W-factor-storm-archer-attack/0c78354430356ad73f746437/A-B,vps/W-factor-storm-archer-baseAccuracy/01d8d26f0c61be29c3d07d21/A-B
15c55fd53ba8070fa868b49f51d3a8335cc6ba232adc66c730d5df2f8f3461cc,vps/W-factor-storm-archer-attack/0c78354430356ad73f746437/B-A,vps/W-factor-storm-archer-baseAccuracy/01d8d26f0c61be29c3d07d21/B-A
60a7d8057b5f079b2f11862a4d35f62e0fef8d5598f4a3d5487f0019e5d0805f,vps/W-factor-storm-archer-attack/bf6ff710209985f6753b036d/A-B,vps/W-factor-storm-archer-baseAccuracy/1492a086497596d7f1f1e4b2/A-B
b3290e440a3a3463cb50b9d7f44dbce3db81b6f4ac47bd08998065585c4f68d2,vps/W-factor-storm-archer-attack/bf6ff710209985f6753b036d/B-A,vps/W-factor-storm-archer-baseAccuracy/1492a086497596d7f1f1e4b2/B-A
5a282bb35827057062f1adaccd3956d3991f41cb866b1b41f5c616cdb3f71860,vps/W-factor-storm-archer-attack/62010fdb1a463daf1050adbe/A-B,vps/W-factor-storm-archer-baseAccuracy/2f160c743e9ee2317657376f/A-B
401db5aaa2c40feeecba0b32ceac65b940b601ef4aa3ce7b2fd40be37d347076,vps/W-factor-storm-archer-attack/62010fdb1a463daf1050adbe/B-A,vps/W-factor-storm-archer-baseAccuracy/2f160c743e9ee2317657376f/B-A
8070d91805d519d87b5e0e86b208102b8c03b52848d211c053632a8658a7ae71,vps/W-factor-storm-archer-attack/89c8c0847b6f06f10ef03b64/A-B,vps/W-factor-storm-archer-baseAccuracy/48f3bcb701779643c9cde513/A-B
8d00ae1ad5315ccae019f5ae6474db00a83516167fbcce177464feeec15451f7,vps/W-factor-storm-archer-attack/89c8c0847b6f06f10ef03b64/B-A,vps/W-factor-storm-archer-baseAccuracy/48f3bcb701779643c9cde513/B-A
459d5af4d0e592ef795a101f28483e5df0009677da4ee2e98034c63dea56e195,vps/M-weather-preset-storm/4faba0a105c2fac3b710338d/A-B,vps/W-factor-storm-archer-baseAccuracy/74bdd24405471dec4d3e72f9/A-B
f22868ac7585b685abd5705f4e04e500075462c6d6f55631d11bb9f4dd5a0253,vps/M-weather-preset-storm/4faba0a105c2fac3b710338d/B-A,vps/W-factor-storm-archer-baseAccuracy/74bdd24405471dec4d3e72f9/B-A
276c2924b673f5564c6f79e0443980e380607d1a73f0396b3f44ab146f3bc309,vps/M-weather-preset-storm/f6f4a22706559eb49a753b75/A-B,vps/W-factor-storm-archer-baseAccuracy/7d2c51042e2a3d1be9ec7ea1/A-B
e6acae631aa4205bd047bfc2c798b0ada59d46051148ba5021f1983bffaefba0,vps/M-weather-preset-storm/f6f4a22706559eb49a753b75/B-A,vps/W-factor-storm-archer-baseAccuracy/7d2c51042e2a3d1be9ec7ea1/B-A
f601704625170f3f6620cdceac8317ae05309b0c1130dd2008435c07af2704a8,vps/M-weather-preset-storm/0211e968320cbd275c13aaed/A-B,vps/W-factor-storm-archer-baseAccuracy/8bd2edd4f9c2f492f2b124ef/A-B
c0e1359739aa5a709ba46fae1c4d599b56c683dbab2a3fa74e700824690c141e,vps/M-weather-preset-storm/0211e968320cbd275c13aaed/B-A,vps/W-factor-storm-archer-baseAccuracy/8bd2edd4f9c2f492f2b124ef/B-A
4bee4c7a3e7a3a7a1917e8ac5ac4016f95886e31ccd81015c742ac9dcfe388b3,vps/M-weather-preset-storm/334c5e96aa4ccbe41daf5a96/A-B,vps/W-factor-storm-archer-baseAccuracy/947b26430640012d49fc0180/A-B
08bd2e1ad665f8b30b6463366f14b13b6bce481306a0f10e31e8b836be371a19,vps/M-weather-preset-storm/334c5e96aa4ccbe41daf5a96/B-A,vps/W-factor-storm-archer-baseAccuracy/947b26430640012d49fc0180/B-A
5194b6ab41a9ea41237c692dce077803b2549f670b0ca350201b0da07ce23665,vps/W-factor-storm-archer-attack/cd8e8d8b27cf036aac9294fa/A-B,vps/W-factor-storm-archer-baseAccuracy/9d29322018ecaf73d52c5dad/A-B
2b4fc1d918f0309ee609dcffaa97f414aaac3fcaac89e4e8d8f157f756da1a7d,vps/W-factor-storm-archer-attack/cd8e8d8b27cf036aac9294fa/B-A,vps/W-factor-storm-archer-baseAccuracy/9d29322018ecaf73d52c5dad/B-A
7631a973f2658b986301fcbe4df917884e2a5c3719c6a5c1d89003abd23225ca,vps/W-factor-storm-archer-attack/45acfe9557e9b2106038fdd5/A-B,vps/W-factor-storm-archer-baseAccuracy/9f29e7da1c731a937cdb01a0/A-B
01c1245d02557d96b6590172600bedb0fd8115428853cc7b1394938004c39d61,vps/W-factor-storm-archer-attack/45acfe9557e9b2106038fdd5/B-A,vps/W-factor-storm-archer-baseAccuracy/9f29e7da1c731a937cdb01a0/B-A
f708778117d2be425e2431233dbecc8f55bef662fdea0fe0e6c1507d0d588d11,vps/M-weather-preset-storm/09339e0c8771e3439c1b7f22/A-B,vps/W-factor-storm-archer-baseAccuracy/ae68bfeba4ab607d68205734/A-B
e0770dceb8b564bb0ec9034a3a70a80eb37dcda7d58f9ed50f7315c22696c7ab,vps/M-weather-preset-storm/09339e0c8771e3439c1b7f22/B-A,vps/W-factor-storm-archer-baseAccuracy/ae68bfeba4ab607d68205734/B-A
f87344d5024666aaeb18a666090f86634076b337bfbfc3a610cf3729eeffc907,vps/M-weather-preset-storm/021f53925078d1cb7c52c288/A-B,vps/W-factor-storm-archer-baseAccuracy/d3c2015dd4612863e175a9a1/A-B
98df01f57341fcd935a74a23981a16d48adcdc43ccef80eed84760fc068d3603,vps/M-weather-preset-storm/021f53925078d1cb7c52c288/B-A,vps/W-factor-storm-archer-baseAccuracy/d3c2015dd4612863e175a9a1/B-A
505801a93180957c5585451a2c780dd2b435e33986201c317eb46fd64895c1f2,vps/M-weather-preset-storm/cc978251470eb97cf0d99c18/A-B,vps/W-factor-storm-knight-attack/1ed200a9eafce9cca90c987d/A-B
df55e0924432eb2270f2c4163fb7009a4dfb6ce3a323d07e43ade756eb3df7e6,vps/M-weather-preset-storm/cc978251470eb97cf0d99c18/B-A,vps/W-factor-storm-knight-attack/1ed200a9eafce9cca90c987d/B-A
1f1f4fbe18af5d01f987ace675b27a95e70be51204abecc34201a015825ff124,vps/M-weather-preset-storm/97eb73f86ad0cb144285430c/A-B,vps/W-factor-storm-knight-attack/22a7bee3376e3f6b01acce94/A-B
e737740df3ff6d8396deb1b3c3366c835aaf221b98d521852c9cf5201b77547c,vps/M-weather-preset-storm/97eb73f86ad0cb144285430c/B-A,vps/W-factor-storm-knight-attack/22a7bee3376e3f6b01acce94/B-A
a9fabf084c5705f9ce788411800d2568b8c69f2642f3bc84ac2115b6d476e4aa,vps/M-weather-preset-storm/3f832dabacafb2f362a94e44/A-B,vps/W-factor-storm-knight-attack/55cc7f1a9e2e4fb6f997e7f9/A-B
902004e44e6b8fecd34888be442de13e6765584b6bf4504b7d2830dc155df70c,vps/M-weather-preset-storm/3f832dabacafb2f362a94e44/B-A,vps/W-factor-storm-knight-attack/55cc7f1a9e2e4fb6f997e7f9/B-A
b95cf875f466508b7a8c0340dadfef10bff11e2ba1f1361999ef071d90c5a58f,vps/W-factor-storm-knight-attack/22586446253dfd1b406939c8/A-B,vps/W-factor-storm-knight-baseAccuracy/01cbf26a98f21c92b847e9cf/A-B
23c8d38f776e451c37ab676fd1e36151ff42ba23e9bd08e99fef372c7c4b1d58,vps/W-factor-storm-knight-attack/22586446253dfd1b406939c8/B-A,vps/W-factor-storm-knight-baseAccuracy/01cbf26a98f21c92b847e9cf/B-A
1f1f4fbe18af5d01f987ace675b27a95e70be51204abecc34201a015825ff124,vps/M-weather-preset-storm/97eb73f86ad0cb144285430c/A-B,vps/W-factor-storm-knight-baseAccuracy/04a4861d302687cd390951e8/A-B
e737740df3ff6d8396deb1b3c3366c835aaf221b98d521852c9cf5201b77547c,vps/M-weather-preset-storm/97eb73f86ad0cb144285430c/B-A,vps/W-factor-storm-knight-baseAccuracy/04a4861d302687cd390951e8/B-A
239c4849a494afa30db1e080f745f6a08367b9e7766304d87b0517c36be6187f,vps/W-factor-storm-knight-attack/d0c949d7cdf68a15aa5626df/A-B,vps/W-factor-storm-knight-baseAccuracy/113bd04d265e48178ff89193/A-B
c8d898dbd68874eeebccad2c6e8b7782a769cf67b81b5d952599b447f10754b5,vps/W-factor-storm-knight-attack/d0c949d7cdf68a15aa5626df/B-A,vps/W-factor-storm-knight-baseAccuracy/113bd04d265e48178ff89193/B-A
e4fe0e1c0e3e36e412b7c4adf722505e4d7fa11b5bac6c8911b7828f0704bc69,vps/W-factor-storm-knight-attack/a3f6fee0664bb64bf4bb2b2d/A-B,vps/W-factor-storm-knight-baseAccuracy/1a65fb7eaccd2c5be3185a63/A-B
72ebb08fc996b88c30e8f8bcfc3d392905f5156e00f93891010b16b6bc7ec266,vps/W-factor-storm-knight-attack/a3f6fee0664bb64bf4bb2b2d/B-A,vps/W-factor-storm-knight-baseAccuracy/1a65fb7eaccd2c5be3185a63/B-A
dceeeefeb7792d236dbd1ecdbbabeb68df68838fb738f7e630990cc45dd7ad1f,vps/W-factor-storm-knight-attack/8f27c2d93751d1405bd9f82e/A-B,vps/W-factor-storm-knight-baseAccuracy/29df6e3653ea4ad49eef196f/A-B
78fd85d1ad371baa7e89cdbe94a4d356fba9ded71126deb52937a67449ea5043,vps/W-factor-storm-knight-attack/8f27c2d93751d1405bd9f82e/B-A,vps/W-factor-storm-knight-baseAccuracy/29df6e3653ea4ad49eef196f/B-A
17608597d68834550e1e86e504eb544f6e73942b04157f4d52e75c2da4840c21,vps/W-factor-storm-knight-attack/f41356692224d046f936c599/A-B,vps/W-factor-storm-knight-baseAccuracy/31264e09dd4adc153619b6e9/A-B
37c9194cb6b4816a6a3150a823cf03a47c9c4c303593dc832fce28ca3b7eebc3,vps/W-factor-storm-knight-attack/f41356692224d046f936c599/B-A,vps/W-factor-storm-knight-baseAccuracy/31264e09dd4adc153619b6e9/B-A
505801a93180957c5585451a2c780dd2b435e33986201c317eb46fd64895c1f2,vps/M-weather-preset-storm/cc978251470eb97cf0d99c18/A-B,vps/W-factor-storm-knight-baseAccuracy/425f9930601ef4bec157c438/A-B
df55e0924432eb2270f2c4163fb7009a4dfb6ce3a323d07e43ade756eb3df7e6,vps/M-weather-preset-storm/cc978251470eb97cf0d99c18/B-A,vps/W-factor-storm-knight-baseAccuracy/425f9930601ef4bec157c438/B-A
513fb0d24f37faa8d67c928d095ceb378b1ecc84c82648b637e7e39835f0ed65,vps/W-factor-storm-knight-attack/8c4a145f2e2a3e22016df8d9/A-B,vps/W-factor-storm-knight-baseAccuracy/42e045912c131c232edbd4ae/A-B
8b9accb748aabafb3f5ecaa5dcf8cf3a48fd42ef93c3f16e9cce3fc996e51a2f,vps/W-factor-storm-knight-attack/8c4a145f2e2a3e22016df8d9/B-A,vps/W-factor-storm-knight-baseAccuracy/42e045912c131c232edbd4ae/B-A
e8c95d19a2b1717203598cf47c19fc5fe62075bf3a1ace4dec53d90e804a8d48,vps/W-factor-storm-knight-attack/6cf897af6a47c99b24f437ad/A-B,vps/W-factor-storm-knight-baseAccuracy/924f70fb170b88b7c1501054/A-B
a606ed64d7d8e8f211622bc66ef20a6b08583ff5c576e83a6f0964d29a42fbba,vps/W-factor-storm-knight-attack/6cf897af6a47c99b24f437ad/B-A,vps/W-factor-storm-knight-baseAccuracy/924f70fb170b88b7c1501054/B-A
7554fba04b5cc89d084bbd01310130ddc39a63b2a114a78af175f971ab3c2d5b,vps/W-factor-storm-knight-attack/03be675f6a3142ab51d903cf/A-B,vps/W-factor-storm-knight-baseAccuracy/a5328b05001686c652101a77/A-B
3a6fc81637a4e7219944e9326add2efe8bf9cd415b7ad907f61e32e96b5624a7,vps/W-factor-storm-knight-attack/03be675f6a3142ab51d903cf/B-A,vps/W-factor-storm-knight-baseAccuracy/a5328b05001686c652101a77/B-A
c739111c4505cc7fae117c9be7fb7e7c4fda8df299ca5e282ddc4859e555788c,vps/W-factor-storm-knight-attack/ab37d35ee3b5e32121e9bd3c/A-B,vps/W-factor-storm-knight-baseAccuracy/d35a0088dce3eb28d14691b0/A-B
76e834b3ace24d487b73648154770bb37b798fd90fb4d96fb38dad4e042502d2,vps/W-factor-storm-knight-attack/ab37d35ee3b5e32121e9bd3c/B-A,vps/W-factor-storm-knight-baseAccuracy/d35a0088dce3eb28d14691b0/B-A
a9fabf084c5705f9ce788411800d2568b8c69f2642f3bc84ac2115b6d476e4aa,vps/M-weather-preset-storm/3f832dabacafb2f362a94e44/A-B,vps/W-factor-storm-knight-baseAccuracy/fcbc0056cf7794c4b522363b/A-B
902004e44e6b8fecd34888be442de13e6765584b6bf4504b7d2830dc155df70c,vps/M-weather-preset-storm/3f832dabacafb2f362a94e44/B-A,vps/W-factor-storm-knight-baseAccuracy/fcbc0056cf7794c4b522363b/B-A
6cb57baaa47ab7fa17b7c91a865114c673d06b03d0f1a15e696f2ce9ff251ee0,vps/M-weather-preset-storm/a903dce589c9114547c8ae03/A-B,vps/W-factor-storm-soldier-attack/18a6a3b75202fa9d93817c4c/A-B
b7b4b1ec610aa4d09b83e8c645670bbf6188aaa6682faf933a7848a1f5b3d991,vps/M-weather-preset-storm/a903dce589c9114547c8ae03/B-A,vps/W-factor-storm-soldier-attack/18a6a3b75202fa9d93817c4c/B-A
3d1292e6b630155cbfd1beb1286234a9481ea013f77ca8454a527deba0ff7aa4,vps/M-weather-preset-storm/e5f31355c51481bdb6e6772b/A-B,vps/W-factor-storm-soldier-attack/2ff810af8890f526bf7e70de/A-B
7fe615040b5766b2eba86e400c02a2acfdf21302eacdb03fe772bb7dbd2e7124,vps/M-weather-preset-storm/e5f31355c51481bdb6e6772b/B-A,vps/W-factor-storm-soldier-attack/2ff810af8890f526bf7e70de/B-A
e323e42a5fa1f965584405e1249a4a4ceaa38124d70c320c0d8c18363acac828,vps/M-weather-preset-storm/3977f964b99b0eccf3e488c8/A-B,vps/W-factor-storm-soldier-attack/32f6a82db1847120abcf2b8f/A-B
bd4e3d0d96f18f5f811211aad6f997aea14ef7bd991ee4ecf82a5b5b833d1c5f,vps/M-weather-preset-storm/3977f964b99b0eccf3e488c8/B-A,vps/W-factor-storm-soldier-attack/32f6a82db1847120abcf2b8f/B-A
182f06e223529e00387781ac468072789b2ebba3a6c61aadc6be515cb36384b6,vps/M-weather-preset-storm/cf6b07f211c481b71056bcf9/A-B,vps/W-factor-storm-soldier-attack/42842916368239b8b4e50640/A-B
1ab6c928ffefeb9a1549a388bb0516fd36c72755129c1b3506aa2792344c3512,vps/M-weather-preset-storm/cf6b07f211c481b71056bcf9/B-A,vps/W-factor-storm-soldier-attack/42842916368239b8b4e50640/B-A
aed3f9894d3cff5e4163567e161671e076d8d8f68e18a6b6b9b5b40d2dc15b25,vps/M-weather-preset-storm/f8f6fbec5feb8c7348f4ee82/A-B,vps/W-factor-storm-soldier-attack/5398c629ead1c1c05af2da53/A-B
81b7b764fda064b37f990dbfd614d865552b1530d798130d60e29849cd58c20c,vps/M-weather-preset-storm/f8f6fbec5feb8c7348f4ee82/B-A,vps/W-factor-storm-soldier-attack/5398c629ead1c1c05af2da53/B-A
ce0cd9433e03a4c36848334d147918ae44fcb0815bffc6b6dd8c912a5ee36f95,vps/M-weather-preset-storm/32b88916c988ca07a4205551/A-B,vps/W-factor-storm-soldier-attack/899c99a7959bbc9ba3185e8a/A-B
a64bba00892a124fee60d4b52eb0cd751f0bc478a62d05790ff205a7df70350e,vps/M-weather-preset-storm/32b88916c988ca07a4205551/B-A,vps/W-factor-storm-soldier-attack/899c99a7959bbc9ba3185e8a/B-A
373e4fb7457c5eecd96d8ea960a24fab57657c6d2b7bee7b5ba7e4489b87f6a7,vps/M-weather-preset-storm/e11e6e76f9f54729edaee569/A-B,vps/W-factor-storm-soldier-attack/a7a232925ee5b2c37cdef788/A-B
8c7df87ed46dd17f8216e404db2748c8d0d273080ca28d193fbf025549cf3073,vps/M-weather-preset-storm/e11e6e76f9f54729edaee569/B-A,vps/W-factor-storm-soldier-attack/a7a232925ee5b2c37cdef788/B-A
5d638e489b7f172f099036a30d9355756ce7398fe61b1a35b4e2dd7dc32ffe29,vps/M-weather-preset-storm/16fe6debcb0d0733a841e4fb/A-B,vps/W-factor-storm-soldier-attack/b9b9aaf8aa063bde510a0681/A-B
f8adee7beb39f6b6352ea424e0f6e09eaa767ddb8b954fd889183763ee95c568,vps/M-weather-preset-storm/16fe6debcb0d0733a841e4fb/B-A,vps/W-factor-storm-soldier-attack/b9b9aaf8aa063bde510a0681/B-A
e3adb2b6c07f2558c08c3d94c07e346e2ade9d8ef1cfb88b669be9c5da724821,vps/M-weather-preset-storm/55c0ca45813a74769cc4b858/A-B,vps/W-factor-storm-soldier-attack/c2149bb64d76ea704a1b74c8/A-B
c12e7f379ac2510b8930d56844cc2707a08090b96121f069f63156b4cd3884c9,vps/M-weather-preset-storm/55c0ca45813a74769cc4b858/B-A,vps/W-factor-storm-soldier-attack/c2149bb64d76ea704a1b74c8/B-A
cdf36d6537f480bef21edc51d2253451edca37e51d0a37b6e7ef26e84b794867,vps/M-weather-preset-storm/2c9b4a47d9124e469e48b3de/A-B,vps/W-factor-storm-soldier-attack/cfde2960c56daebb2e54227e/A-B
cf50b5d64545828ebdb55e7e2b58a0d9d3ebb6344cccfac859667bcdf4958b55,vps/M-weather-preset-storm/2c9b4a47d9124e469e48b3de/B-A,vps/W-factor-storm-soldier-attack/cfde2960c56daebb2e54227e/B-A
55b90f41672550c3fbd5fa78da31c191b86d0a7b9ad2812164615f4f77780e39,vps/M-weather-preset-storm/ac4f83dee2803a448b115765/A-B,vps/W-factor-storm-soldier-attack/dbffdfd1771056dd5d3c99a1/A-B
4f25ae8bd27b7ae8b7e3e1116c4fa02b4d5935f74cfbec2f5b53cb9037c31b17,vps/M-weather-preset-storm/ac4f83dee2803a448b115765/B-A,vps/W-factor-storm-soldier-attack/dbffdfd1771056dd5d3c99a1/B-A
1f83918e0896872473b6737f531d92db1060ea367e4a6f35a4a0eb0885d5f3c1,vps/M-weather-preset-storm/2476b9b0084259b0c49d8f13/A-B,vps/W-factor-storm-soldier-attack/f05985524dd39d9437ced565/A-B
cfba6c3f1ea855140f5c1a421f8d7d516aae2a2387b593796b6e772ba113e36b,vps/M-weather-preset-storm/2476b9b0084259b0c49d8f13/B-A,vps/W-factor-storm-soldier-attack/f05985524dd39d9437ced565/B-A
182f06e223529e00387781ac468072789b2ebba3a6c61aadc6be515cb36384b6,vps/M-weather-preset-storm/cf6b07f211c481b71056bcf9/A-B,vps/W-factor-storm-soldier-baseAccuracy/06570397f77f1de238946944/A-B
1ab6c928ffefeb9a1549a388bb0516fd36c72755129c1b3506aa2792344c3512,vps/M-weather-preset-storm/cf6b07f211c481b71056bcf9/B-A,vps/W-factor-storm-soldier-baseAccuracy/06570397f77f1de238946944/B-A
e323e42a5fa1f965584405e1249a4a4ceaa38124d70c320c0d8c18363acac828,vps/M-weather-preset-storm/3977f964b99b0eccf3e488c8/A-B,vps/W-factor-storm-soldier-baseAccuracy/0d84e79394fddec6f850349b/A-B
bd4e3d0d96f18f5f811211aad6f997aea14ef7bd991ee4ecf82a5b5b833d1c5f,vps/M-weather-preset-storm/3977f964b99b0eccf3e488c8/B-A,vps/W-factor-storm-soldier-baseAccuracy/0d84e79394fddec6f850349b/B-A
1f83918e0896872473b6737f531d92db1060ea367e4a6f35a4a0eb0885d5f3c1,vps/M-weather-preset-storm/2476b9b0084259b0c49d8f13/A-B,vps/W-factor-storm-soldier-baseAccuracy/16ad686e96a3d5c0a4092949/A-B
cfba6c3f1ea855140f5c1a421f8d7d516aae2a2387b593796b6e772ba113e36b,vps/M-weather-preset-storm/2476b9b0084259b0c49d8f13/B-A,vps/W-factor-storm-soldier-baseAccuracy/16ad686e96a3d5c0a4092949/B-A
aed3f9894d3cff5e4163567e161671e076d8d8f68e18a6b6b9b5b40d2dc15b25,vps/M-weather-preset-storm/f8f6fbec5feb8c7348f4ee82/A-B,vps/W-factor-storm-soldier-baseAccuracy/2c7e7b745e4427f0ef01c09d/A-B
81b7b764fda064b37f990dbfd614d865552b1530d798130d60e29849cd58c20c,vps/M-weather-preset-storm/f8f6fbec5feb8c7348f4ee82/B-A,vps/W-factor-storm-soldier-baseAccuracy/2c7e7b745e4427f0ef01c09d/B-A
cdf36d6537f480bef21edc51d2253451edca37e51d0a37b6e7ef26e84b794867,vps/M-weather-preset-storm/2c9b4a47d9124e469e48b3de/A-B,vps/W-factor-storm-soldier-baseAccuracy/632802a01d9eb4391d224cfd/A-B
cf50b5d64545828ebdb55e7e2b58a0d9d3ebb6344cccfac859667bcdf4958b55,vps/M-weather-preset-storm/2c9b4a47d9124e469e48b3de/B-A,vps/W-factor-storm-soldier-baseAccuracy/632802a01d9eb4391d224cfd/B-A
e3adb2b6c07f2558c08c3d94c07e346e2ade9d8ef1cfb88b669be9c5da724821,vps/M-weather-preset-storm/55c0ca45813a74769cc4b858/A-B,vps/W-factor-storm-soldier-baseAccuracy/77cbc54078a0e4758aa5f027/A-B
c12e7f379ac2510b8930d56844cc2707a08090b96121f069f63156b4cd3884c9,vps/M-weather-preset-storm/55c0ca45813a74769cc4b858/B-A,vps/W-factor-storm-soldier-baseAccuracy/77cbc54078a0e4758aa5f027/B-A
373e4fb7457c5eecd96d8ea960a24fab57657c6d2b7bee7b5ba7e4489b87f6a7,vps/M-weather-preset-storm/e11e6e76f9f54729edaee569/A-B,vps/W-factor-storm-soldier-baseAccuracy/7aacde1c4edc3830be03d90c/A-B
8c7df87ed46dd17f8216e404db2748c8d0d273080ca28d193fbf025549cf3073,vps/M-weather-preset-storm/e11e6e76f9f54729edaee569/B-A,vps/W-factor-storm-soldier-baseAccuracy/7aacde1c4edc3830be03d90c/B-A
ce0cd9433e03a4c36848334d147918ae44fcb0815bffc6b6dd8c912a5ee36f95,vps/M-weather-preset-storm/32b88916c988ca07a4205551/A-B,vps/W-factor-storm-soldier-baseAccuracy/95028d9822567318693531e0/A-B
a64bba00892a124fee60d4b52eb0cd751f0bc478a62d05790ff205a7df70350e,vps/M-weather-preset-storm/32b88916c988ca07a4205551/B-A,vps/W-factor-storm-soldier-baseAccuracy/95028d9822567318693531e0/B-A
55b90f41672550c3fbd5fa78da31c191b86d0a7b9ad2812164615f4f77780e39,vps/M-weather-preset-storm/ac4f83dee2803a448b115765/A-B,vps/W-factor-storm-soldier-baseAccuracy/b5f2b0b415ecc532236f323c/A-B
4f25ae8bd27b7ae8b7e3e1116c4fa02b4d5935f74cfbec2f5b53cb9037c31b17,vps/M-weather-preset-storm/ac4f83dee2803a448b115765/B-A,vps/W-factor-storm-soldier-baseAccuracy/b5f2b0b415ecc532236f323c/B-A
5d638e489b7f172f099036a30d9355756ce7398fe61b1a35b4e2dd7dc32ffe29,vps/M-weather-preset-storm/16fe6debcb0d0733a841e4fb/A-B,vps/W-factor-storm-soldier-baseAccuracy/ba4188eb1c9259a035ff2341/A-B
f8adee7beb39f6b6352ea424e0f6e09eaa767ddb8b954fd889183763ee95c568,vps/M-weather-preset-storm/16fe6debcb0d0733a841e4fb/B-A,vps/W-factor-storm-soldier-baseAccuracy/ba4188eb1c9259a035ff2341/B-A
3d1292e6b630155cbfd1beb1286234a9481ea013f77ca8454a527deba0ff7aa4,vps/M-weather-preset-storm/e5f31355c51481bdb6e6772b/A-B,vps/W-factor-storm-soldier-baseAccuracy/d0940b5e60a499b61bbab347/A-B
7fe615040b5766b2eba86e400c02a2acfdf21302eacdb03fe772bb7dbd2e7124,vps/M-weather-preset-storm/e5f31355c51481bdb6e6772b/B-A,vps/W-factor-storm-soldier-baseAccuracy/d0940b5e60a499b61bbab347/B-A
6cb57baaa47ab7fa17b7c91a865114c673d06b03d0f1a15e696f2ce9ff251ee0,vps/M-weather-preset-storm/a903dce589c9114547c8ae03/A-B,vps/W-factor-storm-soldier-baseAccuracy/e6330b12ca1b24c94b2914ab/A-B
b7b4b1ec610aa4d09b83e8c645670bbf6188aaa6682faf933a7848a1f5b3d991,vps/M-weather-preset-storm/a903dce589c9114547c8ae03/B-A,vps/W-factor-storm-soldier-baseAccuracy/e6330b12ca1b24c94b2914ab/B-A
deff1e7cfc4d9cbad8304bf3659fdcc09e329756a907b012bce7dc080f0602e0,vps/M-weather-preset-storm/e4ea43ce6731754ea6e56e7b/A-B,vps/W-factor-storm-spearman-attack/16b2f9d2c33838bf9b13e542/A-B
16385d30bbf32b0e6220cf3e1f8ab364986758c5d4049124f0306011115fdcfc,vps/M-weather-preset-storm/e4ea43ce6731754ea6e56e7b/B-A,vps/W-factor-storm-spearman-attack/16b2f9d2c33838bf9b13e542/B-A
970c00c5c5862859b4f57830991b410416e20bcf0d784de3aaa30c0d05a78919,vps/M-weather-preset-storm/9f1c472e3b2bd5a16a29d8c8/A-B,vps/W-factor-storm-spearman-attack/76c5e3dc7aaaf56b690596d5/A-B
723dd2fc32cc449cf385df16e8fd8bf4aba3d3bd8403fe7f431acec289ffd68d,vps/M-weather-preset-storm/9f1c472e3b2bd5a16a29d8c8/B-A,vps/W-factor-storm-spearman-attack/76c5e3dc7aaaf56b690596d5/B-A
cd887c1e30af65c6e400cadbc4d672ef6f9d4d4380aa8109e63fa01be6cc9777,vps/M-weather-preset-storm/f96e9b625de4a8d33eeaa1ff/A-B,vps/W-factor-storm-spearman-attack/8883db6ab6ae2ad1edd43136/A-B
ae168443f37071e59b555a94bdea185fe86c2e38639123f829f0596b30540a39,vps/M-weather-preset-storm/f96e9b625de4a8d33eeaa1ff/B-A,vps/W-factor-storm-spearman-attack/8883db6ab6ae2ad1edd43136/B-A
d67c5f7a47c9d8ed608a07c0b9c49dc453dad1e07538604e779bb7f68644ca52,vps/M-weather-preset-storm/220b3cf98df1cb86fcd69469/A-B,vps/W-factor-storm-spearman-attack/997691172831bcf8b41bbcd8/A-B
c34cb7070179fc1753131fa0c469497099c85e512d420776b9c1ec95d71eaccf,vps/M-weather-preset-storm/220b3cf98df1cb86fcd69469/B-A,vps/W-factor-storm-spearman-attack/997691172831bcf8b41bbcd8/B-A
8ede8814a9528b55025d6972235369a366db500eef34634bcb4c08b6ab71ddb2,vps/M-weather-preset-storm/cf19460bc6d5078f52fe7d41/A-B,vps/W-factor-storm-spearman-attack/9f8d4058a262977c031d2380/A-B
041437fa4801338396df165a1a9ec9f0c0f3186b263874eeccd9ec13925618bf,vps/M-weather-preset-storm/cf19460bc6d5078f52fe7d41/B-A,vps/W-factor-storm-spearman-attack/9f8d4058a262977c031d2380/B-A
e5071a2f57936b3993d69fde7de987125303750963a0f6a03dbe4231b9721444,vps/M-weather-preset-storm/1f6313e1e7adeb4b28252257/A-B,vps/W-factor-storm-spearman-attack/a2f25c2ea172d53d0d984371/A-B
78821f91fc5e11aa09a9669268f71772201875d3b290b27b32572e939d8712ed,vps/M-weather-preset-storm/1f6313e1e7adeb4b28252257/B-A,vps/W-factor-storm-spearman-attack/a2f25c2ea172d53d0d984371/B-A
b7c5c3711604e85f1b9bc8f2fdb1fdd3b4e2dbe73f2830730770d69b9fd34d3d,vps/M-weather-preset-storm/b161283102dd9042f48a2f31/A-B,vps/W-factor-storm-spearman-attack/af3dc299a6010247fd861252/A-B
cd0be36d0be97f22f9f3acb48ad32fb8ba126f0bace08e51a7ca96f680f56c2f,vps/M-weather-preset-storm/b161283102dd9042f48a2f31/B-A,vps/W-factor-storm-spearman-attack/af3dc299a6010247fd861252/B-A
4497adc0f5e551813d40d8e30e6087fd4e0c7bbc9a7616e34696d41172e77ef6,vps/M-weather-preset-storm/285354a29ea9c722ba0b9706/A-B,vps/W-factor-storm-spearman-attack/f16fd3347f94170c05e32b88/A-B
00c9d7c0bd17a4cdbc93002d4d4d70f830c2081c014241214dc919d39b728cb8,vps/M-weather-preset-storm/285354a29ea9c722ba0b9706/B-A,vps/W-factor-storm-spearman-attack/f16fd3347f94170c05e32b88/B-A
1f2a7d88e1929ea56e34288c7d3dcccad011174be9c436980c455920ea1200ce,vps/M-weather-preset-storm/5f8c831876c4e15145e81a0a/A-B,vps/W-factor-storm-spearman-attack/f408db7448b0e46b4aa25cce/A-B
227bb05871fb3b6971caa78ca2970ec494a06bc837a1643824b6b8f3708d834a,vps/M-weather-preset-storm/5f8c831876c4e15145e81a0a/B-A,vps/W-factor-storm-spearman-attack/f408db7448b0e46b4aa25cce/B-A
970c00c5c5862859b4f57830991b410416e20bcf0d784de3aaa30c0d05a78919,vps/M-weather-preset-storm/9f1c472e3b2bd5a16a29d8c8/A-B,vps/W-factor-storm-spearman-baseAccuracy/159a3181f3ecec8ea64a880c/A-B
723dd2fc32cc449cf385df16e8fd8bf4aba3d3bd8403fe7f431acec289ffd68d,vps/M-weather-preset-storm/9f1c472e3b2bd5a16a29d8c8/B-A,vps/W-factor-storm-spearman-baseAccuracy/159a3181f3ecec8ea64a880c/B-A
b7c5c3711604e85f1b9bc8f2fdb1fdd3b4e2dbe73f2830730770d69b9fd34d3d,vps/M-weather-preset-storm/b161283102dd9042f48a2f31/A-B,vps/W-factor-storm-spearman-baseAccuracy/1a5214c457bd5adf013ee4de/A-B
cd0be36d0be97f22f9f3acb48ad32fb8ba126f0bace08e51a7ca96f680f56c2f,vps/M-weather-preset-storm/b161283102dd9042f48a2f31/B-A,vps/W-factor-storm-spearman-baseAccuracy/1a5214c457bd5adf013ee4de/B-A
cd887c1e30af65c6e400cadbc4d672ef6f9d4d4380aa8109e63fa01be6cc9777,vps/M-weather-preset-storm/f96e9b625de4a8d33eeaa1ff/A-B,vps/W-factor-storm-spearman-baseAccuracy/3e5711ec756dbc58def122ef/A-B
ae168443f37071e59b555a94bdea185fe86c2e38639123f829f0596b30540a39,vps/M-weather-preset-storm/f96e9b625de4a8d33eeaa1ff/B-A,vps/W-factor-storm-spearman-baseAccuracy/3e5711ec756dbc58def122ef/B-A
1f2a7d88e1929ea56e34288c7d3dcccad011174be9c436980c455920ea1200ce,vps/M-weather-preset-storm/5f8c831876c4e15145e81a0a/A-B,vps/W-factor-storm-spearman-baseAccuracy/4a09fc2e96a541edd0d6ee86/A-B
227bb05871fb3b6971caa78ca2970ec494a06bc837a1643824b6b8f3708d834a,vps/M-weather-preset-storm/5f8c831876c4e15145e81a0a/B-A,vps/W-factor-storm-spearman-baseAccuracy/4a09fc2e96a541edd0d6ee86/B-A
5a13b6035972c06063937661edc1e6100637536d5df995c35ce0f1e7c137ca0a,vps/W-factor-storm-spearman-attack/367ebf59807ace181a860be5/A-B,vps/W-factor-storm-spearman-baseAccuracy/561e8d173b0cd51ad3ba3db4/A-B
45b9deab1155527832bf7168b716eceaaa7b61d7bb7c8cf510db67af261236ab,vps/W-factor-storm-spearman-attack/367ebf59807ace181a860be5/B-A,vps/W-factor-storm-spearman-baseAccuracy/561e8d173b0cd51ad3ba3db4/B-A
8ede8814a9528b55025d6972235369a366db500eef34634bcb4c08b6ab71ddb2,vps/M-weather-preset-storm/cf19460bc6d5078f52fe7d41/A-B,vps/W-factor-storm-spearman-baseAccuracy/9581e1c7302aa73d8e60d207/A-B
041437fa4801338396df165a1a9ec9f0c0f3186b263874eeccd9ec13925618bf,vps/M-weather-preset-storm/cf19460bc6d5078f52fe7d41/B-A,vps/W-factor-storm-spearman-baseAccuracy/9581e1c7302aa73d8e60d207/B-A
d67c5f7a47c9d8ed608a07c0b9c49dc453dad1e07538604e779bb7f68644ca52,vps/M-weather-preset-storm/220b3cf98df1cb86fcd69469/A-B,vps/W-factor-storm-spearman-baseAccuracy/a20443eb526e64eb17040fa7/A-B
c34cb7070179fc1753131fa0c469497099c85e512d420776b9c1ec95d71eaccf,vps/M-weather-preset-storm/220b3cf98df1cb86fcd69469/B-A,vps/W-factor-storm-spearman-baseAccuracy/a20443eb526e64eb17040fa7/B-A
deff1e7cfc4d9cbad8304bf3659fdcc09e329756a907b012bce7dc080f0602e0,vps/M-weather-preset-storm/e4ea43ce6731754ea6e56e7b/A-B,vps/W-factor-storm-spearman-baseAccuracy/cdfb4e7e4d156bf0aaaa40c9/A-B
16385d30bbf32b0e6220cf3e1f8ab364986758c5d4049124f0306011115fdcfc,vps/M-weather-preset-storm/e4ea43ce6731754ea6e56e7b/B-A,vps/W-factor-storm-spearman-baseAccuracy/cdfb4e7e4d156bf0aaaa40c9/B-A
4497adc0f5e551813d40d8e30e6087fd4e0c7bbc9a7616e34696d41172e77ef6,vps/M-weather-preset-storm/285354a29ea9c722ba0b9706/A-B,vps/W-factor-storm-spearman-baseAccuracy/d28c58de3ee62d40b3b23cde/A-B
00c9d7c0bd17a4cdbc93002d4d4d70f830c2081c014241214dc919d39b728cb8,vps/M-weather-preset-storm/285354a29ea9c722ba0b9706/B-A,vps/W-factor-storm-spearman-baseAccuracy/d28c58de3ee62d40b3b23cde/B-A
3c84e5e41b59163876c4ad4d96e7677d18e123fccf7f0eedff2c46e430882195,vps/W-factor-storm-spearman-attack/9ed85f62e54d03e92ee8b203/A-B,vps/W-factor-storm-spearman-baseAccuracy/d5c7b05277e9bdcf135c03a0/A-B
a6e1bf902b3d6eb462ee11b2ddca4f5c1310cb0a6c5e04ea84eb2dad46e821ab,vps/W-factor-storm-spearman-attack/9ed85f62e54d03e92ee8b203/B-A,vps/W-factor-storm-spearman-baseAccuracy/d5c7b05277e9bdcf135c03a0/B-A
e5071a2f57936b3993d69fde7de987125303750963a0f6a03dbe4231b9721444,vps/M-weather-preset-storm/1f6313e1e7adeb4b28252257/A-B,vps/W-factor-storm-spearman-baseAccuracy/dfd6a13ea339d4ad09021c62/A-B
78821f91fc5e11aa09a9669268f71772201875d3b290b27b32572e939d8712ed,vps/M-weather-preset-storm/1f6313e1e7adeb4b28252257/B-A,vps/W-factor-storm-spearman-baseAccuracy/dfd6a13ea339d4ad09021c62/B-A
f7ff0b6bb07cff071f7aef9ec194e7dac680c967891daf429231de42d18d867d,vps/W-factor-storm-spearman-attack/23a61540af46f189ce9c73e8/A-B,vps/W-factor-storm-spearman-baseAccuracy/fc2a5a8bfca8f338f89361e3/A-B
d8d2ade3b447b9a544fae7643f695b683fedb4779b80192d61c2aaa122ebe8b8,vps/W-factor-storm-spearman-attack/23a61540af46f189ce9c73e8/B-A,vps/W-factor-storm-spearman-baseAccuracy/fc2a5a8bfca8f338f89361e3/B-A
955f3810fad8b0eb8b035c29d7019b35b9a0e464ae4f1502f2092a1d451eab35,vps/M-weather-preset-thunderstorm/90d83c36428876c60cda9892/A-B,vps/W-factor-thunderstorm-archer-attack/1f5bc0a991d04101d9bb7e47/A-B
740ea070462f62755bf934582428367a59f6c9238c5ae8a99823d2092b6721b4,vps/M-weather-preset-thunderstorm/90d83c36428876c60cda9892/B-A,vps/W-factor-thunderstorm-archer-attack/1f5bc0a991d04101d9bb7e47/B-A
113aafe4019242a9ce29d06748429a56861e0750511db1077f809bb4b71c970d,vps/M-weather-preset-thunderstorm/25a786c5a0c8a8e031e9e2ff/A-B,vps/W-factor-thunderstorm-archer-attack/71e6df1bef50fa2aef58ce75/A-B
0a5aec9cbf37df59b80f62cf78b19d6f2b5cae1be949fb9d372b0430a016290d,vps/M-weather-preset-thunderstorm/25a786c5a0c8a8e031e9e2ff/B-A,vps/W-factor-thunderstorm-archer-attack/71e6df1bef50fa2aef58ce75/B-A
56baf2085d7c2f09a94874631449d5da73aa7ffa134284da709ebd27d047aef1,vps/M-weather-preset-thunderstorm/13eeeed47e2b9911e90919ff/A-B,vps/W-factor-thunderstorm-archer-attack/8e11b7edbf2ac0e0d70b0158/A-B
83f73d7fc6a90f07ae5cf83ea44c1a2775a06c4032a62ac65faaebfa47737480,vps/M-weather-preset-thunderstorm/13eeeed47e2b9911e90919ff/B-A,vps/W-factor-thunderstorm-archer-attack/8e11b7edbf2ac0e0d70b0158/B-A
dab7233d90353b86180961caf101afc3e0d6e9f44f871d81ef733cdc6a9c916a,vps/M-weather-preset-thunderstorm/dd3bf5d36dd0e2a67014355d/A-B,vps/W-factor-thunderstorm-archer-attack/a5fd6c5bff3fd5c1c6ffe2da/A-B
1c9158e8f38a5784c7faec39dd3ed6fda95133ca9c2880dbc53fbb1950b5edc4,vps/M-weather-preset-thunderstorm/dd3bf5d36dd0e2a67014355d/B-A,vps/W-factor-thunderstorm-archer-attack/a5fd6c5bff3fd5c1c6ffe2da/B-A
beae07f589fcefaf282fd5d1b8be8ecaef0b476a6604858f35a5c1e4e5ff93ec,vps/M-weather-preset-thunderstorm/8f3778ca70fe593238e93480/A-B,vps/W-factor-thunderstorm-archer-attack/e9dc2d32082b0c098ebfe9fe/A-B
abf2c8cb2e3f635119a0fc89f0a9ec8341ae70ed412583219752b15f7062f284,vps/M-weather-preset-thunderstorm/8f3778ca70fe593238e93480/B-A,vps/W-factor-thunderstorm-archer-attack/e9dc2d32082b0c098ebfe9fe/B-A
28c8b9dd53377cb2ef4662107b0101cba6809d2ea953d6c70567553b46757399,vps/M-weather-preset-thunderstorm/ab40f36998766b53d32ac4cc/A-B,vps/W-factor-thunderstorm-archer-attack/f0d1bed084e4046e39dbaf8b/A-B
3ff254117ef650e2952f2a1d4954e54c3543e73f3896580e61264e2bf5b1d5bb,vps/M-weather-preset-thunderstorm/ab40f36998766b53d32ac4cc/B-A,vps/W-factor-thunderstorm-archer-attack/f0d1bed084e4046e39dbaf8b/B-A
2c1bbb72dd6c3ea669162421ef39055d162771ff51449a81980d0e3576a723c1,vps/W-factor-thunderstorm-archer-attack/c9e827f9ef19b3e69c442ef1/A-B,vps/W-factor-thunderstorm-archer-baseAccuracy/0f2e0775a0944bb67d38911e/A-B
21a01e2fd08c142bd367780efe8d872dd70d14c7481193b8d10057fbd853402a,vps/W-factor-thunderstorm-archer-attack/c9e827f9ef19b3e69c442ef1/B-A,vps/W-factor-thunderstorm-archer-baseAccuracy/0f2e0775a0944bb67d38911e/B-A
dab7233d90353b86180961caf101afc3e0d6e9f44f871d81ef733cdc6a9c916a,vps/M-weather-preset-thunderstorm/dd3bf5d36dd0e2a67014355d/A-B,vps/W-factor-thunderstorm-archer-baseAccuracy/1389724ec34ca91627494aa8/A-B
1c9158e8f38a5784c7faec39dd3ed6fda95133ca9c2880dbc53fbb1950b5edc4,vps/M-weather-preset-thunderstorm/dd3bf5d36dd0e2a67014355d/B-A,vps/W-factor-thunderstorm-archer-baseAccuracy/1389724ec34ca91627494aa8/B-A
28c8b9dd53377cb2ef4662107b0101cba6809d2ea953d6c70567553b46757399,vps/M-weather-preset-thunderstorm/ab40f36998766b53d32ac4cc/A-B,vps/W-factor-thunderstorm-archer-baseAccuracy/14112b4c8bfb9f0b85155dac/A-B
3ff254117ef650e2952f2a1d4954e54c3543e73f3896580e61264e2bf5b1d5bb,vps/M-weather-preset-thunderstorm/ab40f36998766b53d32ac4cc/B-A,vps/W-factor-thunderstorm-archer-baseAccuracy/14112b4c8bfb9f0b85155dac/B-A
df979774023bc10e9d022908004623cca61113258ed6ba887ef08b018bfb6221,vps/W-factor-thunderstorm-archer-attack/ccf1e8bcc729a84ff9840399/A-B,vps/W-factor-thunderstorm-archer-baseAccuracy/1a1ae60ff793d2bbb31105ab/A-B
33035aa6a874a78f8f9fe3024a8bb52ed43924150db3ac0fda2f091a1ed7e208,vps/W-factor-thunderstorm-archer-attack/ccf1e8bcc729a84ff9840399/B-A,vps/W-factor-thunderstorm-archer-baseAccuracy/1a1ae60ff793d2bbb31105ab/B-A
113aafe4019242a9ce29d06748429a56861e0750511db1077f809bb4b71c970d,vps/M-weather-preset-thunderstorm/25a786c5a0c8a8e031e9e2ff/A-B,vps/W-factor-thunderstorm-archer-baseAccuracy/301803cb34c964d59ed45a3a/A-B
0a5aec9cbf37df59b80f62cf78b19d6f2b5cae1be949fb9d372b0430a016290d,vps/M-weather-preset-thunderstorm/25a786c5a0c8a8e031e9e2ff/B-A,vps/W-factor-thunderstorm-archer-baseAccuracy/301803cb34c964d59ed45a3a/B-A
fae49d1192b1293100752db997db125c15aac972368b03d299475c743b6bc24c,vps/W-factor-thunderstorm-archer-attack/dc570e60fb421350cdee084a/A-B,vps/W-factor-thunderstorm-archer-baseAccuracy/71093edebaee8512b5b3bc71/A-B
09cfa68fedc64a87bbf7383b26a2ebdcd290a9ed61f90b3aae3391370ae8b628,vps/W-factor-thunderstorm-archer-attack/dc570e60fb421350cdee084a/B-A,vps/W-factor-thunderstorm-archer-baseAccuracy/71093edebaee8512b5b3bc71/B-A
5b1428c9297444f17a9ad49f561a9b20401c897c591fece49735ce7e33177cf2,vps/W-factor-thunderstorm-archer-attack/02930829fb448ff8da4c4e8e/A-B,vps/W-factor-thunderstorm-archer-baseAccuracy/80fae7a4443e29704f94b764/A-B
3cbce7b2e6caa3382b138879a2c7d8da0260547409d8dcf39e22c219d83fdd98,vps/W-factor-thunderstorm-archer-attack/02930829fb448ff8da4c4e8e/B-A,vps/W-factor-thunderstorm-archer-baseAccuracy/80fae7a4443e29704f94b764/B-A
56baf2085d7c2f09a94874631449d5da73aa7ffa134284da709ebd27d047aef1,vps/M-weather-preset-thunderstorm/13eeeed47e2b9911e90919ff/A-B,vps/W-factor-thunderstorm-archer-baseAccuracy/86863f0ea571426d960a123c/A-B
83f73d7fc6a90f07ae5cf83ea44c1a2775a06c4032a62ac65faaebfa47737480,vps/M-weather-preset-thunderstorm/13eeeed47e2b9911e90919ff/B-A,vps/W-factor-thunderstorm-archer-baseAccuracy/86863f0ea571426d960a123c/B-A
c6f61a79c1ebaafb0c5174adb71d5bf33fe49e0014d8a12821dc4ec75b8ed616,vps/W-factor-thunderstorm-archer-attack/1f973b9c502488223bf771d1/A-B,vps/W-factor-thunderstorm-archer-baseAccuracy/88927531b88ffe0959714d83/A-B
6c6709c74bbb9a7afc146a0863776dbf36df478cbb9bf4f0d2a02f1c9d1fbc55,vps/W-factor-thunderstorm-archer-attack/1f973b9c502488223bf771d1/B-A,vps/W-factor-thunderstorm-archer-baseAccuracy/88927531b88ffe0959714d83/B-A
715dbb6c482585fde7359a2226e885620e02d9f643daeade5bc37b1a058a10c3,vps/W-factor-thunderstorm-archer-attack/944f62c89c0c5114e22c969a/A-B,vps/W-factor-thunderstorm-archer-baseAccuracy/962250cec937e0b430e7dfaa/A-B
05668ece2bf168d7e9ce617d3086445f0551a3f840cce8c695caec8dc3cb33a2,vps/W-factor-thunderstorm-archer-attack/944f62c89c0c5114e22c969a/B-A,vps/W-factor-thunderstorm-archer-baseAccuracy/962250cec937e0b430e7dfaa/B-A
955f3810fad8b0eb8b035c29d7019b35b9a0e464ae4f1502f2092a1d451eab35,vps/M-weather-preset-thunderstorm/90d83c36428876c60cda9892/A-B,vps/W-factor-thunderstorm-archer-baseAccuracy/dd2d7240fac0fec86e706223/A-B
740ea070462f62755bf934582428367a59f6c9238c5ae8a99823d2092b6721b4,vps/M-weather-preset-thunderstorm/90d83c36428876c60cda9892/B-A,vps/W-factor-thunderstorm-archer-baseAccuracy/dd2d7240fac0fec86e706223/B-A
beae07f589fcefaf282fd5d1b8be8ecaef0b476a6604858f35a5c1e4e5ff93ec,vps/M-weather-preset-thunderstorm/8f3778ca70fe593238e93480/A-B,vps/W-factor-thunderstorm-archer-baseAccuracy/e011ac1c4290a418ac6f9166/A-B
abf2c8cb2e3f635119a0fc89f0a9ec8341ae70ed412583219752b15f7062f284,vps/M-weather-preset-thunderstorm/8f3778ca70fe593238e93480/B-A,vps/W-factor-thunderstorm-archer-baseAccuracy/e011ac1c4290a418ac6f9166/B-A
6b6d8ca6410bd51f77d13a3cad6b56e0b559d615ff680fcd80448313ddc407b5,vps/M-weather-preset-thunderstorm/0b84de22f61f30fed9f59bc5/A-B,vps/W-factor-thunderstorm-knight-attack/225e1c1fc4303c91f4ea140f/A-B
e57826abc93085efe6a795e6edf0003b5bdb7a28eefdaf171a24b38e7ae772e6,vps/M-weather-preset-thunderstorm/0b84de22f61f30fed9f59bc5/B-A,vps/W-factor-thunderstorm-knight-attack/225e1c1fc4303c91f4ea140f/B-A
c9cfba67422e8027405a32ff67efeef827aaea2f0151f7d5f2d39c6114e16029,vps/M-weather-preset-thunderstorm/5a9516c335227bb0b0b0907e/A-B,vps/W-factor-thunderstorm-knight-attack/a09ff29ddecdd7dd0418e221/A-B
a7af6826bbfdbc9ff0eb654ca9ba66e8d8fdee5e9e6427aeacc0df2370460217,vps/M-weather-preset-thunderstorm/5a9516c335227bb0b0b0907e/B-A,vps/W-factor-thunderstorm-knight-attack/a09ff29ddecdd7dd0418e221/B-A
e61af638d5bf24d1c10c1df255d4eebd378684289d68ca4bf88b67797d70c339,vps/M-weather-preset-thunderstorm/111c864b135d9bab880d9de0/A-B,vps/W-factor-thunderstorm-knight-attack/a958e772a9133ac7b10a079b/A-B
0b3c2ae2ac9401f2c86d40d66de440b40422b099374c732346388b96ccb6dc0a,vps/M-weather-preset-thunderstorm/111c864b135d9bab880d9de0/B-A,vps/W-factor-thunderstorm-knight-attack/a958e772a9133ac7b10a079b/B-A
bbec6228ec11609873c522c2901acf0b16a2901cca16f5b0cd43fe6115917b84,vps/W-factor-thunderstorm-knight-attack/39f6d37ddb9375f0878c9644/A-B,vps/W-factor-thunderstorm-knight-baseAccuracy/00f9b4f85368e817d87db680/A-B
2f07a70208ce871027d93b3a22eabd0ac7db31e9d1220601e711285cf3b510fe,vps/W-factor-thunderstorm-knight-attack/39f6d37ddb9375f0878c9644/B-A,vps/W-factor-thunderstorm-knight-baseAccuracy/00f9b4f85368e817d87db680/B-A
6b6d8ca6410bd51f77d13a3cad6b56e0b559d615ff680fcd80448313ddc407b5,vps/M-weather-preset-thunderstorm/0b84de22f61f30fed9f59bc5/A-B,vps/W-factor-thunderstorm-knight-baseAccuracy/274a5af31d51ae19c0b7be94/A-B
e57826abc93085efe6a795e6edf0003b5bdb7a28eefdaf171a24b38e7ae772e6,vps/M-weather-preset-thunderstorm/0b84de22f61f30fed9f59bc5/B-A,vps/W-factor-thunderstorm-knight-baseAccuracy/274a5af31d51ae19c0b7be94/B-A
345177e617d622ddca0876791cf76d98f13e7f419bb43f781925bbd2fe798e1b,vps/W-factor-thunderstorm-knight-attack/31d176fec2dd1c248f5419a0/A-B,vps/W-factor-thunderstorm-knight-baseAccuracy/3423cc468831f3d6356ecd43/A-B
04afa494fc8f2ba2c21591ee73c6396f24a136012e45fdb697ef611fa71eece4,vps/W-factor-thunderstorm-knight-attack/31d176fec2dd1c248f5419a0/B-A,vps/W-factor-thunderstorm-knight-baseAccuracy/3423cc468831f3d6356ecd43/B-A
f1bf4825e1c1bb1bc996f61905222168f9fcb33841424c987c98a6825fd2c278,vps/W-factor-thunderstorm-knight-attack/37e100095cb709ed516d96e3/A-B,vps/W-factor-thunderstorm-knight-baseAccuracy/52bbee9af9b793f135d90c02/A-B
2272ae355102b9124a7523e46f0d38bd162fad74071b965c41cdb90a9e974b7a,vps/W-factor-thunderstorm-knight-attack/37e100095cb709ed516d96e3/B-A,vps/W-factor-thunderstorm-knight-baseAccuracy/52bbee9af9b793f135d90c02/B-A
c9cfba67422e8027405a32ff67efeef827aaea2f0151f7d5f2d39c6114e16029,vps/M-weather-preset-thunderstorm/5a9516c335227bb0b0b0907e/A-B,vps/W-factor-thunderstorm-knight-baseAccuracy/5ee4285acca155f3507b9c47/A-B
a7af6826bbfdbc9ff0eb654ca9ba66e8d8fdee5e9e6427aeacc0df2370460217,vps/M-weather-preset-thunderstorm/5a9516c335227bb0b0b0907e/B-A,vps/W-factor-thunderstorm-knight-baseAccuracy/5ee4285acca155f3507b9c47/B-A
066a5223b2a842313c9080a1b9bdba311deb718d4afe58ea019358e8a2ea6993,vps/W-factor-thunderstorm-knight-attack/db45b2fa2f33e412d2193951/A-B,vps/W-factor-thunderstorm-knight-baseAccuracy/60fd31f63d597d40166da020/A-B
58af16fd66c3789054aad16d50b2daadcad514c0732ee60b250d02d87a2555cd,vps/W-factor-thunderstorm-knight-attack/db45b2fa2f33e412d2193951/B-A,vps/W-factor-thunderstorm-knight-baseAccuracy/60fd31f63d597d40166da020/B-A
314fee628e5439d1714dbfad9a4380a4c46f2846e7cbd9a8ef7e73912ef1c7c5,vps/W-factor-thunderstorm-knight-attack/098cdf6de4881d3f95bb2d00/A-B,vps/W-factor-thunderstorm-knight-baseAccuracy/8c129439acca8274ce7e13e9/A-B
3eceb4d3799efbea4188ee9dc11b1032a0f68c0f357e42cdf98cb72784cc9cfe,vps/W-factor-thunderstorm-knight-attack/098cdf6de4881d3f95bb2d00/B-A,vps/W-factor-thunderstorm-knight-baseAccuracy/8c129439acca8274ce7e13e9/B-A
e61af638d5bf24d1c10c1df255d4eebd378684289d68ca4bf88b67797d70c339,vps/M-weather-preset-thunderstorm/111c864b135d9bab880d9de0/A-B,vps/W-factor-thunderstorm-knight-baseAccuracy/958f0a72ad8c6a25f3a98b95/A-B
0b3c2ae2ac9401f2c86d40d66de440b40422b099374c732346388b96ccb6dc0a,vps/M-weather-preset-thunderstorm/111c864b135d9bab880d9de0/B-A,vps/W-factor-thunderstorm-knight-baseAccuracy/958f0a72ad8c6a25f3a98b95/B-A
773edfae38414e741b14fd7b0887d25cf9c90d45a73e8ddde2685a4a7a5c36ad,vps/W-factor-thunderstorm-knight-attack/ba403a23ed53c32df0e42604/A-B,vps/W-factor-thunderstorm-knight-baseAccuracy/c4c398254933c5c1dae548e3/A-B
5fc982a0717eab9fcf5b356625de916bbb4567639d8e87e6cf7fad375218e921,vps/W-factor-thunderstorm-knight-attack/ba403a23ed53c32df0e42604/B-A,vps/W-factor-thunderstorm-knight-baseAccuracy/c4c398254933c5c1dae548e3/B-A
a96d258f592317076281758009e9502e29dc569f0233dba488451a075b62822d,vps/W-factor-thunderstorm-knight-attack/6cc0705df8d31fcd17c57c4d/A-B,vps/W-factor-thunderstorm-knight-baseAccuracy/ee920c9c27e22d6d02dd035d/A-B
60d711c24fb1a876caf87d46485f5a0011f428b9e4db66d14d58d6f01aecf56b,vps/W-factor-thunderstorm-knight-attack/6cc0705df8d31fcd17c57c4d/B-A,vps/W-factor-thunderstorm-knight-baseAccuracy/ee920c9c27e22d6d02dd035d/B-A
f6063902259280e989d233c5de25cc2bcf7fca9114c0eb22f4c6dc95c7d8b732,vps/W-factor-thunderstorm-knight-attack/26908dba205e975c1a251fb9/A-B,vps/W-factor-thunderstorm-knight-baseAccuracy/f796e75023345e63ce9155c7/A-B
b88b9a0f73b99bf8e471805e033d6f3d58f3341109b45dac2ebdd25d66d23b41,vps/W-factor-thunderstorm-knight-attack/26908dba205e975c1a251fb9/B-A,vps/W-factor-thunderstorm-knight-baseAccuracy/f796e75023345e63ce9155c7/B-A
8b3db8bdf4b02504912a15be0a348c2ec3f77ccdaebd8505b8334473f95a9b73,vps/W-factor-thunderstorm-knight-attack/efff624f38048bbbee35c86b/A-B,vps/W-factor-thunderstorm-knight-baseAccuracy/fd8e99e2a97a5b77b3cb81d6/A-B
a2efa7604f50c0865d4d2e463da2c5b10925791191221dff656144fc6ab2d1b9,vps/W-factor-thunderstorm-knight-attack/efff624f38048bbbee35c86b/B-A,vps/W-factor-thunderstorm-knight-baseAccuracy/fd8e99e2a97a5b77b3cb81d6/B-A
465ecaaad0ea44cc74ad01bfbb1ce7b3db1a52e8562ec4fa775a2d802e58d3bb,vps/M-weather-preset-thunderstorm/ef5a683afd525f1c92974cb1/A-B,vps/W-factor-thunderstorm-soldier-attack/0db2b55b26824dc25a36486d/A-B
8f58a81b749d752b9807974446cd4fb9b4760245901913fd281c368f7784e07a,vps/M-weather-preset-thunderstorm/ef5a683afd525f1c92974cb1/B-A,vps/W-factor-thunderstorm-soldier-attack/0db2b55b26824dc25a36486d/B-A
a3e8912f07232f91350baf2cc23abd62ee639b9ab2808ad4fe4c07f6e5d5ef59,vps/M-weather-preset-thunderstorm/4e15bd7caa4e6812eac99dfe/A-B,vps/W-factor-thunderstorm-soldier-attack/2c8f0c796185821ef3a959e1/A-B
49619adcc1938002fa23258024b2d6d37d3301883d1dc255ba023aff03566e4b,vps/M-weather-preset-thunderstorm/4e15bd7caa4e6812eac99dfe/B-A,vps/W-factor-thunderstorm-soldier-attack/2c8f0c796185821ef3a959e1/B-A
31c87180b39a7013b0f703e774b68954c41e2fa6ce2ad166e23fe8c79f0c1d37,vps/M-weather-preset-thunderstorm/c86cfa3411f3fba6e64a3b01/A-B,vps/W-factor-thunderstorm-soldier-attack/34c98e154ac04ad7d91397fd/A-B
dfaad3e65f6e00177a2be710b1eb41f35f198385d7b432550b8bb9b362c95b68,vps/M-weather-preset-thunderstorm/c86cfa3411f3fba6e64a3b01/B-A,vps/W-factor-thunderstorm-soldier-attack/34c98e154ac04ad7d91397fd/B-A
923cf806e7708507c901691f4ac13b42e9bf848725aea48d6dc7948e17c46fb8,vps/M-weather-preset-thunderstorm/45f3d996c58cf1088c2d4cda/A-B,vps/W-factor-thunderstorm-soldier-attack/415ba7e903b6d6108511c507/A-B
3e0c778b23c2162614c521bca8056a2339d0bcc0497ad728f2daf84af4d171c6,vps/M-weather-preset-thunderstorm/45f3d996c58cf1088c2d4cda/B-A,vps/W-factor-thunderstorm-soldier-attack/415ba7e903b6d6108511c507/B-A
784bbf28101ffd03d3c7d2d5b8a4e75097320778bf69def7d48557acf5668fb6,vps/M-weather-preset-thunderstorm/2d0ba6186e6cad234ec09d99/A-B,vps/W-factor-thunderstorm-soldier-attack/4845fec7003cc47b060d9838/A-B
31145fd93fd9e1fbc30110840783f6480ed69c13c6b2e4a29a5867b4caf45442,vps/M-weather-preset-thunderstorm/2d0ba6186e6cad234ec09d99/B-A,vps/W-factor-thunderstorm-soldier-attack/4845fec7003cc47b060d9838/B-A
91b98e9ad6aad5513329ac1f868440e10e4ccbe22053802931441313b437e891,vps/M-weather-preset-thunderstorm/ea8ed7631381638b9ab98d85/A-B,vps/W-factor-thunderstorm-soldier-attack/51507123c7ae8b2c35ae9b54/A-B
992624d6d7f11aca734031c0a4610d443da7c3281a4b76d8ddb7e30b087f32b1,vps/M-weather-preset-thunderstorm/ea8ed7631381638b9ab98d85/B-A,vps/W-factor-thunderstorm-soldier-attack/51507123c7ae8b2c35ae9b54/B-A
b1c4997b79c29e768d41578817ae764aeb92bcfc5e2a49afe30be3fdf2e5b995,vps/M-weather-preset-thunderstorm/86daeca76ef080a17977d5d4/A-B,vps/W-factor-thunderstorm-soldier-attack/82178a1f98bc5ec41be8c133/A-B
0cbf5290a10427300ae93f8f60401140b457070fdb1e8b627f29954410783a5c,vps/M-weather-preset-thunderstorm/86daeca76ef080a17977d5d4/B-A,vps/W-factor-thunderstorm-soldier-attack/82178a1f98bc5ec41be8c133/B-A
00f97bca9870e3b7138b3acf9f329f581df6e0d2cf38c095cda3c70c19a41967,vps/M-weather-preset-thunderstorm/7f90ae4fc8d041e56a89ba9b/A-B,vps/W-factor-thunderstorm-soldier-attack/864a571f41c436703f652a38/A-B
c87d7c541b1a0e4b23c4b4377181a311ef808d7ca9d597cca74aa36c5de06cf8,vps/M-weather-preset-thunderstorm/7f90ae4fc8d041e56a89ba9b/B-A,vps/W-factor-thunderstorm-soldier-attack/864a571f41c436703f652a38/B-A
628d379ec9eadc23aad1e18a1e048ff3c55ba717ebb2f3f614880cd4f29255bf,vps/M-weather-preset-thunderstorm/5da6f783c334059cf4e56f7e/A-B,vps/W-factor-thunderstorm-soldier-attack/c67b73ab41796eaa75f11952/A-B
0ff197aac1cb0a6c2e80438d5ef3291d25f73d19ee748dc079de013b722ded82,vps/M-weather-preset-thunderstorm/5da6f783c334059cf4e56f7e/B-A,vps/W-factor-thunderstorm-soldier-attack/c67b73ab41796eaa75f11952/B-A
b7fb12195e8c1431866c3c82e57a8520e91dafcc2bef093bd021bb56c55eb540,vps/M-weather-preset-thunderstorm/60a3c2d1dba41e2b7bd43a5f/A-B,vps/W-factor-thunderstorm-soldier-attack/d2d9627657939fb9a6cd4593/A-B
d422c299a8a2172e0554606b523e88c8c4b5be5385284a209a16727da217e35e,vps/M-weather-preset-thunderstorm/60a3c2d1dba41e2b7bd43a5f/B-A,vps/W-factor-thunderstorm-soldier-attack/d2d9627657939fb9a6cd4593/B-A
48bd2554bc678ba50c95e59b038893b5de11e24b0bc6567f45e5ae9aeda66a9f,vps/M-weather-preset-thunderstorm/8660202bcc85901b8efe8059/A-B,vps/W-factor-thunderstorm-soldier-attack/d56a79238d1346555eda7056/A-B
d396a2a2db4c5f05e65c076d0c7976e281f3410a517e4593cecd8278def7915c,vps/M-weather-preset-thunderstorm/8660202bcc85901b8efe8059/B-A,vps/W-factor-thunderstorm-soldier-attack/d56a79238d1346555eda7056/B-A
908234753c88aced64a6c326582d39cdd7084ae61ee9778f2c57b72f67510673,vps/M-weather-preset-thunderstorm/fd2cf7e5c0931dd6969729ce/A-B,vps/W-factor-thunderstorm-soldier-attack/f0a0d150901f204a5265c552/A-B
4e339da3d6b2f635f83adcec1f7e149e7eea86feb80f3f77b2e575b4b13bb1d7,vps/M-weather-preset-thunderstorm/fd2cf7e5c0931dd6969729ce/B-A,vps/W-factor-thunderstorm-soldier-attack/f0a0d150901f204a5265c552/B-A
465ecaaad0ea44cc74ad01bfbb1ce7b3db1a52e8562ec4fa775a2d802e58d3bb,vps/M-weather-preset-thunderstorm/ef5a683afd525f1c92974cb1/A-B,vps/W-factor-thunderstorm-soldier-baseAccuracy/06720f89175ff5e856b01912/A-B
8f58a81b749d752b9807974446cd4fb9b4760245901913fd281c368f7784e07a,vps/M-weather-preset-thunderstorm/ef5a683afd525f1c92974cb1/B-A,vps/W-factor-thunderstorm-soldier-baseAccuracy/06720f89175ff5e856b01912/B-A
00f97bca9870e3b7138b3acf9f329f581df6e0d2cf38c095cda3c70c19a41967,vps/M-weather-preset-thunderstorm/7f90ae4fc8d041e56a89ba9b/A-B,vps/W-factor-thunderstorm-soldier-baseAccuracy/232511c10603ced39e62f032/A-B
c87d7c541b1a0e4b23c4b4377181a311ef808d7ca9d597cca74aa36c5de06cf8,vps/M-weather-preset-thunderstorm/7f90ae4fc8d041e56a89ba9b/B-A,vps/W-factor-thunderstorm-soldier-baseAccuracy/232511c10603ced39e62f032/B-A
a3e8912f07232f91350baf2cc23abd62ee639b9ab2808ad4fe4c07f6e5d5ef59,vps/M-weather-preset-thunderstorm/4e15bd7caa4e6812eac99dfe/A-B,vps/W-factor-thunderstorm-soldier-baseAccuracy/25754cf0f73971a0d71b9cd2/A-B
49619adcc1938002fa23258024b2d6d37d3301883d1dc255ba023aff03566e4b,vps/M-weather-preset-thunderstorm/4e15bd7caa4e6812eac99dfe/B-A,vps/W-factor-thunderstorm-soldier-baseAccuracy/25754cf0f73971a0d71b9cd2/B-A
91b98e9ad6aad5513329ac1f868440e10e4ccbe22053802931441313b437e891,vps/M-weather-preset-thunderstorm/ea8ed7631381638b9ab98d85/A-B,vps/W-factor-thunderstorm-soldier-baseAccuracy/4de2903ac5b8ca2e905df589/A-B
992624d6d7f11aca734031c0a4610d443da7c3281a4b76d8ddb7e30b087f32b1,vps/M-weather-preset-thunderstorm/ea8ed7631381638b9ab98d85/B-A,vps/W-factor-thunderstorm-soldier-baseAccuracy/4de2903ac5b8ca2e905df589/B-A
b7fb12195e8c1431866c3c82e57a8520e91dafcc2bef093bd021bb56c55eb540,vps/M-weather-preset-thunderstorm/60a3c2d1dba41e2b7bd43a5f/A-B,vps/W-factor-thunderstorm-soldier-baseAccuracy/770abc9e233509a129b67c9a/A-B
d422c299a8a2172e0554606b523e88c8c4b5be5385284a209a16727da217e35e,vps/M-weather-preset-thunderstorm/60a3c2d1dba41e2b7bd43a5f/B-A,vps/W-factor-thunderstorm-soldier-baseAccuracy/770abc9e233509a129b67c9a/B-A
908234753c88aced64a6c326582d39cdd7084ae61ee9778f2c57b72f67510673,vps/M-weather-preset-thunderstorm/fd2cf7e5c0931dd6969729ce/A-B,vps/W-factor-thunderstorm-soldier-baseAccuracy/865fe6bfce5b6e54a5a0c226/A-B
4e339da3d6b2f635f83adcec1f7e149e7eea86feb80f3f77b2e575b4b13bb1d7,vps/M-weather-preset-thunderstorm/fd2cf7e5c0931dd6969729ce/B-A,vps/W-factor-thunderstorm-soldier-baseAccuracy/865fe6bfce5b6e54a5a0c226/B-A
923cf806e7708507c901691f4ac13b42e9bf848725aea48d6dc7948e17c46fb8,vps/M-weather-preset-thunderstorm/45f3d996c58cf1088c2d4cda/A-B,vps/W-factor-thunderstorm-soldier-baseAccuracy/c272e1645e633d1b86e33705/A-B
3e0c778b23c2162614c521bca8056a2339d0bcc0497ad728f2daf84af4d171c6,vps/M-weather-preset-thunderstorm/45f3d996c58cf1088c2d4cda/B-A,vps/W-factor-thunderstorm-soldier-baseAccuracy/c272e1645e633d1b86e33705/B-A
48bd2554bc678ba50c95e59b038893b5de11e24b0bc6567f45e5ae9aeda66a9f,vps/M-weather-preset-thunderstorm/8660202bcc85901b8efe8059/A-B,vps/W-factor-thunderstorm-soldier-baseAccuracy/c39de2a5d2a1cd1e301cbae1/A-B
d396a2a2db4c5f05e65c076d0c7976e281f3410a517e4593cecd8278def7915c,vps/M-weather-preset-thunderstorm/8660202bcc85901b8efe8059/B-A,vps/W-factor-thunderstorm-soldier-baseAccuracy/c39de2a5d2a1cd1e301cbae1/B-A
b1c4997b79c29e768d41578817ae764aeb92bcfc5e2a49afe30be3fdf2e5b995,vps/M-weather-preset-thunderstorm/86daeca76ef080a17977d5d4/A-B,vps/W-factor-thunderstorm-soldier-baseAccuracy/cab650992a72315b05df6e9e/A-B
0cbf5290a10427300ae93f8f60401140b457070fdb1e8b627f29954410783a5c,vps/M-weather-preset-thunderstorm/86daeca76ef080a17977d5d4/B-A,vps/W-factor-thunderstorm-soldier-baseAccuracy/cab650992a72315b05df6e9e/B-A
784bbf28101ffd03d3c7d2d5b8a4e75097320778bf69def7d48557acf5668fb6,vps/M-weather-preset-thunderstorm/2d0ba6186e6cad234ec09d99/A-B,vps/W-factor-thunderstorm-soldier-baseAccuracy/cd794cdbe88da3803911ead7/A-B
31145fd93fd9e1fbc30110840783f6480ed69c13c6b2e4a29a5867b4caf45442,vps/M-weather-preset-thunderstorm/2d0ba6186e6cad234ec09d99/B-A,vps/W-factor-thunderstorm-soldier-baseAccuracy/cd794cdbe88da3803911ead7/B-A
628d379ec9eadc23aad1e18a1e048ff3c55ba717ebb2f3f614880cd4f29255bf,vps/M-weather-preset-thunderstorm/5da6f783c334059cf4e56f7e/A-B,vps/W-factor-thunderstorm-soldier-baseAccuracy/cf6d3a6cd23700cad32047e9/A-B
0ff197aac1cb0a6c2e80438d5ef3291d25f73d19ee748dc079de013b722ded82,vps/M-weather-preset-thunderstorm/5da6f783c334059cf4e56f7e/B-A,vps/W-factor-thunderstorm-soldier-baseAccuracy/cf6d3a6cd23700cad32047e9/B-A
31c87180b39a7013b0f703e774b68954c41e2fa6ce2ad166e23fe8c79f0c1d37,vps/M-weather-preset-thunderstorm/c86cfa3411f3fba6e64a3b01/A-B,vps/W-factor-thunderstorm-soldier-baseAccuracy/ee54a953970100ac13107957/A-B
dfaad3e65f6e00177a2be710b1eb41f35f198385d7b432550b8bb9b362c95b68,vps/M-weather-preset-thunderstorm/c86cfa3411f3fba6e64a3b01/B-A,vps/W-factor-thunderstorm-soldier-baseAccuracy/ee54a953970100ac13107957/B-A
d23e128d5c15321a63cf734ac90c2b1e1d86afb984dec97ab8454de965523b3b,vps/M-weather-preset-thunderstorm/bbc820c7dcf0d47c89fb3877/A-B,vps/W-factor-thunderstorm-spearman-attack/3e98af573db8a1db8d5e909f/A-B
339cbc6d68efa48654350cb4d90efb0d7cac755d0cd62a22e71a7352dba6fede,vps/M-weather-preset-thunderstorm/bbc820c7dcf0d47c89fb3877/B-A,vps/W-factor-thunderstorm-spearman-attack/3e98af573db8a1db8d5e909f/B-A
8194abffe7114a2701a0694f708cb582363bb37cdcff03f14a8810519e2804a6,vps/M-weather-preset-thunderstorm/2ace86800aa47f1f11d1f08f/A-B,vps/W-factor-thunderstorm-spearman-attack/6b64f1944c7497ef46d4270c/A-B
7142783292691efb0d06af5ba6e8b882872b9755bbd188a6780262b88490a8b1,vps/M-weather-preset-thunderstorm/2ace86800aa47f1f11d1f08f/B-A,vps/W-factor-thunderstorm-spearman-attack/6b64f1944c7497ef46d4270c/B-A
9370ce7c36cf5d5d768b2d432d7315d32b7828ebbdf72199bbdc488692eaa214,vps/M-weather-preset-thunderstorm/bdc19e781692fad394589b69/A-B,vps/W-factor-thunderstorm-spearman-attack/6bfe5c0316acefdf85a51925/A-B
a89f29159a6805200871e162d5112031b0c850105608f33f55c07189a0aa9ac0,vps/M-weather-preset-thunderstorm/bdc19e781692fad394589b69/B-A,vps/W-factor-thunderstorm-spearman-attack/6bfe5c0316acefdf85a51925/B-A
4454b04df82951343754af0d058078dce579dfb7c94fba9e900bdb7cacd3b771,vps/M-weather-preset-thunderstorm/b8f9301a430f37d854136ee1/A-B,vps/W-factor-thunderstorm-spearman-attack/8527a7c718617dae107a8627/A-B
49f9aeba5b553571c9d076ee3303e605420432253e2f6d8410f08e39870e27fc,vps/M-weather-preset-thunderstorm/b8f9301a430f37d854136ee1/B-A,vps/W-factor-thunderstorm-spearman-attack/8527a7c718617dae107a8627/B-A
da3bf61ef81b293e15d770048cb847c48ea43c306a19a7676f60e9cd13f7488b,vps/M-weather-preset-thunderstorm/8677d1763bc9ccc8ac6a64f9/A-B,vps/W-factor-thunderstorm-spearman-attack/9053079ad992c1d35cad6a87/A-B
4c5d12af0fa018215e19f887d0dd84ce2e72d55f7c663b41c9859b4a652cb5f0,vps/M-weather-preset-thunderstorm/8677d1763bc9ccc8ac6a64f9/B-A,vps/W-factor-thunderstorm-spearman-attack/9053079ad992c1d35cad6a87/B-A
77f6089de874ecf2026cc88889cfc450b28b2405021d123ad6c20909d17c7c8c,vps/M-weather-preset-thunderstorm/6e8825c422b9431f3f560237/A-B,vps/W-factor-thunderstorm-spearman-attack/a4edf7f011f050db6f6920e5/A-B
a0bef1ce67aac22db5f4a8b38e00cd98a08c74c005b50d34b14d2ee5cbb353d6,vps/M-weather-preset-thunderstorm/6e8825c422b9431f3f560237/B-A,vps/W-factor-thunderstorm-spearman-attack/a4edf7f011f050db6f6920e5/B-A
dbb8517e7b6eb1f2737d8e432cfcca41ef978b8cfdbcb3e051adc8c893b2c633,vps/M-weather-preset-thunderstorm/a8174f2bfb059bc4dcecf494/A-B,vps/W-factor-thunderstorm-spearman-attack/b895b0749d6e01dc3c3d6675/A-B
ab7b560be6b0f1205a9300c2c0de049750ac66813cd4985260cabebdfa8a4d32,vps/M-weather-preset-thunderstorm/a8174f2bfb059bc4dcecf494/B-A,vps/W-factor-thunderstorm-spearman-attack/b895b0749d6e01dc3c3d6675/B-A
1281c18921d8a0d9ee486d48f8146830006a6f9f73b9cd8fc37b6a6fbb832ebe,vps/M-weather-preset-thunderstorm/aaca6f9f770fc3c5349fdafe/A-B,vps/W-factor-thunderstorm-spearman-attack/cd4aca03fa5bd5db85dc7967/A-B
49d632fc06f5272c7873ed3100cbe3e8be4ce6be2c2ab486828cea8a8aee129f,vps/M-weather-preset-thunderstorm/aaca6f9f770fc3c5349fdafe/B-A,vps/W-factor-thunderstorm-spearman-attack/cd4aca03fa5bd5db85dc7967/B-A
c771f80fc320b27aa3d1e5b97209e2468b318dfc0840784d82627bbf930955c2,vps/M-weather-preset-thunderstorm/2c3162af0456a24c10caf6fd/A-B,vps/W-factor-thunderstorm-spearman-attack/e703477dd9136ecc5a9a5fb7/A-B
1d0f78ae6bc8c4338abeb23d32c7f3f5fbadfc689bd3d88a6ead9743df606fc9,vps/M-weather-preset-thunderstorm/2c3162af0456a24c10caf6fd/B-A,vps/W-factor-thunderstorm-spearman-attack/e703477dd9136ecc5a9a5fb7/B-A
77f6089de874ecf2026cc88889cfc450b28b2405021d123ad6c20909d17c7c8c,vps/M-weather-preset-thunderstorm/6e8825c422b9431f3f560237/A-B,vps/W-factor-thunderstorm-spearman-baseAccuracy/11335d26b71dfd5ec7c3b8c1/A-B
a0bef1ce67aac22db5f4a8b38e00cd98a08c74c005b50d34b14d2ee5cbb353d6,vps/M-weather-preset-thunderstorm/6e8825c422b9431f3f560237/B-A,vps/W-factor-thunderstorm-spearman-baseAccuracy/11335d26b71dfd5ec7c3b8c1/B-A
1281c18921d8a0d9ee486d48f8146830006a6f9f73b9cd8fc37b6a6fbb832ebe,vps/M-weather-preset-thunderstorm/aaca6f9f770fc3c5349fdafe/A-B,vps/W-factor-thunderstorm-spearman-baseAccuracy/4ce5ed145784e588d6609162/A-B
49d632fc06f5272c7873ed3100cbe3e8be4ce6be2c2ab486828cea8a8aee129f,vps/M-weather-preset-thunderstorm/aaca6f9f770fc3c5349fdafe/B-A,vps/W-factor-thunderstorm-spearman-baseAccuracy/4ce5ed145784e588d6609162/B-A
d23e128d5c15321a63cf734ac90c2b1e1d86afb984dec97ab8454de965523b3b,vps/M-weather-preset-thunderstorm/bbc820c7dcf0d47c89fb3877/A-B,vps/W-factor-thunderstorm-spearman-baseAccuracy/4d1f187134f053135d6e6509/A-B
339cbc6d68efa48654350cb4d90efb0d7cac755d0cd62a22e71a7352dba6fede,vps/M-weather-preset-thunderstorm/bbc820c7dcf0d47c89fb3877/B-A,vps/W-factor-thunderstorm-spearman-baseAccuracy/4d1f187134f053135d6e6509/B-A
c771f80fc320b27aa3d1e5b97209e2468b318dfc0840784d82627bbf930955c2,vps/M-weather-preset-thunderstorm/2c3162af0456a24c10caf6fd/A-B,vps/W-factor-thunderstorm-spearman-baseAccuracy/505512a6a51c8d1551cbb179/A-B
1d0f78ae6bc8c4338abeb23d32c7f3f5fbadfc689bd3d88a6ead9743df606fc9,vps/M-weather-preset-thunderstorm/2c3162af0456a24c10caf6fd/B-A,vps/W-factor-thunderstorm-spearman-baseAccuracy/505512a6a51c8d1551cbb179/B-A
dbb8517e7b6eb1f2737d8e432cfcca41ef978b8cfdbcb3e051adc8c893b2c633,vps/M-weather-preset-thunderstorm/a8174f2bfb059bc4dcecf494/A-B,vps/W-factor-thunderstorm-spearman-baseAccuracy/5513a84072754353e4f3e85d/A-B
ab7b560be6b0f1205a9300c2c0de049750ac66813cd4985260cabebdfa8a4d32,vps/M-weather-preset-thunderstorm/a8174f2bfb059bc4dcecf494/B-A,vps/W-factor-thunderstorm-spearman-baseAccuracy/5513a84072754353e4f3e85d/B-A
f7dd113af8f84095b3d67ca5fc78218c650fabc9369291347a8cfa966712ddfc,vps/W-factor-thunderstorm-spearman-attack/a5c5bc24feeb25098cea7d58/A-B,vps/W-factor-thunderstorm-spearman-baseAccuracy/6962d526e8a35492c1f7e003/A-B
446307858a9427836b98456db0962d5f5db769dc8c028307896a1ed9a2f62fc0,vps/W-factor-thunderstorm-spearman-attack/a5c5bc24feeb25098cea7d58/B-A,vps/W-factor-thunderstorm-spearman-baseAccuracy/6962d526e8a35492c1f7e003/B-A
da3bf61ef81b293e15d770048cb847c48ea43c306a19a7676f60e9cd13f7488b,vps/M-weather-preset-thunderstorm/8677d1763bc9ccc8ac6a64f9/A-B,vps/W-factor-thunderstorm-spearman-baseAccuracy/7c5964c79fc72fc2425debb0/A-B
4c5d12af0fa018215e19f887d0dd84ce2e72d55f7c663b41c9859b4a652cb5f0,vps/M-weather-preset-thunderstorm/8677d1763bc9ccc8ac6a64f9/B-A,vps/W-factor-thunderstorm-spearman-baseAccuracy/7c5964c79fc72fc2425debb0/B-A
8194abffe7114a2701a0694f708cb582363bb37cdcff03f14a8810519e2804a6,vps/M-weather-preset-thunderstorm/2ace86800aa47f1f11d1f08f/A-B,vps/W-factor-thunderstorm-spearman-baseAccuracy/8a096656880008fe63d725f5/A-B
7142783292691efb0d06af5ba6e8b882872b9755bbd188a6780262b88490a8b1,vps/M-weather-preset-thunderstorm/2ace86800aa47f1f11d1f08f/B-A,vps/W-factor-thunderstorm-spearman-baseAccuracy/8a096656880008fe63d725f5/B-A
9370ce7c36cf5d5d768b2d432d7315d32b7828ebbdf72199bbdc488692eaa214,vps/M-weather-preset-thunderstorm/bdc19e781692fad394589b69/A-B,vps/W-factor-thunderstorm-spearman-baseAccuracy/9995bdd4d7ef59ee923d0ecc/A-B
a89f29159a6805200871e162d5112031b0c850105608f33f55c07189a0aa9ac0,vps/M-weather-preset-thunderstorm/bdc19e781692fad394589b69/B-A,vps/W-factor-thunderstorm-spearman-baseAccuracy/9995bdd4d7ef59ee923d0ecc/B-A
4454b04df82951343754af0d058078dce579dfb7c94fba9e900bdb7cacd3b771,vps/M-weather-preset-thunderstorm/b8f9301a430f37d854136ee1/A-B,vps/W-factor-thunderstorm-spearman-baseAccuracy/b7f438d85bfb4684629cd711/A-B
49f9aeba5b553571c9d076ee3303e605420432253e2f6d8410f08e39870e27fc,vps/M-weather-preset-thunderstorm/b8f9301a430f37d854136ee1/B-A,vps/W-factor-thunderstorm-spearman-baseAccuracy/b7f438d85bfb4684629cd711/B-A
15a839fde6ef99da38e558c8a02a1eb4e74bfe8d3ccbc0aeac5c689cbbde9405,vps/W-factor-thunderstorm-spearman-attack/e2ce608002c3d989bb94e53f/A-B,vps/W-factor-thunderstorm-spearman-baseAccuracy/bdc260cea4e1d5068eb2cc77/A-B
79fb95d7cef4327a030b10b82179764790bd020e6e29918d93a142af9e9f1eb8,vps/W-factor-thunderstorm-spearman-attack/e2ce608002c3d989bb94e53f/B-A,vps/W-factor-thunderstorm-spearman-baseAccuracy/bdc260cea4e1d5068eb2cc77/B-A
a15cabcc6530da667f782a4d9951d4f7591241efd0e8d218d632536aedda1fd5,vps/W-factor-thunderstorm-spearman-attack/4a14f8e06e8d75bd173687d0/A-B,vps/W-factor-thunderstorm-spearman-baseAccuracy/f3e3278455cc34fcbcc3b8d9/A-B
8903ca2503388134b5223a1e6411cf8a2a8b1a79b199ad60aafc3bfd907dcc7f,vps/W-factor-thunderstorm-spearman-attack/4a14f8e06e8d75bd173687d0/B-A,vps/W-factor-thunderstorm-spearman-baseAccuracy/f3e3278455cc34fcbcc3b8d9/B-A
005ccdafa6a1e50e721dfbd8d707a4e2b793ba0e29a8843da803f3bc63cfd49e,vps/M-weather-preset-wind/c634ea50bec6c7f9fd16331f/A-B,vps/W-factor-wind-archer-attack/2bb4ca2bf2556d08e2040e5a/A-B
96f5ff99b3c7cb7b870e7c4d7fbd912c9769b1173567a19218cece0dce6e9ca5,vps/M-weather-preset-wind/c634ea50bec6c7f9fd16331f/B-A,vps/W-factor-wind-archer-attack/2bb4ca2bf2556d08e2040e5a/B-A
45b3190ac7da54dbfc65f7cbec1f2b8ffa0d23d9acf82ac76eb319c3444c5e47,vps/M-weather-preset-wind/7c95b94c11025f57e82f4de6/A-B,vps/W-factor-wind-archer-attack/315b63f75879dc5b205312c2/A-B
d9b2e23e262e4e40b0055f48f5bcc5036561f3144bc197d4a82a2364670a23c7,vps/M-weather-preset-wind/7c95b94c11025f57e82f4de6/B-A,vps/W-factor-wind-archer-attack/315b63f75879dc5b205312c2/B-A
ca1cb149a7c09af56353f3cc0c7f975827762c46b964a96c882c045713be9e1a,vps/M-weather-preset-wind/971f9be20ce11bfde5df0368/A-B,vps/W-factor-wind-archer-attack/4e0f94dd7a64bf0ae45f9f15/A-B
a9c1b770c009b8e9aa09ab2d45f51d6b8b0aada35a1404266ff6a8697587eaa4,vps/M-weather-preset-wind/971f9be20ce11bfde5df0368/B-A,vps/W-factor-wind-archer-attack/4e0f94dd7a64bf0ae45f9f15/B-A
6bcd407cee04359d736247e19fe8739be99b9748363b0ebdbbf833b4432eb1c2,vps/M-weather-preset-wind/bfd633dd7e44ba8d107cb8f5/A-B,vps/W-factor-wind-archer-attack/534277a50d94eed1e79bc944/A-B
bcccba4ab4c879397d36aafbea954b731ac8e20ad7a6ae5064c68cc5b68e385d,vps/M-weather-preset-wind/bfd633dd7e44ba8d107cb8f5/B-A,vps/W-factor-wind-archer-attack/534277a50d94eed1e79bc944/B-A
f7beaf1ed0c4a54f560e7e4eb4e9f6ed79d66ec887e4ff8e88fad1ec30a85c0c,vps/M-weather-preset-wind/e157930ea6ee5dce0bad5c31/A-B,vps/W-factor-wind-archer-attack/e30c290c34ced2ac453c9ad1/A-B
54c040c62d0549dec191e47138f652499cce571624f72b22bd6cdfad9117c067,vps/M-weather-preset-wind/e157930ea6ee5dce0bad5c31/B-A,vps/W-factor-wind-archer-attack/e30c290c34ced2ac453c9ad1/B-A
c3728b408c1d1bcfbde42c72ff0e80dc1ca15457a5f320007f34d2ecfdbfd0d2,vps/M-weather-preset-wind/b6631a1ad1b77af7d7f8aa20/A-B,vps/W-factor-wind-archer-attack/f74e805a5d2086f9131defd5/A-B
6aa8f82bd13b5394c351d48cdf2741898441cbc6d48293b014678ae10b92d463,vps/M-weather-preset-wind/b6631a1ad1b77af7d7f8aa20/B-A,vps/W-factor-wind-archer-attack/f74e805a5d2086f9131defd5/B-A
1ac929c141f5e39d0b72d0efc4193f274eefc0ccb5c298e8830340ef2a42f32e,vps/W-factor-wind-archer-attack/3babbf5ef1d7fa57fe6ee654/A-B,vps/W-factor-wind-archer-baseAccuracy/5688dbb1390b73f4fe8e1bb7/A-B
a314c6be5202d4fbb15d7f60d5fbb7b8f8f1261c5e97942faab6af4fdb5e04a0,vps/W-factor-wind-archer-attack/3babbf5ef1d7fa57fe6ee654/B-A,vps/W-factor-wind-archer-baseAccuracy/5688dbb1390b73f4fe8e1bb7/B-A
ca1cb149a7c09af56353f3cc0c7f975827762c46b964a96c882c045713be9e1a,vps/M-weather-preset-wind/971f9be20ce11bfde5df0368/A-B,vps/W-factor-wind-archer-baseAccuracy/613bf3780728b4b26536d1e1/A-B
a9c1b770c009b8e9aa09ab2d45f51d6b8b0aada35a1404266ff6a8697587eaa4,vps/M-weather-preset-wind/971f9be20ce11bfde5df0368/B-A,vps/W-factor-wind-archer-baseAccuracy/613bf3780728b4b26536d1e1/B-A
01b850adc77bde56d2b4ec39a8440e00ff31b478b38d464399ba426f6260d85b,vps/W-factor-wind-archer-attack/ac64cf5aa983793bc2f89d3f/A-B,vps/W-factor-wind-archer-baseAccuracy/6f4431f8f9d5713a6d1751c4/A-B
c913fdd12ad5e4995245c28d5bd1fca4500087299e7a435dbc16a7919f625343,vps/W-factor-wind-archer-attack/ac64cf5aa983793bc2f89d3f/B-A,vps/W-factor-wind-archer-baseAccuracy/6f4431f8f9d5713a6d1751c4/B-A
d6ec44b88c5292dd7d0e3d152047f437a849c17189d937343b2e2e7cb09824d9,vps/W-factor-wind-archer-attack/ee4e6cb2351a6112e40b9947/A-B,vps/W-factor-wind-archer-baseAccuracy/74a548deeb2d732ba76457fc/A-B
0ff4ab77d73ff60406d2de4c0688c3ebb4823ba2635e2d76d6ee0c06cb8d901e,vps/W-factor-wind-archer-attack/ee4e6cb2351a6112e40b9947/B-A,vps/W-factor-wind-archer-baseAccuracy/74a548deeb2d732ba76457fc/B-A
6bcd407cee04359d736247e19fe8739be99b9748363b0ebdbbf833b4432eb1c2,vps/M-weather-preset-wind/bfd633dd7e44ba8d107cb8f5/A-B,vps/W-factor-wind-archer-baseAccuracy/78210fef9d34f07af3288ed3/A-B
bcccba4ab4c879397d36aafbea954b731ac8e20ad7a6ae5064c68cc5b68e385d,vps/M-weather-preset-wind/bfd633dd7e44ba8d107cb8f5/B-A,vps/W-factor-wind-archer-baseAccuracy/78210fef9d34f07af3288ed3/B-A
fa2bc334a5e51e4f9782165033e4c930bdb8c32d26a1c5eb562465a5f2dae1c7,vps/W-factor-wind-archer-attack/2708d3c8bb8d9065f430b9ed/A-B,vps/W-factor-wind-archer-baseAccuracy/94af06e882eddbcd696b9c84/A-B
f5eafc82c45942b1e63ef65ffb31e175a0a3a3a0dbecd6bcca7c3fe5abf672fd,vps/W-factor-wind-archer-attack/2708d3c8bb8d9065f430b9ed/B-A,vps/W-factor-wind-archer-baseAccuracy/94af06e882eddbcd696b9c84/B-A
005ccdafa6a1e50e721dfbd8d707a4e2b793ba0e29a8843da803f3bc63cfd49e,vps/M-weather-preset-wind/c634ea50bec6c7f9fd16331f/A-B,vps/W-factor-wind-archer-baseAccuracy/ae8237d7dc9bdb4d0139a5a8/A-B
96f5ff99b3c7cb7b870e7c4d7fbd912c9769b1173567a19218cece0dce6e9ca5,vps/M-weather-preset-wind/c634ea50bec6c7f9fd16331f/B-A,vps/W-factor-wind-archer-baseAccuracy/ae8237d7dc9bdb4d0139a5a8/B-A
7b38e3a723d319379e4cd040034f8d3df5cde6a7cd4c02191b7eb54519e49fcd,vps/W-factor-wind-archer-attack/600a63119604d8e00fb60b1c/A-B,vps/W-factor-wind-archer-baseAccuracy/ca7ce84fe5012733951576e3/A-B
dc4376f2ddb8eb826ea4ad3c814adf372bb3b0faa58c016854fb358f52718eff,vps/W-factor-wind-archer-attack/600a63119604d8e00fb60b1c/B-A,vps/W-factor-wind-archer-baseAccuracy/ca7ce84fe5012733951576e3/B-A
45b3190ac7da54dbfc65f7cbec1f2b8ffa0d23d9acf82ac76eb319c3444c5e47,vps/M-weather-preset-wind/7c95b94c11025f57e82f4de6/A-B,vps/W-factor-wind-archer-baseAccuracy/d89882467370e2d2fab74ddd/A-B
d9b2e23e262e4e40b0055f48f5bcc5036561f3144bc197d4a82a2364670a23c7,vps/M-weather-preset-wind/7c95b94c11025f57e82f4de6/B-A,vps/W-factor-wind-archer-baseAccuracy/d89882467370e2d2fab74ddd/B-A
02f976cf041eb11c48c9d3351eed73481fe7892ecfb669530e0a85504f11fa9c,vps/W-factor-wind-archer-attack/0c345c4b99decd17185e69ff/A-B,vps/W-factor-wind-archer-baseAccuracy/e67fb4bbc48447551e7af16b/A-B
6cd3db0ae4608fbf04e968dbbb9c7eb868241dbc26a156bb71f3032f03b08083,vps/W-factor-wind-archer-attack/0c345c4b99decd17185e69ff/B-A,vps/W-factor-wind-archer-baseAccuracy/e67fb4bbc48447551e7af16b/B-A
f7beaf1ed0c4a54f560e7e4eb4e9f6ed79d66ec887e4ff8e88fad1ec30a85c0c,vps/M-weather-preset-wind/e157930ea6ee5dce0bad5c31/A-B,vps/W-factor-wind-archer-baseAccuracy/f7163f4653f5150130cd4743/A-B
54c040c62d0549dec191e47138f652499cce571624f72b22bd6cdfad9117c067,vps/M-weather-preset-wind/e157930ea6ee5dce0bad5c31/B-A,vps/W-factor-wind-archer-baseAccuracy/f7163f4653f5150130cd4743/B-A
c3728b408c1d1bcfbde42c72ff0e80dc1ca15457a5f320007f34d2ecfdbfd0d2,vps/M-weather-preset-wind/b6631a1ad1b77af7d7f8aa20/A-B,vps/W-factor-wind-archer-baseAccuracy/fc8dfa3af818d3689a4c8655/A-B
6aa8f82bd13b5394c351d48cdf2741898441cbc6d48293b014678ae10b92d463,vps/M-weather-preset-wind/b6631a1ad1b77af7d7f8aa20/B-A,vps/W-factor-wind-archer-baseAccuracy/fc8dfa3af818d3689a4c8655/B-A
8b48ca599f5bf546f88a1d2c023e2ba791414b71e57e03d99fc2e5ba43ff00d3,vps/M-weather-preset-wind/77fdeaf7b062929ce1b993a7/A-B,vps/W-factor-wind-knight-attack/138408425f74bc8af6a8d786/A-B
52ff42dab1fcbfeaea1a6998c6c80f5a95f9708374fd1f279a179d207b99fd35,vps/M-weather-preset-wind/77fdeaf7b062929ce1b993a7/B-A,vps/W-factor-wind-knight-attack/138408425f74bc8af6a8d786/B-A
4b022a1786bfb52a7f9738db62bb0444a90db9797f444ca380b78fecd54be278,vps/M-weather-preset-wind/137c4681d1c457378fe06ba6/A-B,vps/W-factor-wind-knight-attack/7329e1e195b28ea3ac9fd24c/A-B
5f7339b476ad91c95dca37a83e46bbc4be8a74e4f4f0817706166f4d619b83e8,vps/M-weather-preset-wind/137c4681d1c457378fe06ba6/B-A,vps/W-factor-wind-knight-attack/7329e1e195b28ea3ac9fd24c/B-A
76c5d849c8cf359991f5796e5b74df13da5122fc608babd93d702819ef572b8e,vps/M-weather-preset-wind/8a29dae837b82a1db9364c06/A-B,vps/W-factor-wind-knight-attack/b04298ab7b5ffdc347db3fe6/A-B
2233f2b992bd6a5af70a01f905487de39e8b30227363adc734a90c834a93ed7c,vps/M-weather-preset-wind/8a29dae837b82a1db9364c06/B-A,vps/W-factor-wind-knight-attack/b04298ab7b5ffdc347db3fe6/B-A
c7ee0094cc4034ca7249ae743f29d2132a4aeef0dda5035db454cca562ef5d10,vps/W-factor-wind-knight-attack/027189c11925439e83cfbc3d/A-B,vps/W-factor-wind-knight-baseAccuracy/049f0145845b3803a4258e78/A-B
a1910a2af572c68288eeb9f0fce24e3bb837b82198b58fee8a7108c1583b87e9,vps/W-factor-wind-knight-attack/027189c11925439e83cfbc3d/B-A,vps/W-factor-wind-knight-baseAccuracy/049f0145845b3803a4258e78/B-A
cd73a580b6415cd33b257fbbf0419f19a3f50f90a71cfeb81e8ddcfa34e60cea,vps/W-factor-wind-knight-attack/bcc1bcc239b9c1da55f17ca2/A-B,vps/W-factor-wind-knight-baseAccuracy/10f18673a4514b425892b344/A-B
27596e4221587697704c4600e163ed93bd40b68667224a4d7faeec00b458467b,vps/W-factor-wind-knight-attack/bcc1bcc239b9c1da55f17ca2/B-A,vps/W-factor-wind-knight-baseAccuracy/10f18673a4514b425892b344/B-A
55a7e4b294b946f655d89bb842eb7411b5383f316523152b36cd37de8db5a145,vps/W-factor-wind-knight-attack/d7af43b8813cc5172ce16ef6/A-B,vps/W-factor-wind-knight-baseAccuracy/43a9e77e32938af5be670fe0/A-B
bbc48450f839b04ac6fcfce0249e853d61154179896e120a5c8c3d5d10280cb0,vps/W-factor-wind-knight-attack/d7af43b8813cc5172ce16ef6/B-A,vps/W-factor-wind-knight-baseAccuracy/43a9e77e32938af5be670fe0/B-A
76c5d849c8cf359991f5796e5b74df13da5122fc608babd93d702819ef572b8e,vps/M-weather-preset-wind/8a29dae837b82a1db9364c06/A-B,vps/W-factor-wind-knight-baseAccuracy/4538c17a71bb75df5e79b900/A-B
2233f2b992bd6a5af70a01f905487de39e8b30227363adc734a90c834a93ed7c,vps/M-weather-preset-wind/8a29dae837b82a1db9364c06/B-A,vps/W-factor-wind-knight-baseAccuracy/4538c17a71bb75df5e79b900/B-A
869cef25967786c5ee0bdc4829d58dd8c23c64d21f5451ab2c29d6254a1e4e81,vps/W-factor-wind-knight-attack/25eab1843ab35385fdef6b49/A-B,vps/W-factor-wind-knight-baseAccuracy/5160c1fbcbdcdfc38557e668/A-B
2eee29a544daf7750cc59c46749f76ecc202bef52a05c6f1d5c1f8b5a8ec8e55,vps/W-factor-wind-knight-attack/25eab1843ab35385fdef6b49/B-A,vps/W-factor-wind-knight-baseAccuracy/5160c1fbcbdcdfc38557e668/B-A
0156901ff934c642ba20c2ddfeb0c7740d92078788a4d311a2e9337c0adf934d,vps/W-factor-wind-knight-attack/ed0b39e4a03d220864083d59/A-B,vps/W-factor-wind-knight-baseAccuracy/7495d74965572bbbabd885bf/A-B
483c3eb075495a92e2c0803ff367988b3a7a6cb20e383952daec40f68eeee389,vps/W-factor-wind-knight-attack/ed0b39e4a03d220864083d59/B-A,vps/W-factor-wind-knight-baseAccuracy/7495d74965572bbbabd885bf/B-A
4b022a1786bfb52a7f9738db62bb0444a90db9797f444ca380b78fecd54be278,vps/M-weather-preset-wind/137c4681d1c457378fe06ba6/A-B,vps/W-factor-wind-knight-baseAccuracy/76154ee50b78ce19b4edac51/A-B
5f7339b476ad91c95dca37a83e46bbc4be8a74e4f4f0817706166f4d619b83e8,vps/M-weather-preset-wind/137c4681d1c457378fe06ba6/B-A,vps/W-factor-wind-knight-baseAccuracy/76154ee50b78ce19b4edac51/B-A
f5ddb40b4eeab903bc8cd260b3da0494111aa6463b8f80e9d89105ae5b0970b1,vps/W-factor-wind-knight-attack/14c8fcc0d245d45dcd36fb3d/A-B,vps/W-factor-wind-knight-baseAccuracy/94a16bb77da5bd8398bb64bd/A-B
95ad2f363377f759227650e048d6997e2f404e9ede299698afc70b90656a7561,vps/W-factor-wind-knight-attack/14c8fcc0d245d45dcd36fb3d/B-A,vps/W-factor-wind-knight-baseAccuracy/94a16bb77da5bd8398bb64bd/B-A
6c678f4cd91a2b0186169df1b43224e39005048fac1a1d916c86b924f50bc1e4,vps/W-factor-wind-knight-attack/960e7045042c0693ca04af8d/A-B,vps/W-factor-wind-knight-baseAccuracy/96d71482029ce138a471b64c/A-B
f1bdd7dbd6a17b03c09797ec1ee3ef38bb991df6cf2507c55e0a08b0ce04e6f0,vps/W-factor-wind-knight-attack/960e7045042c0693ca04af8d/B-A,vps/W-factor-wind-knight-baseAccuracy/96d71482029ce138a471b64c/B-A
8b48ca599f5bf546f88a1d2c023e2ba791414b71e57e03d99fc2e5ba43ff00d3,vps/M-weather-preset-wind/77fdeaf7b062929ce1b993a7/A-B,vps/W-factor-wind-knight-baseAccuracy/a3cd2fdd5537db44bd71c6a3/A-B
52ff42dab1fcbfeaea1a6998c6c80f5a95f9708374fd1f279a179d207b99fd35,vps/M-weather-preset-wind/77fdeaf7b062929ce1b993a7/B-A,vps/W-factor-wind-knight-baseAccuracy/a3cd2fdd5537db44bd71c6a3/B-A
288223a1a9621452f5e1643f52da1421b822375d9003e5e1c149e7bcbf6805ba,vps/W-factor-wind-knight-attack/1b30a3e702188b5ece8ee147/A-B,vps/W-factor-wind-knight-baseAccuracy/b5d6c1bea09f6b50cf60ea77/A-B
e30d4ec36b97225fedd97ff0ed7327f246141ee206057da4a59a91ddf4791657,vps/W-factor-wind-knight-attack/1b30a3e702188b5ece8ee147/B-A,vps/W-factor-wind-knight-baseAccuracy/b5d6c1bea09f6b50cf60ea77/B-A
6190d46854c57d2d0d219b0e6b9e1687de0be49b1754d5c9d9872144ef9519b8,vps/W-factor-wind-knight-attack/4f0be38915d93a881e7c2fc5/A-B,vps/W-factor-wind-knight-baseAccuracy/f171249a94d672d64e94f2a3/A-B
1bf1e4f88487ae2c0a2c52a363241655e434b2dfe0af0b11504d2057ebbb142f,vps/W-factor-wind-knight-attack/4f0be38915d93a881e7c2fc5/B-A,vps/W-factor-wind-knight-baseAccuracy/f171249a94d672d64e94f2a3/B-A
1b526cec79e432afbcb247443631b80c824d9b3f193dcf7b4f50fa4459ea1366,vps/M-weather-preset-wind/4a9047798d795462eae43d7b/A-B,vps/W-factor-wind-soldier-attack/04b3a3e4b72adce86114dff1/A-B
9fc52dcbb4f31ae25b7436975fd44211c5a22d33f3b28368c2559c7e643374d5,vps/M-weather-preset-wind/4a9047798d795462eae43d7b/B-A,vps/W-factor-wind-soldier-attack/04b3a3e4b72adce86114dff1/B-A
08e0ccb6c4e1ecacffc89dfce6b87f2d57a9fe72f47dd9a3c7b07bab288976ff,vps/M-weather-preset-wind/35fb7417259bb71dcb37cb70/A-B,vps/W-factor-wind-soldier-attack/8b6cfb13230b68a8032771ab/A-B
24d8eaf3bd3522e07a68e90fbfc3222ed1036eedb4ba757f8170064c4f55906e,vps/M-weather-preset-wind/35fb7417259bb71dcb37cb70/B-A,vps/W-factor-wind-soldier-attack/8b6cfb13230b68a8032771ab/B-A
12c727e2d8c1b5161cf05e28490b4f44b9eaeb63950aa3ff0c0f38d55f69d55c,vps/M-weather-preset-wind/401a8fa9f953d9ecbb4addb5/A-B,vps/W-factor-wind-soldier-attack/9084d79990145d0ecaf91b76/A-B
3ce8d9416a55ef0c0d8a7ebb9da2e498b06b6426e87aee9bd800915beb6222a8,vps/M-weather-preset-wind/401a8fa9f953d9ecbb4addb5/B-A,vps/W-factor-wind-soldier-attack/9084d79990145d0ecaf91b76/B-A
ea12fcdcc9b0d7f17a7c0b700927b86c528df6d1b70bb970ecd4530547715bd6,vps/M-weather-preset-wind/0158f9a0d4621a362c2b1509/A-B,vps/W-factor-wind-soldier-attack/a8f5e3a8079f0e1e531ca12f/A-B
1bb532d38687f1ebb35ef956b2e9387d92ed08c7ff0e1c5c3042ed348dcfbffc,vps/M-weather-preset-wind/0158f9a0d4621a362c2b1509/B-A,vps/W-factor-wind-soldier-attack/a8f5e3a8079f0e1e531ca12f/B-A
518ed2d0d790f97ab2dc3764f0f7d12354a0ebe1f299b2f597e7505874bf2b49,vps/M-weather-preset-wind/e46d1bca003ffa83c4588814/A-B,vps/W-factor-wind-soldier-attack/aaa7392a53ab01ebf5aa6cb7/A-B
4483e941a1841d09526f290255964d56e9bb4f7b983f7ebb8772e9211ff2a52f,vps/M-weather-preset-wind/e46d1bca003ffa83c4588814/B-A,vps/W-factor-wind-soldier-attack/aaa7392a53ab01ebf5aa6cb7/B-A
90d6b4aa01f930a017b5d2c1d3b730c511066805d762bc7723165e3e9da7640f,vps/M-weather-preset-wind/a9f58137dd0bf11af0cdb0c4/A-B,vps/W-factor-wind-soldier-attack/bb6c66c4b146bfd303a7b8d8/A-B
4f83332165bf185cba4f0561380cc4281a6f991d171b37b3415e57f898008c04,vps/M-weather-preset-wind/a9f58137dd0bf11af0cdb0c4/B-A,vps/W-factor-wind-soldier-attack/bb6c66c4b146bfd303a7b8d8/B-A
59ef13930235378a5dd059941db98c80c7f5ccec4969fb4c8eb744b9353bc804,vps/M-weather-preset-wind/16631b0da9b465082b623a0c/A-B,vps/W-factor-wind-soldier-attack/c5900647b91217154d1baa3f/A-B
37232489e159167b3ed2eabf34babd8d4cf62039bf4a5db08fce911f3e8ab3ed,vps/M-weather-preset-wind/16631b0da9b465082b623a0c/B-A,vps/W-factor-wind-soldier-attack/c5900647b91217154d1baa3f/B-A
8361970e1e29598bcfec9bec4fcecd5f6b1d89874bfa6da1cb80a5bc67e5fee7,vps/M-weather-preset-wind/96c641eede28b8a2d94e911a/A-B,vps/W-factor-wind-soldier-attack/d99ec804dc6de021b8f89129/A-B
8112e69741391b5a215c90903284fe09c84d8006b18956946f5094b1ac407d07,vps/M-weather-preset-wind/96c641eede28b8a2d94e911a/B-A,vps/W-factor-wind-soldier-attack/d99ec804dc6de021b8f89129/B-A
2541288ad7e0e2a4c9751dfc64265936452cc8ca8364cee3866e7b3f1a1bf18e,vps/M-weather-preset-wind/864372b4dd5083297b8754b0/A-B,vps/W-factor-wind-soldier-attack/effb14fa44c3af7d18fe2d39/A-B
cc3f5781513d3dd7cbf2bab3169184e7b3be75698fbdf95eef00972a1e73327b,vps/M-weather-preset-wind/864372b4dd5083297b8754b0/B-A,vps/W-factor-wind-soldier-attack/effb14fa44c3af7d18fe2d39/B-A
9604ab00f5a983a21b327b0f2f752b6706a74ff93c78b97caab2926e54740321,vps/M-weather-preset-wind/0640065292efa7e0809382d2/A-B,vps/W-factor-wind-soldier-attack/f237dbbfeb0c9c938e14656f/A-B
6b58da29468150141c737d2a9f549835ce0ebe6cb3fd95753ae0c003906e2243,vps/M-weather-preset-wind/0640065292efa7e0809382d2/B-A,vps/W-factor-wind-soldier-attack/f237dbbfeb0c9c938e14656f/B-A
2088a4031c1c74048d718c70e8af4fa33138566406fe6f7981485a0cb9c55da7,vps/M-weather-preset-wind/d84f0394e97241501a2f9487/A-B,vps/W-factor-wind-soldier-attack/f71dc32c21b34163aa12ab65/A-B
604cbd0653f453ff5d8a2021270675eecd65455842daa344cb684c83519f7ac1,vps/M-weather-preset-wind/d84f0394e97241501a2f9487/B-A,vps/W-factor-wind-soldier-attack/f71dc32c21b34163aa12ab65/B-A
2909bb9b6a412af57467993304d70cad28b6eccfa55f2d165372f0ec89ef8e1e,vps/M-weather-preset-wind/a0435cf5748da51a2f2d5325/A-B,vps/W-factor-wind-soldier-attack/fc43370ce755706d44cd094b/A-B
b2da0f4a7b7d9ae7b23ee94c0a8a7da7595ff556d0009763f9ee04d7bfb336ef,vps/M-weather-preset-wind/a0435cf5748da51a2f2d5325/B-A,vps/W-factor-wind-soldier-attack/fc43370ce755706d44cd094b/B-A
2541288ad7e0e2a4c9751dfc64265936452cc8ca8364cee3866e7b3f1a1bf18e,vps/M-weather-preset-wind/864372b4dd5083297b8754b0/A-B,vps/W-factor-wind-soldier-baseAccuracy/41453d81793c958788fe75fd/A-B
cc3f5781513d3dd7cbf2bab3169184e7b3be75698fbdf95eef00972a1e73327b,vps/M-weather-preset-wind/864372b4dd5083297b8754b0/B-A,vps/W-factor-wind-soldier-baseAccuracy/41453d81793c958788fe75fd/B-A
1b526cec79e432afbcb247443631b80c824d9b3f193dcf7b4f50fa4459ea1366,vps/M-weather-preset-wind/4a9047798d795462eae43d7b/A-B,vps/W-factor-wind-soldier-baseAccuracy/56e42ceb0ecdadf1818faa79/A-B
9fc52dcbb4f31ae25b7436975fd44211c5a22d33f3b28368c2559c7e643374d5,vps/M-weather-preset-wind/4a9047798d795462eae43d7b/B-A,vps/W-factor-wind-soldier-baseAccuracy/56e42ceb0ecdadf1818faa79/B-A
90d6b4aa01f930a017b5d2c1d3b730c511066805d762bc7723165e3e9da7640f,vps/M-weather-preset-wind/a9f58137dd0bf11af0cdb0c4/A-B,vps/W-factor-wind-soldier-baseAccuracy/5da9dbf57cebd811ab34ab4c/A-B
4f83332165bf185cba4f0561380cc4281a6f991d171b37b3415e57f898008c04,vps/M-weather-preset-wind/a9f58137dd0bf11af0cdb0c4/B-A,vps/W-factor-wind-soldier-baseAccuracy/5da9dbf57cebd811ab34ab4c/B-A
518ed2d0d790f97ab2dc3764f0f7d12354a0ebe1f299b2f597e7505874bf2b49,vps/M-weather-preset-wind/e46d1bca003ffa83c4588814/A-B,vps/W-factor-wind-soldier-baseAccuracy/646fad442ba6629abebb602f/A-B
4483e941a1841d09526f290255964d56e9bb4f7b983f7ebb8772e9211ff2a52f,vps/M-weather-preset-wind/e46d1bca003ffa83c4588814/B-A,vps/W-factor-wind-soldier-baseAccuracy/646fad442ba6629abebb602f/B-A
2088a4031c1c74048d718c70e8af4fa33138566406fe6f7981485a0cb9c55da7,vps/M-weather-preset-wind/d84f0394e97241501a2f9487/A-B,vps/W-factor-wind-soldier-baseAccuracy/73766aebc49566b9ce61f9bc/A-B
604cbd0653f453ff5d8a2021270675eecd65455842daa344cb684c83519f7ac1,vps/M-weather-preset-wind/d84f0394e97241501a2f9487/B-A,vps/W-factor-wind-soldier-baseAccuracy/73766aebc49566b9ce61f9bc/B-A
ea12fcdcc9b0d7f17a7c0b700927b86c528df6d1b70bb970ecd4530547715bd6,vps/M-weather-preset-wind/0158f9a0d4621a362c2b1509/A-B,vps/W-factor-wind-soldier-baseAccuracy/95e5300e7f8cbc5ca04a24ea/A-B
1bb532d38687f1ebb35ef956b2e9387d92ed08c7ff0e1c5c3042ed348dcfbffc,vps/M-weather-preset-wind/0158f9a0d4621a362c2b1509/B-A,vps/W-factor-wind-soldier-baseAccuracy/95e5300e7f8cbc5ca04a24ea/B-A
59ef13930235378a5dd059941db98c80c7f5ccec4969fb4c8eb744b9353bc804,vps/M-weather-preset-wind/16631b0da9b465082b623a0c/A-B,vps/W-factor-wind-soldier-baseAccuracy/b6ba26f0b36f5d912cc4fb93/A-B
37232489e159167b3ed2eabf34babd8d4cf62039bf4a5db08fce911f3e8ab3ed,vps/M-weather-preset-wind/16631b0da9b465082b623a0c/B-A,vps/W-factor-wind-soldier-baseAccuracy/b6ba26f0b36f5d912cc4fb93/B-A
12c727e2d8c1b5161cf05e28490b4f44b9eaeb63950aa3ff0c0f38d55f69d55c,vps/M-weather-preset-wind/401a8fa9f953d9ecbb4addb5/A-B,vps/W-factor-wind-soldier-baseAccuracy/c0074d04ac065bd1705cff2a/A-B
3ce8d9416a55ef0c0d8a7ebb9da2e498b06b6426e87aee9bd800915beb6222a8,vps/M-weather-preset-wind/401a8fa9f953d9ecbb4addb5/B-A,vps/W-factor-wind-soldier-baseAccuracy/c0074d04ac065bd1705cff2a/B-A
9604ab00f5a983a21b327b0f2f752b6706a74ff93c78b97caab2926e54740321,vps/M-weather-preset-wind/0640065292efa7e0809382d2/A-B,vps/W-factor-wind-soldier-baseAccuracy/d5fb814d175a6d1e481a4f5b/A-B
6b58da29468150141c737d2a9f549835ce0ebe6cb3fd95753ae0c003906e2243,vps/M-weather-preset-wind/0640065292efa7e0809382d2/B-A,vps/W-factor-wind-soldier-baseAccuracy/d5fb814d175a6d1e481a4f5b/B-A
08e0ccb6c4e1ecacffc89dfce6b87f2d57a9fe72f47dd9a3c7b07bab288976ff,vps/M-weather-preset-wind/35fb7417259bb71dcb37cb70/A-B,vps/W-factor-wind-soldier-baseAccuracy/d9873d9f7a8a9f96b8106632/A-B
24d8eaf3bd3522e07a68e90fbfc3222ed1036eedb4ba757f8170064c4f55906e,vps/M-weather-preset-wind/35fb7417259bb71dcb37cb70/B-A,vps/W-factor-wind-soldier-baseAccuracy/d9873d9f7a8a9f96b8106632/B-A
2909bb9b6a412af57467993304d70cad28b6eccfa55f2d165372f0ec89ef8e1e,vps/M-weather-preset-wind/a0435cf5748da51a2f2d5325/A-B,vps/W-factor-wind-soldier-baseAccuracy/ecdac7e8aa771a26eeb8cdc0/A-B
b2da0f4a7b7d9ae7b23ee94c0a8a7da7595ff556d0009763f9ee04d7bfb336ef,vps/M-weather-preset-wind/a0435cf5748da51a2f2d5325/B-A,vps/W-factor-wind-soldier-baseAccuracy/ecdac7e8aa771a26eeb8cdc0/B-A
8361970e1e29598bcfec9bec4fcecd5f6b1d89874bfa6da1cb80a5bc67e5fee7,vps/M-weather-preset-wind/96c641eede28b8a2d94e911a/A-B,vps/W-factor-wind-soldier-baseAccuracy/f417501cc6879df2705d0792/A-B
8112e69741391b5a215c90903284fe09c84d8006b18956946f5094b1ac407d07,vps/M-weather-preset-wind/96c641eede28b8a2d94e911a/B-A,vps/W-factor-wind-soldier-baseAccuracy/f417501cc6879df2705d0792/B-A
066bd6edc0b81ce6b17f8c5f8873bba9920c0e22d073607a928d0e77dbbd2a0b,vps/M-weather-preset-wind/c1b22ed1deefc226de4bfde8/A-B,vps/W-factor-wind-spearman-attack/02edb85fa1025710f8c9b645/A-B
630681f07e023ecce14976f614aa4b442f127f5702eaeb113e54009ab6dc82cb,vps/M-weather-preset-wind/c1b22ed1deefc226de4bfde8/B-A,vps/W-factor-wind-spearman-attack/02edb85fa1025710f8c9b645/B-A
932aafd0f0f8348601237f479b92f5fbf0118b7f679c0e0dd91bbfad48c03fc6,vps/M-weather-preset-wind/b9b477befc3f04590b03c0d2/A-B,vps/W-factor-wind-spearman-attack/26631e9fd5130aae8e429934/A-B
7e6e1c1de7bef53e05ea50c59c5bdddea6eaee754851ea358656c24cee507a00,vps/M-weather-preset-wind/b9b477befc3f04590b03c0d2/B-A,vps/W-factor-wind-spearman-attack/26631e9fd5130aae8e429934/B-A
76b57fc149f2e2632a1bfac5196e540372e8274ebdf6e449ebda17e4295a4b2b,vps/M-weather-preset-wind/1f77d9227c2e2130dde9fd19/A-B,vps/W-factor-wind-spearman-attack/3b8f37991e02014cb9fcc4f8/A-B
615181851048237fbec3ddd56a4f55f7077c3b7bce7869af6df3863ad9d8c27f,vps/M-weather-preset-wind/1f77d9227c2e2130dde9fd19/B-A,vps/W-factor-wind-spearman-attack/3b8f37991e02014cb9fcc4f8/B-A
d49c8970ca3db5ea573117dbab1cf11b48896d5db48cc8bff824c302724ea0a3,vps/M-weather-preset-wind/8d4cef531e33e738a13dd7df/A-B,vps/W-factor-wind-spearman-attack/437226efaf8feac389fff9db/A-B
6caf83d9057511ace051184c316e9b0804c9c2f35f640b70952ba8b265f254bb,vps/M-weather-preset-wind/8d4cef531e33e738a13dd7df/B-A,vps/W-factor-wind-spearman-attack/437226efaf8feac389fff9db/B-A
b244fa6ac2a3dd15682f6afe9ebd24e1caa181288f6441cf5be3ca15ac069162,vps/M-weather-preset-wind/3d7a1d3cf9ec8a1cd513efe8/A-B,vps/W-factor-wind-spearman-attack/6aebb6fb0b474182627ea1fd/A-B
272e92e99332728ce917de859a9a8eeb26e208e60d581e2a905e8211257ffda2,vps/M-weather-preset-wind/3d7a1d3cf9ec8a1cd513efe8/B-A,vps/W-factor-wind-spearman-attack/6aebb6fb0b474182627ea1fd/B-A
012b5ce3edbc3968adb7478ea299ef5a9beab4ac9c960ec7af042dbcf8817ff9,vps/M-weather-preset-wind/948c5fe5b07d98eb0b39102c/A-B,vps/W-factor-wind-spearman-attack/9ee5b7679fa8405fa7c2f0dc/A-B
fcb1acda82597e5fdc0bdb2cce07ae67748bffdb26e21d88c71e7b5f6d951f76,vps/M-weather-preset-wind/948c5fe5b07d98eb0b39102c/B-A,vps/W-factor-wind-spearman-attack/9ee5b7679fa8405fa7c2f0dc/B-A
15e00940acc4fd4047760d0b83af219f5d65a4d07f052417c0f736dfe5e0a141,vps/M-weather-preset-wind/b56f49e3a4bf9dd0c7502a0f/A-B,vps/W-factor-wind-spearman-attack/9f4c79d2467fe1cf302bbbb3/A-B
9940be1e0600c0e95df525ac526e774d2ce181a5603b0c181b47ab8b6d1ae967,vps/M-weather-preset-wind/b56f49e3a4bf9dd0c7502a0f/B-A,vps/W-factor-wind-spearman-attack/9f4c79d2467fe1cf302bbbb3/B-A
bd22fd8a7cd257dd91261e834e622d7d6babdd6a3d0dc8e62fa9200b24ff4995,vps/M-weather-preset-wind/5360d6d662beecd26d2da941/A-B,vps/W-factor-wind-spearman-attack/a4536a75ad740356df61bdae/A-B
035268f52db348d98c7327bf315d743b322a5c4fce625eb0c55645709595d0bb,vps/M-weather-preset-wind/5360d6d662beecd26d2da941/B-A,vps/W-factor-wind-spearman-attack/a4536a75ad740356df61bdae/B-A
e71c5c69db435fe4a9226d8e4324ece36d57d0c722364cf42ed1c6bebba69483,vps/M-weather-preset-wind/42be69400e2e54a5db82cd49/A-B,vps/W-factor-wind-spearman-attack/e7ff8e529837ce5c1d506652/A-B
be2741336f4d12b5f888c25a14d4e4cd1e7cdf29bea42cda5a030b59d7e7bc4d,vps/M-weather-preset-wind/42be69400e2e54a5db82cd49/B-A,vps/W-factor-wind-spearman-attack/e7ff8e529837ce5c1d506652/B-A
10404057754435d593dada3eb6dc5609ac4847fae6abb97b070103f5402806d8,vps/W-factor-wind-spearman-attack/5caefba2909e81e5c6faef90/A-B,vps/W-factor-wind-spearman-baseAccuracy/284c2bcd637a4e34479ef090/A-B
b0c354e5bd4d6da94a930e9316124da2005efbac109b36b92562c1041e1e29da,vps/W-factor-wind-spearman-attack/5caefba2909e81e5c6faef90/B-A,vps/W-factor-wind-spearman-baseAccuracy/284c2bcd637a4e34479ef090/B-A
066bd6edc0b81ce6b17f8c5f8873bba9920c0e22d073607a928d0e77dbbd2a0b,vps/M-weather-preset-wind/c1b22ed1deefc226de4bfde8/A-B,vps/W-factor-wind-spearman-baseAccuracy/2ed2993ff15a3a50feecf42c/A-B
630681f07e023ecce14976f614aa4b442f127f5702eaeb113e54009ab6dc82cb,vps/M-weather-preset-wind/c1b22ed1deefc226de4bfde8/B-A,vps/W-factor-wind-spearman-baseAccuracy/2ed2993ff15a3a50feecf42c/B-A
012b5ce3edbc3968adb7478ea299ef5a9beab4ac9c960ec7af042dbcf8817ff9,vps/M-weather-preset-wind/948c5fe5b07d98eb0b39102c/A-B,vps/W-factor-wind-spearman-baseAccuracy/3f8012bef7be3c13b2b4cb69/A-B
fcb1acda82597e5fdc0bdb2cce07ae67748bffdb26e21d88c71e7b5f6d951f76,vps/M-weather-preset-wind/948c5fe5b07d98eb0b39102c/B-A,vps/W-factor-wind-spearman-baseAccuracy/3f8012bef7be3c13b2b4cb69/B-A
76b57fc149f2e2632a1bfac5196e540372e8274ebdf6e449ebda17e4295a4b2b,vps/M-weather-preset-wind/1f77d9227c2e2130dde9fd19/A-B,vps/W-factor-wind-spearman-baseAccuracy/529f6dffee3f2d1008ddb45c/A-B
615181851048237fbec3ddd56a4f55f7077c3b7bce7869af6df3863ad9d8c27f,vps/M-weather-preset-wind/1f77d9227c2e2130dde9fd19/B-A,vps/W-factor-wind-spearman-baseAccuracy/529f6dffee3f2d1008ddb45c/B-A
15e00940acc4fd4047760d0b83af219f5d65a4d07f052417c0f736dfe5e0a141,vps/M-weather-preset-wind/b56f49e3a4bf9dd0c7502a0f/A-B,vps/W-factor-wind-spearman-baseAccuracy/8cc1e9b77151d8b6f719112e/A-B
9940be1e0600c0e95df525ac526e774d2ce181a5603b0c181b47ab8b6d1ae967,vps/M-weather-preset-wind/b56f49e3a4bf9dd0c7502a0f/B-A,vps/W-factor-wind-spearman-baseAccuracy/8cc1e9b77151d8b6f719112e/B-A
bd22fd8a7cd257dd91261e834e622d7d6babdd6a3d0dc8e62fa9200b24ff4995,vps/M-weather-preset-wind/5360d6d662beecd26d2da941/A-B,vps/W-factor-wind-spearman-baseAccuracy/93df0370b7af59bcddcd4290/A-B
035268f52db348d98c7327bf315d743b322a5c4fce625eb0c55645709595d0bb,vps/M-weather-preset-wind/5360d6d662beecd26d2da941/B-A,vps/W-factor-wind-spearman-baseAccuracy/93df0370b7af59bcddcd4290/B-A
d49c8970ca3db5ea573117dbab1cf11b48896d5db48cc8bff824c302724ea0a3,vps/M-weather-preset-wind/8d4cef531e33e738a13dd7df/A-B,vps/W-factor-wind-spearman-baseAccuracy/9834e9011929f40da456e3bd/A-B
6caf83d9057511ace051184c316e9b0804c9c2f35f640b70952ba8b265f254bb,vps/M-weather-preset-wind/8d4cef531e33e738a13dd7df/B-A,vps/W-factor-wind-spearman-baseAccuracy/9834e9011929f40da456e3bd/B-A
b244fa6ac2a3dd15682f6afe9ebd24e1caa181288f6441cf5be3ca15ac069162,vps/M-weather-preset-wind/3d7a1d3cf9ec8a1cd513efe8/A-B,vps/W-factor-wind-spearman-baseAccuracy/ac20572b353eb336e4a3b4db/A-B
272e92e99332728ce917de859a9a8eeb26e208e60d581e2a905e8211257ffda2,vps/M-weather-preset-wind/3d7a1d3cf9ec8a1cd513efe8/B-A,vps/W-factor-wind-spearman-baseAccuracy/ac20572b353eb336e4a3b4db/B-A
932aafd0f0f8348601237f479b92f5fbf0118b7f679c0e0dd91bbfad48c03fc6,vps/M-weather-preset-wind/b9b477befc3f04590b03c0d2/A-B,vps/W-factor-wind-spearman-baseAccuracy/b7841448af47d04392b3eddb/A-B
7e6e1c1de7bef53e05ea50c59c5bdddea6eaee754851ea358656c24cee507a00,vps/M-weather-preset-wind/b9b477befc3f04590b03c0d2/B-A,vps/W-factor-wind-spearman-baseAccuracy/b7841448af47d04392b3eddb/B-A
4b5ad309e313818dab09bbb844af7ee9dade1e667916a8f271773353cd5245ea,vps/W-factor-wind-spearman-attack/896e850f37af3bde39760b65/A-B,vps/W-factor-wind-spearman-baseAccuracy/ba4488875223cb421abd98e3/A-B
28d73f402acd0b587f4fbab1bd4b00cec230033a86b2c8f50eea8bb5445e95aa,vps/W-factor-wind-spearman-attack/896e850f37af3bde39760b65/B-A,vps/W-factor-wind-spearman-baseAccuracy/ba4488875223cb421abd98e3/B-A
e71c5c69db435fe4a9226d8e4324ece36d57d0c722364cf42ed1c6bebba69483,vps/M-weather-preset-wind/42be69400e2e54a5db82cd49/A-B,vps/W-factor-wind-spearman-baseAccuracy/bc757afc494607abc2f09845/A-B
be2741336f4d12b5f888c25a14d4e4cd1e7cdf29bea42cda5a030b59d7e7bc4d,vps/M-weather-preset-wind/42be69400e2e54a5db82cd49/B-A,vps/W-factor-wind-spearman-baseAccuracy/bc757afc494607abc2f09845/B-A
eb2cefb98afc69d5a3f09f4d7478a0438cad07595ce47eb89ecf7d20e21600de,vps/W-factor-wind-spearman-attack/b8d62cf6123a9bd2cb792821/A-B,vps/W-factor-wind-spearman-baseAccuracy/d51188d4f680f6d9b022182f/A-B
b7ed4973a2adde22772ed254c3c8df0f4fd3a05b54f9d3eb0b0650a5902c6302,vps/W-factor-wind-spearman-attack/b8d62cf6123a9bd2cb792821/B-A,vps/W-factor-wind-spearman-baseAccuracy/d51188d4f680f6d9b022182f/B-A
85f859f840726422ec7d710e5557c9d3b6715fd7fc74bfe34607d4d92c94e777,pc/M-combat-capturePercent/0c0085870630c59e82d2d03f/A-B,vps/segments/M-combat-lossCompressionPercent-b12000/0c0085870630c59e82d2d03f/A-B
03908c0fa4ced8ca60a7e0fb3a0f39260e015950626c7db85dad0402f2d3619e,pc/M-combat-capturePercent/0c0085870630c59e82d2d03f/B-A,vps/segments/M-combat-lossCompressionPercent-b12000/0c0085870630c59e82d2d03f/B-A
9ca322cb96477f8f2d6b2e7673307285a8c1ac1a2124cfb6ddfbf09efb0d4075,pc/M-combat-capturePercent/48d3967fcd05b8de1e34c2d4/A-B,vps/segments/M-combat-lossCompressionPercent-b12000/48d3967fcd05b8de1e34c2d4/A-B
0ef488184d72f1f098ab6566fb80c72140d7078400dd1a9587141fe8b34a13ec,pc/M-combat-capturePercent/48d3967fcd05b8de1e34c2d4/B-A,vps/segments/M-combat-lossCompressionPercent-b12000/48d3967fcd05b8de1e34c2d4/B-A
00f252d5722657943a4cb0718ce0da7e8a4611896fa35ea5621c1322e14ef866,pc/M-combat-capturePercent/54e1d4f2a6e7f51febebdd8e/A-B,vps/segments/M-combat-lossCompressionPercent-b12000/54e1d4f2a6e7f51febebdd8e/A-B
9000dde07f557a8d66b3ea4000e55211bbd45f04e3469db5cbc747249d14ba6c,pc/M-combat-capturePercent/54e1d4f2a6e7f51febebdd8e/B-A,vps/segments/M-combat-lossCompressionPercent-b12000/54e1d4f2a6e7f51febebdd8e/B-A
35be79c5c128b6e4343bfeefa1db2f2aeb0a0150c17aa99303e7622a603c351b,pc/M-combat-capturePercent/7498c9f948922906239ad8d6/A-B,vps/segments/M-combat-lossCompressionPercent-b12000/7498c9f948922906239ad8d6/A-B
49d4b23c42e173b1bcdc7cd48f22932e3a82504dd30129431f21b83876d94cb2,pc/M-combat-capturePercent/7498c9f948922906239ad8d6/B-A,vps/segments/M-combat-lossCompressionPercent-b12000/7498c9f948922906239ad8d6/B-A
2a1d1503a117713d05836a468b6a0d0d39d7d08702d9ca68ffe56c89d6f08704,pc/M-combat-capturePercent/98043342a0f7383cbda2c59d/A-B,vps/segments/M-combat-lossCompressionPercent-b12000/98043342a0f7383cbda2c59d/A-B
cdd056f355bfd3009ca6798847f425d092b2fa95fee94cbb9f1b9d30918fd936,pc/M-combat-capturePercent/98043342a0f7383cbda2c59d/B-A,vps/segments/M-combat-lossCompressionPercent-b12000/98043342a0f7383cbda2c59d/B-A
1178f1206facb99d474deb6896610eb381b51065a110d670b64abf6c01184760,pc/M-combat-capturePercent/9ea4f603e73d531fd3c8df44/A-B,vps/segments/M-combat-lossCompressionPercent-b12000/9ea4f603e73d531fd3c8df44/A-B
db8d3921ad4c7ffbcfdfcbf53d72da2e8c438f83b03f5de5e5b8aab344978ab5,pc/M-combat-capturePercent/9ea4f603e73d531fd3c8df44/B-A,vps/segments/M-combat-lossCompressionPercent-b12000/9ea4f603e73d531fd3c8df44/B-A
b965633c898c10ac48cc0b945d886ca291a7c3df9f2bc8fbbd6924891bba8756,pc/M-combat-capturePercent/a477667580eb4a6cca4bfd35/A-B,vps/segments/M-combat-lossCompressionPercent-b12000/a477667580eb4a6cca4bfd35/A-B
04d26513bee41f8de98ab49cd97c992b3a0017b0ad91dc428f6066f007ce270c,pc/M-combat-capturePercent/a477667580eb4a6cca4bfd35/B-A,vps/segments/M-combat-lossCompressionPercent-b12000/a477667580eb4a6cca4bfd35/B-A
a5cef95da0740171d974b1b8238a058e26fade3fe8a8f09d6de3182d2fb25476,pc/M-combat-capturePercent/ac748b9a7bbadd1b4ccb3da4/A-B,vps/segments/M-combat-lossCompressionPercent-b12000/ac748b9a7bbadd1b4ccb3da4/A-B
22588da900fbea8c00b87d769132d035359f1c3deae9b763847a866d744b79ff,pc/M-combat-capturePercent/ac748b9a7bbadd1b4ccb3da4/B-A,vps/segments/M-combat-lossCompressionPercent-b12000/ac748b9a7bbadd1b4ccb3da4/B-A
4227f054b87e527b1d1b0274ed1998e330c5df10704580221a9b575b4a8798c6,pc/M-combat-capturePercent/b4b94da886e061c92142841a/A-B,vps/segments/M-combat-lossCompressionPercent-b12000/b4b94da886e061c92142841a/A-B
ed29d7971438fc1a049999694ca61a2424e52dc6124815c6cadb6b6c1daaffd8,pc/M-combat-capturePercent/b4b94da886e061c92142841a/B-A,vps/segments/M-combat-lossCompressionPercent-b12000/b4b94da886e061c92142841a/B-A
6d407622c60b016795f97c89a6a5574696df9124c61c66dd231ce4e7c7aa2393,pc/M-combat-capturePercent/ec03e2f3b6e41ea5555df14c/A-B,vps/segments/M-combat-lossCompressionPercent-b12000/ec03e2f3b6e41ea5555df14c/A-B
5b40b5d08240a3cb41ac0662b746bf7848264fd5d59a18b9cccd174e1c8a970f,pc/M-combat-capturePercent/ec03e2f3b6e41ea5555df14c/B-A,vps/segments/M-combat-lossCompressionPercent-b12000/ec03e2f3b6e41ea5555df14c/B-A
58cd7ae8deb38800a7970576196ee8f591af45338dcec1590dcfba297fa69701,pc/M-combat-capturePercent/0fad6426e216ce1d497cd944/A-B,vps/segments/M-combat-lossCompressionPercent-b120000/0fad6426e216ce1d497cd944/A-B
71c1edf0b3076609f0d5f6632549a6592128c1a272b42a58354f9fb187b4a370,pc/M-combat-capturePercent/0fad6426e216ce1d497cd944/B-A,vps/segments/M-combat-lossCompressionPercent-b120000/0fad6426e216ce1d497cd944/B-A
ac0328d7e848fe34c754caa6b9c4b0ed2030d2e4d6fcccd1ed330988caf253df,pc/M-combat-capturePercent/2497be6bce26a22f97e6e95e/A-B,vps/segments/M-combat-lossCompressionPercent-b120000/2497be6bce26a22f97e6e95e/A-B
cdf02ca8a3da35cbdb52ea241c610d7fdc069d44ffd601725625d6de3e1c67e1,pc/M-combat-capturePercent/2497be6bce26a22f97e6e95e/B-A,vps/segments/M-combat-lossCompressionPercent-b120000/2497be6bce26a22f97e6e95e/B-A
9858c7ffa1a6a847079e50482789f9a042cfeb281ada503d2c73d74b65c9d985,pc/M-combat-capturePercent/2eb2746a70cb35fe1ce25f98/A-B,vps/segments/M-combat-lossCompressionPercent-b120000/2eb2746a70cb35fe1ce25f98/A-B
151989b8d1b1c0ca759fab7eaf3b152abc03724944a1ef9ad70118e7a90322e4,pc/M-combat-capturePercent/2eb2746a70cb35fe1ce25f98/B-A,vps/segments/M-combat-lossCompressionPercent-b120000/2eb2746a70cb35fe1ce25f98/B-A
4597ad24b5a2e47b6a7dce9496a9b6f4b1f246dce33a40845b0982a200fb8806,pc/M-combat-capturePercent/5be07c6fc69f472eef0ee17f/A-B,vps/segments/M-combat-lossCompressionPercent-b120000/5be07c6fc69f472eef0ee17f/A-B
7c1e87a0769464bd834f5d84f3fd33eaf9071aabdb90673a4cec8f5b7383d2cf,pc/M-combat-capturePercent/5be07c6fc69f472eef0ee17f/B-A,vps/segments/M-combat-lossCompressionPercent-b120000/5be07c6fc69f472eef0ee17f/B-A
f5eaa97da71df5298d7c5b30554bec43da7311247b6bf61d3299b38dd99ce886,pc/M-combat-capturePercent/80ebf93b386771704cc70bab/A-B,vps/segments/M-combat-lossCompressionPercent-b120000/80ebf93b386771704cc70bab/A-B
6a49a491a5ff72a4b8db0cc1fcd37742813f1f1a76d4b11bb02af21e20d1e1ce,pc/M-combat-capturePercent/80ebf93b386771704cc70bab/B-A,vps/segments/M-combat-lossCompressionPercent-b120000/80ebf93b386771704cc70bab/B-A
647ab88a83aa6f834990989ca24911ddf969595c4a5f5d85e2c151fdaebac92b,pc/M-combat-capturePercent/93f29e181d26c9d16b60ee8b/A-B,vps/segments/M-combat-lossCompressionPercent-b120000/93f29e181d26c9d16b60ee8b/A-B
cb5849664fb65ac00466aa61563a1f9baace77ad985b9c02a92e371cf45b1603,pc/M-combat-capturePercent/93f29e181d26c9d16b60ee8b/B-A,vps/segments/M-combat-lossCompressionPercent-b120000/93f29e181d26c9d16b60ee8b/B-A
a5bb96235bf6f9a76b769ff737d8e922df94b0a52f749525853085cd022bf3ef,pc/M-combat-capturePercent/a74b3b7b747bae166c9bbd4d/A-B,vps/segments/M-combat-lossCompressionPercent-b120000/a74b3b7b747bae166c9bbd4d/A-B
8a5fbdbf1b558dc200eab97d67343355792afdf24d5bbb0e91f754b86f3a02ef,pc/M-combat-capturePercent/a74b3b7b747bae166c9bbd4d/B-A,vps/segments/M-combat-lossCompressionPercent-b120000/a74b3b7b747bae166c9bbd4d/B-A
e1e29aab7102365136b614a54a8aeb0bee449145f3bc465a205963f9f554f006,pc/M-combat-capturePercent/bf898c747897728e9c646b00/A-B,vps/segments/M-combat-lossCompressionPercent-b120000/bf898c747897728e9c646b00/A-B
0c2b4bb54f68750a49827995ac5ca7c41b885ac68f663af9b71cf4658f802372,pc/M-combat-capturePercent/bf898c747897728e9c646b00/B-A,vps/segments/M-combat-lossCompressionPercent-b120000/bf898c747897728e9c646b00/B-A
6b4a529fbc125b23882833e0aed634bec1b5f0b2174c3e7ece269e3168b0f82f,pc/M-combat-capturePercent/c88b855645bc720b498875d2/A-B,vps/segments/M-combat-lossCompressionPercent-b120000/c88b855645bc720b498875d2/A-B
7e4672019367fb02f1f4413e94829b3f5c23d2fa9d1ba5802105a04a62fdf6a1,pc/M-combat-capturePercent/c88b855645bc720b498875d2/B-A,vps/segments/M-combat-lossCompressionPercent-b120000/c88b855645bc720b498875d2/B-A
54b8eb5652e7a14e2d23dbf5a122ee8f8758e3e126c18b1c2077bfe200269275,pc/M-combat-capturePercent/e03c8d62aa94aae4fc0f13f1/A-B,vps/segments/M-combat-lossCompressionPercent-b120000/e03c8d62aa94aae4fc0f13f1/A-B
078641e562821c4012d1a24d08878af3f97f45aea622350727a2eb5edcbd524c,pc/M-combat-capturePercent/e03c8d62aa94aae4fc0f13f1/B-A,vps/segments/M-combat-lossCompressionPercent-b120000/e03c8d62aa94aae4fc0f13f1/B-A
ee9e20890d11662504f7fe1e38034c18b966e01cd6c9e5396948c62e4ef00edc,pc/M-combat-capturePercent/1216817fbd021bfb8a800544/A-B,vps/segments/M-combat-lossCompressionPercent-b360000/1216817fbd021bfb8a800544/A-B
6716753b8e8b76b4a64e3b17a97ed8046605bed1f7d8159437110a4c2a02ffa9,pc/M-combat-capturePercent/1216817fbd021bfb8a800544/B-A,vps/segments/M-combat-lossCompressionPercent-b360000/1216817fbd021bfb8a800544/B-A
7d7abac10e512ec2c70d5d25a59d0d144ba2b19ce4372cc4f09baf310123eafb,pc/M-combat-capturePercent/15b79b9ef5cbd9e794375476/A-B,vps/segments/M-combat-lossCompressionPercent-b360000/15b79b9ef5cbd9e794375476/A-B
75facca78d59da8acebf5520dc1aec84674008dca00e85ffe5137a6371d683bd,pc/M-combat-capturePercent/15b79b9ef5cbd9e794375476/B-A,vps/segments/M-combat-lossCompressionPercent-b360000/15b79b9ef5cbd9e794375476/B-A
587a0b6c8fbf92e9e393e63a374c6bdc95fc594470b7c8ee42ee3df5c4a6b8ef,pc/M-combat-capturePercent/1a50bd67feb4ca4f159a4cfe/A-B,vps/segments/M-combat-lossCompressionPercent-b360000/1a50bd67feb4ca4f159a4cfe/A-B
cab79020193af6f55744135f0197a1630e3c2215411e9bdd269a836e052ec646,pc/M-combat-capturePercent/1a50bd67feb4ca4f159a4cfe/B-A,vps/segments/M-combat-lossCompressionPercent-b360000/1a50bd67feb4ca4f159a4cfe/B-A
87844e416d861f5c9ead6ab9b78dcfb00006427ddc351bd0388c1eabd412ea8d,pc/M-combat-capturePercent/2d6350473497c883675afa80/A-B,vps/segments/M-combat-lossCompressionPercent-b360000/2d6350473497c883675afa80/A-B
e137c8706ef5acd42c2d3113acb60f6a980b709cb9423e1758161e5fa6ce3ea3,pc/M-combat-capturePercent/2d6350473497c883675afa80/B-A,vps/segments/M-combat-lossCompressionPercent-b360000/2d6350473497c883675afa80/B-A
4970d1f6b5265fad201517f3825ff40d79aa8b20306bc545f88c8e11a313708e,pc/M-combat-capturePercent/6aee5ba4cebd035270c43536/A-B,vps/segments/M-combat-lossCompressionPercent-b360000/6aee5ba4cebd035270c43536/A-B
0243eeadabcc14bc5e95fa1b391f9a0fbfc6c55db116c0e75d961227e7785c42,pc/M-combat-capturePercent/6aee5ba4cebd035270c43536/B-A,vps/segments/M-combat-lossCompressionPercent-b360000/6aee5ba4cebd035270c43536/B-A
d008a6c4cea3edb58d3e49bd4fe6a9dc06177f8442e6495e138e98d884af187e,pc/M-combat-capturePercent/7701dd750551af246ed1b8c5/A-B,vps/segments/M-combat-lossCompressionPercent-b360000/7701dd750551af246ed1b8c5/A-B
bcbc877f0cf8b1db3ca6328cc8d75854e56dc0b5735561ddaff5ce14c2a229f6,pc/M-combat-capturePercent/7701dd750551af246ed1b8c5/B-A,vps/segments/M-combat-lossCompressionPercent-b360000/7701dd750551af246ed1b8c5/B-A
3d79ed5983c89d0022c51a128734a7b36a8941c07b48f432dd6f260a0059cec7,pc/M-combat-capturePercent/9a1ddda43134d9061057be59/A-B,vps/segments/M-combat-lossCompressionPercent-b360000/9a1ddda43134d9061057be59/A-B
b539cabaf72f26f266d867628052db7ffc7cfa333da902e943ce8bd34a752c17,pc/M-combat-capturePercent/9a1ddda43134d9061057be59/B-A,vps/segments/M-combat-lossCompressionPercent-b360000/9a1ddda43134d9061057be59/B-A
2bc6219638d312265f5c45e3ff80bf6b75c9c3992211780b96db52997872da32,pc/M-combat-capturePercent/9ee1c7b7c3d22f186dea063d/A-B,vps/segments/M-combat-lossCompressionPercent-b360000/9ee1c7b7c3d22f186dea063d/A-B
120c55e4f29e4d0105d6cc15c34f2d0b90e315f38cd4336b4554e662eda73d66,pc/M-combat-capturePercent/9ee1c7b7c3d22f186dea063d/B-A,vps/segments/M-combat-lossCompressionPercent-b360000/9ee1c7b7c3d22f186dea063d/B-A
7021d39476c082c69391aa7d9d107c8598ae66c5b1828c73e129c275542d42fb,pc/M-combat-capturePercent/adf2a33f332db08d4d373bba/A-B,vps/segments/M-combat-lossCompressionPercent-b360000/adf2a33f332db08d4d373bba/A-B
0a6998a19d108d4ea47989fe9c9346eb6b099ed85b399e3702e1d1add2785d07,pc/M-combat-capturePercent/adf2a33f332db08d4d373bba/B-A,vps/segments/M-combat-lossCompressionPercent-b360000/adf2a33f332db08d4d373bba/B-A
092ff6440ba52367b900849f38396771039917fdafcad50e5a9b3669a0a1a448,pc/M-combat-capturePercent/f78c1d62cca9f23dba9520f5/A-B,vps/segments/M-combat-lossCompressionPercent-b360000/f78c1d62cca9f23dba9520f5/A-B
40e5890746cdbe0ba659fc1854a9e8c3218947407cf39f571ec0b4f63dfcca5c,pc/M-combat-capturePercent/f78c1d62cca9f23dba9520f5/B-A,vps/segments/M-combat-lossCompressionPercent-b360000/f78c1d62cca9f23dba9520f5/B-A
85f859f840726422ec7d710e5557c9d3b6715fd7fc74bfe34607d4d92c94e777,pc/M-combat-capturePercent/0c0085870630c59e82d2d03f/A-B,vps/segments/M-combat-maxRounds-b12000/0c0085870630c59e82d2d03f/A-B
03908c0fa4ced8ca60a7e0fb3a0f39260e015950626c7db85dad0402f2d3619e,pc/M-combat-capturePercent/0c0085870630c59e82d2d03f/B-A,vps/segments/M-combat-maxRounds-b12000/0c0085870630c59e82d2d03f/B-A
9ca322cb96477f8f2d6b2e7673307285a8c1ac1a2124cfb6ddfbf09efb0d4075,pc/M-combat-capturePercent/48d3967fcd05b8de1e34c2d4/A-B,vps/segments/M-combat-maxRounds-b12000/48d3967fcd05b8de1e34c2d4/A-B
0ef488184d72f1f098ab6566fb80c72140d7078400dd1a9587141fe8b34a13ec,pc/M-combat-capturePercent/48d3967fcd05b8de1e34c2d4/B-A,vps/segments/M-combat-maxRounds-b12000/48d3967fcd05b8de1e34c2d4/B-A
00f252d5722657943a4cb0718ce0da7e8a4611896fa35ea5621c1322e14ef866,pc/M-combat-capturePercent/54e1d4f2a6e7f51febebdd8e/A-B,vps/segments/M-combat-maxRounds-b12000/54e1d4f2a6e7f51febebdd8e/A-B
9000dde07f557a8d66b3ea4000e55211bbd45f04e3469db5cbc747249d14ba6c,pc/M-combat-capturePercent/54e1d4f2a6e7f51febebdd8e/B-A,vps/segments/M-combat-maxRounds-b12000/54e1d4f2a6e7f51febebdd8e/B-A
35be79c5c128b6e4343bfeefa1db2f2aeb0a0150c17aa99303e7622a603c351b,pc/M-combat-capturePercent/7498c9f948922906239ad8d6/A-B,vps/segments/M-combat-maxRounds-b12000/7498c9f948922906239ad8d6/A-B
49d4b23c42e173b1bcdc7cd48f22932e3a82504dd30129431f21b83876d94cb2,pc/M-combat-capturePercent/7498c9f948922906239ad8d6/B-A,vps/segments/M-combat-maxRounds-b12000/7498c9f948922906239ad8d6/B-A
2a1d1503a117713d05836a468b6a0d0d39d7d08702d9ca68ffe56c89d6f08704,pc/M-combat-capturePercent/98043342a0f7383cbda2c59d/A-B,vps/segments/M-combat-maxRounds-b12000/98043342a0f7383cbda2c59d/A-B
cdd056f355bfd3009ca6798847f425d092b2fa95fee94cbb9f1b9d30918fd936,pc/M-combat-capturePercent/98043342a0f7383cbda2c59d/B-A,vps/segments/M-combat-maxRounds-b12000/98043342a0f7383cbda2c59d/B-A
1178f1206facb99d474deb6896610eb381b51065a110d670b64abf6c01184760,pc/M-combat-capturePercent/9ea4f603e73d531fd3c8df44/A-B,vps/segments/M-combat-maxRounds-b12000/9ea4f603e73d531fd3c8df44/A-B
db8d3921ad4c7ffbcfdfcbf53d72da2e8c438f83b03f5de5e5b8aab344978ab5,pc/M-combat-capturePercent/9ea4f603e73d531fd3c8df44/B-A,vps/segments/M-combat-maxRounds-b12000/9ea4f603e73d531fd3c8df44/B-A
b965633c898c10ac48cc0b945d886ca291a7c3df9f2bc8fbbd6924891bba8756,pc/M-combat-capturePercent/a477667580eb4a6cca4bfd35/A-B,vps/segments/M-combat-maxRounds-b12000/a477667580eb4a6cca4bfd35/A-B
04d26513bee41f8de98ab49cd97c992b3a0017b0ad91dc428f6066f007ce270c,pc/M-combat-capturePercent/a477667580eb4a6cca4bfd35/B-A,vps/segments/M-combat-maxRounds-b12000/a477667580eb4a6cca4bfd35/B-A
a5cef95da0740171d974b1b8238a058e26fade3fe8a8f09d6de3182d2fb25476,pc/M-combat-capturePercent/ac748b9a7bbadd1b4ccb3da4/A-B,vps/segments/M-combat-maxRounds-b12000/ac748b9a7bbadd1b4ccb3da4/A-B
22588da900fbea8c00b87d769132d035359f1c3deae9b763847a866d744b79ff,pc/M-combat-capturePercent/ac748b9a7bbadd1b4ccb3da4/B-A,vps/segments/M-combat-maxRounds-b12000/ac748b9a7bbadd1b4ccb3da4/B-A
4227f054b87e527b1d1b0274ed1998e330c5df10704580221a9b575b4a8798c6,pc/M-combat-capturePercent/b4b94da886e061c92142841a/A-B,vps/segments/M-combat-maxRounds-b12000/b4b94da886e061c92142841a/A-B
ed29d7971438fc1a049999694ca61a2424e52dc6124815c6cadb6b6c1daaffd8,pc/M-combat-capturePercent/b4b94da886e061c92142841a/B-A,vps/segments/M-combat-maxRounds-b12000/b4b94da886e061c92142841a/B-A
6d407622c60b016795f97c89a6a5574696df9124c61c66dd231ce4e7c7aa2393,pc/M-combat-capturePercent/ec03e2f3b6e41ea5555df14c/A-B,vps/segments/M-combat-maxRounds-b12000/ec03e2f3b6e41ea5555df14c/A-B
5b40b5d08240a3cb41ac0662b746bf7848264fd5d59a18b9cccd174e1c8a970f,pc/M-combat-capturePercent/ec03e2f3b6e41ea5555df14c/B-A,vps/segments/M-combat-maxRounds-b12000/ec03e2f3b6e41ea5555df14c/B-A
58cd7ae8deb38800a7970576196ee8f591af45338dcec1590dcfba297fa69701,pc/M-combat-capturePercent/0fad6426e216ce1d497cd944/A-B,vps/segments/M-combat-maxRounds-b120000/0fad6426e216ce1d497cd944/A-B
71c1edf0b3076609f0d5f6632549a6592128c1a272b42a58354f9fb187b4a370,pc/M-combat-capturePercent/0fad6426e216ce1d497cd944/B-A,vps/segments/M-combat-maxRounds-b120000/0fad6426e216ce1d497cd944/B-A
ac0328d7e848fe34c754caa6b9c4b0ed2030d2e4d6fcccd1ed330988caf253df,pc/M-combat-capturePercent/2497be6bce26a22f97e6e95e/A-B,vps/segments/M-combat-maxRounds-b120000/2497be6bce26a22f97e6e95e/A-B
cdf02ca8a3da35cbdb52ea241c610d7fdc069d44ffd601725625d6de3e1c67e1,pc/M-combat-capturePercent/2497be6bce26a22f97e6e95e/B-A,vps/segments/M-combat-maxRounds-b120000/2497be6bce26a22f97e6e95e/B-A
9858c7ffa1a6a847079e50482789f9a042cfeb281ada503d2c73d74b65c9d985,pc/M-combat-capturePercent/2eb2746a70cb35fe1ce25f98/A-B,vps/segments/M-combat-maxRounds-b120000/2eb2746a70cb35fe1ce25f98/A-B
151989b8d1b1c0ca759fab7eaf3b152abc03724944a1ef9ad70118e7a90322e4,pc/M-combat-capturePercent/2eb2746a70cb35fe1ce25f98/B-A,vps/segments/M-combat-maxRounds-b120000/2eb2746a70cb35fe1ce25f98/B-A
4597ad24b5a2e47b6a7dce9496a9b6f4b1f246dce33a40845b0982a200fb8806,pc/M-combat-capturePercent/5be07c6fc69f472eef0ee17f/A-B,vps/segments/M-combat-maxRounds-b120000/5be07c6fc69f472eef0ee17f/A-B
7c1e87a0769464bd834f5d84f3fd33eaf9071aabdb90673a4cec8f5b7383d2cf,pc/M-combat-capturePercent/5be07c6fc69f472eef0ee17f/B-A,vps/segments/M-combat-maxRounds-b120000/5be07c6fc69f472eef0ee17f/B-A
f5eaa97da71df5298d7c5b30554bec43da7311247b6bf61d3299b38dd99ce886,pc/M-combat-capturePercent/80ebf93b386771704cc70bab/A-B,vps/segments/M-combat-maxRounds-b120000/80ebf93b386771704cc70bab/A-B
6a49a491a5ff72a4b8db0cc1fcd37742813f1f1a76d4b11bb02af21e20d1e1ce,pc/M-combat-capturePercent/80ebf93b386771704cc70bab/B-A,vps/segments/M-combat-maxRounds-b120000/80ebf93b386771704cc70bab/B-A
647ab88a83aa6f834990989ca24911ddf969595c4a5f5d85e2c151fdaebac92b,pc/M-combat-capturePercent/93f29e181d26c9d16b60ee8b/A-B,vps/segments/M-combat-maxRounds-b120000/93f29e181d26c9d16b60ee8b/A-B
cb5849664fb65ac00466aa61563a1f9baace77ad985b9c02a92e371cf45b1603,pc/M-combat-capturePercent/93f29e181d26c9d16b60ee8b/B-A,vps/segments/M-combat-maxRounds-b120000/93f29e181d26c9d16b60ee8b/B-A
a5bb96235bf6f9a76b769ff737d8e922df94b0a52f749525853085cd022bf3ef,pc/M-combat-capturePercent/a74b3b7b747bae166c9bbd4d/A-B,vps/segments/M-combat-maxRounds-b120000/a74b3b7b747bae166c9bbd4d/A-B
8a5fbdbf1b558dc200eab97d67343355792afdf24d5bbb0e91f754b86f3a02ef,pc/M-combat-capturePercent/a74b3b7b747bae166c9bbd4d/B-A,vps/segments/M-combat-maxRounds-b120000/a74b3b7b747bae166c9bbd4d/B-A
e1e29aab7102365136b614a54a8aeb0bee449145f3bc465a205963f9f554f006,pc/M-combat-capturePercent/bf898c747897728e9c646b00/A-B,vps/segments/M-combat-maxRounds-b120000/bf898c747897728e9c646b00/A-B
0c2b4bb54f68750a49827995ac5ca7c41b885ac68f663af9b71cf4658f802372,pc/M-combat-capturePercent/bf898c747897728e9c646b00/B-A,vps/segments/M-combat-maxRounds-b120000/bf898c747897728e9c646b00/B-A
6b4a529fbc125b23882833e0aed634bec1b5f0b2174c3e7ece269e3168b0f82f,pc/M-combat-capturePercent/c88b855645bc720b498875d2/A-B,vps/segments/M-combat-maxRounds-b120000/c88b855645bc720b498875d2/A-B
7e4672019367fb02f1f4413e94829b3f5c23d2fa9d1ba5802105a04a62fdf6a1,pc/M-combat-capturePercent/c88b855645bc720b498875d2/B-A,vps/segments/M-combat-maxRounds-b120000/c88b855645bc720b498875d2/B-A
54b8eb5652e7a14e2d23dbf5a122ee8f8758e3e126c18b1c2077bfe200269275,pc/M-combat-capturePercent/e03c8d62aa94aae4fc0f13f1/A-B,vps/segments/M-combat-maxRounds-b120000/e03c8d62aa94aae4fc0f13f1/A-B
078641e562821c4012d1a24d08878af3f97f45aea622350727a2eb5edcbd524c,pc/M-combat-capturePercent/e03c8d62aa94aae4fc0f13f1/B-A,vps/segments/M-combat-maxRounds-b120000/e03c8d62aa94aae4fc0f13f1/B-A
ee9e20890d11662504f7fe1e38034c18b966e01cd6c9e5396948c62e4ef00edc,pc/M-combat-capturePercent/1216817fbd021bfb8a800544/A-B,vps/segments/M-combat-maxRounds-b360000/1216817fbd021bfb8a800544/A-B
6716753b8e8b76b4a64e3b17a97ed8046605bed1f7d8159437110a4c2a02ffa9,pc/M-combat-capturePercent/1216817fbd021bfb8a800544/B-A,vps/segments/M-combat-maxRounds-b360000/1216817fbd021bfb8a800544/B-A
7d7abac10e512ec2c70d5d25a59d0d144ba2b19ce4372cc4f09baf310123eafb,pc/M-combat-capturePercent/15b79b9ef5cbd9e794375476/A-B,vps/segments/M-combat-maxRounds-b360000/15b79b9ef5cbd9e794375476/A-B
75facca78d59da8acebf5520dc1aec84674008dca00e85ffe5137a6371d683bd,pc/M-combat-capturePercent/15b79b9ef5cbd9e794375476/B-A,vps/segments/M-combat-maxRounds-b360000/15b79b9ef5cbd9e794375476/B-A
587a0b6c8fbf92e9e393e63a374c6bdc95fc594470b7c8ee42ee3df5c4a6b8ef,pc/M-combat-capturePercent/1a50bd67feb4ca4f159a4cfe/A-B,vps/segments/M-combat-maxRounds-b360000/1a50bd67feb4ca4f159a4cfe/A-B
cab79020193af6f55744135f0197a1630e3c2215411e9bdd269a836e052ec646,pc/M-combat-capturePercent/1a50bd67feb4ca4f159a4cfe/B-A,vps/segments/M-combat-maxRounds-b360000/1a50bd67feb4ca4f159a4cfe/B-A
87844e416d861f5c9ead6ab9b78dcfb00006427ddc351bd0388c1eabd412ea8d,pc/M-combat-capturePercent/2d6350473497c883675afa80/A-B,vps/segments/M-combat-maxRounds-b360000/2d6350473497c883675afa80/A-B
e137c8706ef5acd42c2d3113acb60f6a980b709cb9423e1758161e5fa6ce3ea3,pc/M-combat-capturePercent/2d6350473497c883675afa80/B-A,vps/segments/M-combat-maxRounds-b360000/2d6350473497c883675afa80/B-A
4970d1f6b5265fad201517f3825ff40d79aa8b20306bc545f88c8e11a313708e,pc/M-combat-capturePercent/6aee5ba4cebd035270c43536/A-B,vps/segments/M-combat-maxRounds-b360000/6aee5ba4cebd035270c43536/A-B
0243eeadabcc14bc5e95fa1b391f9a0fbfc6c55db116c0e75d961227e7785c42,pc/M-combat-capturePercent/6aee5ba4cebd035270c43536/B-A,vps/segments/M-combat-maxRounds-b360000/6aee5ba4cebd035270c43536/B-A
d008a6c4cea3edb58d3e49bd4fe6a9dc06177f8442e6495e138e98d884af187e,pc/M-combat-capturePercent/7701dd750551af246ed1b8c5/A-B,vps/segments/M-combat-maxRounds-b360000/7701dd750551af246ed1b8c5/A-B
bcbc877f0cf8b1db3ca6328cc8d75854e56dc0b5735561ddaff5ce14c2a229f6,pc/M-combat-capturePercent/7701dd750551af246ed1b8c5/B-A,vps/segments/M-combat-maxRounds-b360000/7701dd750551af246ed1b8c5/B-A
3d79ed5983c89d0022c51a128734a7b36a8941c07b48f432dd6f260a0059cec7,pc/M-combat-capturePercent/9a1ddda43134d9061057be59/A-B,vps/segments/M-combat-maxRounds-b360000/9a1ddda43134d9061057be59/A-B
b539cabaf72f26f266d867628052db7ffc7cfa333da902e943ce8bd34a752c17,pc/M-combat-capturePercent/9a1ddda43134d9061057be59/B-A,vps/segments/M-combat-maxRounds-b360000/9a1ddda43134d9061057be59/B-A
2bc6219638d312265f5c45e3ff80bf6b75c9c3992211780b96db52997872da32,pc/M-combat-capturePercent/9ee1c7b7c3d22f186dea063d/A-B,vps/segments/M-combat-maxRounds-b360000/9ee1c7b7c3d22f186dea063d/A-B
120c55e4f29e4d0105d6cc15c34f2d0b90e315f38cd4336b4554e662eda73d66,pc/M-combat-capturePercent/9ee1c7b7c3d22f186dea063d/B-A,vps/segments/M-combat-maxRounds-b360000/9ee1c7b7c3d22f186dea063d/B-A
7021d39476c082c69391aa7d9d107c8598ae66c5b1828c73e129c275542d42fb,pc/M-combat-capturePercent/adf2a33f332db08d4d373bba/A-B,vps/segments/M-combat-maxRounds-b360000/adf2a33f332db08d4d373bba/A-B
0a6998a19d108d4ea47989fe9c9346eb6b099ed85b399e3702e1d1add2785d07,pc/M-combat-capturePercent/adf2a33f332db08d4d373bba/B-A,vps/segments/M-combat-maxRounds-b360000/adf2a33f332db08d4d373bba/B-A
092ff6440ba52367b900849f38396771039917fdafcad50e5a9b3669a0a1a448,pc/M-combat-capturePercent/f78c1d62cca9f23dba9520f5/A-B,vps/segments/M-combat-maxRounds-b360000/f78c1d62cca9f23dba9520f5/A-B
40e5890746cdbe0ba659fc1854a9e8c3218947407cf39f571ec0b4f63dfcca5c,pc/M-combat-capturePercent/f78c1d62cca9f23dba9520f5/B-A,vps/segments/M-combat-maxRounds-b360000/f78c1d62cca9f23dba9520f5/B-A
85f859f840726422ec7d710e5557c9d3b6715fd7fc74bfe34607d4d92c94e777,pc/M-combat-capturePercent/0c0085870630c59e82d2d03f/A-B,vps/segments/M-combat-surrender-b12000/0c0085870630c59e82d2d03f/A-B
03908c0fa4ced8ca60a7e0fb3a0f39260e015950626c7db85dad0402f2d3619e,pc/M-combat-capturePercent/0c0085870630c59e82d2d03f/B-A,vps/segments/M-combat-surrender-b12000/0c0085870630c59e82d2d03f/B-A
9ca322cb96477f8f2d6b2e7673307285a8c1ac1a2124cfb6ddfbf09efb0d4075,pc/M-combat-capturePercent/48d3967fcd05b8de1e34c2d4/A-B,vps/segments/M-combat-surrender-b12000/48d3967fcd05b8de1e34c2d4/A-B
0ef488184d72f1f098ab6566fb80c72140d7078400dd1a9587141fe8b34a13ec,pc/M-combat-capturePercent/48d3967fcd05b8de1e34c2d4/B-A,vps/segments/M-combat-surrender-b12000/48d3967fcd05b8de1e34c2d4/B-A
00f252d5722657943a4cb0718ce0da7e8a4611896fa35ea5621c1322e14ef866,pc/M-combat-capturePercent/54e1d4f2a6e7f51febebdd8e/A-B,vps/segments/M-combat-surrender-b12000/54e1d4f2a6e7f51febebdd8e/A-B
9000dde07f557a8d66b3ea4000e55211bbd45f04e3469db5cbc747249d14ba6c,pc/M-combat-capturePercent/54e1d4f2a6e7f51febebdd8e/B-A,vps/segments/M-combat-surrender-b12000/54e1d4f2a6e7f51febebdd8e/B-A
35be79c5c128b6e4343bfeefa1db2f2aeb0a0150c17aa99303e7622a603c351b,pc/M-combat-capturePercent/7498c9f948922906239ad8d6/A-B,vps/segments/M-combat-surrender-b12000/7498c9f948922906239ad8d6/A-B
49d4b23c42e173b1bcdc7cd48f22932e3a82504dd30129431f21b83876d94cb2,pc/M-combat-capturePercent/7498c9f948922906239ad8d6/B-A,vps/segments/M-combat-surrender-b12000/7498c9f948922906239ad8d6/B-A
2a1d1503a117713d05836a468b6a0d0d39d7d08702d9ca68ffe56c89d6f08704,pc/M-combat-capturePercent/98043342a0f7383cbda2c59d/A-B,vps/segments/M-combat-surrender-b12000/98043342a0f7383cbda2c59d/A-B
cdd056f355bfd3009ca6798847f425d092b2fa95fee94cbb9f1b9d30918fd936,pc/M-combat-capturePercent/98043342a0f7383cbda2c59d/B-A,vps/segments/M-combat-surrender-b12000/98043342a0f7383cbda2c59d/B-A
1178f1206facb99d474deb6896610eb381b51065a110d670b64abf6c01184760,pc/M-combat-capturePercent/9ea4f603e73d531fd3c8df44/A-B,vps/segments/M-combat-surrender-b12000/9ea4f603e73d531fd3c8df44/A-B
db8d3921ad4c7ffbcfdfcbf53d72da2e8c438f83b03f5de5e5b8aab344978ab5,pc/M-combat-capturePercent/9ea4f603e73d531fd3c8df44/B-A,vps/segments/M-combat-surrender-b12000/9ea4f603e73d531fd3c8df44/B-A
b965633c898c10ac48cc0b945d886ca291a7c3df9f2bc8fbbd6924891bba8756,pc/M-combat-capturePercent/a477667580eb4a6cca4bfd35/A-B,vps/segments/M-combat-surrender-b12000/a477667580eb4a6cca4bfd35/A-B
04d26513bee41f8de98ab49cd97c992b3a0017b0ad91dc428f6066f007ce270c,pc/M-combat-capturePercent/a477667580eb4a6cca4bfd35/B-A,vps/segments/M-combat-surrender-b12000/a477667580eb4a6cca4bfd35/B-A
a5cef95da0740171d974b1b8238a058e26fade3fe8a8f09d6de3182d2fb25476,pc/M-combat-capturePercent/ac748b9a7bbadd1b4ccb3da4/A-B,vps/segments/M-combat-surrender-b12000/ac748b9a7bbadd1b4ccb3da4/A-B
22588da900fbea8c00b87d769132d035359f1c3deae9b763847a866d744b79ff,pc/M-combat-capturePercent/ac748b9a7bbadd1b4ccb3da4/B-A,vps/segments/M-combat-surrender-b12000/ac748b9a7bbadd1b4ccb3da4/B-A
4227f054b87e527b1d1b0274ed1998e330c5df10704580221a9b575b4a8798c6,pc/M-combat-capturePercent/b4b94da886e061c92142841a/A-B,vps/segments/M-combat-surrender-b12000/b4b94da886e061c92142841a/A-B
ed29d7971438fc1a049999694ca61a2424e52dc6124815c6cadb6b6c1daaffd8,pc/M-combat-capturePercent/b4b94da886e061c92142841a/B-A,vps/segments/M-combat-surrender-b12000/b4b94da886e061c92142841a/B-A
6d407622c60b016795f97c89a6a5574696df9124c61c66dd231ce4e7c7aa2393,pc/M-combat-capturePercent/ec03e2f3b6e41ea5555df14c/A-B,vps/segments/M-combat-surrender-b12000/ec03e2f3b6e41ea5555df14c/A-B
5b40b5d08240a3cb41ac0662b746bf7848264fd5d59a18b9cccd174e1c8a970f,pc/M-combat-capturePercent/ec03e2f3b6e41ea5555df14c/B-A,vps/segments/M-combat-surrender-b12000/ec03e2f3b6e41ea5555df14c/B-A
58cd7ae8deb38800a7970576196ee8f591af45338dcec1590dcfba297fa69701,pc/M-combat-capturePercent/0fad6426e216ce1d497cd944/A-B,vps/segments/M-combat-surrender-b120000/0fad6426e216ce1d497cd944/A-B
71c1edf0b3076609f0d5f6632549a6592128c1a272b42a58354f9fb187b4a370,pc/M-combat-capturePercent/0fad6426e216ce1d497cd944/B-A,vps/segments/M-combat-surrender-b120000/0fad6426e216ce1d497cd944/B-A
ac0328d7e848fe34c754caa6b9c4b0ed2030d2e4d6fcccd1ed330988caf253df,pc/M-combat-capturePercent/2497be6bce26a22f97e6e95e/A-B,vps/segments/M-combat-surrender-b120000/2497be6bce26a22f97e6e95e/A-B
cdf02ca8a3da35cbdb52ea241c610d7fdc069d44ffd601725625d6de3e1c67e1,pc/M-combat-capturePercent/2497be6bce26a22f97e6e95e/B-A,vps/segments/M-combat-surrender-b120000/2497be6bce26a22f97e6e95e/B-A
9858c7ffa1a6a847079e50482789f9a042cfeb281ada503d2c73d74b65c9d985,pc/M-combat-capturePercent/2eb2746a70cb35fe1ce25f98/A-B,vps/segments/M-combat-surrender-b120000/2eb2746a70cb35fe1ce25f98/A-B
151989b8d1b1c0ca759fab7eaf3b152abc03724944a1ef9ad70118e7a90322e4,pc/M-combat-capturePercent/2eb2746a70cb35fe1ce25f98/B-A,vps/segments/M-combat-surrender-b120000/2eb2746a70cb35fe1ce25f98/B-A
4597ad24b5a2e47b6a7dce9496a9b6f4b1f246dce33a40845b0982a200fb8806,pc/M-combat-capturePercent/5be07c6fc69f472eef0ee17f/A-B,vps/segments/M-combat-surrender-b120000/5be07c6fc69f472eef0ee17f/A-B
7c1e87a0769464bd834f5d84f3fd33eaf9071aabdb90673a4cec8f5b7383d2cf,pc/M-combat-capturePercent/5be07c6fc69f472eef0ee17f/B-A,vps/segments/M-combat-surrender-b120000/5be07c6fc69f472eef0ee17f/B-A
f5eaa97da71df5298d7c5b30554bec43da7311247b6bf61d3299b38dd99ce886,pc/M-combat-capturePercent/80ebf93b386771704cc70bab/A-B,vps/segments/M-combat-surrender-b120000/80ebf93b386771704cc70bab/A-B
6a49a491a5ff72a4b8db0cc1fcd37742813f1f1a76d4b11bb02af21e20d1e1ce,pc/M-combat-capturePercent/80ebf93b386771704cc70bab/B-A,vps/segments/M-combat-surrender-b120000/80ebf93b386771704cc70bab/B-A
647ab88a83aa6f834990989ca24911ddf969595c4a5f5d85e2c151fdaebac92b,pc/M-combat-capturePercent/93f29e181d26c9d16b60ee8b/A-B,vps/segments/M-combat-surrender-b120000/93f29e181d26c9d16b60ee8b/A-B
cb5849664fb65ac00466aa61563a1f9baace77ad985b9c02a92e371cf45b1603,pc/M-combat-capturePercent/93f29e181d26c9d16b60ee8b/B-A,vps/segments/M-combat-surrender-b120000/93f29e181d26c9d16b60ee8b/B-A
a5bb96235bf6f9a76b769ff737d8e922df94b0a52f749525853085cd022bf3ef,pc/M-combat-capturePercent/a74b3b7b747bae166c9bbd4d/A-B,vps/segments/M-combat-surrender-b120000/a74b3b7b747bae166c9bbd4d/A-B
8a5fbdbf1b558dc200eab97d67343355792afdf24d5bbb0e91f754b86f3a02ef,pc/M-combat-capturePercent/a74b3b7b747bae166c9bbd4d/B-A,vps/segments/M-combat-surrender-b120000/a74b3b7b747bae166c9bbd4d/B-A
e1e29aab7102365136b614a54a8aeb0bee449145f3bc465a205963f9f554f006,pc/M-combat-capturePercent/bf898c747897728e9c646b00/A-B,vps/segments/M-combat-surrender-b120000/bf898c747897728e9c646b00/A-B
0c2b4bb54f68750a49827995ac5ca7c41b885ac68f663af9b71cf4658f802372,pc/M-combat-capturePercent/bf898c747897728e9c646b00/B-A,vps/segments/M-combat-surrender-b120000/bf898c747897728e9c646b00/B-A
6b4a529fbc125b23882833e0aed634bec1b5f0b2174c3e7ece269e3168b0f82f,pc/M-combat-capturePercent/c88b855645bc720b498875d2/A-B,vps/segments/M-combat-surrender-b120000/c88b855645bc720b498875d2/A-B
7e4672019367fb02f1f4413e94829b3f5c23d2fa9d1ba5802105a04a62fdf6a1,pc/M-combat-capturePercent/c88b855645bc720b498875d2/B-A,vps/segments/M-combat-surrender-b120000/c88b855645bc720b498875d2/B-A
54b8eb5652e7a14e2d23dbf5a122ee8f8758e3e126c18b1c2077bfe200269275,pc/M-combat-capturePercent/e03c8d62aa94aae4fc0f13f1/A-B,vps/segments/M-combat-surrender-b120000/e03c8d62aa94aae4fc0f13f1/A-B
078641e562821c4012d1a24d08878af3f97f45aea622350727a2eb5edcbd524c,pc/M-combat-capturePercent/e03c8d62aa94aae4fc0f13f1/B-A,vps/segments/M-combat-surrender-b120000/e03c8d62aa94aae4fc0f13f1/B-A
ee9e20890d11662504f7fe1e38034c18b966e01cd6c9e5396948c62e4ef00edc,pc/M-combat-capturePercent/1216817fbd021bfb8a800544/A-B,vps/segments/M-combat-surrender-b360000/1216817fbd021bfb8a800544/A-B
6716753b8e8b76b4a64e3b17a97ed8046605bed1f7d8159437110a4c2a02ffa9,pc/M-combat-capturePercent/1216817fbd021bfb8a800544/B-A,vps/segments/M-combat-surrender-b360000/1216817fbd021bfb8a800544/B-A
7d7abac10e512ec2c70d5d25a59d0d144ba2b19ce4372cc4f09baf310123eafb,pc/M-combat-capturePercent/15b79b9ef5cbd9e794375476/A-B,vps/segments/M-combat-surrender-b360000/15b79b9ef5cbd9e794375476/A-B
75facca78d59da8acebf5520dc1aec84674008dca00e85ffe5137a6371d683bd,pc/M-combat-capturePercent/15b79b9ef5cbd9e794375476/B-A,vps/segments/M-combat-surrender-b360000/15b79b9ef5cbd9e794375476/B-A
587a0b6c8fbf92e9e393e63a374c6bdc95fc594470b7c8ee42ee3df5c4a6b8ef,pc/M-combat-capturePercent/1a50bd67feb4ca4f159a4cfe/A-B,vps/segments/M-combat-surrender-b360000/1a50bd67feb4ca4f159a4cfe/A-B
cab79020193af6f55744135f0197a1630e3c2215411e9bdd269a836e052ec646,pc/M-combat-capturePercent/1a50bd67feb4ca4f159a4cfe/B-A,vps/segments/M-combat-surrender-b360000/1a50bd67feb4ca4f159a4cfe/B-A
87844e416d861f5c9ead6ab9b78dcfb00006427ddc351bd0388c1eabd412ea8d,pc/M-combat-capturePercent/2d6350473497c883675afa80/A-B,vps/segments/M-combat-surrender-b360000/2d6350473497c883675afa80/A-B
e137c8706ef5acd42c2d3113acb60f6a980b709cb9423e1758161e5fa6ce3ea3,pc/M-combat-capturePercent/2d6350473497c883675afa80/B-A,vps/segments/M-combat-surrender-b360000/2d6350473497c883675afa80/B-A
4970d1f6b5265fad201517f3825ff40d79aa8b20306bc545f88c8e11a313708e,pc/M-combat-capturePercent/6aee5ba4cebd035270c43536/A-B,vps/segments/M-combat-surrender-b360000/6aee5ba4cebd035270c43536/A-B
0243eeadabcc14bc5e95fa1b391f9a0fbfc6c55db116c0e75d961227e7785c42,pc/M-combat-capturePercent/6aee5ba4cebd035270c43536/B-A,vps/segments/M-combat-surrender-b360000/6aee5ba4cebd035270c43536/B-A
d008a6c4cea3edb58d3e49bd4fe6a9dc06177f8442e6495e138e98d884af187e,pc/M-combat-capturePercent/7701dd750551af246ed1b8c5/A-B,vps/segments/M-combat-surrender-b360000/7701dd750551af246ed1b8c5/A-B
bcbc877f0cf8b1db3ca6328cc8d75854e56dc0b5735561ddaff5ce14c2a229f6,pc/M-combat-capturePercent/7701dd750551af246ed1b8c5/B-A,vps/segments/M-combat-surrender-b360000/7701dd750551af246ed1b8c5/B-A
3d79ed5983c89d0022c51a128734a7b36a8941c07b48f432dd6f260a0059cec7,pc/M-combat-capturePercent/9a1ddda43134d9061057be59/A-B,vps/segments/M-combat-surrender-b360000/9a1ddda43134d9061057be59/A-B
b539cabaf72f26f266d867628052db7ffc7cfa333da902e943ce8bd34a752c17,pc/M-combat-capturePercent/9a1ddda43134d9061057be59/B-A,vps/segments/M-combat-surrender-b360000/9a1ddda43134d9061057be59/B-A
2bc6219638d312265f5c45e3ff80bf6b75c9c3992211780b96db52997872da32,pc/M-combat-capturePercent/9ee1c7b7c3d22f186dea063d/A-B,vps/segments/M-combat-surrender-b360000/9ee1c7b7c3d22f186dea063d/A-B
120c55e4f29e4d0105d6cc15c34f2d0b90e315f38cd4336b4554e662eda73d66,pc/M-combat-capturePercent/9ee1c7b7c3d22f186dea063d/B-A,vps/segments/M-combat-surrender-b360000/9ee1c7b7c3d22f186dea063d/B-A
7021d39476c082c69391aa7d9d107c8598ae66c5b1828c73e129c275542d42fb,pc/M-combat-capturePercent/adf2a33f332db08d4d373bba/A-B,vps/segments/M-combat-surrender-b360000/adf2a33f332db08d4d373bba/A-B
0a6998a19d108d4ea47989fe9c9346eb6b099ed85b399e3702e1d1add2785d07,pc/M-combat-capturePercent/adf2a33f332db08d4d373bba/B-A,vps/segments/M-combat-surrender-b360000/adf2a33f332db08d4d373bba/B-A
092ff6440ba52367b900849f38396771039917fdafcad50e5a9b3669a0a1a448,pc/M-combat-capturePercent/f78c1d62cca9f23dba9520f5/A-B,vps/segments/M-combat-surrender-b360000/f78c1d62cca9f23dba9520f5/A-B
40e5890746cdbe0ba659fc1854a9e8c3218947407cf39f571ec0b4f63dfcca5c,pc/M-combat-capturePercent/f78c1d62cca9f23dba9520f5/B-A,vps/segments/M-combat-surrender-b360000/f78c1d62cca9f23dba9520f5/B-A
85f859f840726422ec7d710e5557c9d3b6715fd7fc74bfe34607d4d92c94e777,pc/M-combat-capturePercent/0c0085870630c59e82d2d03f/A-B,vps/segments/M-combat-woundDamageThreshold-b12000/0c0085870630c59e82d2d03f/A-B
03908c0fa4ced8ca60a7e0fb3a0f39260e015950626c7db85dad0402f2d3619e,pc/M-combat-capturePercent/0c0085870630c59e82d2d03f/B-A,vps/segments/M-combat-woundDamageThreshold-b12000/0c0085870630c59e82d2d03f/B-A
9ca322cb96477f8f2d6b2e7673307285a8c1ac1a2124cfb6ddfbf09efb0d4075,pc/M-combat-capturePercent/48d3967fcd05b8de1e34c2d4/A-B,vps/segments/M-combat-woundDamageThreshold-b12000/48d3967fcd05b8de1e34c2d4/A-B
0ef488184d72f1f098ab6566fb80c72140d7078400dd1a9587141fe8b34a13ec,pc/M-combat-capturePercent/48d3967fcd05b8de1e34c2d4/B-A,vps/segments/M-combat-woundDamageThreshold-b12000/48d3967fcd05b8de1e34c2d4/B-A
00f252d5722657943a4cb0718ce0da7e8a4611896fa35ea5621c1322e14ef866,pc/M-combat-capturePercent/54e1d4f2a6e7f51febebdd8e/A-B,vps/segments/M-combat-woundDamageThreshold-b12000/54e1d4f2a6e7f51febebdd8e/A-B
9000dde07f557a8d66b3ea4000e55211bbd45f04e3469db5cbc747249d14ba6c,pc/M-combat-capturePercent/54e1d4f2a6e7f51febebdd8e/B-A,vps/segments/M-combat-woundDamageThreshold-b12000/54e1d4f2a6e7f51febebdd8e/B-A
35be79c5c128b6e4343bfeefa1db2f2aeb0a0150c17aa99303e7622a603c351b,pc/M-combat-capturePercent/7498c9f948922906239ad8d6/A-B,vps/segments/M-combat-woundDamageThreshold-b12000/7498c9f948922906239ad8d6/A-B
49d4b23c42e173b1bcdc7cd48f22932e3a82504dd30129431f21b83876d94cb2,pc/M-combat-capturePercent/7498c9f948922906239ad8d6/B-A,vps/segments/M-combat-woundDamageThreshold-b12000/7498c9f948922906239ad8d6/B-A
2a1d1503a117713d05836a468b6a0d0d39d7d08702d9ca68ffe56c89d6f08704,pc/M-combat-capturePercent/98043342a0f7383cbda2c59d/A-B,vps/segments/M-combat-woundDamageThreshold-b12000/98043342a0f7383cbda2c59d/A-B
cdd056f355bfd3009ca6798847f425d092b2fa95fee94cbb9f1b9d30918fd936,pc/M-combat-capturePercent/98043342a0f7383cbda2c59d/B-A,vps/segments/M-combat-woundDamageThreshold-b12000/98043342a0f7383cbda2c59d/B-A
1178f1206facb99d474deb6896610eb381b51065a110d670b64abf6c01184760,pc/M-combat-capturePercent/9ea4f603e73d531fd3c8df44/A-B,vps/segments/M-combat-woundDamageThreshold-b12000/9ea4f603e73d531fd3c8df44/A-B
db8d3921ad4c7ffbcfdfcbf53d72da2e8c438f83b03f5de5e5b8aab344978ab5,pc/M-combat-capturePercent/9ea4f603e73d531fd3c8df44/B-A,vps/segments/M-combat-woundDamageThreshold-b12000/9ea4f603e73d531fd3c8df44/B-A
b965633c898c10ac48cc0b945d886ca291a7c3df9f2bc8fbbd6924891bba8756,pc/M-combat-capturePercent/a477667580eb4a6cca4bfd35/A-B,vps/segments/M-combat-woundDamageThreshold-b12000/a477667580eb4a6cca4bfd35/A-B
04d26513bee41f8de98ab49cd97c992b3a0017b0ad91dc428f6066f007ce270c,pc/M-combat-capturePercent/a477667580eb4a6cca4bfd35/B-A,vps/segments/M-combat-woundDamageThreshold-b12000/a477667580eb4a6cca4bfd35/B-A
a5cef95da0740171d974b1b8238a058e26fade3fe8a8f09d6de3182d2fb25476,pc/M-combat-capturePercent/ac748b9a7bbadd1b4ccb3da4/A-B,vps/segments/M-combat-woundDamageThreshold-b12000/ac748b9a7bbadd1b4ccb3da4/A-B
22588da900fbea8c00b87d769132d035359f1c3deae9b763847a866d744b79ff,pc/M-combat-capturePercent/ac748b9a7bbadd1b4ccb3da4/B-A,vps/segments/M-combat-woundDamageThreshold-b12000/ac748b9a7bbadd1b4ccb3da4/B-A
4227f054b87e527b1d1b0274ed1998e330c5df10704580221a9b575b4a8798c6,pc/M-combat-capturePercent/b4b94da886e061c92142841a/A-B,vps/segments/M-combat-woundDamageThreshold-b12000/b4b94da886e061c92142841a/A-B
ed29d7971438fc1a049999694ca61a2424e52dc6124815c6cadb6b6c1daaffd8,pc/M-combat-capturePercent/b4b94da886e061c92142841a/B-A,vps/segments/M-combat-woundDamageThreshold-b12000/b4b94da886e061c92142841a/B-A
6d407622c60b016795f97c89a6a5574696df9124c61c66dd231ce4e7c7aa2393,pc/M-combat-capturePercent/ec03e2f3b6e41ea5555df14c/A-B,vps/segments/M-combat-woundDamageThreshold-b12000/ec03e2f3b6e41ea5555df14c/A-B
5b40b5d08240a3cb41ac0662b746bf7848264fd5d59a18b9cccd174e1c8a970f,pc/M-combat-capturePercent/ec03e2f3b6e41ea5555df14c/B-A,vps/segments/M-combat-woundDamageThreshold-b12000/ec03e2f3b6e41ea5555df14c/B-A
58cd7ae8deb38800a7970576196ee8f591af45338dcec1590dcfba297fa69701,pc/M-combat-capturePercent/0fad6426e216ce1d497cd944/A-B,vps/segments/M-combat-woundDamageThreshold-b120000/0fad6426e216ce1d497cd944/A-B
71c1edf0b3076609f0d5f6632549a6592128c1a272b42a58354f9fb187b4a370,pc/M-combat-capturePercent/0fad6426e216ce1d497cd944/B-A,vps/segments/M-combat-woundDamageThreshold-b120000/0fad6426e216ce1d497cd944/B-A
ac0328d7e848fe34c754caa6b9c4b0ed2030d2e4d6fcccd1ed330988caf253df,pc/M-combat-capturePercent/2497be6bce26a22f97e6e95e/A-B,vps/segments/M-combat-woundDamageThreshold-b120000/2497be6bce26a22f97e6e95e/A-B
cdf02ca8a3da35cbdb52ea241c610d7fdc069d44ffd601725625d6de3e1c67e1,pc/M-combat-capturePercent/2497be6bce26a22f97e6e95e/B-A,vps/segments/M-combat-woundDamageThreshold-b120000/2497be6bce26a22f97e6e95e/B-A
9858c7ffa1a6a847079e50482789f9a042cfeb281ada503d2c73d74b65c9d985,pc/M-combat-capturePercent/2eb2746a70cb35fe1ce25f98/A-B,vps/segments/M-combat-woundDamageThreshold-b120000/2eb2746a70cb35fe1ce25f98/A-B
151989b8d1b1c0ca759fab7eaf3b152abc03724944a1ef9ad70118e7a90322e4,pc/M-combat-capturePercent/2eb2746a70cb35fe1ce25f98/B-A,vps/segments/M-combat-woundDamageThreshold-b120000/2eb2746a70cb35fe1ce25f98/B-A
4597ad24b5a2e47b6a7dce9496a9b6f4b1f246dce33a40845b0982a200fb8806,pc/M-combat-capturePercent/5be07c6fc69f472eef0ee17f/A-B,vps/segments/M-combat-woundDamageThreshold-b120000/5be07c6fc69f472eef0ee17f/A-B
7c1e87a0769464bd834f5d84f3fd33eaf9071aabdb90673a4cec8f5b7383d2cf,pc/M-combat-capturePercent/5be07c6fc69f472eef0ee17f/B-A,vps/segments/M-combat-woundDamageThreshold-b120000/5be07c6fc69f472eef0ee17f/B-A
f5eaa97da71df5298d7c5b30554bec43da7311247b6bf61d3299b38dd99ce886,pc/M-combat-capturePercent/80ebf93b386771704cc70bab/A-B,vps/segments/M-combat-woundDamageThreshold-b120000/80ebf93b386771704cc70bab/A-B
6a49a491a5ff72a4b8db0cc1fcd37742813f1f1a76d4b11bb02af21e20d1e1ce,pc/M-combat-capturePercent/80ebf93b386771704cc70bab/B-A,vps/segments/M-combat-woundDamageThreshold-b120000/80ebf93b386771704cc70bab/B-A
647ab88a83aa6f834990989ca24911ddf969595c4a5f5d85e2c151fdaebac92b,pc/M-combat-capturePercent/93f29e181d26c9d16b60ee8b/A-B,vps/segments/M-combat-woundDamageThreshold-b120000/93f29e181d26c9d16b60ee8b/A-B
cb5849664fb65ac00466aa61563a1f9baace77ad985b9c02a92e371cf45b1603,pc/M-combat-capturePercent/93f29e181d26c9d16b60ee8b/B-A,vps/segments/M-combat-woundDamageThreshold-b120000/93f29e181d26c9d16b60ee8b/B-A
a5bb96235bf6f9a76b769ff737d8e922df94b0a52f749525853085cd022bf3ef,pc/M-combat-capturePercent/a74b3b7b747bae166c9bbd4d/A-B,vps/segments/M-combat-woundDamageThreshold-b120000/a74b3b7b747bae166c9bbd4d/A-B
8a5fbdbf1b558dc200eab97d67343355792afdf24d5bbb0e91f754b86f3a02ef,pc/M-combat-capturePercent/a74b3b7b747bae166c9bbd4d/B-A,vps/segments/M-combat-woundDamageThreshold-b120000/a74b3b7b747bae166c9bbd4d/B-A
e1e29aab7102365136b614a54a8aeb0bee449145f3bc465a205963f9f554f006,pc/M-combat-capturePercent/bf898c747897728e9c646b00/A-B,vps/segments/M-combat-woundDamageThreshold-b120000/bf898c747897728e9c646b00/A-B
0c2b4bb54f68750a49827995ac5ca7c41b885ac68f663af9b71cf4658f802372,pc/M-combat-capturePercent/bf898c747897728e9c646b00/B-A,vps/segments/M-combat-woundDamageThreshold-b120000/bf898c747897728e9c646b00/B-A
6b4a529fbc125b23882833e0aed634bec1b5f0b2174c3e7ece269e3168b0f82f,pc/M-combat-capturePercent/c88b855645bc720b498875d2/A-B,vps/segments/M-combat-woundDamageThreshold-b120000/c88b855645bc720b498875d2/A-B
7e4672019367fb02f1f4413e94829b3f5c23d2fa9d1ba5802105a04a62fdf6a1,pc/M-combat-capturePercent/c88b855645bc720b498875d2/B-A,vps/segments/M-combat-woundDamageThreshold-b120000/c88b855645bc720b498875d2/B-A
54b8eb5652e7a14e2d23dbf5a122ee8f8758e3e126c18b1c2077bfe200269275,pc/M-combat-capturePercent/e03c8d62aa94aae4fc0f13f1/A-B,vps/segments/M-combat-woundDamageThreshold-b120000/e03c8d62aa94aae4fc0f13f1/A-B
078641e562821c4012d1a24d08878af3f97f45aea622350727a2eb5edcbd524c,pc/M-combat-capturePercent/e03c8d62aa94aae4fc0f13f1/B-A,vps/segments/M-combat-woundDamageThreshold-b120000/e03c8d62aa94aae4fc0f13f1/B-A
ee9e20890d11662504f7fe1e38034c18b966e01cd6c9e5396948c62e4ef00edc,pc/M-combat-capturePercent/1216817fbd021bfb8a800544/A-B,vps/segments/M-combat-woundDamageThreshold-b360000/1216817fbd021bfb8a800544/A-B
6716753b8e8b76b4a64e3b17a97ed8046605bed1f7d8159437110a4c2a02ffa9,pc/M-combat-capturePercent/1216817fbd021bfb8a800544/B-A,vps/segments/M-combat-woundDamageThreshold-b360000/1216817fbd021bfb8a800544/B-A
7d7abac10e512ec2c70d5d25a59d0d144ba2b19ce4372cc4f09baf310123eafb,pc/M-combat-capturePercent/15b79b9ef5cbd9e794375476/A-B,vps/segments/M-combat-woundDamageThreshold-b360000/15b79b9ef5cbd9e794375476/A-B
75facca78d59da8acebf5520dc1aec84674008dca00e85ffe5137a6371d683bd,pc/M-combat-capturePercent/15b79b9ef5cbd9e794375476/B-A,vps/segments/M-combat-woundDamageThreshold-b360000/15b79b9ef5cbd9e794375476/B-A
587a0b6c8fbf92e9e393e63a374c6bdc95fc594470b7c8ee42ee3df5c4a6b8ef,pc/M-combat-capturePercent/1a50bd67feb4ca4f159a4cfe/A-B,vps/segments/M-combat-woundDamageThreshold-b360000/1a50bd67feb4ca4f159a4cfe/A-B
cab79020193af6f55744135f0197a1630e3c2215411e9bdd269a836e052ec646,pc/M-combat-capturePercent/1a50bd67feb4ca4f159a4cfe/B-A,vps/segments/M-combat-woundDamageThreshold-b360000/1a50bd67feb4ca4f159a4cfe/B-A
87844e416d861f5c9ead6ab9b78dcfb00006427ddc351bd0388c1eabd412ea8d,pc/M-combat-capturePercent/2d6350473497c883675afa80/A-B,vps/segments/M-combat-woundDamageThreshold-b360000/2d6350473497c883675afa80/A-B
e137c8706ef5acd42c2d3113acb60f6a980b709cb9423e1758161e5fa6ce3ea3,pc/M-combat-capturePercent/2d6350473497c883675afa80/B-A,vps/segments/M-combat-woundDamageThreshold-b360000/2d6350473497c883675afa80/B-A
4970d1f6b5265fad201517f3825ff40d79aa8b20306bc545f88c8e11a313708e,pc/M-combat-capturePercent/6aee5ba4cebd035270c43536/A-B,vps/segments/M-combat-woundDamageThreshold-b360000/6aee5ba4cebd035270c43536/A-B
0243eeadabcc14bc5e95fa1b391f9a0fbfc6c55db116c0e75d961227e7785c42,pc/M-combat-capturePercent/6aee5ba4cebd035270c43536/B-A,vps/segments/M-combat-woundDamageThreshold-b360000/6aee5ba4cebd035270c43536/B-A
d008a6c4cea3edb58d3e49bd4fe6a9dc06177f8442e6495e138e98d884af187e,pc/M-combat-capturePercent/7701dd750551af246ed1b8c5/A-B,vps/segments/M-combat-woundDamageThreshold-b360000/7701dd750551af246ed1b8c5/A-B
bcbc877f0cf8b1db3ca6328cc8d75854e56dc0b5735561ddaff5ce14c2a229f6,pc/M-combat-capturePercent/7701dd750551af246ed1b8c5/B-A,vps/segments/M-combat-woundDamageThreshold-b360000/7701dd750551af246ed1b8c5/B-A
3d79ed5983c89d0022c51a128734a7b36a8941c07b48f432dd6f260a0059cec7,pc/M-combat-capturePercent/9a1ddda43134d9061057be59/A-B,vps/segments/M-combat-woundDamageThreshold-b360000/9a1ddda43134d9061057be59/A-B
b539cabaf72f26f266d867628052db7ffc7cfa333da902e943ce8bd34a752c17,pc/M-combat-capturePercent/9a1ddda43134d9061057be59/B-A,vps/segments/M-combat-woundDamageThreshold-b360000/9a1ddda43134d9061057be59/B-A
2bc6219638d312265f5c45e3ff80bf6b75c9c3992211780b96db52997872da32,pc/M-combat-capturePercent/9ee1c7b7c3d22f186dea063d/A-B,vps/segments/M-combat-woundDamageThreshold-b360000/9ee1c7b7c3d22f186dea063d/A-B
120c55e4f29e4d0105d6cc15c34f2d0b90e315f38cd4336b4554e662eda73d66,pc/M-combat-capturePercent/9ee1c7b7c3d22f186dea063d/B-A,vps/segments/M-combat-woundDamageThreshold-b360000/9ee1c7b7c3d22f186dea063d/B-A
7021d39476c082c69391aa7d9d107c8598ae66c5b1828c73e129c275542d42fb,pc/M-combat-capturePercent/adf2a33f332db08d4d373bba/A-B,vps/segments/M-combat-woundDamageThreshold-b360000/adf2a33f332db08d4d373bba/A-B
0a6998a19d108d4ea47989fe9c9346eb6b099ed85b399e3702e1d1add2785d07,pc/M-combat-capturePercent/adf2a33f332db08d4d373bba/B-A,vps/segments/M-combat-woundDamageThreshold-b360000/adf2a33f332db08d4d373bba/B-A
092ff6440ba52367b900849f38396771039917fdafcad50e5a9b3669a0a1a448,pc/M-combat-capturePercent/f78c1d62cca9f23dba9520f5/A-B,vps/segments/M-combat-woundDamageThreshold-b360000/f78c1d62cca9f23dba9520f5/A-B
40e5890746cdbe0ba659fc1854a9e8c3218947407cf39f571ec0b4f63dfcca5c,pc/M-combat-capturePercent/f78c1d62cca9f23dba9520f5/B-A,vps/segments/M-combat-woundDamageThreshold-b360000/f78c1d62cca9f23dba9520f5/B-A
1cac9ff5f47b50431bc0747a569066b75879f95213d2a05c377981761238ca73,vps/E-replace-spearman/c33c6acb735e6a9562329bbf/A-B,vps/segments/X-simplex-b12000-vs-archer/08c256fe7270ea3a8699a256/A-B
cb4be49b6f4583d209c2270875d9190f79104ccb5ee7c7f0450737381e6080d1,vps/E-replace-spearman/c33c6acb735e6a9562329bbf/B-A,vps/segments/X-simplex-b12000-vs-archer/08c256fe7270ea3a8699a256/B-A
4227f054b87e527b1d1b0274ed1998e330c5df10704580221a9b575b4a8798c6,pc/M-combat-capturePercent/b4b94da886e061c92142841a/A-B,vps/segments/X-simplex-b12000-vs-archer/44e9de33be9be0d60bf439bc/A-B
ed29d7971438fc1a049999694ca61a2424e52dc6124815c6cadb6b6c1daaffd8,pc/M-combat-capturePercent/b4b94da886e061c92142841a/B-A,vps/segments/X-simplex-b12000-vs-archer/44e9de33be9be0d60bf439bc/B-A
6505d546bd60966af34fcd6dcf062bdf8ed80e85b057fa20cd5de98e8019caa5,pc/M-counter-knight-archer/abca2cbecab372385db28f7a/A-B,vps/segments/X-simplex-b12000-vs-archer/6950c2903d4bbd94b723517c/A-B
e35cd5aa8ade7e80792be33c8b882623f30c7473e12e4f30159150af28b1531a,pc/M-counter-knight-archer/abca2cbecab372385db28f7a/B-A,vps/segments/X-simplex-b12000-vs-archer/6950c2903d4bbd94b723517c/B-A
d57c0af31f6bbb6cc9f857310e70063ee23bdb9d073e21721fc2f3a4a4462d49,vps/E-replace-archer/008c6dca3d94495af297718b/A-B,vps/segments/X-simplex-b12000-vs-archer/750dc72d9f472f850dcd3b32/A-B
024b0f466005911d1b6387a6cbdcdd4082416a8cd3e316cefb9badabfed4cf7c,vps/E-replace-archer/008c6dca3d94495af297718b/B-A,vps/segments/X-simplex-b12000-vs-archer/750dc72d9f472f850dcd3b32/B-A
00f252d5722657943a4cb0718ce0da7e8a4611896fa35ea5621c1322e14ef866,pc/M-combat-capturePercent/54e1d4f2a6e7f51febebdd8e/A-B,vps/segments/X-simplex-b12000-vs-archer/827f6a64b375ce15845b52ac/A-B
9000dde07f557a8d66b3ea4000e55211bbd45f04e3469db5cbc747249d14ba6c,pc/M-combat-capturePercent/54e1d4f2a6e7f51febebdd8e/B-A,vps/segments/X-simplex-b12000-vs-archer/827f6a64b375ce15845b52ac/B-A
0458267888d79b3d1ed60c67de173f14c959fd33dd997b678f1e13027eae64e3,vps/E-replace-knight/3885cb05513a090de831131f/A-B,vps/segments/X-simplex-b12000-vs-archer/9aa5f81e7418e4a4e6864fd7/A-B
fefccad4d68256562c197b0da077a5ff00328232090560b682897820ff617f89,vps/E-replace-knight/3885cb05513a090de831131f/B-A,vps/segments/X-simplex-b12000-vs-archer/9aa5f81e7418e4a4e6864fd7/B-A
a5cef95da0740171d974b1b8238a058e26fade3fe8a8f09d6de3182d2fb25476,pc/M-combat-capturePercent/ac748b9a7bbadd1b4ccb3da4/A-B,vps/segments/X-simplex-b12000-vs-archer/e63408dbeb56bc7a82bfc96a/A-B
22588da900fbea8c00b87d769132d035359f1c3deae9b763847a866d744b79ff,pc/M-combat-capturePercent/ac748b9a7bbadd1b4ccb3da4/B-A,vps/segments/X-simplex-b12000-vs-archer/e63408dbeb56bc7a82bfc96a/B-A
b965633c898c10ac48cc0b945d886ca291a7c3df9f2bc8fbbd6924891bba8756,pc/M-combat-capturePercent/a477667580eb4a6cca4bfd35/A-B,vps/segments/X-simplex-b12000-vs-knight/0b371bcb1a21a1dfe4e78b57/A-B
04d26513bee41f8de98ab49cd97c992b3a0017b0ad91dc428f6066f007ce270c,pc/M-combat-capturePercent/a477667580eb4a6cca4bfd35/B-A,vps/segments/X-simplex-b12000-vs-knight/0b371bcb1a21a1dfe4e78b57/B-A
35be79c5c128b6e4343bfeefa1db2f2aeb0a0150c17aa99303e7622a603c351b,pc/M-combat-capturePercent/7498c9f948922906239ad8d6/A-B,vps/segments/X-simplex-b12000-vs-knight/5000704eacb09546270896e5/A-B
49d4b23c42e173b1bcdc7cd48f22932e3a82504dd30129431f21b83876d94cb2,pc/M-combat-capturePercent/7498c9f948922906239ad8d6/B-A,vps/segments/X-simplex-b12000-vs-knight/5000704eacb09546270896e5/B-A
9ca322cb96477f8f2d6b2e7673307285a8c1ac1a2124cfb6ddfbf09efb0d4075,pc/M-combat-capturePercent/48d3967fcd05b8de1e34c2d4/A-B,vps/segments/X-simplex-b12000-vs-knight/5a88520495343985994450e7/A-B
0ef488184d72f1f098ab6566fb80c72140d7078400dd1a9587141fe8b34a13ec,pc/M-combat-capturePercent/48d3967fcd05b8de1e34c2d4/B-A,vps/segments/X-simplex-b12000-vs-knight/5a88520495343985994450e7/B-A
9bd46dae89a4eef716fdd9e8382d5d5f1adcfb9837a7e00657a0962575c2b0cb,vps/E-replace-knight/c8dec0e441c7b3fb70ae49bb/A-B,vps/segments/X-simplex-b12000-vs-knight/91479cc0e52ebe7e2bbdf1b0/A-B
126d8e9cda0458796e6cfcc52126a2f97898eb6d254158f009163fa31727222a,vps/E-replace-knight/c8dec0e441c7b3fb70ae49bb/B-A,vps/segments/X-simplex-b12000-vs-knight/91479cc0e52ebe7e2bbdf1b0/B-A
1178f1206facb99d474deb6896610eb381b51065a110d670b64abf6c01184760,pc/M-combat-capturePercent/9ea4f603e73d531fd3c8df44/A-B,vps/segments/X-simplex-b12000-vs-knight/c230a07c565bdaf313c22a6a/A-B
db8d3921ad4c7ffbcfdfcbf53d72da2e8c438f83b03f5de5e5b8aab344978ab5,pc/M-combat-capturePercent/9ea4f603e73d531fd3c8df44/B-A,vps/segments/X-simplex-b12000-vs-knight/c230a07c565bdaf313c22a6a/B-A
3d1d404f5cbd206f19535e46b814eee9f90f094e734f143d4f092be05f8c6de8,vps/E-replace-archer/cd262876375705859c517195/A-B,vps/segments/X-simplex-b12000-vs-knight/d1f015e45b7f2b749f81435f/A-B
e6e8495d064164e7788630b8e64d20e01c749eec6745ade8e2b7892e8dffd9ea,vps/E-replace-archer/cd262876375705859c517195/B-A,vps/segments/X-simplex-b12000-vs-knight/d1f015e45b7f2b749f81435f/B-A
f5ca43e82cc4b1aa0ba2923ce3d846f259862fd96e7a32bc76998f67ed981c2f,vps/E-replace-spearman/6047c9f75772bafe481dade3/A-B,vps/segments/X-simplex-b12000-vs-knight/e4fa511e8b17be457f4b8127/A-B
0624a46c66ce166ee344c611238f4a5c2d4af396e843f059bb84045e6ad78891,vps/E-replace-spearman/6047c9f75772bafe481dade3/B-A,vps/segments/X-simplex-b12000-vs-knight/e4fa511e8b17be457f4b8127/B-A
d577224341943857a29a44765e82a12a7f10073d575f2aa9905c5c3a7620a89b,vps/E-replace-knight/944944314c6841ec20d8ab40/A-B,vps/segments/X-simplex-b12000-vs-soldier/0b837e1bde563d0a239ed540/A-B
945427f1e5f0ef31cfa5c2b8863b3f2ac260ebde16b4cb3cecf0dc3075544111,vps/E-replace-knight/944944314c6841ec20d8ab40/B-A,vps/segments/X-simplex-b12000-vs-soldier/0b837e1bde563d0a239ed540/B-A
0e12b12dda0c7db59428c755b91824f94a2cd93ee589fa5669162d37c013c254,vps/E-replace-archer/d77bbd31886ed7e4bbcfb7ac/A-B,vps/segments/X-simplex-b12000-vs-soldier/283cb10b3d3e4132b4319d44/A-B
e4c3ddead7fa04912d43b3a3ccf68502c95f34a97d6b1a0051cc85a3272db58d,vps/E-replace-archer/d77bbd31886ed7e4bbcfb7ac/B-A,vps/segments/X-simplex-b12000-vs-soldier/283cb10b3d3e4132b4319d44/B-A
4cc7756faf4200e045b276dd9746f81803d06dbd345a04f815c1b28930e8f1c5,pc/M-counter-spearman-soldier/53af060b43ed6bfe92a7fc27/A-B,vps/segments/X-simplex-b12000-vs-soldier/3def7fdd673090e7bbafba4d/A-B
473f29f635d7cddbe224f67088634db9686a5b19e0094a96473b0f27244d2424,pc/M-counter-spearman-soldier/53af060b43ed6bfe92a7fc27/B-A,vps/segments/X-simplex-b12000-vs-soldier/3def7fdd673090e7bbafba4d/B-A
e3925504a6cce1422fc610fe342508487c7dd5995657d3cefa27408a22864604,pc/M-counter-archer-soldier/f99f73b80acc5e1701c017da/A-B,vps/segments/X-simplex-b12000-vs-soldier/5b3b47951c989ffcb6bb50ab/A-B
579ab46e739ac9fb701f1df9021ed41769fee1e278b654c752fea55f4dd3cf28,pc/M-counter-archer-soldier/f99f73b80acc5e1701c017da/B-A,vps/segments/X-simplex-b12000-vs-soldier/5b3b47951c989ffcb6bb50ab/B-A
7d73a3fcbe3062a6e1db2c42e26ddef1db1fe036c2711191765f7dc269106e37,vps/E-replace-spearman/4f03e7394523feefc9e797fc/A-B,vps/segments/X-simplex-b12000-vs-soldier/814545446cbf0b4507c096f6/A-B
dde9b4db372f1e77b2ae78aa0114490418c419d6c1bf58782a6d5a398b758694,vps/E-replace-spearman/4f03e7394523feefc9e797fc/B-A,vps/segments/X-simplex-b12000-vs-soldier/814545446cbf0b4507c096f6/B-A
5d1348b689763e1dec034bd25e10f3dd39bdddde41e7df7f9052f9365734cdc2,pc/M-counter-knight-soldier/106b506136090c74503cc757/A-B,vps/segments/X-simplex-b12000-vs-soldier/9ff470949f87ec7037fd07f2/A-B
ed56ff380198eebe0b3347981f4f6894a2e22c6ed5990016ae2196c6364c290f,pc/M-counter-knight-soldier/106b506136090c74503cc757/B-A,vps/segments/X-simplex-b12000-vs-soldier/9ff470949f87ec7037fd07f2/B-A
6d407622c60b016795f97c89a6a5574696df9124c61c66dd231ce4e7c7aa2393,pc/M-combat-capturePercent/ec03e2f3b6e41ea5555df14c/A-B,vps/segments/X-simplex-b12000-vs-soldier/e0008e113b22488f1f3e17c3/A-B
5b40b5d08240a3cb41ac0662b746bf7848264fd5d59a18b9cccd174e1c8a970f,pc/M-combat-capturePercent/ec03e2f3b6e41ea5555df14c/B-A,vps/segments/X-simplex-b12000-vs-soldier/e0008e113b22488f1f3e17c3/B-A
2a1d1503a117713d05836a468b6a0d0d39d7d08702d9ca68ffe56c89d6f08704,pc/M-combat-capturePercent/98043342a0f7383cbda2c59d/A-B,vps/segments/X-simplex-b12000-vs-spearman/1a1eaa1d199ff993677c96a0/A-B
cdd056f355bfd3009ca6798847f425d092b2fa95fee94cbb9f1b9d30918fd936,pc/M-combat-capturePercent/98043342a0f7383cbda2c59d/B-A,vps/segments/X-simplex-b12000-vs-spearman/1a1eaa1d199ff993677c96a0/B-A
a83d5f0040763149f6b44340db00b94dba4c78d70addf03967778832995e1872,pc/M-counter-knight-spearman/cd7d999fb2394a9776a56b7e/A-B,vps/segments/X-simplex-b12000-vs-spearman/31cc38a558d374c0f40c701d/A-B
e3d768e5053fa36bcb00289b8845073b6b53b06d8b9d2999b8e222b9d2e1bcb4,pc/M-counter-knight-spearman/cd7d999fb2394a9776a56b7e/B-A,vps/segments/X-simplex-b12000-vs-spearman/31cc38a558d374c0f40c701d/B-A
f6cd973ea0f02ec5337cfc4624fa4edd6efbb510e9eacdfbc74fba36b8eb1b3f,vps/E-replace-spearman/91b1d99f90a0046d7431bb6c/A-B,vps/segments/X-simplex-b12000-vs-spearman/bfa36ad177f39315c5b5843a/A-B
d391cac8c3548dfd702533d5125233a8ccd248d2e881d86777de94b0489b5b80,vps/E-replace-spearman/91b1d99f90a0046d7431bb6c/B-A,vps/segments/X-simplex-b12000-vs-spearman/bfa36ad177f39315c5b5843a/B-A
48e91cc5c60b4a23d0c41ecf8e76efb72fdc2920ed45157d05c491a5401aaf4d,pc/M-counter-archer-spearman/4855d248fc4b88ad3121523b/A-B,vps/segments/X-simplex-b12000-vs-spearman/d1ce801a1caa2599971011b7/A-B
55858bb50470dc54ca6230faf3d07e9cb4523579bc6c1e80b43072fb9bacfd34,pc/M-counter-archer-spearman/4855d248fc4b88ad3121523b/B-A,vps/segments/X-simplex-b12000-vs-spearman/d1ce801a1caa2599971011b7/B-A
85f859f840726422ec7d710e5557c9d3b6715fd7fc74bfe34607d4d92c94e777,pc/M-combat-capturePercent/0c0085870630c59e82d2d03f/A-B,vps/segments/X-simplex-b12000-vs-spearman/f83cefcab4438d28e8c6822d/A-B
03908c0fa4ced8ca60a7e0fb3a0f39260e015950626c7db85dad0402f2d3619e,pc/M-combat-capturePercent/0c0085870630c59e82d2d03f/B-A,vps/segments/X-simplex-b12000-vs-spearman/f83cefcab4438d28e8c6822d/B-A
b519bb1614ee7681705ac402002235d500ecb76419c51ff83e6916219f877f76,vps/E-replace-knight/60ea6b0364f3cf6da7155aae/A-B,vps/segments/X-simplex-b12000-vs-spearman/fc4f17ce9afd5012b3772cf5/A-B
801f32c8479bd20c92034baef1d8d002487ac1354c81ffebe89c6948712b7b6f,vps/E-replace-knight/60ea6b0364f3cf6da7155aae/B-A,vps/segments/X-simplex-b12000-vs-spearman/fc4f17ce9afd5012b3772cf5/B-A
a5331feff67dead1fd8e86ea0e9e294dafb0a9891870a6eef7d203d93bf4e2eb,vps/E-replace-archer/c1abc4f7c2950fdd662cf676/A-B,vps/segments/X-simplex-b12000-vs-spearman/fc63997b96018d1f536bd052/A-B
e701c961956fe0ed8b1ea2704b022101a48e53267b5e4e170aa0ff763c46e26c,vps/E-replace-archer/c1abc4f7c2950fdd662cf676/B-A,vps/segments/X-simplex-b12000-vs-spearman/fc63997b96018d1f536bd052/B-A
a4b03775c6e47e084df83130fb23cf3ae4565cd136c7e91f724cc61a46c1c01f,vps/E-replace-archer/bebaac7a488425cbf856f602/A-B,vps/segments/X-simplex-b120000-vs-archer/28b8ecad8d099fd04fced2a4/A-B
b3b073b16d63b9a4d27dfb0370a44542c53cfb7218e018e2eb140ce2b3493401,vps/E-replace-archer/bebaac7a488425cbf856f602/B-A,vps/segments/X-simplex-b120000-vs-archer/28b8ecad8d099fd04fced2a4/B-A
f6ab04f25f23acc16321c07d20e652c167d2da367dd3b2e1288b7184f3b59d9c,pc/M-counter-knight-archer/d7ea802833b1f1a779ecb795/A-B,vps/segments/X-simplex-b120000-vs-archer/4d4b8c0f443a7ad99cfd59e2/A-B
303c04b0c4ade3a3311bcd14b5016d5615a58aa5017c7c918cabfc09f8ed53e4,pc/M-counter-knight-archer/d7ea802833b1f1a779ecb795/B-A,vps/segments/X-simplex-b120000-vs-archer/4d4b8c0f443a7ad99cfd59e2/B-A
a5bb96235bf6f9a76b769ff737d8e922df94b0a52f749525853085cd022bf3ef,pc/M-combat-capturePercent/a74b3b7b747bae166c9bbd4d/A-B,vps/segments/X-simplex-b120000-vs-archer/5202163ce518e1a0cad6d6f7/A-B
8a5fbdbf1b558dc200eab97d67343355792afdf24d5bbb0e91f754b86f3a02ef,pc/M-combat-capturePercent/a74b3b7b747bae166c9bbd4d/B-A,vps/segments/X-simplex-b120000-vs-archer/5202163ce518e1a0cad6d6f7/B-A
54b8eb5652e7a14e2d23dbf5a122ee8f8758e3e126c18b1c2077bfe200269275,pc/M-combat-capturePercent/e03c8d62aa94aae4fc0f13f1/A-B,vps/segments/X-simplex-b120000-vs-archer/6ad477200b2ec9732352c12e/A-B
078641e562821c4012d1a24d08878af3f97f45aea622350727a2eb5edcbd524c,pc/M-combat-capturePercent/e03c8d62aa94aae4fc0f13f1/B-A,vps/segments/X-simplex-b120000-vs-archer/6ad477200b2ec9732352c12e/B-A
be2fd59b10780c4a974579ca6aa877af8fa7d09696123e901a9a76e10090a8d5,vps/E-replace-knight/06c703d6abc82d8078075cb8/A-B,vps/segments/X-simplex-b120000-vs-archer/b985cc335bd9c219281f9099/A-B
9cec5bee8a5ed752d60fcec1709491d9454bc6cac7e3470ebaf08cf9ee56f1eb,vps/E-replace-knight/06c703d6abc82d8078075cb8/B-A,vps/segments/X-simplex-b120000-vs-archer/b985cc335bd9c219281f9099/B-A
8a8c071fb58cea24472f7dfcbaa331b093d2f47c93a33eea4d16916b8b743bcd,vps/E-replace-spearman/b85c5df54b86da253be8ed91/A-B,vps/segments/X-simplex-b120000-vs-archer/bf88460abef76c339b2efd97/A-B
ca72af4b6bf526a38c94684e7303c2ec3dc332c813b682e0f2e15fa59bc68867,vps/E-replace-spearman/b85c5df54b86da253be8ed91/B-A,vps/segments/X-simplex-b120000-vs-archer/bf88460abef76c339b2efd97/B-A
6b4a529fbc125b23882833e0aed634bec1b5f0b2174c3e7ece269e3168b0f82f,pc/M-combat-capturePercent/c88b855645bc720b498875d2/A-B,vps/segments/X-simplex-b120000-vs-archer/e76e70c10599c9554c778905/A-B
7e4672019367fb02f1f4413e94829b3f5c23d2fa9d1ba5802105a04a62fdf6a1,pc/M-combat-capturePercent/c88b855645bc720b498875d2/B-A,vps/segments/X-simplex-b120000-vs-archer/e76e70c10599c9554c778905/B-A
4597ad24b5a2e47b6a7dce9496a9b6f4b1f246dce33a40845b0982a200fb8806,pc/M-combat-capturePercent/5be07c6fc69f472eef0ee17f/A-B,vps/segments/X-simplex-b120000-vs-knight/34d2a086294abb6facea1006/A-B
7c1e87a0769464bd834f5d84f3fd33eaf9071aabdb90673a4cec8f5b7383d2cf,pc/M-combat-capturePercent/5be07c6fc69f472eef0ee17f/B-A,vps/segments/X-simplex-b120000-vs-knight/34d2a086294abb6facea1006/B-A
9f7896ff11a4fdfeae908e8a85eb1996f29d7dec03afd44bccaf572c6f562f88,vps/E-replace-spearman/c564d839247ef57b60d4f955/A-B,vps/segments/X-simplex-b120000-vs-knight/623c99b06bd02a7318920fcd/A-B
b89c417fafb9930a9d98c61b828c2fcdde9bbe3ad1930c42334529e87f6f7c72,vps/E-replace-spearman/c564d839247ef57b60d4f955/B-A,vps/segments/X-simplex-b120000-vs-knight/623c99b06bd02a7318920fcd/B-A
ac0328d7e848fe34c754caa6b9c4b0ed2030d2e4d6fcccd1ed330988caf253df,pc/M-combat-capturePercent/2497be6bce26a22f97e6e95e/A-B,vps/segments/X-simplex-b120000-vs-knight/7d1aa00566a92de7f8136641/A-B
cdf02ca8a3da35cbdb52ea241c610d7fdc069d44ffd601725625d6de3e1c67e1,pc/M-combat-capturePercent/2497be6bce26a22f97e6e95e/B-A,vps/segments/X-simplex-b120000-vs-knight/7d1aa00566a92de7f8136641/B-A
ec3fe1b383c499c2e996e6787dc7dd8ddfa3a755a1c45ee6e65e0bd0f207dca0,vps/E-replace-archer/2ee693c00faf7ca2b204af0d/A-B,vps/segments/X-simplex-b120000-vs-knight/84902557644f41cf2c2a9d6a/A-B
d29084b834e0c04c2ec960f0e066e1af2e2e47ae2e43a06f2d872a00d9b8a14e,vps/E-replace-archer/2ee693c00faf7ca2b204af0d/B-A,vps/segments/X-simplex-b120000-vs-knight/84902557644f41cf2c2a9d6a/B-A
f5eaa97da71df5298d7c5b30554bec43da7311247b6bf61d3299b38dd99ce886,pc/M-combat-capturePercent/80ebf93b386771704cc70bab/A-B,vps/segments/X-simplex-b120000-vs-knight/d2567a1f661ecc4dec0227a9/A-B
6a49a491a5ff72a4b8db0cc1fcd37742813f1f1a76d4b11bb02af21e20d1e1ce,pc/M-combat-capturePercent/80ebf93b386771704cc70bab/B-A,vps/segments/X-simplex-b120000-vs-knight/d2567a1f661ecc4dec0227a9/B-A
9858c7ffa1a6a847079e50482789f9a042cfeb281ada503d2c73d74b65c9d985,pc/M-combat-capturePercent/2eb2746a70cb35fe1ce25f98/A-B,vps/segments/X-simplex-b120000-vs-knight/d52cfb1577512d5c7a0e1900/A-B
151989b8d1b1c0ca759fab7eaf3b152abc03724944a1ef9ad70118e7a90322e4,pc/M-combat-capturePercent/2eb2746a70cb35fe1ce25f98/B-A,vps/segments/X-simplex-b120000-vs-knight/d52cfb1577512d5c7a0e1900/B-A
abd94bc23ec4820405578db5d4219905be27d265953dc9a78eafb0ad17ea4dc0,vps/E-replace-knight/07754f15a1f745cbd55e2d79/A-B,vps/segments/X-simplex-b120000-vs-knight/d76501672cf244648d909c81/A-B
8824c08bc8bcd97e8f05359769eecdbeb55b6a1b38e420a372d8f80b55023e35,vps/E-replace-knight/07754f15a1f745cbd55e2d79/B-A,vps/segments/X-simplex-b120000-vs-knight/d76501672cf244648d909c81/B-A
647ab88a83aa6f834990989ca24911ddf969595c4a5f5d85e2c151fdaebac92b,pc/M-combat-capturePercent/93f29e181d26c9d16b60ee8b/A-B,vps/segments/X-simplex-b120000-vs-soldier/2bfa1dcf5ec35b030143b34c/A-B
cb5849664fb65ac00466aa61563a1f9baace77ad985b9c02a92e371cf45b1603,pc/M-combat-capturePercent/93f29e181d26c9d16b60ee8b/B-A,vps/segments/X-simplex-b120000-vs-soldier/2bfa1dcf5ec35b030143b34c/B-A
080a760946062a1fd8d98a392af9cfe19e37e88230bd2533fcc71189c4454051,vps/E-replace-archer/0f0fa45dd27e7eeb87d4ad96/A-B,vps/segments/X-simplex-b120000-vs-soldier/2d7ffd2749a3d4888118e97b/A-B
4d4f10ab2260ede10cb8c2d1db124452f256c5e90d13c4052ffdc5562a5c4a2e,vps/E-replace-archer/0f0fa45dd27e7eeb87d4ad96/B-A,vps/segments/X-simplex-b120000-vs-soldier/2d7ffd2749a3d4888118e97b/B-A
39290bde543fcdc7db435685f44525ca8a27bd1d0d6ab456d78be5a9d66bfc62,vps/E-replace-spearman/5b1873367b9a99adf2c1bda8/A-B,vps/segments/X-simplex-b120000-vs-soldier/7999145ce28312955cef51b8/A-B
abb965c26a067defd1727e6eb1f38ce8516c21fec03df7f4a4871163963fd5a3,vps/E-replace-spearman/5b1873367b9a99adf2c1bda8/B-A,vps/segments/X-simplex-b120000-vs-soldier/7999145ce28312955cef51b8/B-A
efc4fdcd65621f58639b9a2c05b60cd02d32bd2145a7eeff7bf25c72464e8a79,pc/M-counter-knight-soldier/f038daaf4300af7f9df167d2/A-B,vps/segments/X-simplex-b120000-vs-soldier/7d3be30d00e7df08f17da8a9/A-B
780a67a606c98875a90a136ddbc8152e9b394ac4c821bbd1585b13544ad23451,pc/M-counter-knight-soldier/f038daaf4300af7f9df167d2/B-A,vps/segments/X-simplex-b120000-vs-soldier/7d3be30d00e7df08f17da8a9/B-A
b65a6478fa205a764519bc9efec97c2149f9936ef64a6a2aafe349694921efbe,pc/M-counter-archer-soldier/d5729c80b3505a8218f166f4/A-B,vps/segments/X-simplex-b120000-vs-soldier/e6ac99678144134f1b2c0705/A-B
c14abffa723beb70afa0c8748d6700712304ccf27fc49718fac36a5656500a2d,pc/M-counter-archer-soldier/d5729c80b3505a8218f166f4/B-A,vps/segments/X-simplex-b120000-vs-soldier/e6ac99678144134f1b2c0705/B-A
18620e747982597c82f763f66c4ac91da1abd83e0d88fe4f0cc9fc59be147220,vps/E-replace-knight/f3b73555a8624c3ad29685ca/A-B,vps/segments/X-simplex-b120000-vs-soldier/f4e86f1b16dcda1d34faa974/A-B
5811e963e7c3dd629408e4832aec69caf8ff0a5139654e32411be84c07507f3c,vps/E-replace-knight/f3b73555a8624c3ad29685ca/B-A,vps/segments/X-simplex-b120000-vs-soldier/f4e86f1b16dcda1d34faa974/B-A
e1e15074299de68705a0c780b2d3fb59197c1aac103ae07319f15d754de45d5a,pc/M-counter-spearman-soldier/e8d4301fb42eb5dc79e5d562/A-B,vps/segments/X-simplex-b120000-vs-soldier/f5d755ba6baca4f27b3f9ee4/A-B
40db732252fdbb4c83d829c619b8c5bb7675d6c707874829d4ef7d7f6be59e56,pc/M-counter-spearman-soldier/e8d4301fb42eb5dc79e5d562/B-A,vps/segments/X-simplex-b120000-vs-soldier/f5d755ba6baca4f27b3f9ee4/B-A
c2139bf6ad46bfcc344bf8b189191ddd8ff0c544108cf5db8cf59a296748e062,vps/E-replace-spearman/066cf8512eb5917d48e81c2f/A-B,vps/segments/X-simplex-b120000-vs-spearman/11bcff5fdab0dbfc249b711f/A-B
7c6950ac9551513a10d11d06a1a0606ed963c423411f7d09f00725ad0b638811,vps/E-replace-spearman/066cf8512eb5917d48e81c2f/B-A,vps/segments/X-simplex-b120000-vs-spearman/11bcff5fdab0dbfc249b711f/B-A
74fb0a2f20f1d9df64aede4d43e0e4a0bbc924c74c24811618a421d2d8598b22,vps/E-replace-archer/53bc6affd25d788a4b0bb5f3/A-B,vps/segments/X-simplex-b120000-vs-spearman/623b478e56aed422ebc0355b/A-B
36cf9ad08aa5df8c6842cb581133f43a3219fcaa6abb54690485d33e52706001,vps/E-replace-archer/53bc6affd25d788a4b0bb5f3/B-A,vps/segments/X-simplex-b120000-vs-spearman/623b478e56aed422ebc0355b/B-A
ae51cd0bcfe5cda59d49d32cc79c9d469986176d2d0f927e82dd174407503817,pc/M-counter-archer-spearman/6b84a644dc6bccd4b87e09de/A-B,vps/segments/X-simplex-b120000-vs-spearman/705c799b74e43fce1b36989f/A-B
f5cd8287fd3545c302e2653e3bfedb3205321542ec32364d1d7dffda8ed11492,pc/M-counter-archer-spearman/6b84a644dc6bccd4b87e09de/B-A,vps/segments/X-simplex-b120000-vs-spearman/705c799b74e43fce1b36989f/B-A
3ba56ad4632dc7988935b5dae7fbe86c668cec79319163f4430194ba6669d3e5,pc/M-counter-knight-spearman/724e76e19c74cf2e998d1b0e/A-B,vps/segments/X-simplex-b120000-vs-spearman/9ec66eceb21ff10f7539b46f/A-B
efa865b6e6994c746eb98a831b6871c218270231d8e6b21a92f83c550b0766ea,pc/M-counter-knight-spearman/724e76e19c74cf2e998d1b0e/B-A,vps/segments/X-simplex-b120000-vs-spearman/9ec66eceb21ff10f7539b46f/B-A
58cd7ae8deb38800a7970576196ee8f591af45338dcec1590dcfba297fa69701,pc/M-combat-capturePercent/0fad6426e216ce1d497cd944/A-B,vps/segments/X-simplex-b120000-vs-spearman/a2772fd831412a41d3866954/A-B
71c1edf0b3076609f0d5f6632549a6592128c1a272b42a58354f9fb187b4a370,pc/M-combat-capturePercent/0fad6426e216ce1d497cd944/B-A,vps/segments/X-simplex-b120000-vs-spearman/a2772fd831412a41d3866954/B-A
e1e29aab7102365136b614a54a8aeb0bee449145f3bc465a205963f9f554f006,pc/M-combat-capturePercent/bf898c747897728e9c646b00/A-B,vps/segments/X-simplex-b120000-vs-spearman/a82d760c73bebb9fec2fac8d/A-B
0c2b4bb54f68750a49827995ac5ca7c41b885ac68f663af9b71cf4658f802372,pc/M-combat-capturePercent/bf898c747897728e9c646b00/B-A,vps/segments/X-simplex-b120000-vs-spearman/a82d760c73bebb9fec2fac8d/B-A
044000527dbe60e02f92f5dc9ad3c1b0b9f0f11600d9d271fa85b86d0bd6107a,vps/E-replace-knight/8470d7aa4b7a8a35f9a0e440/A-B,vps/segments/X-simplex-b120000-vs-spearman/aea907c7b83f87304fe9bcb0/A-B
6038034e12149a61158713e289e5143a4b4bfbc7cfd010a83ca1a1ab25ce39d5,vps/E-replace-knight/8470d7aa4b7a8a35f9a0e440/B-A,vps/segments/X-simplex-b120000-vs-spearman/aea907c7b83f87304fe9bcb0/B-A
9cda033ec2858daf241282c54f4b5ce1c184348b96e93b0e2db37373d7cbb669,vps/E-replace-spearman/42fa92a135630dba33331121/A-B,vps/segments/X-simplex-b360000-vs-archer/344988d933ea2767bb7773cb/A-B
5a3a7c6a2bfc811de4e84953453aa58f84f93e0e16b08c6c922c3567df67cb5a,vps/E-replace-spearman/42fa92a135630dba33331121/B-A,vps/segments/X-simplex-b360000-vs-archer/344988d933ea2767bb7773cb/B-A
814b30f747524da1f0513cf2a4c7c7302735ec4b0979696c017c511fc5fc555e,vps/E-replace-archer/f330722e566c2ab2445bfdd6/A-B,vps/segments/X-simplex-b360000-vs-archer/52a1fc74ff65922c264cf010/A-B
29f050f34a12bfd8320dd6dfe37610fe912f9c6819d707769fcfa74cb948d4a7,vps/E-replace-archer/f330722e566c2ab2445bfdd6/B-A,vps/segments/X-simplex-b360000-vs-archer/52a1fc74ff65922c264cf010/B-A
e8ace81187585f9a9799ca32812522681ac41a635a15cad6f908602359c5924d,pc/M-counter-knight-archer/b1eb39050565060f2ac2c7bb/A-B,vps/segments/X-simplex-b360000-vs-archer/52c820843111521b9cbdcd75/A-B
efae91d1ed12f877be4990b4e3359b2e883e22c52802dc93c28ac8ab47910dd2,pc/M-counter-knight-archer/b1eb39050565060f2ac2c7bb/B-A,vps/segments/X-simplex-b360000-vs-archer/52c820843111521b9cbdcd75/B-A
3d79ed5983c89d0022c51a128734a7b36a8941c07b48f432dd6f260a0059cec7,pc/M-combat-capturePercent/9a1ddda43134d9061057be59/A-B,vps/segments/X-simplex-b360000-vs-archer/5926fafab9a451515ea647f6/A-B
b539cabaf72f26f266d867628052db7ffc7cfa333da902e943ce8bd34a752c17,pc/M-combat-capturePercent/9a1ddda43134d9061057be59/B-A,vps/segments/X-simplex-b360000-vs-archer/5926fafab9a451515ea647f6/B-A
f6776d7c6c7177aa07d372a84cc087068cf68a20a5554209ad5cfa2fe3664640,vps/E-replace-knight/51278e90b7f835e3758040f4/A-B,vps/segments/X-simplex-b360000-vs-archer/75e345b12f92516262eae9af/A-B
6cf3f7ce97091432dc8ee8c9e08cbbdaccb4131d9e62affc2f01c700b44e77bd,vps/E-replace-knight/51278e90b7f835e3758040f4/B-A,vps/segments/X-simplex-b360000-vs-archer/75e345b12f92516262eae9af/B-A
ee9e20890d11662504f7fe1e38034c18b966e01cd6c9e5396948c62e4ef00edc,pc/M-combat-capturePercent/1216817fbd021bfb8a800544/A-B,vps/segments/X-simplex-b360000-vs-archer/a92c45945bab54fe1bae3f47/A-B
6716753b8e8b76b4a64e3b17a97ed8046605bed1f7d8159437110a4c2a02ffa9,pc/M-combat-capturePercent/1216817fbd021bfb8a800544/B-A,vps/segments/X-simplex-b360000-vs-archer/a92c45945bab54fe1bae3f47/B-A
d008a6c4cea3edb58d3e49bd4fe6a9dc06177f8442e6495e138e98d884af187e,pc/M-combat-capturePercent/7701dd750551af246ed1b8c5/A-B,vps/segments/X-simplex-b360000-vs-archer/f90756ce34754eb392223f0e/A-B
bcbc877f0cf8b1db3ca6328cc8d75854e56dc0b5735561ddaff5ce14c2a229f6,pc/M-combat-capturePercent/7701dd750551af246ed1b8c5/B-A,vps/segments/X-simplex-b360000-vs-archer/f90756ce34754eb392223f0e/B-A
a4eaa63ffd50c858a582760de8d69057fb298d4e36b35dc836acd4f15f8143b1,vps/E-replace-archer/3c8cf07e28e93e76b3c5a3c4/A-B,vps/segments/X-simplex-b360000-vs-knight/08589c39f7433bda410ae3ef/A-B
f18092483330cb3d4dfad8a1baf1a7d7fbf21b2da0e9bcf9d7fd315da08b3e67,vps/E-replace-archer/3c8cf07e28e93e76b3c5a3c4/B-A,vps/segments/X-simplex-b360000-vs-knight/08589c39f7433bda410ae3ef/B-A
7d7abac10e512ec2c70d5d25a59d0d144ba2b19ce4372cc4f09baf310123eafb,pc/M-combat-capturePercent/15b79b9ef5cbd9e794375476/A-B,vps/segments/X-simplex-b360000-vs-knight/190db0db15e3441c3f0ec95d/A-B
75facca78d59da8acebf5520dc1aec84674008dca00e85ffe5137a6371d683bd,pc/M-combat-capturePercent/15b79b9ef5cbd9e794375476/B-A,vps/segments/X-simplex-b360000-vs-knight/190db0db15e3441c3f0ec95d/B-A
092ff6440ba52367b900849f38396771039917fdafcad50e5a9b3669a0a1a448,pc/M-combat-capturePercent/f78c1d62cca9f23dba9520f5/A-B,vps/segments/X-simplex-b360000-vs-knight/7e63c86ebefeadfe1b68f64c/A-B
40e5890746cdbe0ba659fc1854a9e8c3218947407cf39f571ec0b4f63dfcca5c,pc/M-combat-capturePercent/f78c1d62cca9f23dba9520f5/B-A,vps/segments/X-simplex-b360000-vs-knight/7e63c86ebefeadfe1b68f64c/B-A
4970d1f6b5265fad201517f3825ff40d79aa8b20306bc545f88c8e11a313708e,pc/M-combat-capturePercent/6aee5ba4cebd035270c43536/A-B,vps/segments/X-simplex-b360000-vs-knight/8805447d99e8516abae34f6c/A-B
0243eeadabcc14bc5e95fa1b391f9a0fbfc6c55db116c0e75d961227e7785c42,pc/M-combat-capturePercent/6aee5ba4cebd035270c43536/B-A,vps/segments/X-simplex-b360000-vs-knight/8805447d99e8516abae34f6c/B-A
c9120e3abe7fee8469f247bb2516e4a41fb700437984d54f1cdf3a7e4cdd38df,vps/E-replace-spearman/6c3545fbaf62ed6166158870/A-B,vps/segments/X-simplex-b360000-vs-knight/a3b55b11bd69198b1f4d0861/A-B
2536c92b83fc9dfa257d512793cb6f370a57292432bcf50476ba1d1140eea936,vps/E-replace-spearman/6c3545fbaf62ed6166158870/B-A,vps/segments/X-simplex-b360000-vs-knight/a3b55b11bd69198b1f4d0861/B-A
87844e416d861f5c9ead6ab9b78dcfb00006427ddc351bd0388c1eabd412ea8d,pc/M-combat-capturePercent/2d6350473497c883675afa80/A-B,vps/segments/X-simplex-b360000-vs-knight/ca7f4d78c121f25c3f861361/A-B
e137c8706ef5acd42c2d3113acb60f6a980b709cb9423e1758161e5fa6ce3ea3,pc/M-combat-capturePercent/2d6350473497c883675afa80/B-A,vps/segments/X-simplex-b360000-vs-knight/ca7f4d78c121f25c3f861361/B-A
1f3fce2dde0f6cb9e52d7d9f2ccf54c78bda11edd30e41981f43954656e2b319,vps/E-replace-knight/35424ac54e589441a7f6dd91/A-B,vps/segments/X-simplex-b360000-vs-knight/f6bbcdc06ab20afe8c542e03/A-B
9288c176905bc692cf0b5b0e8c1fdf8f9c5687ec3e1b2261cc79af977a4aec1c,vps/E-replace-knight/35424ac54e589441a7f6dd91/B-A,vps/segments/X-simplex-b360000-vs-knight/f6bbcdc06ab20afe8c542e03/B-A
0c9b19559b08cae95f1b456a1135eb9de70ff4740dc2bb2b3b4ca042b40c803d,vps/E-replace-knight/977b53c25d2ffb5708717a15/A-B,vps/segments/X-simplex-b360000-vs-soldier/481bb82dac442d3a90623486/A-B
621c76fa115a89383a70cd68d3206ad6402dbdab98c3254f85e835dba5050c4d,vps/E-replace-knight/977b53c25d2ffb5708717a15/B-A,vps/segments/X-simplex-b360000-vs-soldier/481bb82dac442d3a90623486/B-A
8ec84ebc32702eb97476db6c435a32fb21e30dab9a6a9cd0c90bd2bbfaa38ae6,vps/E-replace-spearman/0cddd4c1ccb3a1104fb030a7/A-B,vps/segments/X-simplex-b360000-vs-soldier/53b92d2944521896a2eb21b3/A-B
9d961061fe6e25ac4290f317cd56110131e4a40b93d1603d1e795c9718410790,vps/E-replace-spearman/0cddd4c1ccb3a1104fb030a7/B-A,vps/segments/X-simplex-b360000-vs-soldier/53b92d2944521896a2eb21b3/B-A
587a0b6c8fbf92e9e393e63a374c6bdc95fc594470b7c8ee42ee3df5c4a6b8ef,pc/M-combat-capturePercent/1a50bd67feb4ca4f159a4cfe/A-B,vps/segments/X-simplex-b360000-vs-soldier/85d518617079b8730f0b1c49/A-B
cab79020193af6f55744135f0197a1630e3c2215411e9bdd269a836e052ec646,pc/M-combat-capturePercent/1a50bd67feb4ca4f159a4cfe/B-A,vps/segments/X-simplex-b360000-vs-soldier/85d518617079b8730f0b1c49/B-A
b73591b9f6abc73a280ac0ee1d8386bcade85430256e3f726b2cbcc088927d4b,pc/M-counter-spearman-soldier/2a7ab78a27d49cd7e351e330/A-B,vps/segments/X-simplex-b360000-vs-soldier/9251b9060ff5cacb28f9a209/A-B
e86c1609971a59d6f6f7f1964467fd28673b2257a151e6057fcb3bec365002f1,pc/M-counter-spearman-soldier/2a7ab78a27d49cd7e351e330/B-A,vps/segments/X-simplex-b360000-vs-soldier/9251b9060ff5cacb28f9a209/B-A
d0fc8136b27c341b2b389664fd9cbfbae0b31d49eb10f409d3468b26031d2db5,pc/M-counter-knight-soldier/d1dc75172a91d3c61745f9d9/A-B,vps/segments/X-simplex-b360000-vs-soldier/ea08fabd2990a8f1a9a45e11/A-B
5e1daaa5b52b45667e60f516d35ce1bbd3328cb3aaae21c7ec3934aad642822e,pc/M-counter-knight-soldier/d1dc75172a91d3c61745f9d9/B-A,vps/segments/X-simplex-b360000-vs-soldier/ea08fabd2990a8f1a9a45e11/B-A
8839391276df22f2a678c753fe3d221fe1ef8cbd40bd45b40bf43e64db26e2e8,vps/E-replace-archer/ab886d9ddcb17296fb464ffe/A-B,vps/segments/X-simplex-b360000-vs-soldier/ef486ca90d20b0e342ba5f98/A-B
4395fb4f78b668536497dc1bf3baf6fc380576577c3aaca89356d9263fef3ff4,vps/E-replace-archer/ab886d9ddcb17296fb464ffe/B-A,vps/segments/X-simplex-b360000-vs-soldier/ef486ca90d20b0e342ba5f98/B-A
537e84a5d22464f8d7c1deb6dcd26c79055a7da287012c266bbcfe8efbbb8765,pc/M-counter-archer-soldier/f432894ede780067e9c3b26d/A-B,vps/segments/X-simplex-b360000-vs-soldier/f45b4e4df4dc3d0676e52585/A-B
715ddcb52c63eb369b27e2863c2f74be561265d5ff08486ffb44d84d5cdc2917,pc/M-counter-archer-soldier/f432894ede780067e9c3b26d/B-A,vps/segments/X-simplex-b360000-vs-soldier/f45b4e4df4dc3d0676e52585/B-A
2bc6219638d312265f5c45e3ff80bf6b75c9c3992211780b96db52997872da32,pc/M-combat-capturePercent/9ee1c7b7c3d22f186dea063d/A-B,vps/segments/X-simplex-b360000-vs-spearman/12ecf593c5e47c82a0f47d31/A-B
120c55e4f29e4d0105d6cc15c34f2d0b90e315f38cd4336b4554e662eda73d66,pc/M-combat-capturePercent/9ee1c7b7c3d22f186dea063d/B-A,vps/segments/X-simplex-b360000-vs-spearman/12ecf593c5e47c82a0f47d31/B-A
aea9224d3a0775f6e06af303bdca894006a6c88099428eb230da2b8fe423daca,vps/E-replace-knight/d96c298137b1e8069d4ed235/A-B,vps/segments/X-simplex-b360000-vs-spearman/1e11644d083dd101bb64251d/A-B
9b41f3059a77e79f4bbe644323bd510abb1e8490cbbcce840956884c4a5ac39e,vps/E-replace-knight/d96c298137b1e8069d4ed235/B-A,vps/segments/X-simplex-b360000-vs-spearman/1e11644d083dd101bb64251d/B-A
7b137d9d3da2a71bea01163e78853188d258cff1971a4d27ff56160f84ece58c,vps/E-replace-archer/b14a0c8bf20479068d2ace50/A-B,vps/segments/X-simplex-b360000-vs-spearman/34dd300d1ab9f238819edc85/A-B
9c549e3e71c9022b7497a50c67d0cf844aec592bbcd93d0d30c39d9138b5e5e0,vps/E-replace-archer/b14a0c8bf20479068d2ace50/B-A,vps/segments/X-simplex-b360000-vs-spearman/34dd300d1ab9f238819edc85/B-A
7021d39476c082c69391aa7d9d107c8598ae66c5b1828c73e129c275542d42fb,pc/M-combat-capturePercent/adf2a33f332db08d4d373bba/A-B,vps/segments/X-simplex-b360000-vs-spearman/5cad0b17b4d618f3db2e2250/A-B
0a6998a19d108d4ea47989fe9c9346eb6b099ed85b399e3702e1d1add2785d07,pc/M-combat-capturePercent/adf2a33f332db08d4d373bba/B-A,vps/segments/X-simplex-b360000-vs-spearman/5cad0b17b4d618f3db2e2250/B-A
8367b454a3d3a910865be44bae20f7afd1eda40de591f232454fc3cbef2f4a2a,vps/E-replace-spearman/fa3c2159dc01cc452e2a4384/A-B,vps/segments/X-simplex-b360000-vs-spearman/a0e4c2e9fc14d951192a9a6c/A-B
a30c76ce390ce950e39fe155216e7a2440aa495a4228b8a5304a6366926bf272,vps/E-replace-spearman/fa3c2159dc01cc452e2a4384/B-A,vps/segments/X-simplex-b360000-vs-spearman/a0e4c2e9fc14d951192a9a6c/B-A
c22025f6493eec19f3c3d4561a5a9ac893a983d0021eb2d68647a4814eeb29fd,pc/M-counter-archer-spearman/5782b6cc785e9acab77e0b3f/A-B,vps/segments/X-simplex-b360000-vs-spearman/d20a68eaf0ffd0ed3f71321d/A-B
73390988fd74b7bd560745d989606f9ffcfc7dad9389eab1faea8f6d0f7e78a3,pc/M-counter-archer-spearman/5782b6cc785e9acab77e0b3f/B-A,vps/segments/X-simplex-b360000-vs-spearman/d20a68eaf0ffd0ed3f71321d/B-A
be262af8d40c5c29de76cd4f06065710ebc47f483b3f67fcea0e69f66d5ceaa1,pc/M-counter-knight-spearman/40fa3d6fb4fe25b8c7df996c/A-B,vps/segments/X-simplex-b360000-vs-spearman/d9caa8ef7034010ee9ea2890/A-B
9c342e15155ccf3566c9a20d69f1eaca1a551dcc50f665fab22c9d2429f9cc98,pc/M-counter-knight-spearman/40fa3d6fb4fe25b8c7df996c/B-A,vps/segments/X-simplex-b360000-vs-spearman/d9caa8ef7034010ee9ea2890/B-A
