case,direction,weather,reference_plan,variant_plan,reference_experiment_id,variant_experiment_id,samples_per_point,budget_A,budget_B,A_initial_soldier,A_initial_spearman,A_initial_archer,A_initial_knight,B_initial_soldier,B_initial_spearman,B_initial_archer,B_initial_knight,reference_A_wins,variant_A_wins,reference_A_win_rate,variant_A_win_rate,delta_A_win_rate,reference_mean_rounds,variant_mean_rounds,delta_mean_rounds,reference_A_raw_dead,variant_A_raw_dead,reference_B_raw_dead,variant_B_raw_dead,reference_A_budget_lost,variant_A_budget_lost,reference_B_budget_lost,variant_B_budget_lost,reference_request_sha256,variant_request_sha256
mono-b360000-soldier-soldier,A-B,blizzard,vps/M-weather-preset-neutral,vps/M-weather-preset-blizzard,a4f195db3fb8455cdeb742bf,0375ef8a07076e9dcf449b3e,2000,360000,360000,36000,0,0,0,36000,0,0,0,975,975,0.4875,0.4875,0,20,20,0,4787.778,4787.613,4786.2715,4785.2735,0.039369263888889,0.039371486111111,0.03957375,0.039575027777778,587a0b6c8fbf92e9e393e63a374c6bdc95fc594470b7c8ee42ee3df5c4a6b8ef,0dead859d58ae8ddc4564385ae61e293817a28009ecd6879f72be88649c6fd5b
mono-b360000-soldier-soldier,B-A,blizzard,vps/M-weather-preset-neutral,vps/M-weather-preset-blizzard,a4f195db3fb8455cdeb742bf,0375ef8a07076e9dcf449b3e,2000,360000,360000,36000,0,0,0,36000,0,0,0,987,985,0.4935,0.4925,-0.001,20,20,0,4787.778,4787.613,4786.2715,4785.2735,0.039423944444444,0.039416694444444,0.039519944444444,0.039530458333333,cab79020193af6f55744135f0197a1630e3c2215411e9bdd269a836e052ec646,5c422409f27276ffafec2ddf007d310742bc9f6cbf641685691f7a84c6ceb8be
mono-b12000-archer-archer,A-B,blizzard,vps/M-weather-preset-neutral,vps/M-weather-preset-blizzard,792e7655a90072d5129119df,16c43b1d054d69d926702f59,2000,11970,11970,0,0,171,0,0,0,171,0,2000,2000,1,1,0,2.008,2.008,0,0.8695,0.8695,97.458,97.458,0.049804093567251,0.049804093567251,0.050380116959064,0.050380116959064,a5cef95da0740171d974b1b8238a058e26fade3fe8a8f09d6de3182d2fb25476,7d081da7e34f23f2c1a714af91c12655a16b1a0853379ee28f00cb084801ba48
mono-b12000-archer-archer,B-A,blizzard,vps/M-weather-preset-neutral,vps/M-weather-preset-blizzard,792e7655a90072d5129119df,16c43b1d054d69d926702f59,2000,11970,11970,0,0,171,0,0,0,171,0,0,0,0,0,0,2.0075,2.0075,0,97.39,97.39,0.8195,0.8195,0.050093567251462,0.050093567251462,0.050266081871345,0.050266081871345,22588da900fbea8c00b87d769132d035359f1c3deae9b763847a866d744b79ff,f552f7175967a49ba790887ae01104abe5ba670d1f9cdcc08570e2ecc1900e10
mono-b12000-knight-knight,A-B,blizzard,vps/M-weather-preset-neutral,vps/M-weather-preset-blizzard,756c9af6c88c309d75372f93,22864359c31c93557d478609,2000,11550,11550,0,0,0,21,0,0,0,21,871,871,0.4355,0.4355,0,1.0655,1.0655,0,11.595,11.595,11.589,11.589,0.049071428571429,0.049071428571429,0.050714285714286,0.050714285714286,1178f1206facb99d474deb6896610eb381b51065a110d670b64abf6c01184760,db57871f932c54d84b9d13ec5910213b7baaaecba87b83a89609f7fd9a239614
mono-b12000-knight-knight,B-A,blizzard,vps/M-weather-preset-neutral,vps/M-weather-preset-blizzard,756c9af6c88c309d75372f93,22864359c31c93557d478609,2000,11550,11550,0,0,0,21,0,0,0,21,1131,1131,0.5655,0.5655,0,1.0655,1.0655,0,11.595,11.595,11.589,11.589,0.049071428571429,0.049071428571429,0.050714285714286,0.050714285714286,db8d3921ad4c7ffbcfdfcbf53d72da2e8c438f83b03f5de5e5b8aab344978ab5,b668fa44274d1417636bfc104a38c5092d30573a0402f419c84d6ed80abc5fea
mono-b120000-soldier-spearman,A-B,blizzard,vps/M-weather-preset-neutral,vps/M-weather-preset-blizzard,b629227e6f0d4b2bcee036e7,2844ff6e12baf782abce16f8,2000,120000,119980,12000,0,0,0,0,1714,0,0,0,0,0,0,0,13,13,0,4471.004,4471.004,0.0035,0,0.032694083333333,0.032694083333333,0.049761960326721,0.049753792298716,e1e29aab7102365136b614a54a8aeb0bee449145f3bc465a205963f9f554f006,573023abbd91be7faf28e63c679b7f6a91281e685ca10db7f329cb072853e0fe
mono-b120000-soldier-spearman,B-A,blizzard,vps/M-weather-preset-neutral,vps/M-weather-preset-blizzard,b629227e6f0d4b2bcee036e7,2844ff6e12baf782abce16f8,2000,120000,119980,12000,0,0,0,0,1714,0,0,795,0,0.3975,0,-0.3975,20,20,0,3299.9845,3423.8545,462.703,18.8635,0.038560458333333,0.036132958333333,0.050139731621937,0.050021295215869,0c2b4bb54f68750a49827995ac5ca7c41b885ac68f663af9b71cf4658f802372,708ffc59011b79a2abfe7893c7182228905bb3eadf5e6f1d322512b97aedd162
mono-b360000-soldier-spearman,A-B,blizzard,vps/M-weather-preset-neutral,vps/M-weather-preset-blizzard,2966d929c45d9acc4fbb91a1,2e75d28a9941b789c76a118e,2000,360000,359940,36000,0,0,0,0,5142,0,0,0,0,0,0,0,13,13,0,13412.643,13412.643,0,0,0.032674027777778,0.032674027777778,0.049814080124465,0.04980309218203,7021d39476c082c69391aa7d9d107c8598ae66c5b1828c73e129c275542d42fb,20a784eb3a1a44ff197079caaa686550b10e1be11d07920d2827fcb101c72dd3
mono-b360000-soldier-spearman,B-A,blizzard,vps/M-weather-preset-neutral,vps/M-weather-preset-blizzard,2966d929c45d9acc4fbb91a1,2e75d28a9941b789c76a118e,2000,360000,359940,36000,0,0,0,0,5142,0,0,671,0,0.3355,0,-0.3355,20,20,0,9898.754,10272.2,1386.0605,56.942,0.038085333333333,0.036101805555556,0.050128646441074,0.05003685336445,0a6998a19d108d4ea47989fe9c9346eb6b099ed85b399e3702e1d1add2785d07,8690bc01a0faad433eb8c05aa5fc86618a82ccb8d5c46c2cbf35ea74c93d4b1c
mono-b12000-soldier-soldier,A-B,blizzard,vps/M-weather-preset-neutral,vps/M-weather-preset-blizzard,fb6f2352b28b313d79cdc77b,3400f3e93ddcd0e0f3b08784,2000,12000,12000,1200,0,0,0,1200,0,0,0,961,964,0.4805,0.482,0.0015,20,20,0,159.737,159.843,159.5675,159.375,0.0394925,0.039539583333333,0.039681666666667,0.03959875,6d407622c60b016795f97c89a6a5574696df9124c61c66dd231ce4e7c7aa2393,5926a28e7eb11c3e0d557d1b3fe33f5b8ae192e49f2952d965993ffcb991765f
mono-b12000-soldier-soldier,B-A,blizzard,vps/M-weather-preset-neutral,vps/M-weather-preset-blizzard,fb6f2352b28b313d79cdc77b,3400f3e93ddcd0e0f3b08784,2000,12000,12000,1200,0,0,0,1200,0,0,0,1005,1014,0.5025,0.507,0.0045,20,20,0,159.737,159.843,159.5675,159.375,0.039685416666667,0.039752083333333,0.039483333333333,0.039375416666667,5b40b5d08240a3cb41ac0662b746bf7848264fd5d59a18b9cccd174e1c8a970f,960d6ebc8a5027a72fab884da1d1f5097f2601ddb6ebf232c0d23e4b7fe79de2
mono-b360000-archer-knight,A-B,blizzard,vps/M-weather-preset-neutral,vps/M-weather-preset-blizzard,2a7e9b14ebf8dc6314c7cd99,36f0275997ad7999839732e6,2000,359940,359700,0,0,5142,0,0,0,0,654,0,0,0,0,0,1,1,0,2289.009,2289.009,0,0,0.022297257876313,0.022297257876313,0.050082568807339,0.050082568807339,092ff6440ba52367b900849f38396771039917fdafcad50e5a9b3669a0a1a448,d62c77132a986bb53c4a43f8b84aa2fc79696def0ffee3a11c0eb3a26bc0545c
mono-b360000-archer-knight,B-A,blizzard,vps/M-weather-preset-neutral,vps/M-weather-preset-blizzard,2a7e9b14ebf8dc6314c7cd99,36f0275997ad7999839732e6,2000,359940,359700,0,0,5142,0,0,0,0,654,0,0,0,0,0,1,1,0,2289.009,2289.009,0,0,0.022297257876313,0.022297257876313,0.050082568807339,0.050082568807339,40e5890746cdbe0ba659fc1854a9e8c3218947407cf39f571ec0b4f63dfcca5c,bd1abe5289291f5429078d09e0856b1db73b0f6030836d8d06887d01f5ff025e
mono-b120000-soldier-soldier,A-B,blizzard,vps/M-weather-preset-neutral,vps/M-weather-preset-blizzard,661a8ff748ea7a9cd091d244,3f15fffe5c79bd32e7b22a07,2000,120000,120000,12000,0,0,0,12000,0,0,0,991,969,0.4955,0.4845,-0.011,20,20,0,1595.908,1596.2295,1595.5725,1594.361,0.039481541666667,0.03938075,0.039521041666667,0.039615875,647ab88a83aa6f834990989ca24911ddf969595c4a5f5d85e2c151fdaebac92b,cffa24426169994178f7c6a2588f099ce242d3172b295ee1d207cc987b2a56c2
mono-b120000-soldier-soldier,B-A,blizzard,vps/M-weather-preset-neutral,vps/M-weather-preset-blizzard,661a8ff748ea7a9cd091d244,3f15fffe5c79bd32e7b22a07,2000,120000,120000,12000,0,0,0,12000,0,0,0,997,985,0.4985,0.4925,-0.006,20,20,0,1595.908,1596.2295,1595.5725,1594.361,0.039508041666667,0.039453416666667,0.039494,0.039545833333333,cb5849664fb65ac00466aa61563a1f9baace77ad985b9c02a92e371cf45b1603,e3697fcd6eb8f0eb39a6515bee7dc35c5ef3f69cf102901f9eacf90b53a874c3
mono-b120000-archer-archer,A-B,blizzard,vps/M-weather-preset-neutral,vps/M-weather-preset-blizzard,c0d6109c05e457458b0bda00,4aad26f4cbf4c70841ce1f4b,2000,119980,119980,0,0,1714,0,0,0,1714,0,2000,2000,1,1,0,2,2,0,0,0,963.358,963.358,0.050003208868145,0.050003208868145,0.050086931155193,0.050086931155193,6b4a529fbc125b23882833e0aed634bec1b5f0b2174c3e7ece269e3168b0f82f,7a24ba3fbd4b11a5695485bf824cae05313c91fa64afba37972f4727e74eef11
mono-b120000-archer-archer,B-A,blizzard,vps/M-weather-preset-neutral,vps/M-weather-preset-blizzard,c0d6109c05e457458b0bda00,4aad26f4cbf4c70841ce1f4b,2000,119980,119980,0,0,1714,0,0,0,1714,0,0,0,0,0,0,2,2,0,963.591,963.591,0,0,0.050052508751459,0.050052508751459,0.050048424737456,0.050048424737456,7e4672019367fb02f1f4413e94829b3f5c23d2fa9d1ba5802105a04a62fdf6a1,248d7d8c7e0580c7c4b435a6d58ca479c4cf4032082983fe99f3185b84e8aafe
mono-b120000-soldier-knight,A-B,blizzard,vps/M-weather-preset-neutral,vps/M-weather-preset-blizzard,6b6e99381358a325560d60d8,4c37bca004f8bdad65a801b5,2000,120000,119900,12000,0,0,0,0,0,0,218,0,0,0,0,0,6,6,0,4578.001,4578.046,0.805,0.028,0.019100375,0.019101208333333,0.050082568807339,0.050038990825688,f5eaa97da71df5298d7c5b30554bec43da7311247b6bf61d3299b38dd99ce886,ba0dce7f2fd0f5c288b6891e31ddf456e408f68d84dd97e7d2f1c84a235ed036
mono-b120000-soldier-knight,B-A,blizzard,vps/M-weather-preset-neutral,vps/M-weather-preset-blizzard,6b6e99381358a325560d60d8,4c37bca004f8bdad65a801b5,2000,120000,119900,12000,0,0,0,0,0,0,218,0,0,0,0,0,6,6,0,4578.001,4578.046,0.805,0.028,0.019100375,0.019101208333333,0.050082568807339,0.050038990825688,6a49a491a5ff72a4b8db0cc1fcd37742813f1f1a76d4b11bb02af21e20d1e1ce,dbb84e4c10e25d38dca29dccec5ff8d440e940364ca235692cdad1da033589a4
mono-b360000-soldier-archer,A-B,blizzard,vps/M-weather-preset-neutral,vps/M-weather-preset-blizzard,9802772d7860e32c1eb45bbc,4cf74ebb2e80d29d51e498d4,2000,360000,359940,36000,0,0,0,0,0,5142,0,0,0,0,0,0,8,8,0,13585.641,13806.4325,847.792,147.2495,0.039586,0.039745222222222,0.049883605600933,0.049866005445352,3d79ed5983c89d0022c51a128734a7b36a8941c07b48f432dd6f260a0059cec7,4849088e42e0ee0c6e5cb62644c475b297d8db00647865926824f12fcc3566ad
mono-b360000-soldier-archer,B-A,blizzard,vps/M-weather-preset-neutral,vps/M-weather-preset-blizzard,9802772d7860e32c1eb45bbc,4cf74ebb2e80d29d51e498d4,2000,360000,359940,36000,0,0,0,0,0,5142,0,0,0,0,0,0,5,5,0,15743.9995,15743.9995,0,0,0.036148791666667,0.036148791666667,0.046806009334889,0.046806301050175,b539cabaf72f26f266d867628052db7ffc7cfa333da902e943ce8bd34a752c17,d164fdcdf301d075136bc9f39d1a72916a04672b1e6a427b36df4b6828104a5f
mono-b120000-archer-knight,A-B,blizzard,vps/M-weather-preset-neutral,vps/M-weather-preset-blizzard,d57e878bd7d93557ed0eafe5,692f494b4ad73a4844111690,2000,119980,119900,0,0,1714,0,0,0,0,218,0,0,0,0,0,1,1,0,762.9905,762.9905,0,0,0.022257001166861,0.022257001166861,0.050036697247706,0.050036697247706,4597ad24b5a2e47b6a7dce9496a9b6f4b1f246dce33a40845b0982a200fb8806,8b87976dfac4c50107cdcf1cedad4662672a1abf74641f33a7e92355e83091c1
mono-b120000-archer-knight,B-A,blizzard,vps/M-weather-preset-neutral,vps/M-weather-preset-blizzard,d57e878bd7d93557ed0eafe5,692f494b4ad73a4844111690,2000,119980,119900,0,0,1714,0,0,0,0,218,0,0,0,0,0,1,1,0,762.9905,762.9905,0,0,0.022257001166861,0.022257001166861,0.050036697247706,0.050036697247706,7c1e87a0769464bd834f5d84f3fd33eaf9071aabdb90673a4cec8f5b7383d2cf,0f072e6a08e7477bb0bdbe87705032774c5370266dc6ba8a00a2571163c9e2d2
mono-b12000-spearman-spearman,A-B,blizzard,vps/M-weather-preset-neutral,vps/M-weather-preset-blizzard,bbcd553bc7a16c61d281ba73,7451b04b4de454d56e422f0d,2000,11970,11970,0,171,0,0,0,171,0,0,0,0,0,0,0,6.9895,6.9895,0,84.766,84.766,0.0005,0.0005,0.049862573099415,0.049862573099415,0.043921052631579,0.043921052631579,85f859f840726422ec7d710e5557c9d3b6715fd7fc74bfe34607d4d92c94e777,d33577ff27952a13ad9e3ba6a894fcb034216e577b80ab64f26aabb8c9e7fb40
mono-b12000-spearman-spearman,B-A,blizzard,vps/M-weather-preset-neutral,vps/M-weather-preset-blizzard,bbcd553bc7a16c61d281ba73,7451b04b4de454d56e422f0d,2000,11970,11970,0,171,0,0,0,171,0,0,2000,2000,1,1,0,6.994,6.994,0,0.0005,0.0005,85.124,85.124,0.04390350877193,0.04390350877193,0.049608187134503,0.049608187134503,03908c0fa4ced8ca60a7e0fb3a0f39260e015950626c7db85dad0402f2d3619e,0ce8e01085ac1ea2fa34f4c5c3fd13e94333d5fd3910d9a3dec0138873be2bbf
mono-b120000-spearman-archer,A-B,blizzard,vps/M-weather-preset-neutral,vps/M-weather-preset-blizzard,fc99451412d760a76f235ab5,770e6573783e3bdaf5f09e86,2000,119980,119980,0,1714,0,0,0,0,1714,0,0,0,0,0,0,7,7,0,1117.74,1117.74,790.8055,790.8055,0.050101516919487,0.050101516919487,0.049973745624271,0.049973745624271,54b8eb5652e7a14e2d23dbf5a122ee8f8758e3e126c18b1c2077bfe200269275,4964ab1337328f13d5419672464d1521a061e573536ceca189e7afc30c926f49
mono-b120000-spearman-archer,B-A,blizzard,vps/M-weather-preset-neutral,vps/M-weather-preset-blizzard,fc99451412d760a76f235ab5,770e6573783e3bdaf5f09e86,2000,119980,119980,0,1714,0,0,0,0,1714,0,2000,2000,1,1,0,4,4,0,0,0,936.737,936.737,0.05003821470245,0.05003821470245,0.049391773628938,0.049391773628938,078641e562821c4012d1a24d08878af3f97f45aea622350727a2eb5edcbd524c,0de99a52dc88c07896274c4bfce55f5767a71dd5a190e8b02a7897ab0c4ef349
mono-b12000-soldier-spearman,A-B,blizzard,vps/M-weather-preset-neutral,vps/M-weather-preset-blizzard,f822d4aff4a7641ffc78118c,7a64088fff80051b445ab0c0,2000,12000,11970,1200,0,0,0,0,171,0,0,0,0,0,0,0,13.038,13.0375,-0.00050000000000061,447.59,447.5515,0.0385,0.0015,0.032676666666667,0.032677083333333,0.04977485380117,0.049795321637427,2a1d1503a117713d05836a468b6a0d0d39d7d08702d9ca68ffe56c89d6f08704,7160a9f658d1541f7bfba89fe94752f57738e349851f7c7d2a381c3b9c05a71a
mono-b12000-soldier-spearman,B-A,blizzard,vps/M-weather-preset-neutral,vps/M-weather-preset-blizzard,f822d4aff4a7641ffc78118c,7a64088fff80051b445ab0c0,2000,12000,11970,1200,0,0,0,0,171,0,0,1009,0,0.5045,0,-0.5045,19.9985,20,0.0015000000000001,328.353,340.9935,47.3695,2.143,0.039314166666667,0.036122916666667,0.050271929824561,0.050125730994152,cdd056f355bfd3009ca6798847f425d092b2fa95fee94cbb9f1b9d30918fd936,2cb557fce98d8bb8c213139386ae3e833dc506fc3688dac194a873d3bf83089b
mono-b360000-spearman-knight,A-B,blizzard,vps/M-weather-preset-neutral,vps/M-weather-preset-blizzard,c74521cdf2ea33fab967be56,7f2180a72c2d2f1ade61a84a,2000,359940,359700,0,5142,0,0,0,0,0,654,366,366,0.183,0.183,0,3,3,0,2428.6265,2428.6265,264.8825,264.8825,0.043178626993388,0.043178626993388,0.050066513761468,0.050066513761468,7d7abac10e512ec2c70d5d25a59d0d144ba2b19ce4372cc4f09baf310123eafb,98b7e40dc13072cae20619ac747e7e37e7b0ad37302e11c31fa306a3710e9b1b
mono-b360000-spearman-knight,B-A,blizzard,vps/M-weather-preset-neutral,vps/M-weather-preset-blizzard,c74521cdf2ea33fab967be56,7f2180a72c2d2f1ade61a84a,2000,359940,359700,0,5142,0,0,0,0,0,654,2000,2000,1,1,0,2,2,0,1018.6605,1018.6605,654,654,0.034626507195644,0.034626507195644,0.049916666666667,0.049916666666667,75facca78d59da8acebf5520dc1aec84674008dca00e85ffe5137a6371d683bd,bd84d2288e8f00d7199d5223c1d1df302e60c5fd2c50e831d54ebe75eda5bc2d
mono-b120000-knight-knight,A-B,blizzard,vps/M-weather-preset-neutral,vps/M-weather-preset-blizzard,9d120abae119d9be63a895bd,981784f27c8fb2fce24c3b70,2000,119900,119900,0,0,0,218,0,0,0,218,963,963,0.4815,0.4815,0,1,1,0,109.398,109.398,108.7785,108.7785,0.050071100917431,0.050071100917431,0.049965596330275,0.049965596330275,9858c7ffa1a6a847079e50482789f9a042cfeb281ada503d2c73d74b65c9d985,b8881480e6494cd4fd175037481f766e579aca45a9a596a7c8b34761df6471d7
mono-b120000-knight-knight,B-A,blizzard,vps/M-weather-preset-neutral,vps/M-weather-preset-blizzard,9d120abae119d9be63a895bd,981784f27c8fb2fce24c3b70,2000,119900,119900,0,0,0,218,0,0,0,218,1004,1004,0.502,0.502,0,1,1,0,109.398,109.398,108.7785,108.7785,0.050071100917431,0.050071100917431,0.049965596330275,0.049965596330275,151989b8d1b1c0ca759fab7eaf3b152abc03724944a1ef9ad70118e7a90322e4,978bf771335c8a075318af41c179abc9bee6aee4f66cdc87dc8d756084b83e37
mono-b12000-archer-knight,A-B,blizzard,vps/M-weather-preset-neutral,vps/M-weather-preset-blizzard,24330e2350e98778d4491ee1,9a4e7c8c9e0cfa63ad9c3f39,2000,11970,11550,0,0,171,0,0,0,0,21,6,6,0.003,0.003,0,1.003,1.003,0,73.7485,73.7485,0.063,0.063,0.021663742690058,0.021663742690058,0.051,0.051,35be79c5c128b6e4343bfeefa1db2f2aeb0a0150c17aa99303e7622a603c351b,b2dd8fe578ca21725b804319c140f743c460180758d837eb31f57c63acc945e2
mono-b12000-archer-knight,B-A,blizzard,vps/M-weather-preset-neutral,vps/M-weather-preset-blizzard,24330e2350e98778d4491ee1,9a4e7c8c9e0cfa63ad9c3f39,2000,11970,11550,0,0,171,0,0,0,0,21,2,2,0.001,0.001,0,1.003,1.003,0,73.7485,73.7485,0.041,0.041,0.021663742690058,0.021663742690058,0.05102380952381,0.05102380952381,49d4b23c42e173b1bcdc7cd48f22932e3a82504dd30129431f21b83876d94cb2,a8158166d7f73f8c10a24ea70a8077fe4871c7094c7690814561c5150648fc90
mono-b360000-knight-knight,A-B,blizzard,vps/M-weather-preset-neutral,vps/M-weather-preset-blizzard,548ad3149b35bdd498f1e720,a8c3c9c2395d0ba74d0557ac,2000,359700,359700,0,0,0,654,0,0,0,654,986,986,0.493,0.493,0,1,1,0,327.812,327.812,327.23,327.23,0.050105504587156,0.050105504587156,0.049980122324159,0.049980122324159,87844e416d861f5c9ead6ab9b78dcfb00006427ddc351bd0388c1eabd412ea8d,517e58c858deefe72a5f9fd96d9f420c356082e9f0ab6b14410607cbd459683b
mono-b360000-knight-knight,B-A,blizzard,vps/M-weather-preset-neutral,vps/M-weather-preset-blizzard,548ad3149b35bdd498f1e720,a8c3c9c2395d0ba74d0557ac,2000,359700,359700,0,0,0,654,0,0,0,654,1003,1003,0.5015,0.5015,0,1,1,0,327.812,327.812,327.23,327.23,0.050105504587156,0.050105504587156,0.049980122324159,0.049980122324159,e137c8706ef5acd42c2d3113acb60f6a980b709cb9423e1758161e5fa6ce3ea3,ee63506adcbcdae0ddc957024fbcc5ca91ae06790db2d2ae4e7e99aeb0507b45
mono-b360000-soldier-knight,A-B,blizzard,vps/M-weather-preset-neutral,vps/M-weather-preset-blizzard,cb7b28b15b36471aafbe16d8,ac06022951f8e4527897727b,2000,360000,359700,36000,0,0,0,0,0,0,654,0,0,0,0,0,6,6,0,13734.0145,13734.036,0.881,0.0155,0.019087388888889,0.019087416666667,0.050131498470948,0.050085626911315,4970d1f6b5265fad201517f3825ff40d79aa8b20306bc545f88c8e11a313708e,04e3a4b9243b4581288ba9263c4fa5f01a46b01711fe9cc475e445297bf3e234
mono-b360000-soldier-knight,B-A,blizzard,vps/M-weather-preset-neutral,vps/M-weather-preset-blizzard,cb7b28b15b36471aafbe16d8,ac06022951f8e4527897727b,2000,360000,359700,36000,0,0,0,0,0,0,654,0,0,0,0,0,6,6,0,13734.0145,13734.036,0.881,0.0155,0.019087388888889,0.019087416666667,0.050131498470948,0.050085626911315,0243eeadabcc14bc5e95fa1b391f9a0fbfc6c55db116c0e75d961227e7785c42,a14a282077feef71deb5b4ea7ed1a77e0e0e1b3091f8d313c941a169e080c452
mono-b12000-soldier-archer,A-B,blizzard,vps/M-weather-preset-neutral,vps/M-weather-preset-blizzard,82fe7cea859b89eeeb66053b,b7d568e586eab5dca04980c8,2000,12000,11970,1200,0,0,0,0,0,171,0,18,0,0.009,0,-0.009,8.0845,8.0395,-0.045,459.804,462.899,31.169,5.408,0.039724166666667,0.039818333333333,0.049982456140351,0.050038011695906,00f252d5722657943a4cb0718ce0da7e8a4611896fa35ea5621c1322e14ef866,235176ec6621295c053ba3527b1beb6bb8cb4af9bf696a3faa830a3dbbe9cfbf
mono-b12000-soldier-archer,B-A,blizzard,vps/M-weather-preset-neutral,vps/M-weather-preset-blizzard,82fe7cea859b89eeeb66053b,b7d568e586eab5dca04980c8,2000,12000,11970,1200,0,0,0,0,0,171,0,0,0,0,0,0,5,5,0,522.2335,522.2335,0,0,0.0360275,0.0360275,0.047204678362573,0.047239766081871,9000dde07f557a8d66b3ea4000e55211bbd45f04e3469db5cbc747249d14ba6c,8bb782660ba3642abeb03b3e1613812e0ed17bf2a3a26a73bdf252b399df589f
mono-b12000-spearman-archer,A-B,blizzard,vps/M-weather-preset-neutral,vps/M-weather-preset-blizzard,77059b09796261ce58324267,c78355c802101c4bd2b6922f,2000,11970,11970,0,171,0,0,0,0,171,0,197,197,0.0985,0.0985,0,6.973,6.973,0,110.3685,110.3685,78.1895,78.1895,0.050269005847953,0.050269005847953,0.049877192982456,0.049877192982456,4227f054b87e527b1d1b0274ed1998e330c5df10704580221a9b575b4a8798c6,f268d1180103f0c8e98f73c8fe9e40b71018c8a6badec5d0176a8a04ca06ebe3
mono-b12000-spearman-archer,B-A,blizzard,vps/M-weather-preset-neutral,vps/M-weather-preset-blizzard,77059b09796261ce58324267,c78355c802101c4bd2b6922f,2000,11970,11970,0,171,0,0,0,0,171,0,2000,2000,1,1,0,3.999,3.999,0,0.059,0.059,93.5465,93.5465,0.049997076023392,0.049997076023392,0.049324561403509,0.049324561403509,ed29d7971438fc1a049999694ca61a2424e52dc6124815c6cadb6b6c1daaffd8,e12904c834ba2a5a5cb0fab0f40506baa9dd4c45f7346fcc4f7b2f55d4cdd603
mono-b12000-soldier-knight,A-B,blizzard,vps/M-weather-preset-neutral,vps/M-weather-preset-blizzard,888c243346a2fc2822e1a949,cc36927505a1dcdaa7909b46,2000,12000,11550,1200,0,0,0,0,0,0,21,204,4,0.102,0.002,-0.1,6.037,6.038,0.0010000000000003,442.797,443.455,2.8075,0.246,0.018445,0.0184575,0.051547619047619,0.051261904761905,9ca322cb96477f8f2d6b2e7673307285a8c1ac1a2124cfb6ddfbf09efb0d4075,b0967a17844ac5b166cd07ef1ecedca73482d26d983c4899d979105198773368
mono-b12000-soldier-knight,B-A,blizzard,vps/M-weather-preset-neutral,vps/M-weather-preset-blizzard,888c243346a2fc2822e1a949,cc36927505a1dcdaa7909b46,2000,12000,11550,1200,0,0,0,0,0,0,21,204,4,0.102,0.002,-0.1,6.037,6.038,0.0010000000000003,442.797,443.455,2.8075,0.246,0.018445,0.0184575,0.051547619047619,0.051261904761905,0ef488184d72f1f098ab6566fb80c72140d7078400dd1a9587141fe8b34a13ec,20d66b0fae2e569ea195b3b474cf578ee4f3cf82002b71d1dd3012fcf0bbfaff
mono-b360000-spearman-spearman,A-B,blizzard,vps/M-weather-preset-neutral,vps/M-weather-preset-blizzard,634650feba46fde2e05f79ec,d15612a1377d513b2bc65b47,2000,359940,359940,0,5142,0,0,0,5142,0,0,0,0,0,0,0,7,7,0,2557.2425,2557.2425,0,0,0.049523531699728,0.049523531699728,0.043854045118631,0.043854045118631,2bc6219638d312265f5c45e3ff80bf6b75c9c3992211780b96db52997872da32,1fd8e55ef7bdf9284043cd8cd6b8fd25b13dc2e84168116f598755245e597970
mono-b360000-spearman-spearman,B-A,blizzard,vps/M-weather-preset-neutral,vps/M-weather-preset-blizzard,634650feba46fde2e05f79ec,d15612a1377d513b2bc65b47,2000,359940,359940,0,5142,0,0,0,5142,0,0,2000,2000,1,1,0,7,7,0,0,0,2558.4835,2558.4835,0.043788895371451,0.043788895371451,0.049585375340334,0.049585375340334,120c55e4f29e4d0105d6cc15c34f2d0b90e315f38cd4336b4554e662eda73d66,e990dd84c868d7094f57922296ab615c5ca8ef032d1294b11ce9331754b6879f
mono-b12000-spearman-knight,A-B,blizzard,vps/M-weather-preset-neutral,vps/M-weather-preset-blizzard,37ac5d1a6b11bd111d215af5,d1f8085374189361bbe0c0c4,2000,11970,11550,0,171,0,0,0,0,0,21,1554,1554,0.777,0.777,0,3.002,3.002,0,75.4865,75.4865,13.732,13.732,0.042640350877193,0.042640350877193,0.0505,0.0505,b965633c898c10ac48cc0b945d886ca291a7c3df9f2bc8fbbd6924891bba8756,983a6c6a129f7c3bb0de3ec6ef465ba8ca2b4386b1dd4cc0ae197ef05c06ea98
mono-b12000-spearman-knight,B-A,blizzard,vps/M-weather-preset-neutral,vps/M-weather-preset-blizzard,37ac5d1a6b11bd111d215af5,d1f8085374189361bbe0c0c4,2000,11970,11550,0,171,0,0,0,0,0,21,2000,2000,1,1,0,2,2,0,31.4585,31.4585,21,21,0.033719298245614,0.033719298245614,0.0505,0.0505,04d26513bee41f8de98ab49cd97c992b3a0017b0ad91dc428f6066f007ce270c,e4e751d5610813159d26c30f6b32a20b3d9149f1b082627a656df91b6e317b1d
mono-b120000-soldier-archer,A-B,blizzard,vps/M-weather-preset-neutral,vps/M-weather-preset-blizzard,b77254a0a10468b633ab0eab,d4697c1cad0d853419d31db2,2000,120000,119980,12000,0,0,0,0,0,1714,0,0,0,0,0,0,8,8,0,4527.6625,4601.495,282.31,49.174,0.039618666666667,0.039769416666667,0.049912777129522,0.049869603267211,a5bb96235bf6f9a76b769ff737d8e922df94b0a52f749525853085cd022bf3ef,93c5a4bb2c00f1e6831b3cb2cbbf63eb054804fda20b29459823207d17036de1
mono-b120000-soldier-archer,B-A,blizzard,vps/M-weather-preset-neutral,vps/M-weather-preset-blizzard,b77254a0a10468b633ab0eab,d4697c1cad0d853419d31db2,2000,120000,119980,12000,0,0,0,0,0,1714,0,0,0,0,0,0,5,5,0,5247.1365,5247.1365,0,0,0.036187291666667,0.036187291666667,0.046836639439907,0.04682934655776,8a5fbdbf1b558dc200eab97d67343355792afdf24d5bbb0e91f754b86f3a02ef,b9019bacef28e1920d07271b2341f7f552aa982c166139f699637c2f8bc96f16
mono-b120000-spearman-knight,A-B,blizzard,vps/M-weather-preset-neutral,vps/M-weather-preset-blizzard,de02d3c5b8eaac1ec1619ae7,da1bfee6932d6d82b4bcb428,2000,119980,119900,0,1714,0,0,0,0,0,218,620,620,0.31,0.31,0,3,3,0,809.241,809.241,89.1425,89.1425,0.043211493582264,0.043211493582264,0.049733944954128,0.049733944954128,ac0328d7e848fe34c754caa6b9c4b0ed2030d2e4d6fcccd1ed330988caf253df,9b6a0c47d70cc44ef209dca29232c84a2471c5e72659006c84f7b26df86a8219
mono-b120000-spearman-knight,B-A,blizzard,vps/M-weather-preset-neutral,vps/M-weather-preset-blizzard,de02d3c5b8eaac1ec1619ae7,da1bfee6932d6d82b4bcb428,2000,119980,119900,0,1714,0,0,0,0,0,218,2000,2000,1,1,0,2,2,0,339.2895,339.2895,218,218,0.03468698949825,0.03468698949825,0.049598623853211,0.049598623853211,cdf02ca8a3da35cbdb52ea241c610d7fdc069d44ffd601725625d6de3e1c67e1,dbd08c1e10c0d13b6300537296faeb28c9cd4d1a29e30bee620bf1f83f6f047a
mono-b120000-spearman-spearman,A-B,blizzard,vps/M-weather-preset-neutral,vps/M-weather-preset-blizzard,736dc0caf9128d35c68047d9,da7550c2023165e24802ced6,2000,119980,119980,0,1714,0,0,0,1714,0,0,0,0,0,0,0,7,7,0,852.6135,852.6135,0,0,0.04956796966161,0.04956796966161,0.043772753792299,0.043772753792299,58cd7ae8deb38800a7970576196ee8f591af45338dcec1590dcfba297fa69701,d2eca0b3bd3ffd7e0e409ff053e62d857285cd47ef227362021f43dab6148259
mono-b120000-spearman-spearman,B-A,blizzard,vps/M-weather-preset-neutral,vps/M-weather-preset-blizzard,736dc0caf9128d35c68047d9,da7550c2023165e24802ced6,2000,119980,119980,0,1714,0,0,0,1714,0,0,2000,2000,1,1,0,7,7,0,0,0,853.05,853.05,0.043873978996499,0.043873978996499,0.049586056009335,0.049586056009335,71c1edf0b3076609f0d5f6632549a6592128c1a272b42a58354f9fb187b4a370,fe27777b45eb7cf515c1a5d82d1ea647a7ac59d5f3a4e770a2d91133b12adc36
mono-b360000-archer-archer,A-B,blizzard,vps/M-weather-preset-neutral,vps/M-weather-preset-blizzard,c2e29032f857ef1e13a7572f,fcebca5ac707da1c6230b1af,2000,359940,359940,0,0,5142,0,0,0,5142,0,2000,2000,1,1,0,2,2,0,0,0,2891.326,2891.326,0.050010987942435,0.050010987942435,0.050044437961883,0.050044437961883,ee9e20890d11662504f7fe1e38034c18b966e01cd6c9e5396948c62e4ef00edc,abeb13d52c207ce8e69e4a94b1bcaff6d64901698ef7bbb93e7b1b711c691c9e
mono-b360000-archer-archer,B-A,blizzard,vps/M-weather-preset-neutral,vps/M-weather-preset-blizzard,c2e29032f857ef1e13a7572f,fcebca5ac707da1c6230b1af,2000,359940,359940,0,0,5142,0,0,0,5142,0,0,0,0,0,0,2,2,0,2891.325,2891.325,0,0,0.050032866588876,0.050032866588876,0.05005455075846,0.05005455075846,6716753b8e8b76b4a64e3b17a97ed8046605bed1f7d8159437110a4c2a02ffa9,ac03c2cd842b6cfb328af217c4a78df400e2ec2dda4349b770055fd4fa000c96
mono-b360000-spearman-archer,A-B,blizzard,vps/M-weather-preset-neutral,vps/M-weather-preset-blizzard,2e59189e632a58366296928a,fdab1c2b922ebe99b784e1c6,2000,359940,359940,0,5142,0,0,0,0,5142,0,0,0,0,0,0,7,7,0,3349.5485,3349.5485,2371.3945,2371.3945,0.050049397121743,0.050049397121743,0.049997082847141,0.049997082847141,d008a6c4cea3edb58d3e49bd4fe6a9dc06177f8442e6495e138e98d884af187e,bfa881c9ab02b64cef8ce0a02bf024366258e2cde82eb4a5aea48e35bd50642a
mono-b360000-spearman-archer,B-A,blizzard,vps/M-weather-preset-neutral,vps/M-weather-preset-blizzard,2e59189e632a58366296928a,fdab1c2b922ebe99b784e1c6,2000,359940,359940,0,5142,0,0,0,0,5142,0,2000,2000,1,1,0,4,4,0,0,0,2810.717,2810.717,0.050006417736289,0.050006417736289,0.049295702061455,0.049295702061455,bcbc877f0cf8b1db3ca6328cc8d75854e56dc0b5735561ddaff5ce14c2a229f6,1442905e944e91344d8333f386809be9ca6e3294801d1e32244f1928ace6681e
mono-b120000-archer-knight,A-B,canicule,vps/M-weather-preset-neutral,vps/M-weather-preset-canicule,d57e878bd7d93557ed0eafe5,0bda4e389bdac00853b9d44e,2000,119980,119900,0,0,1714,0,0,0,0,218,0,0,0,0,0,1,1,0,762.9905,762.9905,0,0,0.022257001166861,0.022257001166861,0.050036697247706,0.050036697247706,4597ad24b5a2e47b6a7dce9496a9b6f4b1f246dce33a40845b0982a200fb8806,bb24718fb9759a1fd72d808537c15237a7882e9eb2799d9b37708df6d04edd73
mono-b120000-archer-knight,B-A,canicule,vps/M-weather-preset-neutral,vps/M-weather-preset-canicule,d57e878bd7d93557ed0eafe5,0bda4e389bdac00853b9d44e,2000,119980,119900,0,0,1714,0,0,0,0,218,0,0,0,0,0,1,1,0,762.9905,762.9905,0,0,0.022257001166861,0.022257001166861,0.050036697247706,0.050036697247706,7c1e87a0769464bd834f5d84f3fd33eaf9071aabdb90673a4cec8f5b7383d2cf,43fc1af1b91ce5295fdf82dd96d9af1043c631421e120977d7aa33d5c648a164
mono-b120000-knight-knight,A-B,canicule,vps/M-weather-preset-neutral,vps/M-weather-preset-canicule,9d120abae119d9be63a895bd,10fd6e7cdbfc55e7b7ab685f,2000,119900,119900,0,0,0,218,0,0,0,218,963,963,0.4815,0.4815,0,1,1,0,109.398,109.398,108.7785,108.7785,0.050071100917431,0.050071100917431,0.049965596330275,0.049965596330275,9858c7ffa1a6a847079e50482789f9a042cfeb281ada503d2c73d74b65c9d985,7b516988ca99535f7fe393c9ab1321488b7ba5673f6cc8b18967d14732a6355a
mono-b120000-knight-knight,B-A,canicule,vps/M-weather-preset-neutral,vps/M-weather-preset-canicule,9d120abae119d9be63a895bd,10fd6e7cdbfc55e7b7ab685f,2000,119900,119900,0,0,0,218,0,0,0,218,1004,1004,0.502,0.502,0,1,1,0,109.398,109.398,108.7785,108.7785,0.050071100917431,0.050071100917431,0.049965596330275,0.049965596330275,151989b8d1b1c0ca759fab7eaf3b152abc03724944a1ef9ad70118e7a90322e4,287c3322759c53418cf5844ea57dc74ef9dbeb4f55d6381365f4eb7261e21914
mono-b120000-soldier-spearman,A-B,canicule,vps/M-weather-preset-neutral,vps/M-weather-preset-canicule,b629227e6f0d4b2bcee036e7,11a5b78aeb868949a25c411b,2000,120000,119980,12000,0,0,0,0,1714,0,0,0,0,0,0,0,13,13,0,4471.004,4470.8345,0.0035,0.0045,0.032694083333333,0.032701208333333,0.049761960326721,0.049745624270712,e1e29aab7102365136b614a54a8aeb0bee449145f3bc465a205963f9f554f006,1913a29ac7b48a1759c96f440fe541c5bf7e687e3a0fde4f72b14cfab637d134
mono-b120000-soldier-spearman,B-A,canicule,vps/M-weather-preset-neutral,vps/M-weather-preset-canicule,b629227e6f0d4b2bcee036e7,11a5b78aeb868949a25c411b,2000,120000,119980,12000,0,0,0,0,1714,0,0,795,808,0.3975,0.404,0.0065,20,20,0,3299.9845,3299.3095,462.703,462.594,0.038560458333333,0.0386025,0.050139731621937,0.050125729288215,0c2b4bb54f68750a49827995ac5ca7c41b885ac68f663af9b71cf4658f802372,73cf8b65d6cba954ba55c9a33cc70991dc8157ab924d4c9d8cbf934cfe8506b5
mono-b12000-soldier-spearman,A-B,canicule,vps/M-weather-preset-neutral,vps/M-weather-preset-canicule,f822d4aff4a7641ffc78118c,146641d79a86f0dedbda923c,2000,12000,11970,1200,0,0,0,0,171,0,0,0,0,0,0,0,13.038,13.0425,0.0045000000000002,447.59,448.1025,0.0385,0.0435,0.032676666666667,0.03267,0.04977485380117,0.04980701754386,2a1d1503a117713d05836a468b6a0d0d39d7d08702d9ca68ffe56c89d6f08704,2781e3de1db3b0e3ce7b56e2c7c2104e81550999d259dc8be4d732f6874225d6
mono-b12000-soldier-spearman,B-A,canicule,vps/M-weather-preset-neutral,vps/M-weather-preset-canicule,f822d4aff4a7641ffc78118c,146641d79a86f0dedbda923c,2000,12000,11970,1200,0,0,0,0,171,0,0,1009,1019,0.5045,0.5095,0.005,19.9985,19.9985,0,328.353,327.893,47.3695,47.375,0.039314166666667,0.039300833333333,0.050271929824561,0.050210526315789,cdd056f355bfd3009ca6798847f425d092b2fa95fee94cbb9f1b9d30918fd936,f7c0e6b11f1b7bee9ffee3f0fa887d542be0ed2378ee3f39f2e0ec1f22e2a719
mono-b12000-soldier-soldier,A-B,canicule,vps/M-weather-preset-neutral,vps/M-weather-preset-canicule,fb6f2352b28b313d79cdc77b,1547bfc1b85c19a101d80c21,2000,12000,12000,1200,0,0,0,1200,0,0,0,961,961,0.4805,0.4805,0,20,20,0,159.737,159.737,159.5675,159.5675,0.0394925,0.0394925,0.039681666666667,0.039681666666667,6d407622c60b016795f97c89a6a5574696df9124c61c66dd231ce4e7c7aa2393,7020a46da583c0b26f3fe0415d71c5ac70f999a5857f2c77339c559fb26f6116
mono-b12000-soldier-soldier,B-A,canicule,vps/M-weather-preset-neutral,vps/M-weather-preset-canicule,fb6f2352b28b313d79cdc77b,1547bfc1b85c19a101d80c21,2000,12000,12000,1200,0,0,0,1200,0,0,0,1005,1005,0.5025,0.5025,0,20,20,0,159.737,159.737,159.5675,159.5675,0.039685416666667,0.039685416666667,0.039483333333333,0.039483333333333,5b40b5d08240a3cb41ac0662b746bf7848264fd5d59a18b9cccd174e1c8a970f,95c5440a2e32c9cb18f896f52edabff058e9dd3ad35d3256d0371ec561529671
mono-b120000-archer-archer,A-B,canicule,vps/M-weather-preset-neutral,vps/M-weather-preset-canicule,c0d6109c05e457458b0bda00,15cfc215c44360fabc5ac7b8,2000,119980,119980,0,0,1714,0,0,0,1714,0,2000,2000,1,1,0,2,2,0,0,0,963.358,963.358,0.050003208868145,0.050003208868145,0.050086931155193,0.050086931155193,6b4a529fbc125b23882833e0aed634bec1b5f0b2174c3e7ece269e3168b0f82f,103a1dd37934291ac190c80430f47cede87282dcc16d70521bfa98309cbe1cbb
mono-b120000-archer-archer,B-A,canicule,vps/M-weather-preset-neutral,vps/M-weather-preset-canicule,c0d6109c05e457458b0bda00,15cfc215c44360fabc5ac7b8,2000,119980,119980,0,0,1714,0,0,0,1714,0,0,0,0,0,0,2,2,0,963.591,963.591,0,0,0.050052508751459,0.050052508751459,0.050048424737456,0.050048424737456,7e4672019367fb02f1f4413e94829b3f5c23d2fa9d1ba5802105a04a62fdf6a1,a5ad0f548834d535679f83379d9e32f9ff1ea027971a9e58f4db75c31ae121a5
mono-b360000-knight-knight,A-B,canicule,vps/M-weather-preset-neutral,vps/M-weather-preset-canicule,548ad3149b35bdd498f1e720,31d8175cb42934b947c9e3b7,2000,359700,359700,0,0,0,654,0,0,0,654,986,986,0.493,0.493,0,1,1,0,327.812,327.812,327.23,327.23,0.050105504587156,0.050105504587156,0.049980122324159,0.049980122324159,87844e416d861f5c9ead6ab9b78dcfb00006427ddc351bd0388c1eabd412ea8d,2ed87637e03c6289b4819e2027ef7448ae7afd28143e7b8e05ba84da36115116
mono-b360000-knight-knight,B-A,canicule,vps/M-weather-preset-neutral,vps/M-weather-preset-canicule,548ad3149b35bdd498f1e720,31d8175cb42934b947c9e3b7,2000,359700,359700,0,0,0,654,0,0,0,654,1003,1003,0.5015,0.5015,0,1,1,0,327.812,327.812,327.23,327.23,0.050105504587156,0.050105504587156,0.049980122324159,0.049980122324159,e137c8706ef5acd42c2d3113acb60f6a980b709cb9423e1758161e5fa6ce3ea3,491e06f957786ce94705da8d589e1ca50b18c5fcbe75e82d605e6590a2aed155
mono-b12000-spearman-archer,A-B,canicule,vps/M-weather-preset-neutral,vps/M-weather-preset-canicule,77059b09796261ce58324267,35fde116d6e7570d6fa1729d,2000,11970,11970,0,171,0,0,0,0,171,0,197,0,0.0985,0,-0.0985,6.973,6.9725,-0.00049999999999972,110.3685,146.742,78.1895,24.249,0.050269005847953,0.050461988304094,0.049877192982456,0.048959064327485,4227f054b87e527b1d1b0274ed1998e330c5df10704580221a9b575b4a8798c6,e34eca88e0d627d54c166d26d819ccaab8e5b57d27695a1c92dca4513583dc58
mono-b12000-spearman-archer,B-A,canicule,vps/M-weather-preset-neutral,vps/M-weather-preset-canicule,77059b09796261ce58324267,35fde116d6e7570d6fa1729d,2000,11970,11970,0,171,0,0,0,0,171,0,2000,2000,1,1,0,3.999,3.999,0,0.059,0.045,93.5465,93.781,0.049997076023392,0.049991228070175,0.049324561403509,0.049505847953216,ed29d7971438fc1a049999694ca61a2424e52dc6124815c6cadb6b6c1daaffd8,c2ee3699b5cbc47033cbae0a02f6b979c3629dfee3a11f4f935e5e9bf9bcde15
mono-b360000-spearman-archer,A-B,canicule,vps/M-weather-preset-neutral,vps/M-weather-preset-canicule,2e59189e632a58366296928a,4cd4f01c3d7443f1375284da,2000,359940,359940,0,5142,0,0,0,0,5142,0,0,0,0,0,0,7,7,0,3349.5485,4630.867,2371.3945,736.111,0.050049397121743,0.050070400622326,0.049997082847141,0.048935919875535,d008a6c4cea3edb58d3e49bd4fe6a9dc06177f8442e6495e138e98d884af187e,9ae34720762a5533c1795b625b7d2c6a981f9ccb0aa01ce5126376bd8782aa84
mono-b360000-spearman-archer,B-A,canicule,vps/M-weather-preset-neutral,vps/M-weather-preset-canicule,2e59189e632a58366296928a,4cd4f01c3d7443f1375284da,2000,359940,359940,0,5142,0,0,0,0,5142,0,2000,2000,1,1,0,4,4,0,0,0,2810.717,2812.153,0.050006417736289,0.050006417736289,0.049295702061455,0.04928189420459,bcbc877f0cf8b1db3ca6328cc8d75854e56dc0b5735561ddaff5ce14c2a229f6,cc05b4221eb21d8e40ee05499595003f070891e9c4edf7029ce606de8a1d900f
mono-b120000-spearman-knight,A-B,canicule,vps/M-weather-preset-neutral,vps/M-weather-preset-canicule,de02d3c5b8eaac1ec1619ae7,4fcdcc90549072f3ad2f8e50,2000,119980,119900,0,1714,0,0,0,0,0,218,620,0,0.31,0,-0.31,3,3,0,809.241,809.241,89.1425,0.0005,0.043211493582264,0.043211493582264,0.049733944954128,0.050038990825688,ac0328d7e848fe34c754caa6b9c4b0ed2030d2e4d6fcccd1ed330988caf253df,c9528eb0e033586fa23f1f45eaeb0ff060c72c5be9e63602dc643774dd9b74c1
mono-b120000-spearman-knight,B-A,canicule,vps/M-weather-preset-neutral,vps/M-weather-preset-canicule,de02d3c5b8eaac1ec1619ae7,4fcdcc90549072f3ad2f8e50,2000,119980,119900,0,1714,0,0,0,0,0,218,2000,2000,1,1,0,2,2.063,0.063,339.2895,359.8135,218,122.7115,0.03468698949825,0.035091890315053,0.049598623853211,0.049853211009174,cdf02ca8a3da35cbdb52ea241c610d7fdc069d44ffd601725625d6de3e1c67e1,54ae6ff4d5a713179ab49ba768a88c7d3a015248ee2e75bfbbd54eee67da288a
mono-b12000-soldier-knight,A-B,canicule,vps/M-weather-preset-neutral,vps/M-weather-preset-canicule,888c243346a2fc2822e1a949,51ed3e770f73aa589050061f,2000,12000,11550,1200,0,0,0,0,0,0,21,204,204,0.102,0.102,0,6.037,6.037,0,442.797,442.797,2.8075,2.8075,0.018445,0.018445,0.051547619047619,0.051547619047619,9ca322cb96477f8f2d6b2e7673307285a8c1ac1a2124cfb6ddfbf09efb0d4075,145143e09106914d528801d3a369149538f33f1d0c1ad0a149be48beb3c3890f
mono-b12000-soldier-knight,B-A,canicule,vps/M-weather-preset-neutral,vps/M-weather-preset-canicule,888c243346a2fc2822e1a949,51ed3e770f73aa589050061f,2000,12000,11550,1200,0,0,0,0,0,0,21,204,204,0.102,0.102,0,6.037,6.037,0,442.797,442.797,2.8075,2.8075,0.018445,0.018445,0.051547619047619,0.051547619047619,0ef488184d72f1f098ab6566fb80c72140d7078400dd1a9587141fe8b34a13ec,891d867997db3fade541362364649870dccb654ead3b16ef67ecbbbdc36ce80a
mono-b360000-soldier-soldier,A-B,canicule,vps/M-weather-preset-neutral,vps/M-weather-preset-canicule,a4f195db3fb8455cdeb742bf,532b066f14eb0a7bf126d34a,2000,360000,360000,36000,0,0,0,36000,0,0,0,975,975,0.4875,0.4875,0,20,20,0,4787.778,4787.778,4786.2715,4786.2715,0.039369263888889,0.039369263888889,0.03957375,0.03957375,587a0b6c8fbf92e9e393e63a374c6bdc95fc594470b7c8ee42ee3df5c4a6b8ef,e9004fdd3e6989dc81a259eb06d8a4f62eb8249c107f7d6cbb31015aaaa4ff6b
mono-b360000-soldier-soldier,B-A,canicule,vps/M-weather-preset-neutral,vps/M-weather-preset-canicule,a4f195db3fb8455cdeb742bf,532b066f14eb0a7bf126d34a,2000,360000,360000,36000,0,0,0,36000,0,0,0,987,987,0.4935,0.4935,0,20,20,0,4787.778,4787.778,4786.2715,4786.2715,0.039423944444444,0.039423944444444,0.039519944444444,0.039519944444444,cab79020193af6f55744135f0197a1630e3c2215411e9bdd269a836e052ec646,283d997ba5978fe4b473ce7bbaf6f50718280f1913981ed7afec1040fdc95c68
mono-b120000-spearman-archer,A-B,canicule,vps/M-weather-preset-neutral,vps/M-weather-preset-canicule,fc99451412d760a76f235ab5,6b069829f96c6da9de9f6c48,2000,119980,119980,0,1714,0,0,0,0,1714,0,0,0,0,0,0,7,7,0,1117.74,1540.656,790.8055,245.6555,0.050101516919487,0.050056009334889,0.049973745624271,0.049011376896149,54b8eb5652e7a14e2d23dbf5a122ee8f8758e3e126c18b1c2077bfe200269275,ee8fa3fa646224319a4425bcc07be19fe29201d0ad3d72f59bd6dbaaa3ab4d1d
mono-b120000-spearman-archer,B-A,canicule,vps/M-weather-preset-neutral,vps/M-weather-preset-canicule,fc99451412d760a76f235ab5,6b069829f96c6da9de9f6c48,2000,119980,119980,0,1714,0,0,0,0,1714,0,2000,2000,1,1,0,4,4,0,0,0,936.737,937.6745,0.05003821470245,0.05003821470245,0.049391773628938,0.04932292882147,078641e562821c4012d1a24d08878af3f97f45aea622350727a2eb5edcbd524c,8a57eca0cf77ad2f5a65f0122087ebb207712758abe583978fa41fccbb0a6714
mono-b360000-archer-knight,A-B,canicule,vps/M-weather-preset-neutral,vps/M-weather-preset-canicule,2a7e9b14ebf8dc6314c7cd99,7628b8db8595ccae723ce7fa,2000,359940,359700,0,0,5142,0,0,0,0,654,0,0,0,0,0,1,1,0,2289.009,2289.009,0,0,0.022297257876313,0.022297257876313,0.050082568807339,0.050082568807339,092ff6440ba52367b900849f38396771039917fdafcad50e5a9b3669a0a1a448,3f0908227e6f76bc1095097db34d2752e5f32ce7470000efce860c3263a7252d
mono-b360000-archer-knight,B-A,canicule,vps/M-weather-preset-neutral,vps/M-weather-preset-canicule,2a7e9b14ebf8dc6314c7cd99,7628b8db8595ccae723ce7fa,2000,359940,359700,0,0,5142,0,0,0,0,654,0,0,0,0,0,1,1,0,2289.009,2289.009,0,0,0.022297257876313,0.022297257876313,0.050082568807339,0.050082568807339,40e5890746cdbe0ba659fc1854a9e8c3218947407cf39f571ec0b4f63dfcca5c,f688e623b60108e3f81cc9c40875bc7ff04d5dfeba0eacf446c2845e067764f2
mono-b120000-soldier-knight,A-B,canicule,vps/M-weather-preset-neutral,vps/M-weather-preset-canicule,6b6e99381358a325560d60d8,93f56bfeeba89b21d35c91fa,2000,120000,119900,12000,0,0,0,0,0,0,218,0,0,0,0,0,6,6,0,4578.001,4578.001,0.805,0.805,0.019100375,0.019100375,0.050082568807339,0.050082568807339,f5eaa97da71df5298d7c5b30554bec43da7311247b6bf61d3299b38dd99ce886,f0514b4a53678a837fa10f7590301b00e3c7c5228a8cbccfd0c127ba860b87a8
mono-b120000-soldier-knight,B-A,canicule,vps/M-weather-preset-neutral,vps/M-weather-preset-canicule,6b6e99381358a325560d60d8,93f56bfeeba89b21d35c91fa,2000,120000,119900,12000,0,0,0,0,0,0,218,0,0,0,0,0,6,6,0,4578.001,4578.001,0.805,0.805,0.019100375,0.019100375,0.050082568807339,0.050082568807339,6a49a491a5ff72a4b8db0cc1fcd37742813f1f1a76d4b11bb02af21e20d1e1ce,5cb96b68f94fd60e8a4daa56f0a41493e41142735b3cc9b8ab37bdf165374093
mono-b12000-spearman-knight,A-B,canicule,vps/M-weather-preset-neutral,vps/M-weather-preset-canicule,37ac5d1a6b11bd111d215af5,a5948e5cfdf5a4349fd0ba29,2000,11970,11550,0,171,0,0,0,0,0,21,1554,0,0.777,0,-0.777,3.002,3.01,0.008,75.4865,75.9795,13.732,0.0665,0.042640350877193,0.042754385964912,0.0505,0.05102380952381,b965633c898c10ac48cc0b945d886ca291a7c3df9f2bc8fbbd6924891bba8756,0cd3bdf25f6660e1bb3186baae61bd164f323ae5ec0eb44467d5e453f29e1924
mono-b12000-spearman-knight,B-A,canicule,vps/M-weather-preset-neutral,vps/M-weather-preset-canicule,37ac5d1a6b11bd111d215af5,a5948e5cfdf5a4349fd0ba29,2000,11970,11550,0,171,0,0,0,0,0,21,2000,2000,1,1,0,2,2.126,0.126,31.4585,35.8105,21,16.4785,0.033719298245614,0.034640350877193,0.0505,0.05047619047619,04d26513bee41f8de98ab49cd97c992b3a0017b0ad91dc428f6066f007ce270c,f05ad1b4097e979c9747fff45b1bf227eff7a990b81d3e3576608e2ce9c7b5eb
mono-b12000-knight-knight,A-B,canicule,vps/M-weather-preset-neutral,vps/M-weather-preset-canicule,756c9af6c88c309d75372f93,a5e095f17f7d676d4b2d4bf9,2000,11550,11550,0,0,0,21,0,0,0,21,871,871,0.4355,0.4355,0,1.0655,1.0655,0,11.595,11.595,11.589,11.589,0.049071428571429,0.049071428571429,0.050714285714286,0.050714285714286,1178f1206facb99d474deb6896610eb381b51065a110d670b64abf6c01184760,192ad8d2f235570c39868eb9105c0e001908ac28bf28ef34d17e3343dc775aa4
mono-b12000-knight-knight,B-A,canicule,vps/M-weather-preset-neutral,vps/M-weather-preset-canicule,756c9af6c88c309d75372f93,a5e095f17f7d676d4b2d4bf9,2000,11550,11550,0,0,0,21,0,0,0,21,1131,1131,0.5655,0.5655,0,1.0655,1.0655,0,11.595,11.595,11.589,11.589,0.049071428571429,0.049071428571429,0.050714285714286,0.050714285714286,db8d3921ad4c7ffbcfdfcbf53d72da2e8c438f83b03f5de5e5b8aab344978ab5,309cfa41926512d9d21c7e2249611b1e8364800d7180367c66a8f66c758426df
mono-b12000-spearman-spearman,A-B,canicule,vps/M-weather-preset-neutral,vps/M-weather-preset-canicule,bbcd553bc7a16c61d281ba73,af6f591fd57fee433da9ca39,2000,11970,11970,0,171,0,0,0,171,0,0,0,0,0,0,0,6.9895,10.01,3.0205,84.766,79.081,0.0005,0.0015,0.049862573099415,0.050140350877193,0.043921052631579,0.049169590643275,85f859f840726422ec7d710e5557c9d3b6715fd7fc74bfe34607d4d92c94e777,e9d97d8c02b0aae1f8932c4ad3d78b5b36ad9650cede73c734c0c2474ca3804c
mono-b12000-spearman-spearman,B-A,canicule,vps/M-weather-preset-neutral,vps/M-weather-preset-canicule,bbcd553bc7a16c61d281ba73,af6f591fd57fee433da9ca39,2000,11970,11970,0,171,0,0,0,171,0,0,2000,2000,1,1,0,6.994,10.012,3.018,0.0005,0.003,85.124,79.2745,0.04390350877193,0.049076023391813,0.049608187134503,0.050070175438596,03908c0fa4ced8ca60a7e0fb3a0f39260e015950626c7db85dad0402f2d3619e,1be4c98b52f128916b1297abe48b187e2657432461daccad3319fc71000108dd
mono-b12000-archer-archer,A-B,canicule,vps/M-weather-preset-neutral,vps/M-weather-preset-canicule,792e7655a90072d5129119df,b1d028dfd15b2eeef7bdf790,2000,11970,11970,0,0,171,0,0,0,171,0,2000,2000,1,1,0,2.008,2.008,0,0.8695,0.8695,97.458,97.458,0.049804093567251,0.049804093567251,0.050380116959064,0.050380116959064,a5cef95da0740171d974b1b8238a058e26fade3fe8a8f09d6de3182d2fb25476,52be658d0266c4238f4caa2b6964b2ec81f7c7ebcb3b4cef0b2229dd37d8f3b0
mono-b12000-archer-archer,B-A,canicule,vps/M-weather-preset-neutral,vps/M-weather-preset-canicule,792e7655a90072d5129119df,b1d028dfd15b2eeef7bdf790,2000,11970,11970,0,0,171,0,0,0,171,0,0,0,0,0,0,2.0075,2.0075,0,97.39,97.39,0.8195,0.8195,0.050093567251462,0.050093567251462,0.050266081871345,0.050266081871345,22588da900fbea8c00b87d769132d035359f1c3deae9b763847a866d744b79ff,ca69987a61a61fdf8bc8fb10deb23922764c276b642db5fe7c700f87245f9862
mono-b360000-spearman-spearman,A-B,canicule,vps/M-weather-preset-neutral,vps/M-weather-preset-canicule,634650feba46fde2e05f79ec,b4f6bd8a46e6571839490d96,2000,359940,359940,0,5142,0,0,0,5142,0,0,0,0,0,0,0,7,10,3,2557.2425,2348.594,0,0,0.049523531699728,0.049992804356282,0.043854045118631,0.049151983663944,2bc6219638d312265f5c45e3ff80bf6b75c9c3992211780b96db52997872da32,a8ee3dc79eae9e632131ab68b863ee328b6454299749853a000c1d1d6253874d
mono-b360000-spearman-spearman,B-A,canicule,vps/M-weather-preset-neutral,vps/M-weather-preset-canicule,634650feba46fde2e05f79ec,b4f6bd8a46e6571839490d96,2000,359940,359940,0,5142,0,0,0,5142,0,0,2000,2000,1,1,0,7,10,3,0,0,2558.4835,2349.3245,0.043788895371451,0.049096266044341,0.049585375340334,0.050046674445741,120c55e4f29e4d0105d6cc15c34f2d0b90e315f38cd4336b4554e662eda73d66,7d2e183dff70c53a97e949a73099f3f239be624474a6a23ba31a74ec728932bd
mono-b360000-soldier-spearman,A-B,canicule,vps/M-weather-preset-neutral,vps/M-weather-preset-canicule,2966d929c45d9acc4fbb91a1,c219ee90ee9d5290bca1789d,2000,360000,359940,36000,0,0,0,0,5142,0,0,0,0,0,0,0,13,13,0,13412.643,13413.191,0,0,0.032674027777778,0.032679888888889,0.049814080124465,0.049808245818748,7021d39476c082c69391aa7d9d107c8598ae66c5b1828c73e129c275542d42fb,9db04cdaaf125883498124ee29def21f055decf6860dae3e3e1af8adf01a71b0
mono-b360000-soldier-spearman,B-A,canicule,vps/M-weather-preset-neutral,vps/M-weather-preset-canicule,2966d929c45d9acc4fbb91a1,c219ee90ee9d5290bca1789d,2000,360000,359940,36000,0,0,0,0,5142,0,0,671,678,0.3355,0.339,0.0035,20,20,0,9898.754,9898.198,1386.0605,1385.8235,0.038085333333333,0.038115013888889,0.050128646441074,0.05012816024893,0a6998a19d108d4ea47989fe9c9346eb6b099ed85b399e3702e1d1add2785d07,2b7dc01a03736af3d4f439c3df5dbd350926f52e1b108ff970a638a37e95ded6
mono-b360000-archer-archer,A-B,canicule,vps/M-weather-preset-neutral,vps/M-weather-preset-canicule,c2e29032f857ef1e13a7572f,c2ecfdb810d98ae2e7313dfb,2000,359940,359940,0,0,5142,0,0,0,5142,0,2000,2000,1,1,0,2,2,0,0,0,2891.326,2891.326,0.050010987942435,0.050010987942435,0.050044437961883,0.050044437961883,ee9e20890d11662504f7fe1e38034c18b966e01cd6c9e5396948c62e4ef00edc,ab6132159e130e04c7372598d926dc51e0b44330766f911d9fa8b810a4aac2c4
mono-b360000-archer-archer,B-A,canicule,vps/M-weather-preset-neutral,vps/M-weather-preset-canicule,c2e29032f857ef1e13a7572f,c2ecfdb810d98ae2e7313dfb,2000,359940,359940,0,0,5142,0,0,0,5142,0,0,0,0,0,0,2,2,0,2891.325,2891.325,0,0,0.050032866588876,0.050032866588876,0.05005455075846,0.05005455075846,6716753b8e8b76b4a64e3b17a97ed8046605bed1f7d8159437110a4c2a02ffa9,878acab29eb15aa030f4dd1834fd3c601bfaf3c6e5f9ba8adb3c4de12e8e5ef2
mono-b120000-soldier-archer,A-B,canicule,vps/M-weather-preset-neutral,vps/M-weather-preset-canicule,b77254a0a10468b633ab0eab,c575a1610ca53c7573e89257,2000,120000,119980,12000,0,0,0,0,0,1714,0,0,0,0,0,0,8,8,0,4527.6625,4527.6625,282.31,282.31,0.039618666666667,0.039618666666667,0.049912777129522,0.049912777129522,a5bb96235bf6f9a76b769ff737d8e922df94b0a52f749525853085cd022bf3ef,f421d824362e1846f5c6e9538484f7ea8ac2d48bd1ef7aa8fc23b5d845f3934f
mono-b120000-soldier-archer,B-A,canicule,vps/M-weather-preset-neutral,vps/M-weather-preset-canicule,b77254a0a10468b633ab0eab,c575a1610ca53c7573e89257,2000,120000,119980,12000,0,0,0,0,0,1714,0,0,0,0,0,0,5,5,0,5247.1365,5247.1365,0,0,0.036187291666667,0.036187291666667,0.046836639439907,0.046836639439907,8a5fbdbf1b558dc200eab97d67343355792afdf24d5bbb0e91f754b86f3a02ef,1eca3c6cb53bc7c351d42c40eaa8b00020973b2eff41c79180560f512429f3ed
mono-b120000-spearman-spearman,A-B,canicule,vps/M-weather-preset-neutral,vps/M-weather-preset-canicule,736dc0caf9128d35c68047d9,df5d7e1fa312c6a2a35fcc25,2000,119980,119980,0,1714,0,0,0,1714,0,0,0,0,0,0,0,7,10,3,852.6135,782.678,0,0,0.04956796966161,0.050024212368728,0.043772753792299,0.049140315052509,58cd7ae8deb38800a7970576196ee8f591af45338dcec1590dcfba297fa69701,5a0116b83e6e67898579d97ec682fdef6ad65615116ce50b474d9f0456406d1a
mono-b120000-spearman-spearman,B-A,canicule,vps/M-weather-preset-neutral,vps/M-weather-preset-canicule,736dc0caf9128d35c68047d9,df5d7e1fa312c6a2a35fcc25,2000,119980,119980,0,1714,0,0,0,1714,0,0,2000,2000,1,1,0,7,10,3,0,0,853.05,783.1385,0.043873978996499,0.049158984830805,0.049586056009335,0.050054259043174,71c1edf0b3076609f0d5f6632549a6592128c1a272b42a58354f9fb187b4a370,ec999c50ca8e33ddfee61f015fd881a96297ab1581852f8109cb70572d7f2c58
mono-b360000-spearman-knight,A-B,canicule,vps/M-weather-preset-neutral,vps/M-weather-preset-canicule,c74521cdf2ea33fab967be56,e4ae64854d6659abc97f66ba,2000,359940,359700,0,5142,0,0,0,0,0,654,366,0,0.183,0,-0.183,3,3,0,2428.6265,2428.6265,264.8825,0,0.043178626993388,0.043178626993388,0.050066513761468,0.050082568807339,7d7abac10e512ec2c70d5d25a59d0d144ba2b19ce4372cc4f09baf310123eafb,76b64d5057d18896d580b313064175007e88d5e17672a8b2cfae9bf6154985a2
mono-b360000-spearman-knight,B-A,canicule,vps/M-weather-preset-neutral,vps/M-weather-preset-canicule,c74521cdf2ea33fab967be56,e4ae64854d6659abc97f66ba,2000,359940,359700,0,5142,0,0,0,0,0,654,2000,2000,1,1,0,2,2.0085,0.0085000000000002,1018.6605,1026.719,654,340.928,0.034626507195644,0.034667541812524,0.049916666666667,0.049967889908257,75facca78d59da8acebf5520dc1aec84674008dca00e85ffe5137a6371d683bd,6f026e80a1d35c3197429845c0c3d479af37035cabae60db1d4fa6f1d1328feb
mono-b360000-soldier-archer,A-B,canicule,vps/M-weather-preset-neutral,vps/M-weather-preset-canicule,9802772d7860e32c1eb45bbc,e96211bd4e90a25255e8c00d,2000,360000,359940,36000,0,0,0,0,0,5142,0,0,0,0,0,0,8,8,0,13585.641,13585.641,847.792,847.792,0.039586,0.039586,0.049883605600933,0.049883605600933,3d79ed5983c89d0022c51a128734a7b36a8941c07b48f432dd6f260a0059cec7,499766db3d3556792d859f7e59ab7b026035aae3ea31363ad7d2d0cd8b68140c
mono-b360000-soldier-archer,B-A,canicule,vps/M-weather-preset-neutral,vps/M-weather-preset-canicule,9802772d7860e32c1eb45bbc,e96211bd4e90a25255e8c00d,2000,360000,359940,36000,0,0,0,0,0,5142,0,0,0,0,0,0,5,5,0,15743.9995,15743.9995,0,0,0.036148791666667,0.036148791666667,0.046806009334889,0.046806009334889,b539cabaf72f26f266d867628052db7ffc7cfa333da902e943ce8bd34a752c17,83090e2f0118ff3d5345d26c25c7708d716b13748785c2be6f6c35689625510a
mono-b12000-archer-knight,A-B,canicule,vps/M-weather-preset-neutral,vps/M-weather-preset-canicule,24330e2350e98778d4491ee1,f30eca51f05deae1bea4e032,2000,11970,11550,0,0,171,0,0,0,0,21,6,6,0.003,0.003,0,1.003,1.003,0,73.7485,73.7485,0.063,0.063,0.021663742690058,0.021663742690058,0.051,0.051,35be79c5c128b6e4343bfeefa1db2f2aeb0a0150c17aa99303e7622a603c351b,1414063496ca7d13ab8bdee98d8791aa4a8e921f7e3733ec74d96a30f20c5470
mono-b12000-archer-knight,B-A,canicule,vps/M-weather-preset-neutral,vps/M-weather-preset-canicule,24330e2350e98778d4491ee1,f30eca51f05deae1bea4e032,2000,11970,11550,0,0,171,0,0,0,0,21,2,2,0.001,0.001,0,1.003,1.003,0,73.7485,73.7485,0.041,0.041,0.021663742690058,0.021663742690058,0.05102380952381,0.05102380952381,49d4b23c42e173b1bcdc7cd48f22932e3a82504dd30129431f21b83876d94cb2,c50baea4d53629a3b15ddbaff2c5e846235b853a70fc9709a46a217680b9ccc7
mono-b12000-soldier-archer,A-B,canicule,vps/M-weather-preset-neutral,vps/M-weather-preset-canicule,82fe7cea859b89eeeb66053b,f7c4fc842458c3bffa577ddc,2000,12000,11970,1200,0,0,0,0,0,171,0,18,18,0.009,0.009,0,8.0845,8.0845,0,459.804,459.804,31.169,31.169,0.039724166666667,0.039724166666667,0.049982456140351,0.049982456140351,00f252d5722657943a4cb0718ce0da7e8a4611896fa35ea5621c1322e14ef866,45e5c10f83fd891d2e6515afa9eb03492ce1230a88c41d27189f1c7e403682fc
mono-b12000-soldier-archer,B-A,canicule,vps/M-weather-preset-neutral,vps/M-weather-preset-canicule,82fe7cea859b89eeeb66053b,f7c4fc842458c3bffa577ddc,2000,12000,11970,1200,0,0,0,0,0,171,0,0,0,0,0,0,5,5,0,522.2335,522.2335,0,0,0.0360275,0.0360275,0.047204678362573,0.047204678362573,9000dde07f557a8d66b3ea4000e55211bbd45f04e3469db5cbc747249d14ba6c,0e133fceeb9b4aa07f68a1d3fd2dc1475d62db1e8801df74d8c5165e066a0bc2
mono-b360000-soldier-knight,A-B,canicule,vps/M-weather-preset-neutral,vps/M-weather-preset-canicule,cb7b28b15b36471aafbe16d8,fa7bcc045e3b135c32133c43,2000,360000,359700,36000,0,0,0,0,0,0,654,0,0,0,0,0,6,6,0,13734.0145,13734.0145,0.881,0.881,0.019087388888889,0.019087388888889,0.050131498470948,0.050131498470948,4970d1f6b5265fad201517f3825ff40d79aa8b20306bc545f88c8e11a313708e,b90c1c93ce998bec451ee498483ec7c46ddd98759c1a04d7585d726657d9864b
mono-b360000-soldier-knight,B-A,canicule,vps/M-weather-preset-neutral,vps/M-weather-preset-canicule,cb7b28b15b36471aafbe16d8,fa7bcc045e3b135c32133c43,2000,360000,359700,36000,0,0,0,0,0,0,654,0,0,0,0,0,6,6,0,13734.0145,13734.0145,0.881,0.881,0.019087388888889,0.019087388888889,0.050131498470948,0.050131498470948,0243eeadabcc14bc5e95fa1b391f9a0fbfc6c55db116c0e75d961227e7785c42,24d0c684582efb1d68e3454e0535ab3a047118ca39de67dda404248aaed4314d
mono-b120000-soldier-soldier,A-B,canicule,vps/M-weather-preset-neutral,vps/M-weather-preset-canicule,661a8ff748ea7a9cd091d244,fecd4a70abd3d3d2ff66b07b,2000,120000,120000,12000,0,0,0,12000,0,0,0,991,991,0.4955,0.4955,0,20,20,0,1595.908,1595.908,1595.5725,1595.5725,0.039481541666667,0.039481541666667,0.039521041666667,0.039521041666667,647ab88a83aa6f834990989ca24911ddf969595c4a5f5d85e2c151fdaebac92b,88882e1d1833088326da92906004b24517adad274e9ea1b04da9b015f8065903
mono-b120000-soldier-soldier,B-A,canicule,vps/M-weather-preset-neutral,vps/M-weather-preset-canicule,661a8ff748ea7a9cd091d244,fecd4a70abd3d3d2ff66b07b,2000,120000,120000,12000,0,0,0,12000,0,0,0,997,997,0.4985,0.4985,0,20,20,0,1595.908,1595.908,1595.5725,1595.5725,0.039508041666667,0.039508041666667,0.039494,0.039494,cb5849664fb65ac00466aa61563a1f9baace77ad985b9c02a92e371cf45b1603,fe9245c3e6bf37e5a2b81af1a4a9f76552625b8cc66e4cf073de6437cd3fffd7
mono-b360000-archer-knight,A-B,cloudy,vps/M-weather-preset-neutral,vps/M-weather-preset-cloudy,2a7e9b14ebf8dc6314c7cd99,0f59ee385f139ee328caa8b9,2000,359940,359700,0,0,5142,0,0,0,0,654,0,0,0,0,0,1,1,0,2289.009,2289.009,0,0,0.022297257876313,0.022297257876313,0.050082568807339,0.050082568807339,092ff6440ba52367b900849f38396771039917fdafcad50e5a9b3669a0a1a448,092ff6440ba52367b900849f38396771039917fdafcad50e5a9b3669a0a1a448
mono-b360000-archer-knight,B-A,cloudy,vps/M-weather-preset-neutral,vps/M-weather-preset-cloudy,2a7e9b14ebf8dc6314c7cd99,0f59ee385f139ee328caa8b9,2000,359940,359700,0,0,5142,0,0,0,0,654,0,0,0,0,0,1,1,0,2289.009,2289.009,0,0,0.022297257876313,0.022297257876313,0.050082568807339,0.050082568807339,40e5890746cdbe0ba659fc1854a9e8c3218947407cf39f571ec0b4f63dfcca5c,40e5890746cdbe0ba659fc1854a9e8c3218947407cf39f571ec0b4f63dfcca5c
mono-b120000-archer-knight,A-B,cloudy,vps/M-weather-preset-neutral,vps/M-weather-preset-cloudy,d57e878bd7d93557ed0eafe5,1a108833a92f5ab83c94e733,2000,119980,119900,0,0,1714,0,0,0,0,218,0,0,0,0,0,1,1,0,762.9905,762.9905,0,0,0.022257001166861,0.022257001166861,0.050036697247706,0.050036697247706,4597ad24b5a2e47b6a7dce9496a9b6f4b1f246dce33a40845b0982a200fb8806,4597ad24b5a2e47b6a7dce9496a9b6f4b1f246dce33a40845b0982a200fb8806
mono-b120000-archer-knight,B-A,cloudy,vps/M-weather-preset-neutral,vps/M-weather-preset-cloudy,d57e878bd7d93557ed0eafe5,1a108833a92f5ab83c94e733,2000,119980,119900,0,0,1714,0,0,0,0,218,0,0,0,0,0,1,1,0,762.9905,762.9905,0,0,0.022257001166861,0.022257001166861,0.050036697247706,0.050036697247706,7c1e87a0769464bd834f5d84f3fd33eaf9071aabdb90673a4cec8f5b7383d2cf,7c1e87a0769464bd834f5d84f3fd33eaf9071aabdb90673a4cec8f5b7383d2cf
mono-b12000-knight-knight,A-B,cloudy,vps/M-weather-preset-neutral,vps/M-weather-preset-cloudy,756c9af6c88c309d75372f93,2909c1717658eea3477fdb36,2000,11550,11550,0,0,0,21,0,0,0,21,871,871,0.4355,0.4355,0,1.0655,1.0655,0,11.595,11.595,11.589,11.589,0.049071428571429,0.049071428571429,0.050714285714286,0.050714285714286,1178f1206facb99d474deb6896610eb381b51065a110d670b64abf6c01184760,1178f1206facb99d474deb6896610eb381b51065a110d670b64abf6c01184760
mono-b12000-knight-knight,B-A,cloudy,vps/M-weather-preset-neutral,vps/M-weather-preset-cloudy,756c9af6c88c309d75372f93,2909c1717658eea3477fdb36,2000,11550,11550,0,0,0,21,0,0,0,21,1131,1131,0.5655,0.5655,0,1.0655,1.0655,0,11.595,11.595,11.589,11.589,0.049071428571429,0.049071428571429,0.050714285714286,0.050714285714286,db8d3921ad4c7ffbcfdfcbf53d72da2e8c438f83b03f5de5e5b8aab344978ab5,db8d3921ad4c7ffbcfdfcbf53d72da2e8c438f83b03f5de5e5b8aab344978ab5
mono-b120000-soldier-knight,A-B,cloudy,vps/M-weather-preset-neutral,vps/M-weather-preset-cloudy,6b6e99381358a325560d60d8,293333251e57eb368980e3cd,2000,120000,119900,12000,0,0,0,0,0,0,218,0,0,0,0,0,6,6,0,4578.001,4578.001,0.805,0.805,0.019100375,0.019100375,0.050082568807339,0.050082568807339,f5eaa97da71df5298d7c5b30554bec43da7311247b6bf61d3299b38dd99ce886,f5eaa97da71df5298d7c5b30554bec43da7311247b6bf61d3299b38dd99ce886
mono-b120000-soldier-knight,B-A,cloudy,vps/M-weather-preset-neutral,vps/M-weather-preset-cloudy,6b6e99381358a325560d60d8,293333251e57eb368980e3cd,2000,120000,119900,12000,0,0,0,0,0,0,218,0,0,0,0,0,6,6,0,4578.001,4578.001,0.805,0.805,0.019100375,0.019100375,0.050082568807339,0.050082568807339,6a49a491a5ff72a4b8db0cc1fcd37742813f1f1a76d4b11bb02af21e20d1e1ce,6a49a491a5ff72a4b8db0cc1fcd37742813f1f1a76d4b11bb02af21e20d1e1ce
mono-b120000-knight-knight,A-B,cloudy,vps/M-weather-preset-neutral,vps/M-weather-preset-cloudy,9d120abae119d9be63a895bd,2fb8bda2ddfe184ffe378dbc,2000,119900,119900,0,0,0,218,0,0,0,218,963,963,0.4815,0.4815,0,1,1,0,109.398,109.398,108.7785,108.7785,0.050071100917431,0.050071100917431,0.049965596330275,0.049965596330275,9858c7ffa1a6a847079e50482789f9a042cfeb281ada503d2c73d74b65c9d985,9858c7ffa1a6a847079e50482789f9a042cfeb281ada503d2c73d74b65c9d985
mono-b120000-knight-knight,B-A,cloudy,vps/M-weather-preset-neutral,vps/M-weather-preset-cloudy,9d120abae119d9be63a895bd,2fb8bda2ddfe184ffe378dbc,2000,119900,119900,0,0,0,218,0,0,0,218,1004,1004,0.502,0.502,0,1,1,0,109.398,109.398,108.7785,108.7785,0.050071100917431,0.050071100917431,0.049965596330275,0.049965596330275,151989b8d1b1c0ca759fab7eaf3b152abc03724944a1ef9ad70118e7a90322e4,151989b8d1b1c0ca759fab7eaf3b152abc03724944a1ef9ad70118e7a90322e4
mono-b12000-spearman-spearman,A-B,cloudy,vps/M-weather-preset-neutral,vps/M-weather-preset-cloudy,bbcd553bc7a16c61d281ba73,3139e61580020b0045637f37,2000,11970,11970,0,171,0,0,0,171,0,0,0,0,0,0,0,6.9895,6.9895,0,84.766,84.766,0.0005,0.0005,0.049862573099415,0.049862573099415,0.043921052631579,0.043921052631579,85f859f840726422ec7d710e5557c9d3b6715fd7fc74bfe34607d4d92c94e777,85f859f840726422ec7d710e5557c9d3b6715fd7fc74bfe34607d4d92c94e777
mono-b12000-spearman-spearman,B-A,cloudy,vps/M-weather-preset-neutral,vps/M-weather-preset-cloudy,bbcd553bc7a16c61d281ba73,3139e61580020b0045637f37,2000,11970,11970,0,171,0,0,0,171,0,0,2000,2000,1,1,0,6.994,6.994,0,0.0005,0.0005,85.124,85.124,0.04390350877193,0.04390350877193,0.049608187134503,0.049608187134503,03908c0fa4ced8ca60a7e0fb3a0f39260e015950626c7db85dad0402f2d3619e,03908c0fa4ced8ca60a7e0fb3a0f39260e015950626c7db85dad0402f2d3619e
mono-b120000-soldier-archer,A-B,cloudy,vps/M-weather-preset-neutral,vps/M-weather-preset-cloudy,b77254a0a10468b633ab0eab,31ade89a06e3e55dab05c127,2000,120000,119980,12000,0,0,0,0,0,1714,0,0,0,0,0,0,8,8,0,4527.6625,4527.6625,282.31,282.31,0.039618666666667,0.039618666666667,0.049912777129522,0.049912777129522,a5bb96235bf6f9a76b769ff737d8e922df94b0a52f749525853085cd022bf3ef,a5bb96235bf6f9a76b769ff737d8e922df94b0a52f749525853085cd022bf3ef
mono-b120000-soldier-archer,B-A,cloudy,vps/M-weather-preset-neutral,vps/M-weather-preset-cloudy,b77254a0a10468b633ab0eab,31ade89a06e3e55dab05c127,2000,120000,119980,12000,0,0,0,0,0,1714,0,0,0,0,0,0,5,5,0,5247.1365,5247.1365,0,0,0.036187291666667,0.036187291666667,0.046836639439907,0.046836639439907,8a5fbdbf1b558dc200eab97d67343355792afdf24d5bbb0e91f754b86f3a02ef,8a5fbdbf1b558dc200eab97d67343355792afdf24d5bbb0e91f754b86f3a02ef
mono-b12000-archer-knight,A-B,cloudy,vps/M-weather-preset-neutral,vps/M-weather-preset-cloudy,24330e2350e98778d4491ee1,3228008109404122536598dc,2000,11970,11550,0,0,171,0,0,0,0,21,6,6,0.003,0.003,0,1.003,1.003,0,73.7485,73.7485,0.063,0.063,0.021663742690058,0.021663742690058,0.051,0.051,35be79c5c128b6e4343bfeefa1db2f2aeb0a0150c17aa99303e7622a603c351b,35be79c5c128b6e4343bfeefa1db2f2aeb0a0150c17aa99303e7622a603c351b
mono-b12000-archer-knight,B-A,cloudy,vps/M-weather-preset-neutral,vps/M-weather-preset-cloudy,24330e2350e98778d4491ee1,3228008109404122536598dc,2000,11970,11550,0,0,171,0,0,0,0,21,2,2,0.001,0.001,0,1.003,1.003,0,73.7485,73.7485,0.041,0.041,0.021663742690058,0.021663742690058,0.05102380952381,0.05102380952381,49d4b23c42e173b1bcdc7cd48f22932e3a82504dd30129431f21b83876d94cb2,49d4b23c42e173b1bcdc7cd48f22932e3a82504dd30129431f21b83876d94cb2
mono-b12000-soldier-spearman,A-B,cloudy,vps/M-weather-preset-neutral,vps/M-weather-preset-cloudy,f822d4aff4a7641ffc78118c,3641e9f196adbe0cca3cc40f,2000,12000,11970,1200,0,0,0,0,171,0,0,0,0,0,0,0,13.038,13.038,0,447.59,447.59,0.0385,0.0385,0.032676666666667,0.032676666666667,0.04977485380117,0.04977485380117,2a1d1503a117713d05836a468b6a0d0d39d7d08702d9ca68ffe56c89d6f08704,2a1d1503a117713d05836a468b6a0d0d39d7d08702d9ca68ffe56c89d6f08704
mono-b12000-soldier-spearman,B-A,cloudy,vps/M-weather-preset-neutral,vps/M-weather-preset-cloudy,f822d4aff4a7641ffc78118c,3641e9f196adbe0cca3cc40f,2000,12000,11970,1200,0,0,0,0,171,0,0,1009,1009,0.5045,0.5045,0,19.9985,19.9985,0,328.353,328.353,47.3695,47.3695,0.039314166666667,0.039314166666667,0.050271929824561,0.050271929824561,cdd056f355bfd3009ca6798847f425d092b2fa95fee94cbb9f1b9d30918fd936,cdd056f355bfd3009ca6798847f425d092b2fa95fee94cbb9f1b9d30918fd936
mono-b120000-spearman-archer,A-B,cloudy,vps/M-weather-preset-neutral,vps/M-weather-preset-cloudy,fc99451412d760a76f235ab5,4564e2b3d9db8dc3640fe638,2000,119980,119980,0,1714,0,0,0,0,1714,0,0,0,0,0,0,7,7,0,1117.74,1117.74,790.8055,790.8055,0.050101516919487,0.050101516919487,0.049973745624271,0.049973745624271,54b8eb5652e7a14e2d23dbf5a122ee8f8758e3e126c18b1c2077bfe200269275,54b8eb5652e7a14e2d23dbf5a122ee8f8758e3e126c18b1c2077bfe200269275
mono-b120000-spearman-archer,B-A,cloudy,vps/M-weather-preset-neutral,vps/M-weather-preset-cloudy,fc99451412d760a76f235ab5,4564e2b3d9db8dc3640fe638,2000,119980,119980,0,1714,0,0,0,0,1714,0,2000,2000,1,1,0,4,4,0,0,0,936.737,936.737,0.05003821470245,0.05003821470245,0.049391773628938,0.049391773628938,078641e562821c4012d1a24d08878af3f97f45aea622350727a2eb5edcbd524c,078641e562821c4012d1a24d08878af3f97f45aea622350727a2eb5edcbd524c
mono-b12000-soldier-soldier,A-B,cloudy,vps/M-weather-preset-neutral,vps/M-weather-preset-cloudy,fb6f2352b28b313d79cdc77b,460feae33f1b223c744e0745,2000,12000,12000,1200,0,0,0,1200,0,0,0,961,961,0.4805,0.4805,0,20,20,0,159.737,159.737,159.5675,159.5675,0.0394925,0.0394925,0.039681666666667,0.039681666666667,6d407622c60b016795f97c89a6a5574696df9124c61c66dd231ce4e7c7aa2393,6d407622c60b016795f97c89a6a5574696df9124c61c66dd231ce4e7c7aa2393
mono-b12000-soldier-soldier,B-A,cloudy,vps/M-weather-preset-neutral,vps/M-weather-preset-cloudy,fb6f2352b28b313d79cdc77b,460feae33f1b223c744e0745,2000,12000,12000,1200,0,0,0,1200,0,0,0,1005,1005,0.5025,0.5025,0,20,20,0,159.737,159.737,159.5675,159.5675,0.039685416666667,0.039685416666667,0.039483333333333,0.039483333333333,5b40b5d08240a3cb41ac0662b746bf7848264fd5d59a18b9cccd174e1c8a970f,5b40b5d08240a3cb41ac0662b746bf7848264fd5d59a18b9cccd174e1c8a970f
mono-b120000-soldier-spearman,A-B,cloudy,vps/M-weather-preset-neutral,vps/M-weather-preset-cloudy,b629227e6f0d4b2bcee036e7,478a99db940e99a1c3740382,2000,120000,119980,12000,0,0,0,0,1714,0,0,0,0,0,0,0,13,13,0,4471.004,4471.004,0.0035,0.0035,0.032694083333333,0.032694083333333,0.049761960326721,0.049761960326721,e1e29aab7102365136b614a54a8aeb0bee449145f3bc465a205963f9f554f006,e1e29aab7102365136b614a54a8aeb0bee449145f3bc465a205963f9f554f006
mono-b120000-soldier-spearman,B-A,cloudy,vps/M-weather-preset-neutral,vps/M-weather-preset-cloudy,b629227e6f0d4b2bcee036e7,478a99db940e99a1c3740382,2000,120000,119980,12000,0,0,0,0,1714,0,0,795,795,0.3975,0.3975,0,20,20,0,3299.9845,3299.9845,462.703,462.703,0.038560458333333,0.038560458333333,0.050139731621937,0.050139731621937,0c2b4bb54f68750a49827995ac5ca7c41b885ac68f663af9b71cf4658f802372,0c2b4bb54f68750a49827995ac5ca7c41b885ac68f663af9b71cf4658f802372
mono-b12000-archer-archer,A-B,cloudy,vps/M-weather-preset-neutral,vps/M-weather-preset-cloudy,792e7655a90072d5129119df,479e3f69fb362d06849cddc2,2000,11970,11970,0,0,171,0,0,0,171,0,2000,2000,1,1,0,2.008,2.008,0,0.8695,0.8695,97.458,97.458,0.049804093567251,0.049804093567251,0.050380116959064,0.050380116959064,a5cef95da0740171d974b1b8238a058e26fade3fe8a8f09d6de3182d2fb25476,a5cef95da0740171d974b1b8238a058e26fade3fe8a8f09d6de3182d2fb25476
mono-b12000-archer-archer,B-A,cloudy,vps/M-weather-preset-neutral,vps/M-weather-preset-cloudy,792e7655a90072d5129119df,479e3f69fb362d06849cddc2,2000,11970,11970,0,0,171,0,0,0,171,0,0,0,0,0,0,2.0075,2.0075,0,97.39,97.39,0.8195,0.8195,0.050093567251462,0.050093567251462,0.050266081871345,0.050266081871345,22588da900fbea8c00b87d769132d035359f1c3deae9b763847a866d744b79ff,22588da900fbea8c00b87d769132d035359f1c3deae9b763847a866d744b79ff
mono-b360000-archer-archer,A-B,cloudy,vps/M-weather-preset-neutral,vps/M-weather-preset-cloudy,c2e29032f857ef1e13a7572f,50c4537524d7c770abd6983e,2000,359940,359940,0,0,5142,0,0,0,5142,0,2000,2000,1,1,0,2,2,0,0,0,2891.326,2891.326,0.050010987942435,0.050010987942435,0.050044437961883,0.050044437961883,ee9e20890d11662504f7fe1e38034c18b966e01cd6c9e5396948c62e4ef00edc,ee9e20890d11662504f7fe1e38034c18b966e01cd6c9e5396948c62e4ef00edc
mono-b360000-archer-archer,B-A,cloudy,vps/M-weather-preset-neutral,vps/M-weather-preset-cloudy,c2e29032f857ef1e13a7572f,50c4537524d7c770abd6983e,2000,359940,359940,0,0,5142,0,0,0,5142,0,0,0,0,0,0,2,2,0,2891.325,2891.325,0,0,0.050032866588876,0.050032866588876,0.05005455075846,0.05005455075846,6716753b8e8b76b4a64e3b17a97ed8046605bed1f7d8159437110a4c2a02ffa9,6716753b8e8b76b4a64e3b17a97ed8046605bed1f7d8159437110a4c2a02ffa9
mono-b360000-soldier-spearman,A-B,cloudy,vps/M-weather-preset-neutral,vps/M-weather-preset-cloudy,2966d929c45d9acc4fbb91a1,51756ac9ff4d1b53d8b65707,2000,360000,359940,36000,0,0,0,0,5142,0,0,0,0,0,0,0,13,13,0,13412.643,13412.643,0,0,0.032674027777778,0.032674027777778,0.049814080124465,0.049814080124465,7021d39476c082c69391aa7d9d107c8598ae66c5b1828c73e129c275542d42fb,7021d39476c082c69391aa7d9d107c8598ae66c5b1828c73e129c275542d42fb
mono-b360000-soldier-spearman,B-A,cloudy,vps/M-weather-preset-neutral,vps/M-weather-preset-cloudy,2966d929c45d9acc4fbb91a1,51756ac9ff4d1b53d8b65707,2000,360000,359940,36000,0,0,0,0,5142,0,0,671,671,0.3355,0.3355,0,20,20,0,9898.754,9898.754,1386.0605,1386.0605,0.038085333333333,0.038085333333333,0.050128646441074,0.050128646441074,0a6998a19d108d4ea47989fe9c9346eb6b099ed85b399e3702e1d1add2785d07,0a6998a19d108d4ea47989fe9c9346eb6b099ed85b399e3702e1d1add2785d07
mono-b12000-soldier-archer,A-B,cloudy,vps/M-weather-preset-neutral,vps/M-weather-preset-cloudy,82fe7cea859b89eeeb66053b,6f3d2a4fc75a68d57e54b23a,2000,12000,11970,1200,0,0,0,0,0,171,0,18,18,0.009,0.009,0,8.0845,8.0845,0,459.804,459.804,31.169,31.169,0.039724166666667,0.039724166666667,0.049982456140351,0.049982456140351,00f252d5722657943a4cb0718ce0da7e8a4611896fa35ea5621c1322e14ef866,00f252d5722657943a4cb0718ce0da7e8a4611896fa35ea5621c1322e14ef866
mono-b12000-soldier-archer,B-A,cloudy,vps/M-weather-preset-neutral,vps/M-weather-preset-cloudy,82fe7cea859b89eeeb66053b,6f3d2a4fc75a68d57e54b23a,2000,12000,11970,1200,0,0,0,0,0,171,0,0,0,0,0,0,5,5,0,522.2335,522.2335,0,0,0.0360275,0.0360275,0.047204678362573,0.047204678362573,9000dde07f557a8d66b3ea4000e55211bbd45f04e3469db5cbc747249d14ba6c,9000dde07f557a8d66b3ea4000e55211bbd45f04e3469db5cbc747249d14ba6c
mono-b120000-soldier-soldier,A-B,cloudy,vps/M-weather-preset-neutral,vps/M-weather-preset-cloudy,661a8ff748ea7a9cd091d244,7a2e540541d4de73bcc52edd,2000,120000,120000,12000,0,0,0,12000,0,0,0,991,991,0.4955,0.4955,0,20,20,0,1595.908,1595.908,1595.5725,1595.5725,0.039481541666667,0.039481541666667,0.039521041666667,0.039521041666667,647ab88a83aa6f834990989ca24911ddf969595c4a5f5d85e2c151fdaebac92b,647ab88a83aa6f834990989ca24911ddf969595c4a5f5d85e2c151fdaebac92b
mono-b120000-soldier-soldier,B-A,cloudy,vps/M-weather-preset-neutral,vps/M-weather-preset-cloudy,661a8ff748ea7a9cd091d244,7a2e540541d4de73bcc52edd,2000,120000,120000,12000,0,0,0,12000,0,0,0,997,997,0.4985,0.4985,0,20,20,0,1595.908,1595.908,1595.5725,1595.5725,0.039508041666667,0.039508041666667,0.039494,0.039494,cb5849664fb65ac00466aa61563a1f9baace77ad985b9c02a92e371cf45b1603,cb5849664fb65ac00466aa61563a1f9baace77ad985b9c02a92e371cf45b1603
mono-b360000-spearman-spearman,A-B,cloudy,vps/M-weather-preset-neutral,vps/M-weather-preset-cloudy,634650feba46fde2e05f79ec,856a9a75fed82e1a98336670,2000,359940,359940,0,5142,0,0,0,5142,0,0,0,0,0,0,0,7,7,0,2557.2425,2557.2425,0,0,0.049523531699728,0.049523531699728,0.043854045118631,0.043854045118631,2bc6219638d312265f5c45e3ff80bf6b75c9c3992211780b96db52997872da32,2bc6219638d312265f5c45e3ff80bf6b75c9c3992211780b96db52997872da32
mono-b360000-spearman-spearman,B-A,cloudy,vps/M-weather-preset-neutral,vps/M-weather-preset-cloudy,634650feba46fde2e05f79ec,856a9a75fed82e1a98336670,2000,359940,359940,0,5142,0,0,0,5142,0,0,2000,2000,1,1,0,7,7,0,0,0,2558.4835,2558.4835,0.043788895371451,0.043788895371451,0.049585375340334,0.049585375340334,120c55e4f29e4d0105d6cc15c34f2d0b90e315f38cd4336b4554e662eda73d66,120c55e4f29e4d0105d6cc15c34f2d0b90e315f38cd4336b4554e662eda73d66
mono-b360000-spearman-archer,A-B,cloudy,vps/M-weather-preset-neutral,vps/M-weather-preset-cloudy,2e59189e632a58366296928a,873f77b0055dffb3abf065c8,2000,359940,359940,0,5142,0,0,0,0,5142,0,0,0,0,0,0,7,7,0,3349.5485,3349.5485,2371.3945,2371.3945,0.050049397121743,0.050049397121743,0.049997082847141,0.049997082847141,d008a6c4cea3edb58d3e49bd4fe6a9dc06177f8442e6495e138e98d884af187e,d008a6c4cea3edb58d3e49bd4fe6a9dc06177f8442e6495e138e98d884af187e
mono-b360000-spearman-archer,B-A,cloudy,vps/M-weather-preset-neutral,vps/M-weather-preset-cloudy,2e59189e632a58366296928a,873f77b0055dffb3abf065c8,2000,359940,359940,0,5142,0,0,0,0,5142,0,2000,2000,1,1,0,4,4,0,0,0,2810.717,2810.717,0.050006417736289,0.050006417736289,0.049295702061455,0.049295702061455,bcbc877f0cf8b1db3ca6328cc8d75854e56dc0b5735561ddaff5ce14c2a229f6,bcbc877f0cf8b1db3ca6328cc8d75854e56dc0b5735561ddaff5ce14c2a229f6
mono-b360000-knight-knight,A-B,cloudy,vps/M-weather-preset-neutral,vps/M-weather-preset-cloudy,548ad3149b35bdd498f1e720,87a83ab0b332bfecfbe611e5,2000,359700,359700,0,0,0,654,0,0,0,654,986,986,0.493,0.493,0,1,1,0,327.812,327.812,327.23,327.23,0.050105504587156,0.050105504587156,0.049980122324159,0.049980122324159,87844e416d861f5c9ead6ab9b78dcfb00006427ddc351bd0388c1eabd412ea8d,87844e416d861f5c9ead6ab9b78dcfb00006427ddc351bd0388c1eabd412ea8d
mono-b360000-knight-knight,B-A,cloudy,vps/M-weather-preset-neutral,vps/M-weather-preset-cloudy,548ad3149b35bdd498f1e720,87a83ab0b332bfecfbe611e5,2000,359700,359700,0,0,0,654,0,0,0,654,1003,1003,0.5015,0.5015,0,1,1,0,327.812,327.812,327.23,327.23,0.050105504587156,0.050105504587156,0.049980122324159,0.049980122324159,e137c8706ef5acd42c2d3113acb60f6a980b709cb9423e1758161e5fa6ce3ea3,e137c8706ef5acd42c2d3113acb60f6a980b709cb9423e1758161e5fa6ce3ea3
mono-b360000-soldier-archer,A-B,cloudy,vps/M-weather-preset-neutral,vps/M-weather-preset-cloudy,9802772d7860e32c1eb45bbc,9837a543d80fabeabe2d2b9d,2000,360000,359940,36000,0,0,0,0,0,5142,0,0,0,0,0,0,8,8,0,13585.641,13585.641,847.792,847.792,0.039586,0.039586,0.049883605600933,0.049883605600933,3d79ed5983c89d0022c51a128734a7b36a8941c07b48f432dd6f260a0059cec7,3d79ed5983c89d0022c51a128734a7b36a8941c07b48f432dd6f260a0059cec7
mono-b360000-soldier-archer,B-A,cloudy,vps/M-weather-preset-neutral,vps/M-weather-preset-cloudy,9802772d7860e32c1eb45bbc,9837a543d80fabeabe2d2b9d,2000,360000,359940,36000,0,0,0,0,0,5142,0,0,0,0,0,0,5,5,0,15743.9995,15743.9995,0,0,0.036148791666667,0.036148791666667,0.046806009334889,0.046806009334889,b539cabaf72f26f266d867628052db7ffc7cfa333da902e943ce8bd34a752c17,b539cabaf72f26f266d867628052db7ffc7cfa333da902e943ce8bd34a752c17
mono-b12000-spearman-archer,A-B,cloudy,vps/M-weather-preset-neutral,vps/M-weather-preset-cloudy,77059b09796261ce58324267,9cd7d0ceb1493ddfda51f95b,2000,11970,11970,0,171,0,0,0,0,171,0,197,197,0.0985,0.0985,0,6.973,6.973,0,110.3685,110.3685,78.1895,78.1895,0.050269005847953,0.050269005847953,0.049877192982456,0.049877192982456,4227f054b87e527b1d1b0274ed1998e330c5df10704580221a9b575b4a8798c6,4227f054b87e527b1d1b0274ed1998e330c5df10704580221a9b575b4a8798c6
mono-b12000-spearman-archer,B-A,cloudy,vps/M-weather-preset-neutral,vps/M-weather-preset-cloudy,77059b09796261ce58324267,9cd7d0ceb1493ddfda51f95b,2000,11970,11970,0,171,0,0,0,0,171,0,2000,2000,1,1,0,3.999,3.999,0,0.059,0.059,93.5465,93.5465,0.049997076023392,0.049997076023392,0.049324561403509,0.049324561403509,ed29d7971438fc1a049999694ca61a2424e52dc6124815c6cadb6b6c1daaffd8,ed29d7971438fc1a049999694ca61a2424e52dc6124815c6cadb6b6c1daaffd8
mono-b360000-spearman-knight,A-B,cloudy,vps/M-weather-preset-neutral,vps/M-weather-preset-cloudy,c74521cdf2ea33fab967be56,9d474a22947e1e8f29d55389,2000,359940,359700,0,5142,0,0,0,0,0,654,366,366,0.183,0.183,0,3,3,0,2428.6265,2428.6265,264.8825,264.8825,0.043178626993388,0.043178626993388,0.050066513761468,0.050066513761468,7d7abac10e512ec2c70d5d25a59d0d144ba2b19ce4372cc4f09baf310123eafb,7d7abac10e512ec2c70d5d25a59d0d144ba2b19ce4372cc4f09baf310123eafb
mono-b360000-spearman-knight,B-A,cloudy,vps/M-weather-preset-neutral,vps/M-weather-preset-cloudy,c74521cdf2ea33fab967be56,9d474a22947e1e8f29d55389,2000,359940,359700,0,5142,0,0,0,0,0,654,2000,2000,1,1,0,2,2,0,1018.6605,1018.6605,654,654,0.034626507195644,0.034626507195644,0.049916666666667,0.049916666666667,75facca78d59da8acebf5520dc1aec84674008dca00e85ffe5137a6371d683bd,75facca78d59da8acebf5520dc1aec84674008dca00e85ffe5137a6371d683bd
mono-b12000-soldier-knight,A-B,cloudy,vps/M-weather-preset-neutral,vps/M-weather-preset-cloudy,888c243346a2fc2822e1a949,a262966bc04fa80cb3cd0d88,2000,12000,11550,1200,0,0,0,0,0,0,21,204,204,0.102,0.102,0,6.037,6.037,0,442.797,442.797,2.8075,2.8075,0.018445,0.018445,0.051547619047619,0.051547619047619,9ca322cb96477f8f2d6b2e7673307285a8c1ac1a2124cfb6ddfbf09efb0d4075,9ca322cb96477f8f2d6b2e7673307285a8c1ac1a2124cfb6ddfbf09efb0d4075
mono-b12000-soldier-knight,B-A,cloudy,vps/M-weather-preset-neutral,vps/M-weather-preset-cloudy,888c243346a2fc2822e1a949,a262966bc04fa80cb3cd0d88,2000,12000,11550,1200,0,0,0,0,0,0,21,204,204,0.102,0.102,0,6.037,6.037,0,442.797,442.797,2.8075,2.8075,0.018445,0.018445,0.051547619047619,0.051547619047619,0ef488184d72f1f098ab6566fb80c72140d7078400dd1a9587141fe8b34a13ec,0ef488184d72f1f098ab6566fb80c72140d7078400dd1a9587141fe8b34a13ec
mono-b120000-spearman-spearman,A-B,cloudy,vps/M-weather-preset-neutral,vps/M-weather-preset-cloudy,736dc0caf9128d35c68047d9,ac54af8e6524bc4c22d09868,2000,119980,119980,0,1714,0,0,0,1714,0,0,0,0,0,0,0,7,7,0,852.6135,852.6135,0,0,0.04956796966161,0.04956796966161,0.043772753792299,0.043772753792299,58cd7ae8deb38800a7970576196ee8f591af45338dcec1590dcfba297fa69701,58cd7ae8deb38800a7970576196ee8f591af45338dcec1590dcfba297fa69701
mono-b120000-spearman-spearman,B-A,cloudy,vps/M-weather-preset-neutral,vps/M-weather-preset-cloudy,736dc0caf9128d35c68047d9,ac54af8e6524bc4c22d09868,2000,119980,119980,0,1714,0,0,0,1714,0,0,2000,2000,1,1,0,7,7,0,0,0,853.05,853.05,0.043873978996499,0.043873978996499,0.049586056009335,0.049586056009335,71c1edf0b3076609f0d5f6632549a6592128c1a272b42a58354f9fb187b4a370,71c1edf0b3076609f0d5f6632549a6592128c1a272b42a58354f9fb187b4a370
mono-b360000-soldier-knight,A-B,cloudy,vps/M-weather-preset-neutral,vps/M-weather-preset-cloudy,cb7b28b15b36471aafbe16d8,cdb579f915386d3266262a73,2000,360000,359700,36000,0,0,0,0,0,0,654,0,0,0,0,0,6,6,0,13734.0145,13734.0145,0.881,0.881,0.019087388888889,0.019087388888889,0.050131498470948,0.050131498470948,4970d1f6b5265fad201517f3825ff40d79aa8b20306bc545f88c8e11a313708e,4970d1f6b5265fad201517f3825ff40d79aa8b20306bc545f88c8e11a313708e
mono-b360000-soldier-knight,B-A,cloudy,vps/M-weather-preset-neutral,vps/M-weather-preset-cloudy,cb7b28b15b36471aafbe16d8,cdb579f915386d3266262a73,2000,360000,359700,36000,0,0,0,0,0,0,654,0,0,0,0,0,6,6,0,13734.0145,13734.0145,0.881,0.881,0.019087388888889,0.019087388888889,0.050131498470948,0.050131498470948,0243eeadabcc14bc5e95fa1b391f9a0fbfc6c55db116c0e75d961227e7785c42,0243eeadabcc14bc5e95fa1b391f9a0fbfc6c55db116c0e75d961227e7785c42
mono-b12000-spearman-knight,A-B,cloudy,vps/M-weather-preset-neutral,vps/M-weather-preset-cloudy,37ac5d1a6b11bd111d215af5,d3c102ac227fba99219a7bca,2000,11970,11550,0,171,0,0,0,0,0,21,1554,1554,0.777,0.777,0,3.002,3.002,0,75.4865,75.4865,13.732,13.732,0.042640350877193,0.042640350877193,0.0505,0.0505,b965633c898c10ac48cc0b945d886ca291a7c3df9f2bc8fbbd6924891bba8756,b965633c898c10ac48cc0b945d886ca291a7c3df9f2bc8fbbd6924891bba8756
mono-b12000-spearman-knight,B-A,cloudy,vps/M-weather-preset-neutral,vps/M-weather-preset-cloudy,37ac5d1a6b11bd111d215af5,d3c102ac227fba99219a7bca,2000,11970,11550,0,171,0,0,0,0,0,21,2000,2000,1,1,0,2,2,0,31.4585,31.4585,21,21,0.033719298245614,0.033719298245614,0.0505,0.0505,04d26513bee41f8de98ab49cd97c992b3a0017b0ad91dc428f6066f007ce270c,04d26513bee41f8de98ab49cd97c992b3a0017b0ad91dc428f6066f007ce270c
mono-b120000-archer-archer,A-B,cloudy,vps/M-weather-preset-neutral,vps/M-weather-preset-cloudy,c0d6109c05e457458b0bda00,de0fefdb5872ff6d4ae6fb66,2000,119980,119980,0,0,1714,0,0,0,1714,0,2000,2000,1,1,0,2,2,0,0,0,963.358,963.358,0.050003208868145,0.050003208868145,0.050086931155193,0.050086931155193,6b4a529fbc125b23882833e0aed634bec1b5f0b2174c3e7ece269e3168b0f82f,6b4a529fbc125b23882833e0aed634bec1b5f0b2174c3e7ece269e3168b0f82f
mono-b120000-archer-archer,B-A,cloudy,vps/M-weather-preset-neutral,vps/M-weather-preset-cloudy,c0d6109c05e457458b0bda00,de0fefdb5872ff6d4ae6fb66,2000,119980,119980,0,0,1714,0,0,0,1714,0,0,0,0,0,0,2,2,0,963.591,963.591,0,0,0.050052508751459,0.050052508751459,0.050048424737456,0.050048424737456,7e4672019367fb02f1f4413e94829b3f5c23d2fa9d1ba5802105a04a62fdf6a1,7e4672019367fb02f1f4413e94829b3f5c23d2fa9d1ba5802105a04a62fdf6a1
mono-b120000-spearman-knight,A-B,cloudy,vps/M-weather-preset-neutral,vps/M-weather-preset-cloudy,de02d3c5b8eaac1ec1619ae7,f936a9f1a9cca8d23a2556c6,2000,119980,119900,0,1714,0,0,0,0,0,218,620,620,0.31,0.31,0,3,3,0,809.241,809.241,89.1425,89.1425,0.043211493582264,0.043211493582264,0.049733944954128,0.049733944954128,ac0328d7e848fe34c754caa6b9c4b0ed2030d2e4d6fcccd1ed330988caf253df,ac0328d7e848fe34c754caa6b9c4b0ed2030d2e4d6fcccd1ed330988caf253df
mono-b120000-spearman-knight,B-A,cloudy,vps/M-weather-preset-neutral,vps/M-weather-preset-cloudy,de02d3c5b8eaac1ec1619ae7,f936a9f1a9cca8d23a2556c6,2000,119980,119900,0,1714,0,0,0,0,0,218,2000,2000,1,1,0,2,2,0,339.2895,339.2895,218,218,0.03468698949825,0.03468698949825,0.049598623853211,0.049598623853211,cdf02ca8a3da35cbdb52ea241c610d7fdc069d44ffd601725625d6de3e1c67e1,cdf02ca8a3da35cbdb52ea241c610d7fdc069d44ffd601725625d6de3e1c67e1
mono-b360000-soldier-soldier,A-B,cloudy,vps/M-weather-preset-neutral,vps/M-weather-preset-cloudy,a4f195db3fb8455cdeb742bf,f949c357a005526ed6bd3559,2000,360000,360000,36000,0,0,0,36000,0,0,0,975,975,0.4875,0.4875,0,20,20,0,4787.778,4787.778,4786.2715,4786.2715,0.039369263888889,0.039369263888889,0.03957375,0.03957375,587a0b6c8fbf92e9e393e63a374c6bdc95fc594470b7c8ee42ee3df5c4a6b8ef,587a0b6c8fbf92e9e393e63a374c6bdc95fc594470b7c8ee42ee3df5c4a6b8ef
mono-b360000-soldier-soldier,B-A,cloudy,vps/M-weather-preset-neutral,vps/M-weather-preset-cloudy,a4f195db3fb8455cdeb742bf,f949c357a005526ed6bd3559,2000,360000,360000,36000,0,0,0,36000,0,0,0,987,987,0.4935,0.4935,0,20,20,0,4787.778,4787.778,4786.2715,4786.2715,0.039423944444444,0.039423944444444,0.039519944444444,0.039519944444444,cab79020193af6f55744135f0197a1630e3c2215411e9bdd269a836e052ec646,cab79020193af6f55744135f0197a1630e3c2215411e9bdd269a836e052ec646
mono-b360000-soldier-soldier,A-B,heat,vps/M-weather-preset-neutral,vps/M-weather-preset-heat,a4f195db3fb8455cdeb742bf,021e06eb84156f92fa756eb0,2000,360000,360000,36000,0,0,0,36000,0,0,0,975,975,0.4875,0.4875,0,20,20,0,4787.778,4787.778,4786.2715,4786.2715,0.039369263888889,0.039369263888889,0.03957375,0.03957375,587a0b6c8fbf92e9e393e63a374c6bdc95fc594470b7c8ee42ee3df5c4a6b8ef,67a0df2bd65c23d33a155a4ba634e44cb5462f95fb2e5b8694d528dc4c17634d
mono-b360000-soldier-soldier,B-A,heat,vps/M-weather-preset-neutral,vps/M-weather-preset-heat,a4f195db3fb8455cdeb742bf,021e06eb84156f92fa756eb0,2000,360000,360000,36000,0,0,0,36000,0,0,0,987,987,0.4935,0.4935,0,20,20,0,4787.778,4787.778,4786.2715,4786.2715,0.039423944444444,0.039423944444444,0.039519944444444,0.039519944444444,cab79020193af6f55744135f0197a1630e3c2215411e9bdd269a836e052ec646,87806a7e32eb5163db3c73c5b9df9ef46c8d48d2e33fa9918a57787bd6f4fb97
mono-b12000-archer-archer,A-B,heat,vps/M-weather-preset-neutral,vps/M-weather-preset-heat,792e7655a90072d5129119df,1353812570bf95b9caf524d3,2000,11970,11970,0,0,171,0,0,0,171,0,2000,2000,1,1,0,2.008,2.008,0,0.8695,0.8695,97.458,97.458,0.049804093567251,0.049804093567251,0.050380116959064,0.050380116959064,a5cef95da0740171d974b1b8238a058e26fade3fe8a8f09d6de3182d2fb25476,6e18c359781d2613ed848d5d51d9dc5fde55796c520e08055d8351ea87895e24
mono-b12000-archer-archer,B-A,heat,vps/M-weather-preset-neutral,vps/M-weather-preset-heat,792e7655a90072d5129119df,1353812570bf95b9caf524d3,2000,11970,11970,0,0,171,0,0,0,171,0,0,0,0,0,0,2.0075,2.0075,0,97.39,97.39,0.8195,0.8195,0.050093567251462,0.050093567251462,0.050266081871345,0.050266081871345,22588da900fbea8c00b87d769132d035359f1c3deae9b763847a866d744b79ff,45033ed913cfdcf73b7e0b250e698ceaab213e22991a72168c1aa3eff1b6bc36
mono-b120000-archer-archer,A-B,heat,vps/M-weather-preset-neutral,vps/M-weather-preset-heat,c0d6109c05e457458b0bda00,162b8b402b3fe25cf0891c00,2000,119980,119980,0,0,1714,0,0,0,1714,0,2000,2000,1,1,0,2,2,0,0,0,963.358,963.358,0.050003208868145,0.050003208868145,0.050086931155193,0.050086931155193,6b4a529fbc125b23882833e0aed634bec1b5f0b2174c3e7ece269e3168b0f82f,be9c7e286b664e5635bef6394108f7c93b8a118c5efeafea39330b3bd0bd07a7
mono-b120000-archer-archer,B-A,heat,vps/M-weather-preset-neutral,vps/M-weather-preset-heat,c0d6109c05e457458b0bda00,162b8b402b3fe25cf0891c00,2000,119980,119980,0,0,1714,0,0,0,1714,0,0,0,0,0,0,2,2,0,963.591,963.591,0,0,0.050052508751459,0.050052508751459,0.050048424737456,0.050048424737456,7e4672019367fb02f1f4413e94829b3f5c23d2fa9d1ba5802105a04a62fdf6a1,6c6a1e2b4f13a177372ac5dd1e28d95bbaacae8ff4e6a557c72a2ade7fdfe682
mono-b12000-spearman-knight,A-B,heat,vps/M-weather-preset-neutral,vps/M-weather-preset-heat,37ac5d1a6b11bd111d215af5,1a6bd23c0eb9c6b7d6266482,2000,11970,11550,0,171,0,0,0,0,0,21,1554,41,0.777,0.0205,-0.7565,3.002,3.0095,0.0075000000000003,75.4865,75.9305,13.732,1.231,0.042640350877193,0.042745614035088,0.0505,0.050452380952381,b965633c898c10ac48cc0b945d886ca291a7c3df9f2bc8fbbd6924891bba8756,935e1b1495cf9b692ae6a2ce737f9e020a1ec49b3dc93318d2845b8ebba79ed0
mono-b12000-spearman-knight,B-A,heat,vps/M-weather-preset-neutral,vps/M-weather-preset-heat,37ac5d1a6b11bd111d215af5,1a6bd23c0eb9c6b7d6266482,2000,11970,11550,0,171,0,0,0,0,0,21,2000,2000,1,1,0,2,2,0,31.4585,31.4585,21,21,0.033719298245614,0.033719298245614,0.0505,0.0505,04d26513bee41f8de98ab49cd97c992b3a0017b0ad91dc428f6066f007ce270c,875bd0a4ac7cbdb7623139cf778915bb217874d73292d590cf21c2a19a596334
mono-b12000-soldier-spearman,A-B,heat,vps/M-weather-preset-neutral,vps/M-weather-preset-heat,f822d4aff4a7641ffc78118c,1f89699bd8c415c0534e88c0,2000,12000,11970,1200,0,0,0,0,171,0,0,0,0,0,0,0,13.038,13.033,-0.0050000000000008,447.59,447.7305,0.0385,0.042,0.032676666666667,0.032674583333333,0.04977485380117,0.049859649122807,2a1d1503a117713d05836a468b6a0d0d39d7d08702d9ca68ffe56c89d6f08704,ecdd2d3230673a734f45e3d0e0343a073ad246fe6508412a827a48982128d286
mono-b12000-soldier-spearman,B-A,heat,vps/M-weather-preset-neutral,vps/M-weather-preset-heat,f822d4aff4a7641ffc78118c,1f89699bd8c415c0534e88c0,2000,12000,11970,1200,0,0,0,0,171,0,0,1009,1005,0.5045,0.5025,-0.002,19.9985,19.998,-0.00049999999999883,328.353,328.0955,47.3695,47.406,0.039314166666667,0.039271666666667,0.050271929824561,0.050315789473684,cdd056f355bfd3009ca6798847f425d092b2fa95fee94cbb9f1b9d30918fd936,0e3b53b84a31071229c381957300af493dadbcf953984005bca10257a75556b3
mono-b120000-soldier-soldier,A-B,heat,vps/M-weather-preset-neutral,vps/M-weather-preset-heat,661a8ff748ea7a9cd091d244,43fd32ac2f77981592539b25,2000,120000,120000,12000,0,0,0,12000,0,0,0,991,991,0.4955,0.4955,0,20,20,0,1595.908,1595.908,1595.5725,1595.5725,0.039481541666667,0.039481541666667,0.039521041666667,0.039521041666667,647ab88a83aa6f834990989ca24911ddf969595c4a5f5d85e2c151fdaebac92b,41aca6d56bba74045a6632aab3223672acee1a736d38d353df8693b22cc63f24
mono-b120000-soldier-soldier,B-A,heat,vps/M-weather-preset-neutral,vps/M-weather-preset-heat,661a8ff748ea7a9cd091d244,43fd32ac2f77981592539b25,2000,120000,120000,12000,0,0,0,12000,0,0,0,997,997,0.4985,0.4985,0,20,20,0,1595.908,1595.908,1595.5725,1595.5725,0.039508041666667,0.039508041666667,0.039494,0.039494,cb5849664fb65ac00466aa61563a1f9baace77ad985b9c02a92e371cf45b1603,729493aacb5ca04021b3b9a51ad06898bdbfdba345bbdcef47cab34f344348f2
mono-b360000-spearman-spearman,A-B,heat,vps/M-weather-preset-neutral,vps/M-weather-preset-heat,634650feba46fde2e05f79ec,567b4acdc08c861f1f40640e,2000,359940,359940,0,5142,0,0,0,5142,0,0,0,0,0,0,0,7,8.3335,1.3335,2557.2425,2275.8335,0,0,0.049523531699728,0.049826234928044,0.043854045118631,0.047361532477635,2bc6219638d312265f5c45e3ff80bf6b75c9c3992211780b96db52997872da32,93510e23235b55795a10fa02b8347b849232eb37ba3900fbebe66642b609cbea
mono-b360000-spearman-spearman,B-A,heat,vps/M-weather-preset-neutral,vps/M-weather-preset-heat,634650feba46fde2e05f79ec,567b4acdc08c861f1f40640e,2000,359940,359940,0,5142,0,0,0,5142,0,0,2000,2000,1,1,0,7,8.317,1.317,0,0,2558.4835,2254.2145,0.043788895371451,0.047285978218592,0.049585375340334,0.04988243873979,120c55e4f29e4d0105d6cc15c34f2d0b90e315f38cd4336b4554e662eda73d66,732e5b14f9dbe893e01c68108d4bb41fb35a52eb142aed69397169f1dc811556
mono-b360000-soldier-spearman,A-B,heat,vps/M-weather-preset-neutral,vps/M-weather-preset-heat,2966d929c45d9acc4fbb91a1,76bdd32ad8b69ee5f672e189,2000,360000,359940,36000,0,0,0,0,5142,0,0,0,0,0,0,0,13,13,0,13412.643,13414.5455,0,0,0.032674027777778,0.032674680555556,0.049814080124465,0.049791326332166,7021d39476c082c69391aa7d9d107c8598ae66c5b1828c73e129c275542d42fb,9f71d439527e9160bbed159b3aebf5f7fb089f73f3f886bfd056e059371f2fdf
mono-b360000-soldier-spearman,B-A,heat,vps/M-weather-preset-neutral,vps/M-weather-preset-heat,2966d929c45d9acc4fbb91a1,76bdd32ad8b69ee5f672e189,2000,360000,359940,36000,0,0,0,0,5142,0,0,671,649,0.3355,0.3245,-0.011,20,20,0,9898.754,9899.3295,1386.0605,1385.9785,0.038085333333333,0.038006763888889,0.050128646441074,0.050105989887203,0a6998a19d108d4ea47989fe9c9346eb6b099ed85b399e3702e1d1add2785d07,0f6340d5c8825d9fc7881f44e18b8b03725c82cfd612af1bfa3955e969bd24fd
mono-b360000-archer-archer,A-B,heat,vps/M-weather-preset-neutral,vps/M-weather-preset-heat,c2e29032f857ef1e13a7572f,77adf0202945cf647de1e194,2000,359940,359940,0,0,5142,0,0,0,5142,0,2000,2000,1,1,0,2,2,0,0,0,2891.326,2891.326,0.050010987942435,0.050010987942435,0.050044437961883,0.050044437961883,ee9e20890d11662504f7fe1e38034c18b966e01cd6c9e5396948c62e4ef00edc,a254580509f53eb9a9d26f3b2328f592acea58965bef476e973ebc41b9dda53f
mono-b360000-archer-archer,B-A,heat,vps/M-weather-preset-neutral,vps/M-weather-preset-heat,c2e29032f857ef1e13a7572f,77adf0202945cf647de1e194,2000,359940,359940,0,0,5142,0,0,0,5142,0,0,0,0,0,0,2,2,0,2891.325,2891.325,0,0,0.050032866588876,0.050032866588876,0.05005455075846,0.05005455075846,6716753b8e8b76b4a64e3b17a97ed8046605bed1f7d8159437110a4c2a02ffa9,f2a8e1fe855ce989e6b3b323f803981e4d5d416d5ab42a59928e2053050b3b01
mono-b120000-soldier-knight,A-B,heat,vps/M-weather-preset-neutral,vps/M-weather-preset-heat,6b6e99381358a325560d60d8,7c0d7c8201d3dde584227261,2000,120000,119900,12000,0,0,0,0,0,0,218,0,0,0,0,0,6,6,0,4578.001,4578.001,0.805,0.805,0.019100375,0.019100375,0.050082568807339,0.050082568807339,f5eaa97da71df5298d7c5b30554bec43da7311247b6bf61d3299b38dd99ce886,063508aea1fe710fffc3f97edac979b6e382b70970883f03b823db26160cbad9
mono-b120000-soldier-knight,B-A,heat,vps/M-weather-preset-neutral,vps/M-weather-preset-heat,6b6e99381358a325560d60d8,7c0d7c8201d3dde584227261,2000,120000,119900,12000,0,0,0,0,0,0,218,0,0,0,0,0,6,6,0,4578.001,4578.001,0.805,0.805,0.019100375,0.019100375,0.050082568807339,0.050082568807339,6a49a491a5ff72a4b8db0cc1fcd37742813f1f1a76d4b11bb02af21e20d1e1ce,b776262a69092f9ccc5ac7cf344f1c267b117735958cb2940b4f320b66ba6022
mono-b12000-soldier-soldier,A-B,heat,vps/M-weather-preset-neutral,vps/M-weather-preset-heat,fb6f2352b28b313d79cdc77b,7c14b83f1fdee17108cde3cf,2000,12000,12000,1200,0,0,0,1200,0,0,0,961,961,0.4805,0.4805,0,20,20,0,159.737,159.737,159.5675,159.5675,0.0394925,0.0394925,0.039681666666667,0.039681666666667,6d407622c60b016795f97c89a6a5574696df9124c61c66dd231ce4e7c7aa2393,187db8a1b46b43c597abb936601a7c583ab5dda3f212fcb77ab81fb984d51d8b
mono-b12000-soldier-soldier,B-A,heat,vps/M-weather-preset-neutral,vps/M-weather-preset-heat,fb6f2352b28b313d79cdc77b,7c14b83f1fdee17108cde3cf,2000,12000,12000,1200,0,0,0,1200,0,0,0,1005,1005,0.5025,0.5025,0,20,20,0,159.737,159.737,159.5675,159.5675,0.039685416666667,0.039685416666667,0.039483333333333,0.039483333333333,5b40b5d08240a3cb41ac0662b746bf7848264fd5d59a18b9cccd174e1c8a970f,32e36138e163fa4db75dc9d60692120d18f0f2aa79715bb6a48bce69def71637
mono-b120000-soldier-archer,A-B,heat,vps/M-weather-preset-neutral,vps/M-weather-preset-heat,b77254a0a10468b633ab0eab,7d8223580b50d1ec1aab358c,2000,120000,119980,12000,0,0,0,0,0,1714,0,0,0,0,0,0,8,8,0,4527.6625,4527.6625,282.31,282.31,0.039618666666667,0.039618666666667,0.049912777129522,0.049912777129522,a5bb96235bf6f9a76b769ff737d8e922df94b0a52f749525853085cd022bf3ef,9879943541a22a469272291fe8e3282f7ebc6c1c558028b0c1301ca42d0dc9ac
mono-b120000-soldier-archer,B-A,heat,vps/M-weather-preset-neutral,vps/M-weather-preset-heat,b77254a0a10468b633ab0eab,7d8223580b50d1ec1aab358c,2000,120000,119980,12000,0,0,0,0,0,1714,0,0,0,0,0,0,5,5,0,5247.1365,5247.1365,0,0,0.036187291666667,0.036187291666667,0.046836639439907,0.046836639439907,8a5fbdbf1b558dc200eab97d67343355792afdf24d5bbb0e91f754b86f3a02ef,262501cfc5aac16495a2541b87b66a5f3ae90cfe4cee9174696c25c537618d10
mono-b12000-knight-knight,A-B,heat,vps/M-weather-preset-neutral,vps/M-weather-preset-heat,756c9af6c88c309d75372f93,89ea17c147330046c6b7c512,2000,11550,11550,0,0,0,21,0,0,0,21,871,871,0.4355,0.4355,0,1.0655,1.0655,0,11.595,11.595,11.589,11.589,0.049071428571429,0.049071428571429,0.050714285714286,0.050714285714286,1178f1206facb99d474deb6896610eb381b51065a110d670b64abf6c01184760,bfa4dbde558f13ff6df12da5e1cf0e06d00cc57b7bc69d225665f133e01c0200
mono-b12000-knight-knight,B-A,heat,vps/M-weather-preset-neutral,vps/M-weather-preset-heat,756c9af6c88c309d75372f93,89ea17c147330046c6b7c512,2000,11550,11550,0,0,0,21,0,0,0,21,1131,1131,0.5655,0.5655,0,1.0655,1.0655,0,11.595,11.595,11.589,11.589,0.049071428571429,0.049071428571429,0.050714285714286,0.050714285714286,db8d3921ad4c7ffbcfdfcbf53d72da2e8c438f83b03f5de5e5b8aab344978ab5,ee91b27f9bffc15a5cd21b6fd6046d6a3923ba370ca1253fdc2f220ee4943421
mono-b120000-spearman-spearman,A-B,heat,vps/M-weather-preset-neutral,vps/M-weather-preset-heat,736dc0caf9128d35c68047d9,92fdf07b2fa16c2deb7d2aa9,2000,119980,119980,0,1714,0,0,0,1714,0,0,0,0,0,0,0,7,8.396,1.396,852.6135,787.8195,0,0,0.04956796966161,0.049890023337223,0.043772753792299,0.047382147024504,58cd7ae8deb38800a7970576196ee8f591af45338dcec1590dcfba297fa69701,d803bfc9b95cd2fa694e740cc1c069fda11169dec46c391726b2e3364d24ada3
mono-b120000-spearman-spearman,B-A,heat,vps/M-weather-preset-neutral,vps/M-weather-preset-heat,736dc0caf9128d35c68047d9,92fdf07b2fa16c2deb7d2aa9,2000,119980,119980,0,1714,0,0,0,1714,0,0,2000,2000,1,1,0,7,8.3805,1.3805,0,0,853.05,780.939,0.043873978996499,0.047419486581097,0.049586056009335,0.049944574095683,71c1edf0b3076609f0d5f6632549a6592128c1a272b42a58354f9fb187b4a370,3f624e2b7a7ec36ebfef0f23a73b6e8c8c1231412b252aeee40d87e810de670a
mono-b120000-spearman-archer,A-B,heat,vps/M-weather-preset-neutral,vps/M-weather-preset-heat,fc99451412d760a76f235ab5,9e23a6ff1dd4237d1b0d40b7,2000,119980,119980,0,1714,0,0,0,0,1714,0,0,0,0,0,0,7,7,0,1117.74,1117.1145,790.8055,790.905,0.050101516919487,0.050113477246208,0.049973745624271,0.049994165694282,54b8eb5652e7a14e2d23dbf5a122ee8f8758e3e126c18b1c2077bfe200269275,ec4d429c9062a658f4e158e21821721b1d0f466eef4e5b44707eeb5feeb33bbc
mono-b120000-spearman-archer,B-A,heat,vps/M-weather-preset-neutral,vps/M-weather-preset-heat,fc99451412d760a76f235ab5,9e23a6ff1dd4237d1b0d40b7,2000,119980,119980,0,1714,0,0,0,0,1714,0,2000,2000,1,1,0,4,4,0,0,0,936.737,937.228,0.05003821470245,0.05003821470245,0.049391773628938,0.049348308051342,078641e562821c4012d1a24d08878af3f97f45aea622350727a2eb5edcbd524c,c43b43f9b9dec6e421b5762ef8990fac0451d4dc626747a0c9ddc33b3d17bdac
mono-b360000-archer-knight,A-B,heat,vps/M-weather-preset-neutral,vps/M-weather-preset-heat,2a7e9b14ebf8dc6314c7cd99,a872a37b5e39427407796ca1,2000,359940,359700,0,0,5142,0,0,0,0,654,0,0,0,0,0,1,1,0,2289.009,2289.009,0,0,0.022297257876313,0.022297257876313,0.050082568807339,0.050082568807339,092ff6440ba52367b900849f38396771039917fdafcad50e5a9b3669a0a1a448,4438027c83031d8d8d2221374107f0843e3ef0ce74b235dfe3d9502af27d4ffc
mono-b360000-archer-knight,B-A,heat,vps/M-weather-preset-neutral,vps/M-weather-preset-heat,2a7e9b14ebf8dc6314c7cd99,a872a37b5e39427407796ca1,2000,359940,359700,0,0,5142,0,0,0,0,654,0,0,0,0,0,1,1,0,2289.009,2289.009,0,0,0.022297257876313,0.022297257876313,0.050082568807339,0.050082568807339,40e5890746cdbe0ba659fc1854a9e8c3218947407cf39f571ec0b4f63dfcca5c,e9b36c217dcb96d427444a76e2b5f1352d9fe6ce9c4cba66f62292deb4360869
mono-b360000-soldier-knight,A-B,heat,vps/M-weather-preset-neutral,vps/M-weather-preset-heat,cb7b28b15b36471aafbe16d8,ae3f1eff894bd0ef02449d98,2000,360000,359700,36000,0,0,0,0,0,0,654,0,0,0,0,0,6,6,0,13734.0145,13734.0145,0.881,0.881,0.019087388888889,0.019087388888889,0.050131498470948,0.050131498470948,4970d1f6b5265fad201517f3825ff40d79aa8b20306bc545f88c8e11a313708e,ce0a3a54c7a82b286cad37cfa53033ef26d97b1b78b274fd7d21ced6b069be2b
mono-b360000-soldier-knight,B-A,heat,vps/M-weather-preset-neutral,vps/M-weather-preset-heat,cb7b28b15b36471aafbe16d8,ae3f1eff894bd0ef02449d98,2000,360000,359700,36000,0,0,0,0,0,0,654,0,0,0,0,0,6,6,0,13734.0145,13734.0145,0.881,0.881,0.019087388888889,0.019087388888889,0.050131498470948,0.050131498470948,0243eeadabcc14bc5e95fa1b391f9a0fbfc6c55db116c0e75d961227e7785c42,c445b68b6cd823bcbc3c387369469434544bb26cb26218d24fa426d047a6665c
mono-b120000-knight-knight,A-B,heat,vps/M-weather-preset-neutral,vps/M-weather-preset-heat,9d120abae119d9be63a895bd,ae60b47dd49d9114d98c1791,2000,119900,119900,0,0,0,218,0,0,0,218,963,963,0.4815,0.4815,0,1,1,0,109.398,109.398,108.7785,108.7785,0.050071100917431,0.050071100917431,0.049965596330275,0.049965596330275,9858c7ffa1a6a847079e50482789f9a042cfeb281ada503d2c73d74b65c9d985,729c21651a544d3881bf65105a6aa7ff955f3450f925c5ea7d4f514685523136
mono-b120000-knight-knight,B-A,heat,vps/M-weather-preset-neutral,vps/M-weather-preset-heat,9d120abae119d9be63a895bd,ae60b47dd49d9114d98c1791,2000,119900,119900,0,0,0,218,0,0,0,218,1004,1004,0.502,0.502,0,1,1,0,109.398,109.398,108.7785,108.7785,0.050071100917431,0.050071100917431,0.049965596330275,0.049965596330275,151989b8d1b1c0ca759fab7eaf3b152abc03724944a1ef9ad70118e7a90322e4,a677a3fa9d4176fbe2864a47a7e7d8cc238fe069f8284e805435e2468673d4ee
mono-b360000-spearman-archer,A-B,heat,vps/M-weather-preset-neutral,vps/M-weather-preset-heat,2e59189e632a58366296928a,b1e4db9e1cf85e1b1e595482,2000,359940,359940,0,5142,0,0,0,0,5142,0,0,0,0,0,0,7,7,0,3349.5485,3348.0275,2371.3945,2372.457,0.050049397121743,0.050048035783742,0.049997082847141,0.049966647218981,d008a6c4cea3edb58d3e49bd4fe6a9dc06177f8442e6495e138e98d884af187e,116d2a503342cde492a21a19d5fe545191ace3e844b784ea5ce96d17fa2f6506
mono-b360000-spearman-archer,B-A,heat,vps/M-weather-preset-neutral,vps/M-weather-preset-heat,2e59189e632a58366296928a,b1e4db9e1cf85e1b1e595482,2000,359940,359940,0,5142,0,0,0,0,5142,0,2000,2000,1,1,0,4,4,0,0,0,2810.717,2811.5465,0.050006417736289,0.050006417736289,0.049295702061455,0.049282769350447,bcbc877f0cf8b1db3ca6328cc8d75854e56dc0b5735561ddaff5ce14c2a229f6,ae90460985a33c2351130af260dfed909b502a9d1f9a7d5268eaa8d609254843
mono-b360000-knight-knight,A-B,heat,vps/M-weather-preset-neutral,vps/M-weather-preset-heat,548ad3149b35bdd498f1e720,b4ce244a4433874158900206,2000,359700,359700,0,0,0,654,0,0,0,654,986,986,0.493,0.493,0,1,1,0,327.812,327.812,327.23,327.23,0.050105504587156,0.050105504587156,0.049980122324159,0.049980122324159,87844e416d861f5c9ead6ab9b78dcfb00006427ddc351bd0388c1eabd412ea8d,6e72d8a9308f705ba78b84735f75fb21b19a5a3d5a5fcb606d5c03a1f8bef95b
mono-b360000-knight-knight,B-A,heat,vps/M-weather-preset-neutral,vps/M-weather-preset-heat,548ad3149b35bdd498f1e720,b4ce244a4433874158900206,2000,359700,359700,0,0,0,654,0,0,0,654,1003,1003,0.5015,0.5015,0,1,1,0,327.812,327.812,327.23,327.23,0.050105504587156,0.050105504587156,0.049980122324159,0.049980122324159,e137c8706ef5acd42c2d3113acb60f6a980b709cb9423e1758161e5fa6ce3ea3,326f70e9d87c98dcf090342d57ae8659a50aa120a04437ac839fb953f96877a2
mono-b12000-soldier-archer,A-B,heat,vps/M-weather-preset-neutral,vps/M-weather-preset-heat,82fe7cea859b89eeeb66053b,b5dde05635c154ce142debd7,2000,12000,11970,1200,0,0,0,0,0,171,0,18,18,0.009,0.009,0,8.0845,8.0845,0,459.804,459.804,31.169,31.169,0.039724166666667,0.039724166666667,0.049982456140351,0.049982456140351,00f252d5722657943a4cb0718ce0da7e8a4611896fa35ea5621c1322e14ef866,0b63a7817ebae0057b4214b434ee3473ed2d0d0eb17ca1814c22a89c7d6cf5ba
mono-b12000-soldier-archer,B-A,heat,vps/M-weather-preset-neutral,vps/M-weather-preset-heat,82fe7cea859b89eeeb66053b,b5dde05635c154ce142debd7,2000,12000,11970,1200,0,0,0,0,0,171,0,0,0,0,0,0,5,5,0,522.2335,522.2335,0,0,0.0360275,0.0360275,0.047204678362573,0.047204678362573,9000dde07f557a8d66b3ea4000e55211bbd45f04e3469db5cbc747249d14ba6c,7fc433a7d6926009770ff54b81d4487c04b193c48aa635491d52bf75807489d5
mono-b120000-spearman-knight,A-B,heat,vps/M-weather-preset-neutral,vps/M-weather-preset-heat,de02d3c5b8eaac1ec1619ae7,b75016820ef4011a81447685,2000,119980,119900,0,1714,0,0,0,0,0,218,620,0,0.31,0,-0.31,3,3,0,809.241,809.241,89.1425,0.0285,0.043211493582264,0.043211493582264,0.049733944954128,0.050032110091743,ac0328d7e848fe34c754caa6b9c4b0ed2030d2e4d6fcccd1ed330988caf253df,9e8710d988c5b444390d257a262413da3f7d45469b9206e21fa2ea927d799a9e
mono-b120000-spearman-knight,B-A,heat,vps/M-weather-preset-neutral,vps/M-weather-preset-heat,de02d3c5b8eaac1ec1619ae7,b75016820ef4011a81447685,2000,119980,119900,0,1714,0,0,0,0,0,218,2000,2000,1,1,0,2,2,0,339.2895,339.2895,218,218,0.03468698949825,0.03468698949825,0.049598623853211,0.049598623853211,cdf02ca8a3da35cbdb52ea241c610d7fdc069d44ffd601725625d6de3e1c67e1,07c338dbe84edd15bcbd385dde8dd59afd01711d510fa438d5167927c07de7b1
mono-b360000-spearman-knight,A-B,heat,vps/M-weather-preset-neutral,vps/M-weather-preset-heat,c74521cdf2ea33fab967be56,bf79a90b495940a8e7bf2875,2000,359940,359700,0,5142,0,0,0,0,0,654,366,0,0.183,0,-0.183,3,3,0,2428.6265,2428.6265,264.8825,0.0005,0.043178626993388,0.043178626993388,0.050066513761468,0.050082568807339,7d7abac10e512ec2c70d5d25a59d0d144ba2b19ce4372cc4f09baf310123eafb,af1cab61d27fa4c380f1eeb30581c871a2fbb3d172350b5dc8046bddd8c41f7f
mono-b360000-spearman-knight,B-A,heat,vps/M-weather-preset-neutral,vps/M-weather-preset-heat,c74521cdf2ea33fab967be56,bf79a90b495940a8e7bf2875,2000,359940,359700,0,5142,0,0,0,0,0,654,2000,2000,1,1,0,2,2,0,1018.6605,1018.6605,654,654,0.034626507195644,0.034626507195644,0.049916666666667,0.049916666666667,75facca78d59da8acebf5520dc1aec84674008dca00e85ffe5137a6371d683bd,29fd544e5574a1c590f5a4c3b19cff6238297635b81b099edea4b02680d5cad2
mono-b120000-archer-knight,A-B,heat,vps/M-weather-preset-neutral,vps/M-weather-preset-heat,d57e878bd7d93557ed0eafe5,d970a0a965d299ed98acb909,2000,119980,119900,0,0,1714,0,0,0,0,218,0,0,0,0,0,1,1,0,762.9905,762.9905,0,0,0.022257001166861,0.022257001166861,0.050036697247706,0.050036697247706,4597ad24b5a2e47b6a7dce9496a9b6f4b1f246dce33a40845b0982a200fb8806,1752b2069692248a6ab78ec87e9727e082a99e784581ce26118667a58e096b30
mono-b120000-archer-knight,B-A,heat,vps/M-weather-preset-neutral,vps/M-weather-preset-heat,d57e878bd7d93557ed0eafe5,d970a0a965d299ed98acb909,2000,119980,119900,0,0,1714,0,0,0,0,218,0,0,0,0,0,1,1,0,762.9905,762.9905,0,0,0.022257001166861,0.022257001166861,0.050036697247706,0.050036697247706,7c1e87a0769464bd834f5d84f3fd33eaf9071aabdb90673a4cec8f5b7383d2cf,572195d567fad1d4a3cb8c3dc0314c5170bbd6426f37047d9e54e8bd63d81e22
mono-b12000-archer-knight,A-B,heat,vps/M-weather-preset-neutral,vps/M-weather-preset-heat,24330e2350e98778d4491ee1,e17ff1b46b6f8540ed366f6e,2000,11970,11550,0,0,171,0,0,0,0,21,6,6,0.003,0.003,0,1.003,1.003,0,73.7485,73.7485,0.063,0.063,0.021663742690058,0.021663742690058,0.051,0.051,35be79c5c128b6e4343bfeefa1db2f2aeb0a0150c17aa99303e7622a603c351b,0b7c8ce408bb7013b07d1b61699e7f3dc66c878a8e489d25597ab136b7f6f3ec
mono-b12000-archer-knight,B-A,heat,vps/M-weather-preset-neutral,vps/M-weather-preset-heat,24330e2350e98778d4491ee1,e17ff1b46b6f8540ed366f6e,2000,11970,11550,0,0,171,0,0,0,0,21,2,2,0.001,0.001,0,1.003,1.003,0,73.7485,73.7485,0.041,0.041,0.021663742690058,0.021663742690058,0.05102380952381,0.05102380952381,49d4b23c42e173b1bcdc7cd48f22932e3a82504dd30129431f21b83876d94cb2,32c3a8d483a82d75e3ec92c7dc4dc7fd40a1738479f05f692e58044feb67f010
mono-b12000-spearman-archer,A-B,heat,vps/M-weather-preset-neutral,vps/M-weather-preset-heat,77059b09796261ce58324267,e323ea70fed9c764810a380d,2000,11970,11970,0,171,0,0,0,0,171,0,197,229,0.0985,0.1145,0.016,6.973,6.9665,-0.0065,110.3685,110.117,78.1895,77.883,0.050269005847953,0.050491228070175,0.049877192982456,0.049985380116959,4227f054b87e527b1d1b0274ed1998e330c5df10704580221a9b575b4a8798c6,7775dd4c5098b3986a436b34f0968f79c5f6842822b9543be81391fca07ee139
mono-b12000-spearman-archer,B-A,heat,vps/M-weather-preset-neutral,vps/M-weather-preset-heat,77059b09796261ce58324267,e323ea70fed9c764810a380d,2000,11970,11970,0,171,0,0,0,0,171,0,2000,2000,1,1,0,3.999,3.999,0,0.059,0.0475,93.5465,93.6695,0.049997076023392,0.049994152046784,0.049324561403509,0.049459064327485,ed29d7971438fc1a049999694ca61a2424e52dc6124815c6cadb6b6c1daaffd8,c4608ff61224eae2d5dcb09b3cfbe2db521006e741e0e9f9931eb8234009c60a
mono-b12000-spearman-spearman,A-B,heat,vps/M-weather-preset-neutral,vps/M-weather-preset-heat,bbcd553bc7a16c61d281ba73,f40439469e03c55333bee3d0,2000,11970,11970,0,171,0,0,0,171,0,0,0,0,0,0,0,6.9895,8.478,1.4885,84.766,82.637,0.0005,0.0015,0.049862573099415,0.050114035087719,0.043921052631579,0.04753216374269,85f859f840726422ec7d710e5557c9d3b6715fd7fc74bfe34607d4d92c94e777,e359bcb781c2ab938dc0a830f9618d2c4a827ac93e4783e48ab54bcd1104ea2a
mono-b12000-spearman-spearman,B-A,heat,vps/M-weather-preset-neutral,vps/M-weather-preset-heat,bbcd553bc7a16c61d281ba73,f40439469e03c55333bee3d0,2000,11970,11970,0,171,0,0,0,171,0,0,2000,2000,1,1,0,6.994,8.4685,1.4745,0.0005,0.0015,85.124,82.3,0.04390350877193,0.047570175438596,0.049608187134503,0.049897660818713,03908c0fa4ced8ca60a7e0fb3a0f39260e015950626c7db85dad0402f2d3619e,b3e641de996baede72b4c67a20dd2d79b3f0c424e87e7319674d54ef4e46f753
mono-b120000-soldier-spearman,A-B,heat,vps/M-weather-preset-neutral,vps/M-weather-preset-heat,b629227e6f0d4b2bcee036e7,f9cb2f0b35c590e950d543ca,2000,120000,119980,12000,0,0,0,0,1714,0,0,0,0,0,0,0,13,13,0,4471.004,4471.5745,0.0035,0.005,0.032694083333333,0.032693125,0.049761960326721,0.049752917152859,e1e29aab7102365136b614a54a8aeb0bee449145f3bc465a205963f9f554f006,ac65afad57a560ce530163847790b4601df9114e08caa2270ec49116a23edfa7
mono-b120000-soldier-spearman,B-A,heat,vps/M-weather-preset-neutral,vps/M-weather-preset-heat,b629227e6f0d4b2bcee036e7,f9cb2f0b35c590e950d543ca,2000,120000,119980,12000,0,0,0,0,1714,0,0,795,796,0.3975,0.398,0.0005,20,20,0,3299.9845,3299.858,462.703,462.3955,0.038560458333333,0.038561708333333,0.050139731621937,0.050182613768961,0c2b4bb54f68750a49827995ac5ca7c41b885ac68f663af9b71cf4658f802372,854671f7973848a4e98c7bc52be7f0da748a3f4efc5cf5c5f0a3a2e91f06e2a7
mono-b360000-soldier-archer,A-B,heat,vps/M-weather-preset-neutral,vps/M-weather-preset-heat,9802772d7860e32c1eb45bbc,f9ece7eb35111ea2de4c86e3,2000,360000,359940,36000,0,0,0,0,0,5142,0,0,0,0,0,0,8,8,0,13585.641,13585.641,847.792,847.792,0.039586,0.039586,0.049883605600933,0.049883605600933,3d79ed5983c89d0022c51a128734a7b36a8941c07b48f432dd6f260a0059cec7,9ad0861504d20e9f111ec43890027f729520e56310b0037591ea730ba51fe6cb
mono-b360000-soldier-archer,B-A,heat,vps/M-weather-preset-neutral,vps/M-weather-preset-heat,9802772d7860e32c1eb45bbc,f9ece7eb35111ea2de4c86e3,2000,360000,359940,36000,0,0,0,0,0,5142,0,0,0,0,0,0,5,5,0,15743.9995,15743.9995,0,0,0.036148791666667,0.036148791666667,0.046806009334889,0.046806009334889,b539cabaf72f26f266d867628052db7ffc7cfa333da902e943ce8bd34a752c17,9be77ee2b98ab3d6d5a2c833d06b792fc510703a2897a14e8b3bc59a4adbd87b
mono-b12000-soldier-knight,A-B,heat,vps/M-weather-preset-neutral,vps/M-weather-preset-heat,888c243346a2fc2822e1a949,fb70c5dc1aced3ea7132d5c1,2000,12000,11550,1200,0,0,0,0,0,0,21,204,204,0.102,0.102,0,6.037,6.037,0,442.797,442.797,2.8075,2.8075,0.018445,0.018445,0.051547619047619,0.051547619047619,9ca322cb96477f8f2d6b2e7673307285a8c1ac1a2124cfb6ddfbf09efb0d4075,81680cfc2f96f4c7652c37bd43b191914f006ac8a7444e4324ce17b03bbbb4d8
mono-b12000-soldier-knight,B-A,heat,vps/M-weather-preset-neutral,vps/M-weather-preset-heat,888c243346a2fc2822e1a949,fb70c5dc1aced3ea7132d5c1,2000,12000,11550,1200,0,0,0,0,0,0,21,204,204,0.102,0.102,0,6.037,6.037,0,442.797,442.797,2.8075,2.8075,0.018445,0.018445,0.051547619047619,0.051547619047619,0ef488184d72f1f098ab6566fb80c72140d7078400dd1a9587141fe8b34a13ec,1bca3ba568ba77a66f34415119bb2bf1e98692201e42412bed860710738c5da1
mono-b120000-soldier-soldier,A-B,rain,vps/M-weather-preset-neutral,vps/M-weather-preset-rain,661a8ff748ea7a9cd091d244,00a7e9f8682079645910543d,2000,120000,120000,12000,0,0,0,12000,0,0,0,991,991,0.4955,0.4955,0,20,20,0,1595.908,1595.908,1595.5725,1595.5725,0.039481541666667,0.039481541666667,0.039521041666667,0.039521041666667,647ab88a83aa6f834990989ca24911ddf969595c4a5f5d85e2c151fdaebac92b,969ab577f05c4749dba6bdc222368d478ea2792c41747419788aa569140849b1
mono-b120000-soldier-soldier,B-A,rain,vps/M-weather-preset-neutral,vps/M-weather-preset-rain,661a8ff748ea7a9cd091d244,00a7e9f8682079645910543d,2000,120000,120000,12000,0,0,0,12000,0,0,0,997,997,0.4985,0.4985,0,20,20,0,1595.908,1595.908,1595.5725,1595.5725,0.039508041666667,0.039508041666667,0.039494,0.039494,cb5849664fb65ac00466aa61563a1f9baace77ad985b9c02a92e371cf45b1603,d175b4eb67a13931b6aed909ceb673426858e9545723549d2395d4d74c593955
mono-b360000-soldier-spearman,A-B,rain,vps/M-weather-preset-neutral,vps/M-weather-preset-rain,2966d929c45d9acc4fbb91a1,14309d6a49017014c52d7fe2,2000,360000,359940,36000,0,0,0,0,5142,0,0,0,0,0,0,0,13,13,0,13412.643,13412.643,0,0,0.032674027777778,0.032674027777778,0.049814080124465,0.049814080124465,7021d39476c082c69391aa7d9d107c8598ae66c5b1828c73e129c275542d42fb,0e3d186344fba3245df56887123c929d5a6631350a28f17dec827e3d2fd70edb
mono-b360000-soldier-spearman,B-A,rain,vps/M-weather-preset-neutral,vps/M-weather-preset-rain,2966d929c45d9acc4fbb91a1,14309d6a49017014c52d7fe2,2000,360000,359940,36000,0,0,0,0,5142,0,0,671,671,0.3355,0.3355,0,20,20,0,9898.754,9898.754,1386.0605,1386.0605,0.038085333333333,0.038085333333333,0.050128646441074,0.050128646441074,0a6998a19d108d4ea47989fe9c9346eb6b099ed85b399e3702e1d1add2785d07,2bebb83ad89ed25b682ea27c754bb7af455de76b0b01e031b9badbcf29970629
mono-b12000-soldier-archer,A-B,rain,vps/M-weather-preset-neutral,vps/M-weather-preset-rain,82fe7cea859b89eeeb66053b,27627701a241e25204e17d1e,2000,12000,11970,1200,0,0,0,0,0,171,0,18,18,0.009,0.009,0,8.0845,8.0845,0,459.804,459.804,31.169,31.169,0.039724166666667,0.039724166666667,0.049982456140351,0.049982456140351,00f252d5722657943a4cb0718ce0da7e8a4611896fa35ea5621c1322e14ef866,a54aa67731c43a4c7a6e1df6b671045566147ad78aadfebbc9eece909235f833
mono-b12000-soldier-archer,B-A,rain,vps/M-weather-preset-neutral,vps/M-weather-preset-rain,82fe7cea859b89eeeb66053b,27627701a241e25204e17d1e,2000,12000,11970,1200,0,0,0,0,0,171,0,0,0,0,0,0,5,5,0,522.2335,522.2335,0,0,0.0360275,0.0360275,0.047204678362573,0.047204678362573,9000dde07f557a8d66b3ea4000e55211bbd45f04e3469db5cbc747249d14ba6c,320ce0d747fdceaca67cbc7d5624bede5855c7a3102eed631dc1a2bc2426b72f
mono-b12000-archer-archer,A-B,rain,vps/M-weather-preset-neutral,vps/M-weather-preset-rain,792e7655a90072d5129119df,332df7cb6675ffc9449184bb,2000,11970,11970,0,0,171,0,0,0,171,0,2000,2000,1,1,0,2.008,2.008,0,0.8695,0.8695,97.458,97.458,0.049804093567251,0.049804093567251,0.050380116959064,0.050380116959064,a5cef95da0740171d974b1b8238a058e26fade3fe8a8f09d6de3182d2fb25476,342ed525236e1c6c61bcb1c4e710ea5158b406bdd15ed59608854e83c4e2ab4d
mono-b12000-archer-archer,B-A,rain,vps/M-weather-preset-neutral,vps/M-weather-preset-rain,792e7655a90072d5129119df,332df7cb6675ffc9449184bb,2000,11970,11970,0,0,171,0,0,0,171,0,0,0,0,0,0,2.0075,2.0075,0,97.39,97.39,0.8195,0.8195,0.050093567251462,0.050093567251462,0.050266081871345,0.050266081871345,22588da900fbea8c00b87d769132d035359f1c3deae9b763847a866d744b79ff,f35b584d8567d6d219f0dca19d0de59eb6aabc79c7114cb1dc0a73568af4f03a
mono-b120000-soldier-spearman,A-B,rain,vps/M-weather-preset-neutral,vps/M-weather-preset-rain,b629227e6f0d4b2bcee036e7,33888b9e09e0de2cb4a36177,2000,120000,119980,12000,0,0,0,0,1714,0,0,0,0,0,0,0,13,13,0,4471.004,4471.004,0.0035,0.0035,0.032694083333333,0.032694083333333,0.049761960326721,0.049761960326721,e1e29aab7102365136b614a54a8aeb0bee449145f3bc465a205963f9f554f006,4f180c4eecdbff0c5623bc97c94bb6281420242cd8fcb5f0920e7284d787eb45
mono-b120000-soldier-spearman,B-A,rain,vps/M-weather-preset-neutral,vps/M-weather-preset-rain,b629227e6f0d4b2bcee036e7,33888b9e09e0de2cb4a36177,2000,120000,119980,12000,0,0,0,0,1714,0,0,795,795,0.3975,0.3975,0,20,20,0,3299.9845,3299.9845,462.703,462.703,0.038560458333333,0.038560458333333,0.050139731621937,0.050139731621937,0c2b4bb54f68750a49827995ac5ca7c41b885ac68f663af9b71cf4658f802372,0f493e6aea392fcdc988e829b02d36c1e75dbbd8845705218bbf9289b4dbdcad
mono-b120000-soldier-archer,A-B,rain,vps/M-weather-preset-neutral,vps/M-weather-preset-rain,b77254a0a10468b633ab0eab,39d073483a9690e3110b37a6,2000,120000,119980,12000,0,0,0,0,0,1714,0,0,0,0,0,0,8,8,0,4527.6625,4527.6625,282.31,282.31,0.039618666666667,0.039618666666667,0.049912777129522,0.049912777129522,a5bb96235bf6f9a76b769ff737d8e922df94b0a52f749525853085cd022bf3ef,0bf96fc08935cc5e51c6044d1b0de49531a9455cf90efc15282ced534359aec2
mono-b120000-soldier-archer,B-A,rain,vps/M-weather-preset-neutral,vps/M-weather-preset-rain,b77254a0a10468b633ab0eab,39d073483a9690e3110b37a6,2000,120000,119980,12000,0,0,0,0,0,1714,0,0,0,0,0,0,5,5,0,5247.1365,5247.1365,0,0,0.036187291666667,0.036187291666667,0.046836639439907,0.046836639439907,8a5fbdbf1b558dc200eab97d67343355792afdf24d5bbb0e91f754b86f3a02ef,07b26b86227940f5a6cee65a43be0a5233e63b87e8017c53e7ee4fbdb2069f30
mono-b360000-soldier-soldier,A-B,rain,vps/M-weather-preset-neutral,vps/M-weather-preset-rain,a4f195db3fb8455cdeb742bf,49e80a24e7ec64ab29109e97,2000,360000,360000,36000,0,0,0,36000,0,0,0,975,975,0.4875,0.4875,0,20,20,0,4787.778,4787.778,4786.2715,4786.2715,0.039369263888889,0.039369263888889,0.03957375,0.03957375,587a0b6c8fbf92e9e393e63a374c6bdc95fc594470b7c8ee42ee3df5c4a6b8ef,9d9e58dd8619532381f58b9e7d59b058848b8286eee0d27fa92ee3739cb59277
mono-b360000-soldier-soldier,B-A,rain,vps/M-weather-preset-neutral,vps/M-weather-preset-rain,a4f195db3fb8455cdeb742bf,49e80a24e7ec64ab29109e97,2000,360000,360000,36000,0,0,0,36000,0,0,0,987,987,0.4935,0.4935,0,20,20,0,4787.778,4787.778,4786.2715,4786.2715,0.039423944444444,0.039423944444444,0.039519944444444,0.039519944444444,cab79020193af6f55744135f0197a1630e3c2215411e9bdd269a836e052ec646,9d027b291dd4c5651eb038efd68cb9262313c9463fffe489cbf3a677e0065abc
mono-b120000-spearman-archer,A-B,rain,vps/M-weather-preset-neutral,vps/M-weather-preset-rain,fc99451412d760a76f235ab5,49edfee6839c716198d9d7c6,2000,119980,119980,0,1714,0,0,0,0,1714,0,0,0,0,0,0,7,7,0,1117.74,1117.74,790.8055,790.8055,0.050101516919487,0.050101516919487,0.049973745624271,0.049973745624271,54b8eb5652e7a14e2d23dbf5a122ee8f8758e3e126c18b1c2077bfe200269275,3850d22b7518c57b46ce3c8515110ba251ac82577f7d9ccffc8d227fc41bdbaa
mono-b120000-spearman-archer,B-A,rain,vps/M-weather-preset-neutral,vps/M-weather-preset-rain,fc99451412d760a76f235ab5,49edfee6839c716198d9d7c6,2000,119980,119980,0,1714,0,0,0,0,1714,0,2000,2000,1,1,0,4,4,0,0,0,936.737,936.737,0.05003821470245,0.05003821470245,0.049391773628938,0.049391773628938,078641e562821c4012d1a24d08878af3f97f45aea622350727a2eb5edcbd524c,08221172068bc1d0b26c2ac3888d3b5d5091de32b692a18cdab102f432bb8bc5
mono-b360000-spearman-spearman,A-B,rain,vps/M-weather-preset-neutral,vps/M-weather-preset-rain,634650feba46fde2e05f79ec,4ea2818be548b1eff338ea50,2000,359940,359940,0,5142,0,0,0,5142,0,0,0,0,0,0,0,7,7,0,2557.2425,2557.2425,0,0,0.049523531699728,0.049523531699728,0.043854045118631,0.043854045118631,2bc6219638d312265f5c45e3ff80bf6b75c9c3992211780b96db52997872da32,4ec563d9052846a576f4b63d036ae938c0abf1f070abbeb86669c0d14f530503
mono-b360000-spearman-spearman,B-A,rain,vps/M-weather-preset-neutral,vps/M-weather-preset-rain,634650feba46fde2e05f79ec,4ea2818be548b1eff338ea50,2000,359940,359940,0,5142,0,0,0,5142,0,0,2000,2000,1,1,0,7,7,0,0,0,2558.4835,2558.4835,0.043788895371451,0.043788895371451,0.049585375340334,0.049585375340334,120c55e4f29e4d0105d6cc15c34f2d0b90e315f38cd4336b4554e662eda73d66,85091cae5368156b0a74e8a7747c886f729616b2a5a6eb62f002176b377207b9
mono-b12000-spearman-knight,A-B,rain,vps/M-weather-preset-neutral,vps/M-weather-preset-rain,37ac5d1a6b11bd111d215af5,52ca48d652f18f30db3ebf3f,2000,11970,11550,0,171,0,0,0,0,0,21,1554,1562,0.777,0.781,0.004,3.002,3,-0.0019999999999998,75.4865,75.3925,13.732,13.713,0.042640350877193,0.042549707602339,0.0505,0.050261904761905,b965633c898c10ac48cc0b945d886ca291a7c3df9f2bc8fbbd6924891bba8756,c319972bd18b507dc7f5b9ac2126acbef8df060df68f4fa4a14ab8d8005a98a8
mono-b12000-spearman-knight,B-A,rain,vps/M-weather-preset-neutral,vps/M-weather-preset-rain,37ac5d1a6b11bd111d215af5,52ca48d652f18f30db3ebf3f,2000,11970,11550,0,171,0,0,0,0,0,21,2000,2000,1,1,0,2,2,0,31.4585,31.4155,21,21,0.033719298245614,0.033789473684211,0.0505,0.0505,04d26513bee41f8de98ab49cd97c992b3a0017b0ad91dc428f6066f007ce270c,98d26f2bd87e9a771abdf1797283ba8b409dbad4eb8ca1f5427cc3b2015b79f0
mono-b360000-knight-knight,A-B,rain,vps/M-weather-preset-neutral,vps/M-weather-preset-rain,548ad3149b35bdd498f1e720,5e918d75e70b47e5a69982dd,2000,359700,359700,0,0,0,654,0,0,0,654,986,0,0.493,0,-0.493,1,2,1,327.812,654,327.23,654,0.050105504587156,0.050091743119266,0.049980122324159,0.049916666666667,87844e416d861f5c9ead6ab9b78dcfb00006427ddc351bd0388c1eabd412ea8d,6ed83ff5ff33422effdfee7f921f65adfddb799128d2c0d83a9d7098fc997fcb
mono-b360000-knight-knight,B-A,rain,vps/M-weather-preset-neutral,vps/M-weather-preset-rain,548ad3149b35bdd498f1e720,5e918d75e70b47e5a69982dd,2000,359700,359700,0,0,0,654,0,0,0,654,1003,2000,0.5015,1,0.4985,1,2,1,327.812,654,327.23,654,0.050105504587156,0.050091743119266,0.049980122324159,0.049916666666667,e137c8706ef5acd42c2d3113acb60f6a980b709cb9423e1758161e5fa6ce3ea3,2b93370609cc563ad55b2879869e97ee44f021e68c56dfd9b6f83adbea2cbc04
mono-b12000-soldier-soldier,A-B,rain,vps/M-weather-preset-neutral,vps/M-weather-preset-rain,fb6f2352b28b313d79cdc77b,6056a56cf42c4dd04d490133,2000,12000,12000,1200,0,0,0,1200,0,0,0,961,961,0.4805,0.4805,0,20,20,0,159.737,159.737,159.5675,159.5675,0.0394925,0.0394925,0.039681666666667,0.039681666666667,6d407622c60b016795f97c89a6a5574696df9124c61c66dd231ce4e7c7aa2393,de152f6e209b2e290452d667e8ee9070cb1ffd4db10b3d8a60ea06411fcd43c2
mono-b12000-soldier-soldier,B-A,rain,vps/M-weather-preset-neutral,vps/M-weather-preset-rain,fb6f2352b28b313d79cdc77b,6056a56cf42c4dd04d490133,2000,12000,12000,1200,0,0,0,1200,0,0,0,1005,1005,0.5025,0.5025,0,20,20,0,159.737,159.737,159.5675,159.5675,0.039685416666667,0.039685416666667,0.039483333333333,0.039483333333333,5b40b5d08240a3cb41ac0662b746bf7848264fd5d59a18b9cccd174e1c8a970f,7873dafd04228ddf12836ee1090c48816f6b5057b09629bfaeb85a28af48c0cc
mono-b12000-knight-knight,A-B,rain,vps/M-weather-preset-neutral,vps/M-weather-preset-rain,756c9af6c88c309d75372f93,630a1d3b9810e697a5534072,2000,11550,11550,0,0,0,21,0,0,0,21,871,0,0.4355,0,-0.4355,1.0655,2,0.9345,11.595,21,11.589,21,0.049071428571429,0.05052380952381,0.050714285714286,0.0505,1178f1206facb99d474deb6896610eb381b51065a110d670b64abf6c01184760,380b1088e02428db98aee6feea179fb9d962863c4d26ba67e7a69d53e9b9c0ab
mono-b12000-knight-knight,B-A,rain,vps/M-weather-preset-neutral,vps/M-weather-preset-rain,756c9af6c88c309d75372f93,630a1d3b9810e697a5534072,2000,11550,11550,0,0,0,21,0,0,0,21,1131,2000,0.5655,1,0.4345,1.0655,2,0.9345,11.595,21,11.589,21,0.049071428571429,0.05052380952381,0.050714285714286,0.0505,db8d3921ad4c7ffbcfdfcbf53d72da2e8c438f83b03f5de5e5b8aab344978ab5,f32fe799ce6bbb36be0fa7906abff29c2dd0f2cf320a57b74aa57b57da2c1ae6
mono-b360000-soldier-archer,A-B,rain,vps/M-weather-preset-neutral,vps/M-weather-preset-rain,9802772d7860e32c1eb45bbc,63f11dd379b75a77dbed3f0b,2000,360000,359940,36000,0,0,0,0,0,5142,0,0,0,0,0,0,8,8,0,13585.641,13585.641,847.792,847.792,0.039586,0.039586,0.049883605600933,0.049883605600933,3d79ed5983c89d0022c51a128734a7b36a8941c07b48f432dd6f260a0059cec7,572f73689d62bd39a301414516c348b9167167ec746308946b8edfd15c81151d
mono-b360000-soldier-archer,B-A,rain,vps/M-weather-preset-neutral,vps/M-weather-preset-rain,9802772d7860e32c1eb45bbc,63f11dd379b75a77dbed3f0b,2000,360000,359940,36000,0,0,0,0,0,5142,0,0,0,0,0,0,5,5,0,15743.9995,15743.9995,0,0,0.036148791666667,0.036148791666667,0.046806009334889,0.046806009334889,b539cabaf72f26f266d867628052db7ffc7cfa333da902e943ce8bd34a752c17,4172ace29998fe06b0cd5b79f7af5c7abd84062755580a39db7282735e80dfb1
mono-b120000-archer-knight,A-B,rain,vps/M-weather-preset-neutral,vps/M-weather-preset-rain,d57e878bd7d93557ed0eafe5,6a107077fb08e06260a83a59,2000,119980,119900,0,0,1714,0,0,0,0,218,0,0,0,0,0,1,1,0,762.9905,762.9905,0,0,0.022257001166861,0.022257001166861,0.050036697247706,0.050036697247706,4597ad24b5a2e47b6a7dce9496a9b6f4b1f246dce33a40845b0982a200fb8806,ea929c7fa33b780470c92389ebef0e62abdfcb82670820639601be4741681c86
mono-b120000-archer-knight,B-A,rain,vps/M-weather-preset-neutral,vps/M-weather-preset-rain,d57e878bd7d93557ed0eafe5,6a107077fb08e06260a83a59,2000,119980,119900,0,0,1714,0,0,0,0,218,0,0,0,0,0,1,1,0,762.9905,762.9905,0,0,0.022257001166861,0.022257001166861,0.050036697247706,0.050036697247706,7c1e87a0769464bd834f5d84f3fd33eaf9071aabdb90673a4cec8f5b7383d2cf,c52c71285934dd812d6439a4789d759b9ccd5d2edac42e769b304349f82e1ef7
mono-b120000-soldier-knight,A-B,rain,vps/M-weather-preset-neutral,vps/M-weather-preset-rain,6b6e99381358a325560d60d8,6cd88e853e9e76ee005a8c7e,2000,120000,119900,12000,0,0,0,0,0,0,218,0,0,0,0,0,6,6,0,4578.001,4578.001,0.805,0.805,0.019100375,0.019100375,0.050082568807339,0.050082568807339,f5eaa97da71df5298d7c5b30554bec43da7311247b6bf61d3299b38dd99ce886,c5f8ede7b4c1cfab55912f128f494acd0698832ce21de948c85d4db47f64761f
mono-b120000-soldier-knight,B-A,rain,vps/M-weather-preset-neutral,vps/M-weather-preset-rain,6b6e99381358a325560d60d8,6cd88e853e9e76ee005a8c7e,2000,120000,119900,12000,0,0,0,0,0,0,218,0,0,0,0,0,6,6,0,4578.001,4578.001,0.805,0.805,0.019100375,0.019100375,0.050082568807339,0.050082568807339,6a49a491a5ff72a4b8db0cc1fcd37742813f1f1a76d4b11bb02af21e20d1e1ce,8542dad5c3e1e74f3e6e22a38a7c039e984885690bde5c091b2043088f7c5e7b
mono-b360000-spearman-knight,A-B,rain,vps/M-weather-preset-neutral,vps/M-weather-preset-rain,c74521cdf2ea33fab967be56,75826f82a6713881a61d2b3f,2000,359940,359700,0,5142,0,0,0,0,0,654,366,352,0.183,0.176,-0.007,3,3,0,2428.6265,2428.6395,264.8825,264.859,0.043178626993388,0.043192921042396,0.050066513761468,0.050158256880734,7d7abac10e512ec2c70d5d25a59d0d144ba2b19ce4372cc4f09baf310123eafb,d8e651865828501e69d4d47040b08be1448d3321943f71fb1d0bda02cad3252f
mono-b360000-spearman-knight,B-A,rain,vps/M-weather-preset-neutral,vps/M-weather-preset-rain,c74521cdf2ea33fab967be56,75826f82a6713881a61d2b3f,2000,359940,359700,0,5142,0,0,0,0,0,654,2000,2000,1,1,0,2,2,0,1018.6605,1018.272,654,654,0.034626507195644,0.034623784519642,0.049916666666667,0.049916666666667,75facca78d59da8acebf5520dc1aec84674008dca00e85ffe5137a6371d683bd,91c5ced21e6369c42fa94d9fb7669a5c4a3272e87dc5c5aebf3890334a3dbd62
mono-b120000-knight-knight,A-B,rain,vps/M-weather-preset-neutral,vps/M-weather-preset-rain,9d120abae119d9be63a895bd,80443762fcd874f517cacc91,2000,119900,119900,0,0,0,218,0,0,0,218,963,0,0.4815,0,-0.4815,1,2,1,109.398,218,108.7785,218,0.050071100917431,0.050334862385321,0.049965596330275,0.049598623853211,9858c7ffa1a6a847079e50482789f9a042cfeb281ada503d2c73d74b65c9d985,d802291e1c8795d099f25c25c37fa34fad3e8e16a4269fd40c410376b2fb768d
mono-b120000-knight-knight,B-A,rain,vps/M-weather-preset-neutral,vps/M-weather-preset-rain,9d120abae119d9be63a895bd,80443762fcd874f517cacc91,2000,119900,119900,0,0,0,218,0,0,0,218,1004,2000,0.502,1,0.498,1,2,1,109.398,218,108.7785,218,0.050071100917431,0.050334862385321,0.049965596330275,0.049598623853211,151989b8d1b1c0ca759fab7eaf3b152abc03724944a1ef9ad70118e7a90322e4,dd7efca6a81d6becc2ea87fdfbcaa125e62929102f5d487780dbfd862a09185c
mono-b12000-soldier-spearman,A-B,rain,vps/M-weather-preset-neutral,vps/M-weather-preset-rain,f822d4aff4a7641ffc78118c,a21a2d13b521a14e3a57c6d4,2000,12000,11970,1200,0,0,0,0,171,0,0,0,0,0,0,0,13.038,13.038,0,447.59,447.59,0.0385,0.0385,0.032676666666667,0.032676666666667,0.04977485380117,0.04977485380117,2a1d1503a117713d05836a468b6a0d0d39d7d08702d9ca68ffe56c89d6f08704,7b740fc0b2afeac3bc420dfe88fa01e18a5cb17e2681b6b1df5879c9e0bae162
mono-b12000-soldier-spearman,B-A,rain,vps/M-weather-preset-neutral,vps/M-weather-preset-rain,f822d4aff4a7641ffc78118c,a21a2d13b521a14e3a57c6d4,2000,12000,11970,1200,0,0,0,0,171,0,0,1009,1009,0.5045,0.5045,0,19.9985,19.9985,0,328.353,328.353,47.3695,47.3695,0.039314166666667,0.039314166666667,0.050271929824561,0.050271929824561,cdd056f355bfd3009ca6798847f425d092b2fa95fee94cbb9f1b9d30918fd936,83ca2ac3f624f416d4ed0eafa4a930d9d3190226afc38c9ce59542f47a6a2e4c
mono-b360000-soldier-knight,A-B,rain,vps/M-weather-preset-neutral,vps/M-weather-preset-rain,cb7b28b15b36471aafbe16d8,a4ff9074b080c6e863704e4f,2000,360000,359700,36000,0,0,0,0,0,0,654,0,0,0,0,0,6,6,0,13734.0145,13734.0145,0.881,0.881,0.019087388888889,0.019087388888889,0.050131498470948,0.050131498470948,4970d1f6b5265fad201517f3825ff40d79aa8b20306bc545f88c8e11a313708e,83d2463e764b5ae7d7a2793460cf6d6b38585d7c27a16c4c7c2add46023062be
mono-b360000-soldier-knight,B-A,rain,vps/M-weather-preset-neutral,vps/M-weather-preset-rain,cb7b28b15b36471aafbe16d8,a4ff9074b080c6e863704e4f,2000,360000,359700,36000,0,0,0,0,0,0,654,0,0,0,0,0,6,6,0,13734.0145,13734.0145,0.881,0.881,0.019087388888889,0.019087388888889,0.050131498470948,0.050131498470948,0243eeadabcc14bc5e95fa1b391f9a0fbfc6c55db116c0e75d961227e7785c42,e040e1457efc2fc6a634e152cb515629602fe62802d1281cbfa1ed241483ba82
mono-b12000-soldier-knight,A-B,rain,vps/M-weather-preset-neutral,vps/M-weather-preset-rain,888c243346a2fc2822e1a949,b7f267960abf5526e1f7157c,2000,12000,11550,1200,0,0,0,0,0,0,21,204,204,0.102,0.102,0,6.037,6.037,0,442.797,442.797,2.8075,2.8075,0.018445,0.018445,0.051547619047619,0.051547619047619,9ca322cb96477f8f2d6b2e7673307285a8c1ac1a2124cfb6ddfbf09efb0d4075,98c7ea0c5505c512846854642437849d5d709f24242c123f6e7dd78611b5af84
mono-b12000-soldier-knight,B-A,rain,vps/M-weather-preset-neutral,vps/M-weather-preset-rain,888c243346a2fc2822e1a949,b7f267960abf5526e1f7157c,2000,12000,11550,1200,0,0,0,0,0,0,21,204,204,0.102,0.102,0,6.037,6.037,0,442.797,442.797,2.8075,2.8075,0.018445,0.018445,0.051547619047619,0.051547619047619,0ef488184d72f1f098ab6566fb80c72140d7078400dd1a9587141fe8b34a13ec,7c849e83061db11704e89662bff936532c11e82680ee0d2d8487916afe37e04e
mono-b12000-spearman-spearman,A-B,rain,vps/M-weather-preset-neutral,vps/M-weather-preset-rain,bbcd553bc7a16c61d281ba73,c0e3e01a50b4040dd22d8080,2000,11970,11970,0,171,0,0,0,171,0,0,0,0,0,0,0,6.9895,6.9895,0,84.766,84.766,0.0005,0.0005,0.049862573099415,0.049862573099415,0.043921052631579,0.043921052631579,85f859f840726422ec7d710e5557c9d3b6715fd7fc74bfe34607d4d92c94e777,a21b385cf3ba8f05df802722a627fccdffc1042fa6417c32209974bcd21e3676
mono-b12000-spearman-spearman,B-A,rain,vps/M-weather-preset-neutral,vps/M-weather-preset-rain,bbcd553bc7a16c61d281ba73,c0e3e01a50b4040dd22d8080,2000,11970,11970,0,171,0,0,0,171,0,0,2000,2000,1,1,0,6.994,6.994,0,0.0005,0.0005,85.124,85.124,0.04390350877193,0.04390350877193,0.049608187134503,0.049608187134503,03908c0fa4ced8ca60a7e0fb3a0f39260e015950626c7db85dad0402f2d3619e,953bd125373b23cb382c1f6fb2b4e50df5b65ed65a936948d1292f353865f25f
mono-b360000-archer-knight,A-B,rain,vps/M-weather-preset-neutral,vps/M-weather-preset-rain,2a7e9b14ebf8dc6314c7cd99,cc4b1026d879b29deba6e92d,2000,359940,359700,0,0,5142,0,0,0,0,654,0,0,0,0,0,1,1,0,2289.009,2289.009,0,0,0.022297257876313,0.022297257876313,0.050082568807339,0.050082568807339,092ff6440ba52367b900849f38396771039917fdafcad50e5a9b3669a0a1a448,cb4c6508cbde3decf8e2f14be79898149f237ac18940929815e30a1a9ea72335
mono-b360000-archer-knight,B-A,rain,vps/M-weather-preset-neutral,vps/M-weather-preset-rain,2a7e9b14ebf8dc6314c7cd99,cc4b1026d879b29deba6e92d,2000,359940,359700,0,0,5142,0,0,0,0,654,0,0,0,0,0,1,1,0,2289.009,2289.009,0,0,0.022297257876313,0.022297257876313,0.050082568807339,0.050082568807339,40e5890746cdbe0ba659fc1854a9e8c3218947407cf39f571ec0b4f63dfcca5c,869dab4bd6fec6a616f98e89aa6496165da18c8d989e0bc6f73333a00dad330c
mono-b120000-spearman-knight,A-B,rain,vps/M-weather-preset-neutral,vps/M-weather-preset-rain,de02d3c5b8eaac1ec1619ae7,d969f68fb89cc127987cc44b,2000,119980,119900,0,1714,0,0,0,0,0,218,620,618,0.31,0.309,-0.001,3,3,0,809.241,809.1505,89.1425,89.143,0.043211493582264,0.043227829638273,0.049733944954128,0.049660550458716,ac0328d7e848fe34c754caa6b9c4b0ed2030d2e4d6fcccd1ed330988caf253df,40104d239d8afd38d4f48bc797a137d593712b0b1f7618dc9444c3c31295ad7d
mono-b120000-spearman-knight,B-A,rain,vps/M-weather-preset-neutral,vps/M-weather-preset-rain,de02d3c5b8eaac1ec1619ae7,d969f68fb89cc127987cc44b,2000,119980,119900,0,1714,0,0,0,0,0,218,2000,2000,1,1,0,2,2,0,339.2895,339.063,218,218,0.03468698949825,0.034704492415403,0.049598623853211,0.049598623853211,cdf02ca8a3da35cbdb52ea241c610d7fdc069d44ffd601725625d6de3e1c67e1,317f40b5a2e89cb3c76bc105ba77b647f42e1285dd308afaa8336089d2a04c5d
mono-b360000-archer-archer,A-B,rain,vps/M-weather-preset-neutral,vps/M-weather-preset-rain,c2e29032f857ef1e13a7572f,e30e594e38f810b71c42cab8,2000,359940,359940,0,0,5142,0,0,0,5142,0,2000,2000,1,1,0,2,2,0,0,0,2891.326,2891.326,0.050010987942435,0.050010987942435,0.050044437961883,0.050044437961883,ee9e20890d11662504f7fe1e38034c18b966e01cd6c9e5396948c62e4ef00edc,4ca47e2767b0a5612d3f85bdacc512c7938b28d784d46052fa9ad613c465c362
mono-b360000-archer-archer,B-A,rain,vps/M-weather-preset-neutral,vps/M-weather-preset-rain,c2e29032f857ef1e13a7572f,e30e594e38f810b71c42cab8,2000,359940,359940,0,0,5142,0,0,0,5142,0,0,0,0,0,0,2,2,0,2891.325,2891.325,0,0,0.050032866588876,0.050032866588876,0.05005455075846,0.05005455075846,6716753b8e8b76b4a64e3b17a97ed8046605bed1f7d8159437110a4c2a02ffa9,88577dda1c678fb01390affa466a0dc4fb6d560a539303a6e97a0029ca09c672
mono-b360000-spearman-archer,A-B,rain,vps/M-weather-preset-neutral,vps/M-weather-preset-rain,2e59189e632a58366296928a,f7e600b8bcef6e0233ff00a8,2000,359940,359940,0,5142,0,0,0,0,5142,0,0,0,0,0,0,7,7,0,3349.5485,3349.5485,2371.3945,2371.3945,0.050049397121743,0.050049397121743,0.049997082847141,0.049997082847141,d008a6c4cea3edb58d3e49bd4fe6a9dc06177f8442e6495e138e98d884af187e,44710944a7e9d00dfa5a5fd160210e57928d014bf418275dd296a3b3b39838cb
mono-b360000-spearman-archer,B-A,rain,vps/M-weather-preset-neutral,vps/M-weather-preset-rain,2e59189e632a58366296928a,f7e600b8bcef6e0233ff00a8,2000,359940,359940,0,5142,0,0,0,0,5142,0,2000,2000,1,1,0,4,4,0,0,0,2810.717,2810.717,0.050006417736289,0.050006417736289,0.049295702061455,0.049295702061455,bcbc877f0cf8b1db3ca6328cc8d75854e56dc0b5735561ddaff5ce14c2a229f6,818c8ccdd94df9aa7e4d58960ea261282648d4afa81e4eb7aee06b2f58387eb1
mono-b12000-archer-knight,A-B,rain,vps/M-weather-preset-neutral,vps/M-weather-preset-rain,24330e2350e98778d4491ee1,fc5dac1dd5d7a2bdcc7ba777,2000,11970,11550,0,0,171,0,0,0,0,21,6,6,0.003,0.003,0,1.003,1.003,0,73.7485,73.7485,0.063,0.063,0.021663742690058,0.021663742690058,0.051,0.051,35be79c5c128b6e4343bfeefa1db2f2aeb0a0150c17aa99303e7622a603c351b,57f7ec6623f729e3cb829449cbf5938ac8f63d2261cbd1f1d15b6fd880104656
mono-b12000-archer-knight,B-A,rain,vps/M-weather-preset-neutral,vps/M-weather-preset-rain,24330e2350e98778d4491ee1,fc5dac1dd5d7a2bdcc7ba777,2000,11970,11550,0,0,171,0,0,0,0,21,2,2,0.001,0.001,0,1.003,1.003,0,73.7485,73.7485,0.041,0.041,0.021663742690058,0.021663742690058,0.05102380952381,0.05102380952381,49d4b23c42e173b1bcdc7cd48f22932e3a82504dd30129431f21b83876d94cb2,194edf050b1d1cdbd6385e88356472c5671c452795613be35cc492faee3ce04d
mono-b120000-archer-archer,A-B,rain,vps/M-weather-preset-neutral,vps/M-weather-preset-rain,c0d6109c05e457458b0bda00,fcdc6be40d2148cafd4beb64,2000,119980,119980,0,0,1714,0,0,0,1714,0,2000,2000,1,1,0,2,2,0,0,0,963.358,963.358,0.050003208868145,0.050003208868145,0.050086931155193,0.050086931155193,6b4a529fbc125b23882833e0aed634bec1b5f0b2174c3e7ece269e3168b0f82f,233b759713dea6db0cc49e8f5218089f5a54ae54e22c9143c6894d152d45adfa
mono-b120000-archer-archer,B-A,rain,vps/M-weather-preset-neutral,vps/M-weather-preset-rain,c0d6109c05e457458b0bda00,fcdc6be40d2148cafd4beb64,2000,119980,119980,0,0,1714,0,0,0,1714,0,0,0,0,0,0,2,2,0,963.591,963.591,0,0,0.050052508751459,0.050052508751459,0.050048424737456,0.050048424737456,7e4672019367fb02f1f4413e94829b3f5c23d2fa9d1ba5802105a04a62fdf6a1,2f94ab5ccc1eed81199262709c4b9bc5aa29ed6a929d781727250c215a2bf905
mono-b12000-spearman-archer,A-B,rain,vps/M-weather-preset-neutral,vps/M-weather-preset-rain,77059b09796261ce58324267,fe04869d1b6081cd4439e4ae,2000,11970,11970,0,171,0,0,0,0,171,0,197,197,0.0985,0.0985,0,6.973,6.973,0,110.3685,110.3685,78.1895,78.1895,0.050269005847953,0.050269005847953,0.049877192982456,0.049877192982456,4227f054b87e527b1d1b0274ed1998e330c5df10704580221a9b575b4a8798c6,045cc2b899b4960b64cd390c5bfd21c9e34e11768374d005504f1952d8d6b977
mono-b12000-spearman-archer,B-A,rain,vps/M-weather-preset-neutral,vps/M-weather-preset-rain,77059b09796261ce58324267,fe04869d1b6081cd4439e4ae,2000,11970,11970,0,171,0,0,0,0,171,0,2000,2000,1,1,0,3.999,3.999,0,0.059,0.059,93.5465,93.5465,0.049997076023392,0.049997076023392,0.049324561403509,0.049324561403509,ed29d7971438fc1a049999694ca61a2424e52dc6124815c6cadb6b6c1daaffd8,a12dad264ba77fd9125227b0c16a7424c3ca2c810e5530ef79345e1cd2e9e533
mono-b120000-spearman-spearman,A-B,rain,vps/M-weather-preset-neutral,vps/M-weather-preset-rain,736dc0caf9128d35c68047d9,ff552fdf684336e0a47933b0,2000,119980,119980,0,1714,0,0,0,1714,0,0,0,0,0,0,0,7,7,0,852.6135,852.6135,0,0,0.04956796966161,0.04956796966161,0.043772753792299,0.043772753792299,58cd7ae8deb38800a7970576196ee8f591af45338dcec1590dcfba297fa69701,6e8321780c13ab9702236a7ec293ba57f780c2462110422c98f3c419f2119396
mono-b120000-spearman-spearman,B-A,rain,vps/M-weather-preset-neutral,vps/M-weather-preset-rain,736dc0caf9128d35c68047d9,ff552fdf684336e0a47933b0,2000,119980,119980,0,1714,0,0,0,1714,0,0,2000,2000,1,1,0,7,7,0,0,0,853.05,853.05,0.043873978996499,0.043873978996499,0.049586056009335,0.049586056009335,71c1edf0b3076609f0d5f6632549a6592128c1a272b42a58354f9fb187b4a370,13a4490ef87e1318df727dfd16212beae78dcd590325afa6a08f915f6d57da62
mono-b12000-spearman-spearman,A-B,snow,vps/M-weather-preset-neutral,vps/M-weather-preset-snow,bbcd553bc7a16c61d281ba73,01b91e75c1d37ce45b111d54,2000,11970,11970,0,171,0,0,0,171,0,0,0,0,0,0,0,6.9895,6.9895,0,84.766,84.766,0.0005,0.0005,0.049862573099415,0.049862573099415,0.043921052631579,0.043921052631579,85f859f840726422ec7d710e5557c9d3b6715fd7fc74bfe34607d4d92c94e777,bed776bf1dab01ee7ac5c22b576776df97d105da5c1c18c5da7228166a04874b
mono-b12000-spearman-spearman,B-A,snow,vps/M-weather-preset-neutral,vps/M-weather-preset-snow,bbcd553bc7a16c61d281ba73,01b91e75c1d37ce45b111d54,2000,11970,11970,0,171,0,0,0,171,0,0,2000,2000,1,1,0,6.994,6.994,0,0.0005,0.0005,85.124,85.124,0.04390350877193,0.04390350877193,0.049608187134503,0.049608187134503,03908c0fa4ced8ca60a7e0fb3a0f39260e015950626c7db85dad0402f2d3619e,d78e3030acab437ffbb562918c82a97cea1777b218953c4528bd7c3f62e2d516
mono-b360000-archer-archer,A-B,snow,vps/M-weather-preset-neutral,vps/M-weather-preset-snow,c2e29032f857ef1e13a7572f,05747be4ba7f9ae3929ddcf8,2000,359940,359940,0,0,5142,0,0,0,5142,0,2000,2000,1,1,0,2,2,0,0,0,2891.326,2891.326,0.050010987942435,0.050010987942435,0.050044437961883,0.050044437961883,ee9e20890d11662504f7fe1e38034c18b966e01cd6c9e5396948c62e4ef00edc,a07878e7bf4e1e5562515e298911782ea21f837d796a9525fdd2943931a3f23a
mono-b360000-archer-archer,B-A,snow,vps/M-weather-preset-neutral,vps/M-weather-preset-snow,c2e29032f857ef1e13a7572f,05747be4ba7f9ae3929ddcf8,2000,359940,359940,0,0,5142,0,0,0,5142,0,0,0,0,0,0,2,2,0,2891.325,2891.325,0,0,0.050032866588876,0.050032866588876,0.05005455075846,0.05005455075846,6716753b8e8b76b4a64e3b17a97ed8046605bed1f7d8159437110a4c2a02ffa9,0543bb800929bbf0d9cdabb9b461e92979d492e0c94a617bbc110da348374991
mono-b360000-knight-knight,A-B,snow,vps/M-weather-preset-neutral,vps/M-weather-preset-snow,548ad3149b35bdd498f1e720,058520d57ee73fd99e2e7e9c,2000,359700,359700,0,0,0,654,0,0,0,654,986,986,0.493,0.493,0,1,1,0,327.812,327.812,327.23,327.23,0.050105504587156,0.050105504587156,0.049980122324159,0.049980122324159,87844e416d861f5c9ead6ab9b78dcfb00006427ddc351bd0388c1eabd412ea8d,54263d39fe836394e1d0b7ce3c6be4cd6e23a7a24780204717d227e0c340bb4a
mono-b360000-knight-knight,B-A,snow,vps/M-weather-preset-neutral,vps/M-weather-preset-snow,548ad3149b35bdd498f1e720,058520d57ee73fd99e2e7e9c,2000,359700,359700,0,0,0,654,0,0,0,654,1003,1003,0.5015,0.5015,0,1,1,0,327.812,327.812,327.23,327.23,0.050105504587156,0.050105504587156,0.049980122324159,0.049980122324159,e137c8706ef5acd42c2d3113acb60f6a980b709cb9423e1758161e5fa6ce3ea3,df283afe2538c0ba0a3da2492621d28271e1d964dcd31b8c318d26643b9558cc
mono-b120000-knight-knight,A-B,snow,vps/M-weather-preset-neutral,vps/M-weather-preset-snow,9d120abae119d9be63a895bd,09f45a737af3f2285db3e7b4,2000,119900,119900,0,0,0,218,0,0,0,218,963,963,0.4815,0.4815,0,1,1,0,109.398,109.398,108.7785,108.7785,0.050071100917431,0.050071100917431,0.049965596330275,0.049965596330275,9858c7ffa1a6a847079e50482789f9a042cfeb281ada503d2c73d74b65c9d985,6c113c4cae79aee60b3c0d7dc373a1043ca84829ce2fc2fb34a291123965ec04
mono-b120000-knight-knight,B-A,snow,vps/M-weather-preset-neutral,vps/M-weather-preset-snow,9d120abae119d9be63a895bd,09f45a737af3f2285db3e7b4,2000,119900,119900,0,0,0,218,0,0,0,218,1004,1004,0.502,0.502,0,1,1,0,109.398,109.398,108.7785,108.7785,0.050071100917431,0.050071100917431,0.049965596330275,0.049965596330275,151989b8d1b1c0ca759fab7eaf3b152abc03724944a1ef9ad70118e7a90322e4,ac2db9114392bc9099a6701e0ae564cc432b290a2330409c692d359f88500153
mono-b120000-soldier-spearman,A-B,snow,vps/M-weather-preset-neutral,vps/M-weather-preset-snow,b629227e6f0d4b2bcee036e7,0a1c8fae33d2ca5ee29f7e50,2000,120000,119980,12000,0,0,0,0,1714,0,0,0,0,0,0,0,13,13,0,4471.004,4471.004,0.0035,0,0.032694083333333,0.032694083333333,0.049761960326721,0.048869603267211,e1e29aab7102365136b614a54a8aeb0bee449145f3bc465a205963f9f554f006,a884e358010febd86367d5814b1939cd191321f7e50d22e88eecab4b4f3c12f1
mono-b120000-soldier-spearman,B-A,snow,vps/M-weather-preset-neutral,vps/M-weather-preset-snow,b629227e6f0d4b2bcee036e7,0a1c8fae33d2ca5ee29f7e50,2000,120000,119980,12000,0,0,0,0,1714,0,0,795,0,0.3975,0,-0.3975,20,20,0,3299.9845,3425.5975,462.703,0.399,0.038560458333333,0.036137333333333,0.050139731621937,0.049975787631272,0c2b4bb54f68750a49827995ac5ca7c41b885ac68f663af9b71cf4658f802372,34ebb24bface1f23443300763fdcd9fe9e2972ce03e4b093aca85a529b8889e1
mono-b120000-soldier-archer,A-B,snow,vps/M-weather-preset-neutral,vps/M-weather-preset-snow,b77254a0a10468b633ab0eab,0eeda4915ca12ab6fb73314d,2000,120000,119980,12000,0,0,0,0,0,1714,0,0,0,0,0,0,8,8,0,4527.6625,4601.495,282.31,0,0.039618666666667,0.039769416666667,0.049912777129522,0.049888564760793,a5bb96235bf6f9a76b769ff737d8e922df94b0a52f749525853085cd022bf3ef,842f90f7b7c25a82d6b65f706aa042f5666448770eb3644e3891e541e8244472
mono-b120000-soldier-archer,B-A,snow,vps/M-weather-preset-neutral,vps/M-weather-preset-snow,b77254a0a10468b633ab0eab,0eeda4915ca12ab6fb73314d,2000,120000,119980,12000,0,0,0,0,0,1714,0,0,0,0,0,0,5,5,0,5247.1365,5247.1365,0,0,0.036187291666667,0.036187291666667,0.046836639439907,0.046819719953326,8a5fbdbf1b558dc200eab97d67343355792afdf24d5bbb0e91f754b86f3a02ef,e4e628d0beb4cc7c0c10db6e81f5c9fa59559c91b5f6f47e04f124e8e3814706
mono-b120000-archer-archer,A-B,snow,vps/M-weather-preset-neutral,vps/M-weather-preset-snow,c0d6109c05e457458b0bda00,129013a591aed7f18d5742c1,2000,119980,119980,0,0,1714,0,0,0,1714,0,2000,2000,1,1,0,2,2,0,0,0,963.358,963.358,0.050003208868145,0.050003208868145,0.050086931155193,0.050086931155193,6b4a529fbc125b23882833e0aed634bec1b5f0b2174c3e7ece269e3168b0f82f,28f453ef7eaede02862ef2f41315974478444665b7c00383ee255ffee162f0e1
mono-b120000-archer-archer,B-A,snow,vps/M-weather-preset-neutral,vps/M-weather-preset-snow,c0d6109c05e457458b0bda00,129013a591aed7f18d5742c1,2000,119980,119980,0,0,1714,0,0,0,1714,0,0,0,0,0,0,2,2,0,963.591,963.591,0,0,0.050052508751459,0.050052508751459,0.050048424737456,0.050048424737456,7e4672019367fb02f1f4413e94829b3f5c23d2fa9d1ba5802105a04a62fdf6a1,d1d4e826f5e9423dba08e10c77111ae32232f950fa3ab309b6da019292006583
mono-b12000-soldier-archer,A-B,snow,vps/M-weather-preset-neutral,vps/M-weather-preset-snow,82fe7cea859b89eeeb66053b,1a3151f45adca8c277fdc8a3,2000,12000,11970,1200,0,0,0,0,0,171,0,18,0,0.009,0,-0.009,8.0845,8.0395,-0.045,459.804,463.1625,31.169,0.1635,0.039724166666667,0.039815833333333,0.049982456140351,0.050049707602339,00f252d5722657943a4cb0718ce0da7e8a4611896fa35ea5621c1322e14ef866,cf43ca77eaec8fa696d7abeed29cf99579914224563540a9b239bba5a1055438
mono-b12000-soldier-archer,B-A,snow,vps/M-weather-preset-neutral,vps/M-weather-preset-snow,82fe7cea859b89eeeb66053b,1a3151f45adca8c277fdc8a3,2000,12000,11970,1200,0,0,0,0,0,171,0,0,0,0,0,0,5,5,0,522.2335,522.2335,0,0,0.0360275,0.0360275,0.047204678362573,0.047304093567251,9000dde07f557a8d66b3ea4000e55211bbd45f04e3469db5cbc747249d14ba6c,df4d91f29e4d8d834efd23f5c8c0df78f08c48ea6c9c98608ac8552b989c2e69
mono-b12000-spearman-knight,A-B,snow,vps/M-weather-preset-neutral,vps/M-weather-preset-snow,37ac5d1a6b11bd111d215af5,1ee348953699332f68e7fdd6,2000,11970,11550,0,171,0,0,0,0,0,21,1554,1554,0.777,0.777,0,3.002,3.002,0,75.4865,75.4865,13.732,13.732,0.042640350877193,0.042640350877193,0.0505,0.0505,b965633c898c10ac48cc0b945d886ca291a7c3df9f2bc8fbbd6924891bba8756,8f8ea364f3207e5d4149d46350bec53276cfaa0a7dfd6bd292c5b74544124034
mono-b12000-spearman-knight,B-A,snow,vps/M-weather-preset-neutral,vps/M-weather-preset-snow,37ac5d1a6b11bd111d215af5,1ee348953699332f68e7fdd6,2000,11970,11550,0,171,0,0,0,0,0,21,2000,2000,1,1,0,2,2,0,31.4585,31.4585,21,21,0.033719298245614,0.033719298245614,0.0505,0.0505,04d26513bee41f8de98ab49cd97c992b3a0017b0ad91dc428f6066f007ce270c,c44b3a0c393e06bc12fa45569edabd2e93abc63e1c91c8eddb70d71215412bdf
mono-b120000-archer-knight,A-B,snow,vps/M-weather-preset-neutral,vps/M-weather-preset-snow,d57e878bd7d93557ed0eafe5,259e24d3d355d7fe943ef71b,2000,119980,119900,0,0,1714,0,0,0,0,218,0,0,0,0,0,1,1,0,762.9905,762.9905,0,0,0.022257001166861,0.022257001166861,0.050036697247706,0.050036697247706,4597ad24b5a2e47b6a7dce9496a9b6f4b1f246dce33a40845b0982a200fb8806,a16031792b81ee77a81a0bc93feaf989edfdda142926e4c3daf673617d7d17c3
mono-b120000-archer-knight,B-A,snow,vps/M-weather-preset-neutral,vps/M-weather-preset-snow,d57e878bd7d93557ed0eafe5,259e24d3d355d7fe943ef71b,2000,119980,119900,0,0,1714,0,0,0,0,218,0,0,0,0,0,1,1,0,762.9905,762.9905,0,0,0.022257001166861,0.022257001166861,0.050036697247706,0.050036697247706,7c1e87a0769464bd834f5d84f3fd33eaf9071aabdb90673a4cec8f5b7383d2cf,88173338c8051217c2a993826340ba59b053d1657527704d4c1e1fc2952c7890
mono-b12000-archer-archer,A-B,snow,vps/M-weather-preset-neutral,vps/M-weather-preset-snow,792e7655a90072d5129119df,3db735444cbc2b4d44cc6186,2000,11970,11970,0,0,171,0,0,0,171,0,2000,2000,1,1,0,2.008,2.008,0,0.8695,0.8695,97.458,97.458,0.049804093567251,0.049804093567251,0.050380116959064,0.050380116959064,a5cef95da0740171d974b1b8238a058e26fade3fe8a8f09d6de3182d2fb25476,d92bc8d8f3d51527badcfbfd2b81ea96e4479ec66cb8ba94b81a2c177bc2fb5f
mono-b12000-archer-archer,B-A,snow,vps/M-weather-preset-neutral,vps/M-weather-preset-snow,792e7655a90072d5129119df,3db735444cbc2b4d44cc6186,2000,11970,11970,0,0,171,0,0,0,171,0,0,0,0,0,0,2.0075,2.0075,0,97.39,97.39,0.8195,0.8195,0.050093567251462,0.050093567251462,0.050266081871345,0.050266081871345,22588da900fbea8c00b87d769132d035359f1c3deae9b763847a866d744b79ff,2b8febd3332cb0ad55d7301e4dbe697ab5e320b5d429e6d5e26c2e5118d43180
mono-b360000-archer-knight,A-B,snow,vps/M-weather-preset-neutral,vps/M-weather-preset-snow,2a7e9b14ebf8dc6314c7cd99,426c395a4f26d84a08506db7,2000,359940,359700,0,0,5142,0,0,0,0,654,0,0,0,0,0,1,1,0,2289.009,2289.009,0,0,0.022297257876313,0.022297257876313,0.050082568807339,0.050082568807339,092ff6440ba52367b900849f38396771039917fdafcad50e5a9b3669a0a1a448,0d0cfefce159e86e4069392b2c7a1e11ff6d6902592e1e658f987f1606517d1e
mono-b360000-archer-knight,B-A,snow,vps/M-weather-preset-neutral,vps/M-weather-preset-snow,2a7e9b14ebf8dc6314c7cd99,426c395a4f26d84a08506db7,2000,359940,359700,0,0,5142,0,0,0,0,654,0,0,0,0,0,1,1,0,2289.009,2289.009,0,0,0.022297257876313,0.022297257876313,0.050082568807339,0.050082568807339,40e5890746cdbe0ba659fc1854a9e8c3218947407cf39f571ec0b4f63dfcca5c,9ddca58d21cc39b2c52096149c6fff8f25b43594bbf267e449bab226df7b0ff6
mono-b12000-soldier-knight,A-B,snow,vps/M-weather-preset-neutral,vps/M-weather-preset-snow,888c243346a2fc2822e1a949,51d0840f1e57de5e258e4682,2000,12000,11550,1200,0,0,0,0,0,0,21,204,0,0.102,0,-0.102,6.037,6.038,0.0010000000000003,442.797,443.5195,2.8075,0.0095,0.018445,0.018470416666667,0.051547619047619,0.050904761904762,9ca322cb96477f8f2d6b2e7673307285a8c1ac1a2124cfb6ddfbf09efb0d4075,c15e1004c9171f13af70f41d21ccdb8fd82779112799e3fd62a67cdc24685e48
mono-b12000-soldier-knight,B-A,snow,vps/M-weather-preset-neutral,vps/M-weather-preset-snow,888c243346a2fc2822e1a949,51d0840f1e57de5e258e4682,2000,12000,11550,1200,0,0,0,0,0,0,21,204,0,0.102,0,-0.102,6.037,6.038,0.0010000000000003,442.797,443.5195,2.8075,0.0095,0.018445,0.018470416666667,0.051547619047619,0.050904761904762,0ef488184d72f1f098ab6566fb80c72140d7078400dd1a9587141fe8b34a13ec,c864263174d8e98ec279b6beeb21fe6ad8934d1fce22ada1a7627a956a141fe9
mono-b120000-spearman-spearman,A-B,snow,vps/M-weather-preset-neutral,vps/M-weather-preset-snow,736dc0caf9128d35c68047d9,54536a4efc74e553e30ee6fd,2000,119980,119980,0,1714,0,0,0,1714,0,0,0,0,0,0,0,7,7,0,852.6135,852.6135,0,0,0.04956796966161,0.04956796966161,0.043772753792299,0.043772753792299,58cd7ae8deb38800a7970576196ee8f591af45338dcec1590dcfba297fa69701,aaf545dcd81c009043c85557fdb7d57feb38d25103e52f1156080b24aca26cc5
mono-b120000-spearman-spearman,B-A,snow,vps/M-weather-preset-neutral,vps/M-weather-preset-snow,736dc0caf9128d35c68047d9,54536a4efc74e553e30ee6fd,2000,119980,119980,0,1714,0,0,0,1714,0,0,2000,2000,1,1,0,7,7,0,0,0,853.05,853.05,0.043873978996499,0.043873978996499,0.049586056009335,0.049586056009335,71c1edf0b3076609f0d5f6632549a6592128c1a272b42a58354f9fb187b4a370,b19e16708ff5c70775bb778ae063e8b5021917b239791f20f37e1ca96130338c
mono-b12000-spearman-archer,A-B,snow,vps/M-weather-preset-neutral,vps/M-weather-preset-snow,77059b09796261ce58324267,5a7186c781c6f1be12b4fc81,2000,11970,11970,0,171,0,0,0,0,171,0,197,197,0.0985,0.0985,0,6.973,6.973,0,110.3685,110.3685,78.1895,78.1895,0.050269005847953,0.050269005847953,0.049877192982456,0.049877192982456,4227f054b87e527b1d1b0274ed1998e330c5df10704580221a9b575b4a8798c6,9296e6ca731b7df7a2b004767df27c0befa01feb31748e90b40610b6b3aad6dc
mono-b12000-spearman-archer,B-A,snow,vps/M-weather-preset-neutral,vps/M-weather-preset-snow,77059b09796261ce58324267,5a7186c781c6f1be12b4fc81,2000,11970,11970,0,171,0,0,0,0,171,0,2000,2000,1,1,0,3.999,3.999,0,0.059,0.059,93.5465,93.5465,0.049997076023392,0.049997076023392,0.049324561403509,0.049324561403509,ed29d7971438fc1a049999694ca61a2424e52dc6124815c6cadb6b6c1daaffd8,94cf87be2479233c5ff1ff3885d9ba812326673ff6888a5795eea4c5d9a8ded5
mono-b360000-soldier-spearman,A-B,snow,vps/M-weather-preset-neutral,vps/M-weather-preset-snow,2966d929c45d9acc4fbb91a1,5c7f1a80ea7e4ab49d2b6597,2000,360000,359940,36000,0,0,0,0,5142,0,0,0,0,0,0,0,13,13,0,13412.643,13412.643,0,0,0.032674027777778,0.032674027777778,0.049814080124465,0.048943893426682,7021d39476c082c69391aa7d9d107c8598ae66c5b1828c73e129c275542d42fb,035f0d0ebe0c0b71d1de369dcd52638050db69a839cd015c291dcd9d8392c113
mono-b360000-soldier-spearman,B-A,snow,vps/M-weather-preset-neutral,vps/M-weather-preset-snow,2966d929c45d9acc4fbb91a1,5c7f1a80ea7e4ab49d2b6597,2000,360000,359940,36000,0,0,0,0,5142,0,0,671,0,0.3355,0,-0.3355,20,20,0,9898.754,10276.355,1386.0605,0.7725,0.038085333333333,0.036104513888889,0.050128646441074,0.050046382730455,0a6998a19d108d4ea47989fe9c9346eb6b099ed85b399e3702e1d1add2785d07,5a43d8726df92c0acb22300ed7208dccad675b6e6fdc0e4e87b74bf3f8dc3acf
mono-b120000-soldier-soldier,A-B,snow,vps/M-weather-preset-neutral,vps/M-weather-preset-snow,661a8ff748ea7a9cd091d244,8c0eb55f8dbc6072c8aa7b5a,2000,120000,120000,12000,0,0,0,12000,0,0,0,991,989,0.4955,0.4945,-0.001,20,20,0,1595.908,517.5395,1595.5725,517.4825,0.039481541666667,0.038915416666667,0.039521041666667,0.038981416666667,647ab88a83aa6f834990989ca24911ddf969595c4a5f5d85e2c151fdaebac92b,91d6f0d86c8195b0c2bf466f7f977ca07be353421766a1bc29f50f47eedb0f01
mono-b120000-soldier-soldier,B-A,snow,vps/M-weather-preset-neutral,vps/M-weather-preset-snow,661a8ff748ea7a9cd091d244,8c0eb55f8dbc6072c8aa7b5a,2000,120000,120000,12000,0,0,0,12000,0,0,0,997,1008,0.4985,0.504,0.0055,20,20,0,1595.908,517.5395,1595.5725,517.4825,0.039508041666667,0.039010916666667,0.039494,0.038884958333333,cb5849664fb65ac00466aa61563a1f9baace77ad985b9c02a92e371cf45b1603,5892a92f5f8886a5734cae6aa6c3c85811847fd25e0419af84731fa719a6d798
mono-b12000-soldier-spearman,A-B,snow,vps/M-weather-preset-neutral,vps/M-weather-preset-snow,f822d4aff4a7641ffc78118c,9d4a3ad5ea588967cff5d0a7,2000,12000,11970,1200,0,0,0,0,171,0,0,0,0,0,0,0,13.038,13.0375,-0.00050000000000061,447.59,447.552,0.0385,0,0.032676666666667,0.032676666666667,0.04977485380117,0.048973684210526,2a1d1503a117713d05836a468b6a0d0d39d7d08702d9ca68ffe56c89d6f08704,24a0a467bc8ae5caa010fcab45d3cd578cf1d6b78ab666c78bb4e5cd1ae93921
mono-b12000-soldier-spearman,B-A,snow,vps/M-weather-preset-neutral,vps/M-weather-preset-snow,f822d4aff4a7641ffc78118c,9d4a3ad5ea588967cff5d0a7,2000,12000,11970,1200,0,0,0,0,171,0,0,1009,0,0.5045,0,-0.5045,19.9985,20,0.0015000000000001,328.353,341.3305,47.3695,0.2815,0.039314166666667,0.036118333333333,0.050271929824561,0.050078947368421,cdd056f355bfd3009ca6798847f425d092b2fa95fee94cbb9f1b9d30918fd936,d3e863cac78ae12d858e54238fafcc8e27e25e39b52c81dd313359d0603f7616
mono-b360000-spearman-knight,A-B,snow,vps/M-weather-preset-neutral,vps/M-weather-preset-snow,c74521cdf2ea33fab967be56,9e449af83fe2a8b104cf7e4f,2000,359940,359700,0,5142,0,0,0,0,0,654,366,366,0.183,0.183,0,3,3,0,2428.6265,2428.6265,264.8825,264.8825,0.043178626993388,0.043178626993388,0.050066513761468,0.050066513761468,7d7abac10e512ec2c70d5d25a59d0d144ba2b19ce4372cc4f09baf310123eafb,8fe7172e5cede93e497529aae325e4f23295681c65bcb31203e3afe572472f08
mono-b360000-spearman-knight,B-A,snow,vps/M-weather-preset-neutral,vps/M-weather-preset-snow,c74521cdf2ea33fab967be56,9e449af83fe2a8b104cf7e4f,2000,359940,359700,0,5142,0,0,0,0,0,654,2000,2000,1,1,0,2,2,0,1018.6605,1018.6605,654,654,0.034626507195644,0.034626507195644,0.049916666666667,0.049916666666667,75facca78d59da8acebf5520dc1aec84674008dca00e85ffe5137a6371d683bd,6f9e561f2c9f1eea4c0901b3850cfa883c02882e73b5336729d7353301b0f83d
mono-b120000-spearman-knight,A-B,snow,vps/M-weather-preset-neutral,vps/M-weather-preset-snow,de02d3c5b8eaac1ec1619ae7,a4f80070c652b87e4b879614,2000,119980,119900,0,1714,0,0,0,0,0,218,620,620,0.31,0.31,0,3,3,0,809.241,809.241,89.1425,89.1425,0.043211493582264,0.043211493582264,0.049733944954128,0.049733944954128,ac0328d7e848fe34c754caa6b9c4b0ed2030d2e4d6fcccd1ed330988caf253df,a217acb900a70cb25e28625deb45d5e12a5aad9d2de01652e1dffa21a1476204
mono-b120000-spearman-knight,B-A,snow,vps/M-weather-preset-neutral,vps/M-weather-preset-snow,de02d3c5b8eaac1ec1619ae7,a4f80070c652b87e4b879614,2000,119980,119900,0,1714,0,0,0,0,0,218,2000,2000,1,1,0,2,2,0,339.2895,339.2895,218,218,0.03468698949825,0.03468698949825,0.049598623853211,0.049598623853211,cdf02ca8a3da35cbdb52ea241c610d7fdc069d44ffd601725625d6de3e1c67e1,87478a8e56a5c75e4d4c78c8688b09e3704cefd5224fcaa42ba448b4438a8387
mono-b12000-soldier-soldier,A-B,snow,vps/M-weather-preset-neutral,vps/M-weather-preset-snow,fb6f2352b28b313d79cdc77b,a7846697c85df6dcb44f4f5e,2000,12000,12000,1200,0,0,0,1200,0,0,0,961,963,0.4805,0.4815,0.001,20,20,0,159.737,51.8505,159.5675,51.822,0.0394925,0.03893375,0.039681666666667,0.039134583333333,6d407622c60b016795f97c89a6a5574696df9124c61c66dd231ce4e7c7aa2393,bc94cf765c73c081fa9e2fe1453e4df9a529b48ab5de0fc82fb2eafe48487643
mono-b12000-soldier-soldier,B-A,snow,vps/M-weather-preset-neutral,vps/M-weather-preset-snow,fb6f2352b28b313d79cdc77b,a7846697c85df6dcb44f4f5e,2000,12000,12000,1200,0,0,0,1200,0,0,0,1005,1033,0.5025,0.5165,0.014,20,20,0,159.737,51.8505,159.5675,51.822,0.039685416666667,0.03929125,0.039483333333333,0.038787083333333,5b40b5d08240a3cb41ac0662b746bf7848264fd5d59a18b9cccd174e1c8a970f,38fc9090dcec3291e192bf37b410489153096b42292e56b81da0e9c5e1addbbe
mono-b360000-soldier-knight,A-B,snow,vps/M-weather-preset-neutral,vps/M-weather-preset-snow,cb7b28b15b36471aafbe16d8,ae1d2db01bbe44838aa3c698,2000,360000,359700,36000,0,0,0,0,0,0,654,0,0,0,0,0,6,6,0,13734.0145,13734.038,0.881,0.0005,0.019087388888889,0.019087416666667,0.050131498470948,0.050086391437309,4970d1f6b5265fad201517f3825ff40d79aa8b20306bc545f88c8e11a313708e,b66ed9e31e0c3d65e1cb5af5ea52db48d43f22d43da03b2ac8dd5f6732cb518e
mono-b360000-soldier-knight,B-A,snow,vps/M-weather-preset-neutral,vps/M-weather-preset-snow,cb7b28b15b36471aafbe16d8,ae1d2db01bbe44838aa3c698,2000,360000,359700,36000,0,0,0,0,0,0,654,0,0,0,0,0,6,6,0,13734.0145,13734.038,0.881,0.0005,0.019087388888889,0.019087416666667,0.050131498470948,0.050086391437309,0243eeadabcc14bc5e95fa1b391f9a0fbfc6c55db116c0e75d961227e7785c42,eed2c5a9c984c410393138b62ada43e27d2d9e9732f68f65f498597ae56b1e92
mono-b120000-soldier-knight,A-B,snow,vps/M-weather-preset-neutral,vps/M-weather-preset-snow,6b6e99381358a325560d60d8,b0a128556f8ff25255dceeb3,2000,120000,119900,12000,0,0,0,0,0,0,218,0,0,0,0,0,6,6,0,4578.001,4578.048,0.805,0,0.019100375,0.01910125,0.050082568807339,0.050036697247706,f5eaa97da71df5298d7c5b30554bec43da7311247b6bf61d3299b38dd99ce886,cdc46e64222f6c2e72b889cef6aa016a61610d507cf3fcd2ea814d056762929c
mono-b120000-soldier-knight,B-A,snow,vps/M-weather-preset-neutral,vps/M-weather-preset-snow,6b6e99381358a325560d60d8,b0a128556f8ff25255dceeb3,2000,120000,119900,12000,0,0,0,0,0,0,218,0,0,0,0,0,6,6,0,4578.001,4578.048,0.805,0,0.019100375,0.01910125,0.050082568807339,0.050036697247706,6a49a491a5ff72a4b8db0cc1fcd37742813f1f1a76d4b11bb02af21e20d1e1ce,4a3cffcef68746d0dcf37689b26465ac35966f3f784223ad683ff746d297e5f0
mono-b120000-spearman-archer,A-B,snow,vps/M-weather-preset-neutral,vps/M-weather-preset-snow,fc99451412d760a76f235ab5,b24b27b4882dc003cfef7bd4,2000,119980,119980,0,1714,0,0,0,0,1714,0,0,0,0,0,0,7,7,0,1117.74,1117.74,790.8055,790.8055,0.050101516919487,0.050101516919487,0.049973745624271,0.049973745624271,54b8eb5652e7a14e2d23dbf5a122ee8f8758e3e126c18b1c2077bfe200269275,3888fa1a14d1f0852d242f3af286c521739129defea3274ab89aea9aa82bc04b
mono-b120000-spearman-archer,B-A,snow,vps/M-weather-preset-neutral,vps/M-weather-preset-snow,fc99451412d760a76f235ab5,b24b27b4882dc003cfef7bd4,2000,119980,119980,0,1714,0,0,0,0,1714,0,2000,2000,1,1,0,4,4,0,0,0,936.737,936.737,0.05003821470245,0.05003821470245,0.049391773628938,0.049391773628938,078641e562821c4012d1a24d08878af3f97f45aea622350727a2eb5edcbd524c,34bb39e23ca47c1a4e44a3deadbd798b94f1689c70ff93f3b2359484c5c69ec9
mono-b360000-spearman-archer,A-B,snow,vps/M-weather-preset-neutral,vps/M-weather-preset-snow,2e59189e632a58366296928a,d4f5414636b9cccdfb294bc7,2000,359940,359940,0,5142,0,0,0,0,5142,0,0,0,0,0,0,7,7,0,3349.5485,3349.5485,2371.3945,2371.3945,0.050049397121743,0.050049397121743,0.049997082847141,0.049997082847141,d008a6c4cea3edb58d3e49bd4fe6a9dc06177f8442e6495e138e98d884af187e,7d7fa8d3204599e9e3bc5e93249234f3fe78f47be0a6ad977f395feb8b5257fc
mono-b360000-spearman-archer,B-A,snow,vps/M-weather-preset-neutral,vps/M-weather-preset-snow,2e59189e632a58366296928a,d4f5414636b9cccdfb294bc7,2000,359940,359940,0,5142,0,0,0,0,5142,0,2000,2000,1,1,0,4,4,0,0,0,2810.717,2810.717,0.050006417736289,0.050006417736289,0.049295702061455,0.049295702061455,bcbc877f0cf8b1db3ca6328cc8d75854e56dc0b5735561ddaff5ce14c2a229f6,0df186ef6ae9bfca76727e3422437e3a35e0662210892687e6e5f1b587f76900
mono-b360000-soldier-archer,A-B,snow,vps/M-weather-preset-neutral,vps/M-weather-preset-snow,9802772d7860e32c1eb45bbc,da79e49fef2d04d1bc770cdf,2000,360000,359940,36000,0,0,0,0,0,5142,0,0,0,0,0,0,8,8,0,13585.641,13806.4325,847.792,0,0.039586,0.039745222222222,0.049883605600933,0.04986260210035,3d79ed5983c89d0022c51a128734a7b36a8941c07b48f432dd6f260a0059cec7,17442e5fec8f8e8d0ef94148ab48384ce3ab1655c24901ee9b33e24ecd733fdf
mono-b360000-soldier-archer,B-A,snow,vps/M-weather-preset-neutral,vps/M-weather-preset-snow,9802772d7860e32c1eb45bbc,da79e49fef2d04d1bc770cdf,2000,360000,359940,36000,0,0,0,0,0,5142,0,0,0,0,0,0,5,5,0,15743.9995,15743.9995,0,0,0.036148791666667,0.036148791666667,0.046806009334889,0.046828179696616,b539cabaf72f26f266d867628052db7ffc7cfa333da902e943ce8bd34a752c17,c96fa6f818741ca151aca3a678ab139f0aa915e6fad8c264c8600f3d46267dde
mono-b360000-soldier-soldier,A-B,snow,vps/M-weather-preset-neutral,vps/M-weather-preset-snow,a4f195db3fb8455cdeb742bf,edc8e8363fade9a5d5e5180c,2000,360000,360000,36000,0,0,0,36000,0,0,0,975,984,0.4875,0.492,0.0045,20,20,0,4787.778,1553.562,4786.2715,1553.7685,0.039369263888889,0.038850861111111,0.03957375,0.038995486111111,587a0b6c8fbf92e9e393e63a374c6bdc95fc594470b7c8ee42ee3df5c4a6b8ef,4611bcac60fa5422ef4a86b0dab1853d6c7c1813fab40c190225fd4708d4fd9e
mono-b360000-soldier-soldier,B-A,snow,vps/M-weather-preset-neutral,vps/M-weather-preset-snow,a4f195db3fb8455cdeb742bf,edc8e8363fade9a5d5e5180c,2000,360000,360000,36000,0,0,0,36000,0,0,0,987,999,0.4935,0.4995,0.006,20,20,0,4787.778,1553.562,4786.2715,1553.7685,0.039423944444444,0.038926097222222,0.039519944444444,0.038920722222222,cab79020193af6f55744135f0197a1630e3c2215411e9bdd269a836e052ec646,0bdad0ace0eaad01b4257134fc90f0d4478b405bd71a5c329127aa24a8e39712
mono-b12000-archer-knight,A-B,snow,vps/M-weather-preset-neutral,vps/M-weather-preset-snow,24330e2350e98778d4491ee1,ee1e9e015a6c945e0915b8fb,2000,11970,11550,0,0,171,0,0,0,0,21,6,6,0.003,0.003,0,1.003,1.003,0,73.7485,73.7485,0.063,0.063,0.021663742690058,0.021663742690058,0.051,0.051,35be79c5c128b6e4343bfeefa1db2f2aeb0a0150c17aa99303e7622a603c351b,b950d9ffe59d3689673e04d47026fe8318c630294c2e5d4878371b25ecbf3cf9
mono-b12000-archer-knight,B-A,snow,vps/M-weather-preset-neutral,vps/M-weather-preset-snow,24330e2350e98778d4491ee1,ee1e9e015a6c945e0915b8fb,2000,11970,11550,0,0,171,0,0,0,0,21,2,2,0.001,0.001,0,1.003,1.003,0,73.7485,73.7485,0.041,0.041,0.021663742690058,0.021663742690058,0.05102380952381,0.05102380952381,49d4b23c42e173b1bcdc7cd48f22932e3a82504dd30129431f21b83876d94cb2,5c1266f2876ad7432bcf364a8de21a487dc2282e54fffe8c7237f39bf2ab4c2c
mono-b12000-knight-knight,A-B,snow,vps/M-weather-preset-neutral,vps/M-weather-preset-snow,756c9af6c88c309d75372f93,f60eddf01d8b05022264607e,2000,11550,11550,0,0,0,21,0,0,0,21,871,871,0.4355,0.4355,0,1.0655,1.0655,0,11.595,11.595,11.589,11.589,0.049071428571429,0.049071428571429,0.050714285714286,0.050714285714286,1178f1206facb99d474deb6896610eb381b51065a110d670b64abf6c01184760,9d440caa78a969010afc798a379ea08514da691d5ea6867dbb64ccb65205f0d0
mono-b12000-knight-knight,B-A,snow,vps/M-weather-preset-neutral,vps/M-weather-preset-snow,756c9af6c88c309d75372f93,f60eddf01d8b05022264607e,2000,11550,11550,0,0,0,21,0,0,0,21,1131,1131,0.5655,0.5655,0,1.0655,1.0655,0,11.595,11.595,11.589,11.589,0.049071428571429,0.049071428571429,0.050714285714286,0.050714285714286,db8d3921ad4c7ffbcfdfcbf53d72da2e8c438f83b03f5de5e5b8aab344978ab5,c145c9bd1de10c4717145479057ce293e2560b5c7891a56e5d522ac3cf514eea
mono-b360000-spearman-spearman,A-B,snow,vps/M-weather-preset-neutral,vps/M-weather-preset-snow,634650feba46fde2e05f79ec,fc3d68f17fe9f67440127a39,2000,359940,359940,0,5142,0,0,0,5142,0,0,0,0,0,0,0,7,7,0,2557.2425,2557.2425,0,0,0.049523531699728,0.049523531699728,0.043854045118631,0.043854045118631,2bc6219638d312265f5c45e3ff80bf6b75c9c3992211780b96db52997872da32,f5e63eeed86871601105d5f78c895e4e2e22d7fe91711796ce224eaea8dcb138
mono-b360000-spearman-spearman,B-A,snow,vps/M-weather-preset-neutral,vps/M-weather-preset-snow,634650feba46fde2e05f79ec,fc3d68f17fe9f67440127a39,2000,359940,359940,0,5142,0,0,0,5142,0,0,2000,2000,1,1,0,7,7,0,0,0,2558.4835,2558.4835,0.043788895371451,0.043788895371451,0.049585375340334,0.049585375340334,120c55e4f29e4d0105d6cc15c34f2d0b90e315f38cd4336b4554e662eda73d66,bd3d0238383631f4e6379355628e3e1d27044779c561ed8d91e1c66dad52df2e
mono-b120000-soldier-knight,A-B,storm,vps/M-weather-preset-neutral,vps/M-weather-preset-storm,6b6e99381358a325560d60d8,10fb5f70514b920896fbd915,2000,120000,119900,12000,0,0,0,0,0,0,218,0,0,0,0,0,6,6,0,4578.001,4578.001,0.805,0.805,0.019100375,0.019100375,0.050082568807339,0.050082568807339,f5eaa97da71df5298d7c5b30554bec43da7311247b6bf61d3299b38dd99ce886,abafd321bfaaf0e3cff10e9d6b11b71bc5e932a90296b8b4e30e767c94f74e98
mono-b120000-soldier-knight,B-A,storm,vps/M-weather-preset-neutral,vps/M-weather-preset-storm,6b6e99381358a325560d60d8,10fb5f70514b920896fbd915,2000,120000,119900,12000,0,0,0,0,0,0,218,0,0,0,0,0,6,6,0,4578.001,4578.001,0.805,0.805,0.019100375,0.019100375,0.050082568807339,0.050082568807339,6a49a491a5ff72a4b8db0cc1fcd37742813f1f1a76d4b11bb02af21e20d1e1ce,1cd676e9f9d9afc5e925804c6ee0f704c5e496a928c3c1e5cd86321d8dfafa0b
mono-b360000-spearman-archer,A-B,storm,vps/M-weather-preset-neutral,vps/M-weather-preset-storm,2e59189e632a58366296928a,126ba6fff9d303009469fc56,2000,359940,359940,0,5142,0,0,0,0,5142,0,0,2000,0,1,1,7,7,0,3349.5485,53.5595,2371.3945,2558.7485,0.050049397121743,0.049991929210424,0.049997082847141,0.049980357837417,d008a6c4cea3edb58d3e49bd4fe6a9dc06177f8442e6495e138e98d884af187e,757e286e0a979db869a71eee077686fefa851c45a3f816555b4dee7e0b3c8233
mono-b360000-spearman-archer,B-A,storm,vps/M-weather-preset-neutral,vps/M-weather-preset-storm,2e59189e632a58366296928a,126ba6fff9d303009469fc56,2000,359940,359940,0,5142,0,0,0,0,5142,0,2000,2000,1,1,0,4,4,0,0,0,2810.717,2810.717,0.050006417736289,0.050006417736289,0.049295702061455,0.049295702061455,bcbc877f0cf8b1db3ca6328cc8d75854e56dc0b5735561ddaff5ce14c2a229f6,81a1d68cf83a3ca8a937ed2973eabf709d88479e221fc401943b6bc84557bf6b
mono-b360000-soldier-knight,A-B,storm,vps/M-weather-preset-neutral,vps/M-weather-preset-storm,cb7b28b15b36471aafbe16d8,13dc5290127312d6fc14d752,2000,360000,359700,36000,0,0,0,0,0,0,654,0,0,0,0,0,6,6,0,13734.0145,13734.0145,0.881,0.881,0.019087388888889,0.019087388888889,0.050131498470948,0.050131498470948,4970d1f6b5265fad201517f3825ff40d79aa8b20306bc545f88c8e11a313708e,73602aa0c677b26c5c1439068aba645f44ccd965ca98d8bcc92a2b006bdb29ca
mono-b360000-soldier-knight,B-A,storm,vps/M-weather-preset-neutral,vps/M-weather-preset-storm,cb7b28b15b36471aafbe16d8,13dc5290127312d6fc14d752,2000,360000,359700,36000,0,0,0,0,0,0,654,0,0,0,0,0,6,6,0,13734.0145,13734.0145,0.881,0.881,0.019087388888889,0.019087388888889,0.050131498470948,0.050131498470948,0243eeadabcc14bc5e95fa1b391f9a0fbfc6c55db116c0e75d961227e7785c42,7941ee27c55a16b6b781edecbe94d2d7c9f3445f552a0177815b6c3efcc0c36d
mono-b120000-knight-knight,A-B,storm,vps/M-weather-preset-neutral,vps/M-weather-preset-storm,9d120abae119d9be63a895bd,21b77e1d35eee99efcd63bf4,2000,119900,119900,0,0,0,218,0,0,0,218,963,963,0.4815,0.4815,0,1,1,0,109.398,109.398,108.7785,108.7785,0.050071100917431,0.050071100917431,0.049965596330275,0.049965596330275,9858c7ffa1a6a847079e50482789f9a042cfeb281ada503d2c73d74b65c9d985,746d9c38b708072d96b4197aefae7e3df6bd6e09826ef0cbd7a061be8fc7f085
mono-b120000-knight-knight,B-A,storm,vps/M-weather-preset-neutral,vps/M-weather-preset-storm,9d120abae119d9be63a895bd,21b77e1d35eee99efcd63bf4,2000,119900,119900,0,0,0,218,0,0,0,218,1004,1004,0.502,0.502,0,1,1,0,109.398,109.398,108.7785,108.7785,0.050071100917431,0.050071100917431,0.049965596330275,0.049965596330275,151989b8d1b1c0ca759fab7eaf3b152abc03724944a1ef9ad70118e7a90322e4,c59e87e88e21cbb0c378a98c687e8c56c7adc075c8ec9fe6c06e7b8dad6ee09b
mono-b12000-archer-archer,A-B,storm,vps/M-weather-preset-neutral,vps/M-weather-preset-storm,792e7655a90072d5129119df,3aa6c90cb820884610327335,2000,11970,11970,0,0,171,0,0,0,171,0,2000,2000,1,1,0,2.008,3,0.992,0.8695,29.7355,97.458,128.612,0.049804093567251,0.049868421052632,0.050380116959064,0.051002923976608,a5cef95da0740171d974b1b8238a058e26fade3fe8a8f09d6de3182d2fb25476,9c14d92ce07591898106c7b9f4d31fe934bd1bb34f11ef94aa35de1ccf85d03f
mono-b12000-archer-archer,B-A,storm,vps/M-weather-preset-neutral,vps/M-weather-preset-storm,792e7655a90072d5129119df,3aa6c90cb820884610327335,2000,11970,11970,0,0,171,0,0,0,171,0,0,0,0,0,0,2.0075,3,0.9925,97.39,128.7905,0.8195,29.755,0.050093567251462,0.049646198830409,0.050266081871345,0.050058479532164,22588da900fbea8c00b87d769132d035359f1c3deae9b763847a866d744b79ff,2182a70c91f102e121cec96c9f4632b78f89c7e5c12027c5dfbaa88db1306372
mono-b120000-soldier-soldier,A-B,storm,vps/M-weather-preset-neutral,vps/M-weather-preset-storm,661a8ff748ea7a9cd091d244,3cbf84e07297323bd0a2dbed,2000,120000,120000,12000,0,0,0,12000,0,0,0,991,991,0.4955,0.4955,0,20,20,0,1595.908,1595.908,1595.5725,1595.5725,0.039481541666667,0.039481541666667,0.039521041666667,0.039521041666667,647ab88a83aa6f834990989ca24911ddf969595c4a5f5d85e2c151fdaebac92b,bbe301d4606b3b4f6f0037a5d29c2e1bf5b439fbd899abc5b570d0b2bd65d2e0
mono-b120000-soldier-soldier,B-A,storm,vps/M-weather-preset-neutral,vps/M-weather-preset-storm,661a8ff748ea7a9cd091d244,3cbf84e07297323bd0a2dbed,2000,120000,120000,12000,0,0,0,12000,0,0,0,997,997,0.4985,0.4985,0,20,20,0,1595.908,1595.908,1595.5725,1595.5725,0.039508041666667,0.039508041666667,0.039494,0.039494,cb5849664fb65ac00466aa61563a1f9baace77ad985b9c02a92e371cf45b1603,1e6e99677d644325d82ba27e997b06957be834b78f5176b67ec23bd91630295f
mono-b120000-archer-archer,A-B,storm,vps/M-weather-preset-neutral,vps/M-weather-preset-storm,c0d6109c05e457458b0bda00,48c8c693eb74b7be8aa415cc,2000,119980,119980,0,0,1714,0,0,0,1714,0,2000,2000,1,1,0,2,3,1,0,302.2405,963.358,1271.7355,0.050003208868145,0.049885064177363,0.050086931155193,0.050081971995333,6b4a529fbc125b23882833e0aed634bec1b5f0b2174c3e7ece269e3168b0f82f,c696be81ba8ef677206aebe823af0bc632064cae647abb394c720fe027b6c73a
mono-b120000-archer-archer,B-A,storm,vps/M-weather-preset-neutral,vps/M-weather-preset-storm,c0d6109c05e457458b0bda00,48c8c693eb74b7be8aa415cc,2000,119980,119980,0,0,1714,0,0,0,1714,0,0,0,0,0,0,2,3,1,963.591,1272.5315,0,302.685,0.050052508751459,0.050036172695449,0.050048424737456,0.05014731621937,7e4672019367fb02f1f4413e94829b3f5c23d2fa9d1ba5802105a04a62fdf6a1,3e674e6abfeb2f743da8d89eaffa8f20c8ac100384eea7ef93cda700f552fa7d
mono-b360000-archer-archer,A-B,storm,vps/M-weather-preset-neutral,vps/M-weather-preset-storm,c2e29032f857ef1e13a7572f,56ccd3dbb8e8ab7824f6fdee,2000,359940,359940,0,0,5142,0,0,0,5142,0,2000,2000,1,1,0,2,3,1,0,907.998,2891.326,3814.159,0.050010987942435,0.050017989109296,0.050044437961883,0.050055814858032,ee9e20890d11662504f7fe1e38034c18b966e01cd6c9e5396948c62e4ef00edc,a91c3516809909742afa04f9f451abcaa272621dcbeb7913d1fed3d43afad65d
mono-b360000-archer-archer,B-A,storm,vps/M-weather-preset-neutral,vps/M-weather-preset-storm,c2e29032f857ef1e13a7572f,56ccd3dbb8e8ab7824f6fdee,2000,359940,359940,0,0,5142,0,0,0,5142,0,0,0,0,0,0,2,3,1,2891.325,3814.9075,0,908.6495,0.050032866588876,0.050022462077013,0.05005455075846,0.050030338389732,6716753b8e8b76b4a64e3b17a97ed8046605bed1f7d8159437110a4c2a02ffa9,0c8580e05d6cb328638d4f1d3cd6a204ebc0c68984bc02606844601769512a86
mono-b120000-spearman-archer,A-B,storm,vps/M-weather-preset-neutral,vps/M-weather-preset-storm,fc99451412d760a76f235ab5,56f970969f44506f34ea8a22,2000,119980,119980,0,1714,0,0,0,0,1714,0,0,2000,0,1,1,7,7,0,1117.74,19.305,790.8055,853.1845,0.050101516919487,0.050059218203034,0.049973745624271,0.050009626604434,54b8eb5652e7a14e2d23dbf5a122ee8f8758e3e126c18b1c2077bfe200269275,ee40db1dcabfda57129047025c294bc4a8478d7d60b2dcf3efd2ddc6fa41db21
mono-b120000-spearman-archer,B-A,storm,vps/M-weather-preset-neutral,vps/M-weather-preset-storm,fc99451412d760a76f235ab5,56f970969f44506f34ea8a22,2000,119980,119980,0,1714,0,0,0,0,1714,0,2000,2000,1,1,0,4,4,0,0,0,936.737,936.737,0.05003821470245,0.05003821470245,0.049391773628938,0.049391773628938,078641e562821c4012d1a24d08878af3f97f45aea622350727a2eb5edcbd524c,74b72d141aeb127be12da40958b70c9de9d97bcb6dcbc711a45478b9ea1ab634
mono-b360000-soldier-spearman,A-B,storm,vps/M-weather-preset-neutral,vps/M-weather-preset-storm,2966d929c45d9acc4fbb91a1,61e3cd9f0eb662b6498d0717,2000,360000,359940,36000,0,0,0,0,5142,0,0,0,0,0,0,0,13,13,0,13412.643,13412.643,0,0,0.032674027777778,0.032674027777778,0.049814080124465,0.049814080124465,7021d39476c082c69391aa7d9d107c8598ae66c5b1828c73e129c275542d42fb,2006b61549bde82c6054de55815e375d1e43d4a44ea00839991cf65b3bb89bbd
mono-b360000-soldier-spearman,B-A,storm,vps/M-weather-preset-neutral,vps/M-weather-preset-storm,2966d929c45d9acc4fbb91a1,61e3cd9f0eb662b6498d0717,2000,360000,359940,36000,0,0,0,0,5142,0,0,671,671,0.3355,0.3355,0,20,20,0,9898.754,9898.754,1386.0605,1386.0605,0.038085333333333,0.038085333333333,0.050128646441074,0.050128646441074,0a6998a19d108d4ea47989fe9c9346eb6b099ed85b399e3702e1d1add2785d07,c8b61a6b8262b49a154e012adb3fcb013471ef5c3b15d236622519be4948a667
mono-b12000-soldier-knight,A-B,storm,vps/M-weather-preset-neutral,vps/M-weather-preset-storm,888c243346a2fc2822e1a949,6b935f8328d5462e4adf3935,2000,12000,11550,1200,0,0,0,0,0,0,21,204,204,0.102,0.102,0,6.037,6.037,0,442.797,442.797,2.8075,2.8075,0.018445,0.018445,0.051547619047619,0.051547619047619,9ca322cb96477f8f2d6b2e7673307285a8c1ac1a2124cfb6ddfbf09efb0d4075,42493d06a80070f758e212509f055c2919f81e6957a62b9a4b8f064875f45d79
mono-b12000-soldier-knight,B-A,storm,vps/M-weather-preset-neutral,vps/M-weather-preset-storm,888c243346a2fc2822e1a949,6b935f8328d5462e4adf3935,2000,12000,11550,1200,0,0,0,0,0,0,21,204,204,0.102,0.102,0,6.037,6.037,0,442.797,442.797,2.8075,2.8075,0.018445,0.018445,0.051547619047619,0.051547619047619,0ef488184d72f1f098ab6566fb80c72140d7078400dd1a9587141fe8b34a13ec,21794f4299d6ce82e3d845107e74a4211694a1f248c1f958fec98d8a7c87f62f
mono-b120000-archer-knight,A-B,storm,vps/M-weather-preset-neutral,vps/M-weather-preset-storm,d57e878bd7d93557ed0eafe5,6f052b2136fe3c94de07baa4,2000,119980,119900,0,0,1714,0,0,0,0,218,0,0,0,0,0,1,1,0,762.9905,762.9905,0,0,0.022257001166861,0.022257001166861,0.050036697247706,0.050036697247706,4597ad24b5a2e47b6a7dce9496a9b6f4b1f246dce33a40845b0982a200fb8806,12ce4b245e91f1691c82e60a1e986df4956541451a284add29e0f3de6664adef
mono-b120000-archer-knight,B-A,storm,vps/M-weather-preset-neutral,vps/M-weather-preset-storm,d57e878bd7d93557ed0eafe5,6f052b2136fe3c94de07baa4,2000,119980,119900,0,0,1714,0,0,0,0,218,0,0,0,0,0,1,1,0,762.9905,762.9905,0,0,0.022257001166861,0.022257001166861,0.050036697247706,0.050036697247706,7c1e87a0769464bd834f5d84f3fd33eaf9071aabdb90673a4cec8f5b7383d2cf,71ccf66c3a6f1fbbb0438a3531c9d25f06b17368c61623df64147985445a0a8b
mono-b12000-spearman-spearman,A-B,storm,vps/M-weather-preset-neutral,vps/M-weather-preset-storm,bbcd553bc7a16c61d281ba73,704995bd9793b42ed1dbd4ed,2000,11970,11970,0,171,0,0,0,171,0,0,0,0,0,0,0,6.9895,6.9895,0,84.766,84.766,0.0005,0.0005,0.049862573099415,0.049862573099415,0.043921052631579,0.043921052631579,85f859f840726422ec7d710e5557c9d3b6715fd7fc74bfe34607d4d92c94e777,bb7f01ab4c33d05902c610994060bcc8526df9941ad3a988f2d2805626495026
mono-b12000-spearman-spearman,B-A,storm,vps/M-weather-preset-neutral,vps/M-weather-preset-storm,bbcd553bc7a16c61d281ba73,704995bd9793b42ed1dbd4ed,2000,11970,11970,0,171,0,0,0,171,0,0,2000,2000,1,1,0,6.994,6.994,0,0.0005,0.0005,85.124,85.124,0.04390350877193,0.04390350877193,0.049608187134503,0.049608187134503,03908c0fa4ced8ca60a7e0fb3a0f39260e015950626c7db85dad0402f2d3619e,df8bd5dcab94396287c7041a32ff3f52b5f246f4518f60d6b54db5e9d06e6a53
mono-b120000-soldier-archer,A-B,storm,vps/M-weather-preset-neutral,vps/M-weather-preset-storm,b77254a0a10468b633ab0eab,77f917748e5e6315927ed443,2000,120000,119980,12000,0,0,0,0,0,1714,0,0,2000,0,1,1,8,9.003,1.003,4527.6625,2891.734,282.31,724.334,0.039618666666667,0.042725833333333,0.049912777129522,0.050032963827305,a5bb96235bf6f9a76b769ff737d8e922df94b0a52f749525853085cd022bf3ef,f6420c1f06e93eb143751dba6e08c1a1ac2b7328c8748d80b59981fffbd7fb39
mono-b120000-soldier-archer,B-A,storm,vps/M-weather-preset-neutral,vps/M-weather-preset-storm,b77254a0a10468b633ab0eab,77f917748e5e6315927ed443,2000,120000,119980,12000,0,0,0,0,0,1714,0,0,0,0,0,0,5,6,1,5247.1365,4414.306,0,0,0.036187291666667,0.033221875,0.046836639439907,0.048748541423571,8a5fbdbf1b558dc200eab97d67343355792afdf24d5bbb0e91f754b86f3a02ef,9a31dadaafec0a2d1082af354ef65a4b28457d1135b7a35ce37d801f28207d57
mono-b12000-soldier-archer,A-B,storm,vps/M-weather-preset-neutral,vps/M-weather-preset-storm,82fe7cea859b89eeeb66053b,82c01e1d52855234e7adc969,2000,12000,11970,1200,0,0,0,0,0,171,0,18,2000,0.009,1,0.991,8.0845,9.1365,1.052,459.804,295.4405,31.169,79.306,0.039724166666667,0.0428775,0.049982456140351,0.050099415204678,00f252d5722657943a4cb0718ce0da7e8a4611896fa35ea5621c1322e14ef866,4db04ab1594d462e65d002db0d0e37eaa625a62072a86f6d58481c1dbd93c569
mono-b12000-soldier-archer,B-A,storm,vps/M-weather-preset-neutral,vps/M-weather-preset-storm,82fe7cea859b89eeeb66053b,82c01e1d52855234e7adc969,2000,12000,11970,1200,0,0,0,0,0,171,0,0,0,0,0,0,5,6.161,1.161,522.2335,461.7905,0,0.8805,0.0360275,0.033690416666667,0.047204678362573,0.049067251461988,9000dde07f557a8d66b3ea4000e55211bbd45f04e3469db5cbc747249d14ba6c,a6aee763fa60ac2f697ab4c3028e1df591828c4a18d36cfd2b08e052a3a975ce
mono-b120000-spearman-knight,A-B,storm,vps/M-weather-preset-neutral,vps/M-weather-preset-storm,de02d3c5b8eaac1ec1619ae7,8675b6f7882d0904cd118da9,2000,119980,119900,0,1714,0,0,0,0,0,218,620,620,0.31,0.31,0,3,3,0,809.241,809.241,89.1425,89.1425,0.043211493582264,0.043211493582264,0.049733944954128,0.049733944954128,ac0328d7e848fe34c754caa6b9c4b0ed2030d2e4d6fcccd1ed330988caf253df,f8dbe752774d1c2ede1da627940950071314d390b64360113845db44f725b2b3
mono-b120000-spearman-knight,B-A,storm,vps/M-weather-preset-neutral,vps/M-weather-preset-storm,de02d3c5b8eaac1ec1619ae7,8675b6f7882d0904cd118da9,2000,119980,119900,0,1714,0,0,0,0,0,218,2000,2000,1,1,0,2,2,0,339.2895,339.2895,218,218,0.03468698949825,0.03468698949825,0.049598623853211,0.049598623853211,cdf02ca8a3da35cbdb52ea241c610d7fdc069d44ffd601725625d6de3e1c67e1,cc193d1c25e28fd5903e65d4d22315b3e0e4cc5a5530dce128bb38cd9312deba
mono-b12000-spearman-knight,A-B,storm,vps/M-weather-preset-neutral,vps/M-weather-preset-storm,37ac5d1a6b11bd111d215af5,88ac63c36c6b01aa75cc6b59,2000,11970,11550,0,171,0,0,0,0,0,21,1554,1554,0.777,0.777,0,3.002,3.002,0,75.4865,75.4865,13.732,13.732,0.042640350877193,0.042640350877193,0.0505,0.0505,b965633c898c10ac48cc0b945d886ca291a7c3df9f2bc8fbbd6924891bba8756,56858bd45842fd803f6bc344824598145e013f189c998fd522ea4b94e5ac93d3
mono-b12000-spearman-knight,B-A,storm,vps/M-weather-preset-neutral,vps/M-weather-preset-storm,37ac5d1a6b11bd111d215af5,88ac63c36c6b01aa75cc6b59,2000,11970,11550,0,171,0,0,0,0,0,21,2000,2000,1,1,0,2,2,0,31.4585,31.4585,21,21,0.033719298245614,0.033719298245614,0.0505,0.0505,04d26513bee41f8de98ab49cd97c992b3a0017b0ad91dc428f6066f007ce270c,51d51109acb23e8476b623677bbf127878ec504f31ec3e71a74e60aec359e98a
mono-b360000-soldier-archer,A-B,storm,vps/M-weather-preset-neutral,vps/M-weather-preset-storm,9802772d7860e32c1eb45bbc,8d48317b087143d0e5a35e79,2000,360000,359940,36000,0,0,0,0,0,5142,0,0,2000,0,1,1,8,9,1,13585.641,8672.0345,847.792,2169.6185,0.039586,0.042686,0.049883605600933,0.049990178918709,3d79ed5983c89d0022c51a128734a7b36a8941c07b48f432dd6f260a0059cec7,0df54f111f0176127864a94117f55bcdfb6decb3557c6a4840ba40c94a3e835e
mono-b360000-soldier-archer,B-A,storm,vps/M-weather-preset-neutral,vps/M-weather-preset-storm,9802772d7860e32c1eb45bbc,8d48317b087143d0e5a35e79,2000,360000,359940,36000,0,0,0,0,0,5142,0,0,0,0,0,0,5,6,1,15743.9995,13246.0545,0,0,0.036148791666667,0.033198986111111,0.046806009334889,0.048705950991832,b539cabaf72f26f266d867628052db7ffc7cfa333da902e943ce8bd34a752c17,2dba94935a4cfba2811f8fb26c785adea5a1ae59919052977dfc623b90f5a098
mono-b12000-archer-knight,A-B,storm,vps/M-weather-preset-neutral,vps/M-weather-preset-storm,24330e2350e98778d4491ee1,8ebf99d242e3a39ebeee09ae,2000,11970,11550,0,0,171,0,0,0,0,21,6,4,0.003,0.002,-0.001,1.003,1.003,0,73.7485,73.7485,0.063,0.0485,0.021663742690058,0.021663742690058,0.051,0.05102380952381,35be79c5c128b6e4343bfeefa1db2f2aeb0a0150c17aa99303e7622a603c351b,a36ef983f0361ef4df71c64864edf424f6aeac31e48317a27d8cc7b603ce6ad5
mono-b12000-archer-knight,B-A,storm,vps/M-weather-preset-neutral,vps/M-weather-preset-storm,24330e2350e98778d4491ee1,8ebf99d242e3a39ebeee09ae,2000,11970,11550,0,0,171,0,0,0,0,21,2,0,0.001,0,-0.001,1.003,1.003,0,73.7485,73.7485,0.041,0,0.021663742690058,0.021663742690058,0.05102380952381,0.050952380952381,49d4b23c42e173b1bcdc7cd48f22932e3a82504dd30129431f21b83876d94cb2,2784d66fdda27f2a51b3260ca015b41ff011b0be0b072639accf5e7e2b174a87
mono-b360000-spearman-spearman,A-B,storm,vps/M-weather-preset-neutral,vps/M-weather-preset-storm,634650feba46fde2e05f79ec,a8c8a9c49fe95e8223c9cde9,2000,359940,359940,0,5142,0,0,0,5142,0,0,0,0,0,0,0,7,7,0,2557.2425,2557.2425,0,0,0.049523531699728,0.049523531699728,0.043854045118631,0.043854045118631,2bc6219638d312265f5c45e3ff80bf6b75c9c3992211780b96db52997872da32,d7441ae6e5c9a7b66c53511b8c1185ceb4771b3bba7219c60b446b376170b918
mono-b360000-spearman-spearman,B-A,storm,vps/M-weather-preset-neutral,vps/M-weather-preset-storm,634650feba46fde2e05f79ec,a8c8a9c49fe95e8223c9cde9,2000,359940,359940,0,5142,0,0,0,5142,0,0,2000,2000,1,1,0,7,7,0,0,0,2558.4835,2558.4835,0.043788895371451,0.043788895371451,0.049585375340334,0.049585375340334,120c55e4f29e4d0105d6cc15c34f2d0b90e315f38cd4336b4554e662eda73d66,6e1bf8658cc72fa4507fa709b438ee8aa25ce39443d225174a8eef6655e485dd
mono-b12000-spearman-archer,A-B,storm,vps/M-weather-preset-neutral,vps/M-weather-preset-storm,77059b09796261ce58324267,bcbfa2d08f88e297e58faddb,2000,11970,11970,0,171,0,0,0,0,171,0,197,2000,0.0985,1,0.9015,6.973,6.9865,0.013500000000001,110.3685,2.8455,78.1895,84.7765,0.050269005847953,0.050204678362573,0.049877192982456,0.049847953216374,4227f054b87e527b1d1b0274ed1998e330c5df10704580221a9b575b4a8798c6,25037c19500a41a3423e5f7ec7531f8227954fe12bc45e3e240a4f2f2f82a260
mono-b12000-spearman-archer,B-A,storm,vps/M-weather-preset-neutral,vps/M-weather-preset-storm,77059b09796261ce58324267,bcbfa2d08f88e297e58faddb,2000,11970,11970,0,171,0,0,0,0,171,0,2000,2000,1,1,0,3.999,3.999,0,0.059,0.036,93.5465,93.5465,0.049997076023392,0.049997076023392,0.049324561403509,0.049324561403509,ed29d7971438fc1a049999694ca61a2424e52dc6124815c6cadb6b6c1daaffd8,820503c1d266c3cfc7abe5a0c38ae25e12b01ba2c1dcba088cb61f1d3efb01ec
mono-b120000-soldier-spearman,A-B,storm,vps/M-weather-preset-neutral,vps/M-weather-preset-storm,b629227e6f0d4b2bcee036e7,c260976fbf0ae04188c650d6,2000,120000,119980,12000,0,0,0,0,1714,0,0,0,0,0,0,0,13,13,0,4471.004,4471.004,0.0035,0.0035,0.032694083333333,0.032694083333333,0.049761960326721,0.049761960326721,e1e29aab7102365136b614a54a8aeb0bee449145f3bc465a205963f9f554f006,1c9feb443a6ae935a2951de80826fce02ce2b6521d06d6f87c54fb71a55e2fbd
mono-b120000-soldier-spearman,B-A,storm,vps/M-weather-preset-neutral,vps/M-weather-preset-storm,b629227e6f0d4b2bcee036e7,c260976fbf0ae04188c650d6,2000,120000,119980,12000,0,0,0,0,1714,0,0,795,795,0.3975,0.3975,0,20,20,0,3299.9845,3299.9845,462.703,462.703,0.038560458333333,0.038560458333333,0.050139731621937,0.050139731621937,0c2b4bb54f68750a49827995ac5ca7c41b885ac68f663af9b71cf4658f802372,f74917d6e207989db99cd03b71b270c198c039a359bacb0e722655fc32e78c46
mono-b12000-soldier-spearman,A-B,storm,vps/M-weather-preset-neutral,vps/M-weather-preset-storm,f822d4aff4a7641ffc78118c,dd138cf49d6ed0e21cb8c660,2000,12000,11970,1200,0,0,0,0,171,0,0,0,0,0,0,0,13.038,13.038,0,447.59,447.59,0.0385,0.0385,0.032676666666667,0.032676666666667,0.04977485380117,0.04977485380117,2a1d1503a117713d05836a468b6a0d0d39d7d08702d9ca68ffe56c89d6f08704,422ae221e803e1b8f654478dc741bfd21a95e323c87e7a28646509f0121a89b7
mono-b12000-soldier-spearman,B-A,storm,vps/M-weather-preset-neutral,vps/M-weather-preset-storm,f822d4aff4a7641ffc78118c,dd138cf49d6ed0e21cb8c660,2000,12000,11970,1200,0,0,0,0,171,0,0,1009,1009,0.5045,0.5045,0,19.9985,19.9985,0,328.353,328.353,47.3695,47.3695,0.039314166666667,0.039314166666667,0.050271929824561,0.050271929824561,cdd056f355bfd3009ca6798847f425d092b2fa95fee94cbb9f1b9d30918fd936,348910c29d8ef16e0da3e3e2f647e5693d3f4af6b0ac12031dba4d51dd5af7db
mono-b360000-knight-knight,A-B,storm,vps/M-weather-preset-neutral,vps/M-weather-preset-storm,548ad3149b35bdd498f1e720,e4644d0b0d13bd97f125a94c,2000,359700,359700,0,0,0,654,0,0,0,654,986,986,0.493,0.493,0,1,1,0,327.812,327.812,327.23,327.23,0.050105504587156,0.050105504587156,0.049980122324159,0.049980122324159,87844e416d861f5c9ead6ab9b78dcfb00006427ddc351bd0388c1eabd412ea8d,33376cbf6d288c4b5c5faa8e11ce55b0c723f0212e830363fbb1abdb3c255bee
mono-b360000-knight-knight,B-A,storm,vps/M-weather-preset-neutral,vps/M-weather-preset-storm,548ad3149b35bdd498f1e720,e4644d0b0d13bd97f125a94c,2000,359700,359700,0,0,0,654,0,0,0,654,1003,1003,0.5015,0.5015,0,1,1,0,327.812,327.812,327.23,327.23,0.050105504587156,0.050105504587156,0.049980122324159,0.049980122324159,e137c8706ef5acd42c2d3113acb60f6a980b709cb9423e1758161e5fa6ce3ea3,dc6dd4d8ee49df22d607a59f2d586e4a241775e59b9a682e25b48cac823222aa
mono-b360000-spearman-knight,A-B,storm,vps/M-weather-preset-neutral,vps/M-weather-preset-storm,c74521cdf2ea33fab967be56,eba4b3066be8efbdcdca8763,2000,359940,359700,0,5142,0,0,0,0,0,654,366,366,0.183,0.183,0,3,3,0,2428.6265,2428.6265,264.8825,264.8825,0.043178626993388,0.043178626993388,0.050066513761468,0.050066513761468,7d7abac10e512ec2c70d5d25a59d0d144ba2b19ce4372cc4f09baf310123eafb,ea05424950eeb78b3035d8540ef54c169af0d4051e35f3971ce765e74ac12ca8
mono-b360000-spearman-knight,B-A,storm,vps/M-weather-preset-neutral,vps/M-weather-preset-storm,c74521cdf2ea33fab967be56,eba4b3066be8efbdcdca8763,2000,359940,359700,0,5142,0,0,0,0,0,654,2000,2000,1,1,0,2,2,0,1018.6605,1018.6605,654,654,0.034626507195644,0.034626507195644,0.049916666666667,0.049916666666667,75facca78d59da8acebf5520dc1aec84674008dca00e85ffe5137a6371d683bd,3ef8137c5dabfbcdc34e5c03c39df99d56f9ad161f2b3e0d6c76a102a5a6441a
mono-b120000-spearman-spearman,A-B,storm,vps/M-weather-preset-neutral,vps/M-weather-preset-storm,736dc0caf9128d35c68047d9,ee475a2912969267159a6c0e,2000,119980,119980,0,1714,0,0,0,1714,0,0,0,0,0,0,0,7,7,0,852.6135,852.6135,0,0,0.04956796966161,0.04956796966161,0.043772753792299,0.043772753792299,58cd7ae8deb38800a7970576196ee8f591af45338dcec1590dcfba297fa69701,06d33a05416b4de8a5742b12b5665d8edf26d0577dd0c6975b4d5cddea6e5049
mono-b120000-spearman-spearman,B-A,storm,vps/M-weather-preset-neutral,vps/M-weather-preset-storm,736dc0caf9128d35c68047d9,ee475a2912969267159a6c0e,2000,119980,119980,0,1714,0,0,0,1714,0,0,2000,2000,1,1,0,7,7,0,0,0,853.05,853.05,0.043873978996499,0.043873978996499,0.049586056009335,0.049586056009335,71c1edf0b3076609f0d5f6632549a6592128c1a272b42a58354f9fb187b4a370,fabd513b99300bb6f286af19177397e72b66249d2b5e8c5beff01a988852edc7
mono-b12000-knight-knight,A-B,storm,vps/M-weather-preset-neutral,vps/M-weather-preset-storm,756c9af6c88c309d75372f93,f5646a7dd3931461748f9d4a,2000,11550,11550,0,0,0,21,0,0,0,21,871,871,0.4355,0.4355,0,1.0655,1.0655,0,11.595,11.595,11.589,11.589,0.049071428571429,0.049071428571429,0.050714285714286,0.050714285714286,1178f1206facb99d474deb6896610eb381b51065a110d670b64abf6c01184760,96740b64374fc886bde24dcaad51ea751f875c7a3cadbbba5d5b00278430db28
mono-b12000-knight-knight,B-A,storm,vps/M-weather-preset-neutral,vps/M-weather-preset-storm,756c9af6c88c309d75372f93,f5646a7dd3931461748f9d4a,2000,11550,11550,0,0,0,21,0,0,0,21,1131,1131,0.5655,0.5655,0,1.0655,1.0655,0,11.595,11.595,11.589,11.589,0.049071428571429,0.049071428571429,0.050714285714286,0.050714285714286,db8d3921ad4c7ffbcfdfcbf53d72da2e8c438f83b03f5de5e5b8aab344978ab5,75261e8dc4fc4735fa66414976db1370ce915616c026b11e64b804fdebcb4f30
mono-b12000-soldier-soldier,A-B,storm,vps/M-weather-preset-neutral,vps/M-weather-preset-storm,fb6f2352b28b313d79cdc77b,f8be528063b6d5c8fbf98426,2000,12000,12000,1200,0,0,0,1200,0,0,0,961,961,0.4805,0.4805,0,20,20,0,159.737,159.737,159.5675,159.5675,0.0394925,0.0394925,0.039681666666667,0.039681666666667,6d407622c60b016795f97c89a6a5574696df9124c61c66dd231ce4e7c7aa2393,b7f0e3372c208890d20ffc4522db20c70603ede41879c1e1836c8333caa7129f
mono-b12000-soldier-soldier,B-A,storm,vps/M-weather-preset-neutral,vps/M-weather-preset-storm,fb6f2352b28b313d79cdc77b,f8be528063b6d5c8fbf98426,2000,12000,12000,1200,0,0,0,1200,0,0,0,1005,1005,0.5025,0.5025,0,20,20,0,159.737,159.737,159.5675,159.5675,0.039685416666667,0.039685416666667,0.039483333333333,0.039483333333333,5b40b5d08240a3cb41ac0662b746bf7848264fd5d59a18b9cccd174e1c8a970f,919a33b81b121b41d33100c071d033870ad5f2f153eebe5c6c24008bad113a1c
mono-b360000-soldier-soldier,A-B,storm,vps/M-weather-preset-neutral,vps/M-weather-preset-storm,a4f195db3fb8455cdeb742bf,f93df179a394d56a1b5ff5cc,2000,360000,360000,36000,0,0,0,36000,0,0,0,975,975,0.4875,0.4875,0,20,20,0,4787.778,4787.778,4786.2715,4786.2715,0.039369263888889,0.039369263888889,0.03957375,0.03957375,587a0b6c8fbf92e9e393e63a374c6bdc95fc594470b7c8ee42ee3df5c4a6b8ef,ea01e8b2976fd9d3874ab26cf9cbecca22c3507641e2ae81dca5cf0b5735d14d
mono-b360000-soldier-soldier,B-A,storm,vps/M-weather-preset-neutral,vps/M-weather-preset-storm,a4f195db3fb8455cdeb742bf,f93df179a394d56a1b5ff5cc,2000,360000,360000,36000,0,0,0,36000,0,0,0,987,987,0.4935,0.4935,0,20,20,0,4787.778,4787.778,4786.2715,4786.2715,0.039423944444444,0.039423944444444,0.039519944444444,0.039519944444444,cab79020193af6f55744135f0197a1630e3c2215411e9bdd269a836e052ec646,3c6ff5003ea16cad0000c9176788fd6a658bbb4351643bab41342221f5d6a938
mono-b360000-archer-knight,A-B,storm,vps/M-weather-preset-neutral,vps/M-weather-preset-storm,2a7e9b14ebf8dc6314c7cd99,fcb373064ce1b963b7fe526b,2000,359940,359700,0,0,5142,0,0,0,0,654,0,0,0,0,0,1,1,0,2289.009,2289.009,0,0,0.022297257876313,0.022297257876313,0.050082568807339,0.050082568807339,092ff6440ba52367b900849f38396771039917fdafcad50e5a9b3669a0a1a448,123987e83e0c130d2c882d078efd5b3ce6baee7163b10f60004bedc31ba0f298
mono-b360000-archer-knight,B-A,storm,vps/M-weather-preset-neutral,vps/M-weather-preset-storm,2a7e9b14ebf8dc6314c7cd99,fcb373064ce1b963b7fe526b,2000,359940,359700,0,0,5142,0,0,0,0,654,0,0,0,0,0,1,1,0,2289.009,2289.009,0,0,0.022297257876313,0.022297257876313,0.050082568807339,0.050082568807339,40e5890746cdbe0ba659fc1854a9e8c3218947407cf39f571ec0b4f63dfcca5c,b21e17f5edb87f809489339dd845f9505469e659eae3fde722cd7f33980c03dd
mono-b360000-soldier-spearman,A-B,thunderstorm,vps/M-weather-preset-neutral,vps/M-weather-preset-thunderstorm,2966d929c45d9acc4fbb91a1,045b23862392d4aa17d1509c,2000,360000,359940,36000,0,0,0,0,5142,0,0,0,0,0,0,0,13,13,0,13412.643,13412.643,0,0,0.032674027777778,0.032674027777778,0.049814080124465,0.049814080124465,7021d39476c082c69391aa7d9d107c8598ae66c5b1828c73e129c275542d42fb,873f76e321de425225fb397bd4b52a9cc5471a70c6c2d1350c202c8f8ec70025
mono-b360000-soldier-spearman,B-A,thunderstorm,vps/M-weather-preset-neutral,vps/M-weather-preset-thunderstorm,2966d929c45d9acc4fbb91a1,045b23862392d4aa17d1509c,2000,360000,359940,36000,0,0,0,0,5142,0,0,671,671,0.3355,0.3355,0,20,20,0,9898.754,9898.754,1386.0605,1386.0605,0.038085333333333,0.038085333333333,0.050128646441074,0.050128646441074,0a6998a19d108d4ea47989fe9c9346eb6b099ed85b399e3702e1d1add2785d07,2c8d2b30095419854e224ef321849d7f5e3496eef0b444c2a3ec26a02f1450fd
mono-b120000-knight-knight,A-B,thunderstorm,vps/M-weather-preset-neutral,vps/M-weather-preset-thunderstorm,9d120abae119d9be63a895bd,18c82aa6cf934bf388c54dc4,2000,119900,119900,0,0,0,218,0,0,0,218,963,0,0.4815,0,-0.4815,1,2,1,109.398,218,108.7785,218,0.050071100917431,0.050334862385321,0.049965596330275,0.049598623853211,9858c7ffa1a6a847079e50482789f9a042cfeb281ada503d2c73d74b65c9d985,5612ce586062ed94494c0e156ae40ce0482217b1ba8433982e9170ba136385fc
mono-b120000-knight-knight,B-A,thunderstorm,vps/M-weather-preset-neutral,vps/M-weather-preset-thunderstorm,9d120abae119d9be63a895bd,18c82aa6cf934bf388c54dc4,2000,119900,119900,0,0,0,218,0,0,0,218,1004,2000,0.502,1,0.498,1,2,1,109.398,218,108.7785,218,0.050071100917431,0.050334862385321,0.049965596330275,0.049598623853211,151989b8d1b1c0ca759fab7eaf3b152abc03724944a1ef9ad70118e7a90322e4,a5dbc1e909f51fb8f622bb5775fb46c98c9ac40d38c1f40c2192668b61b189d8
mono-b360000-knight-knight,A-B,thunderstorm,vps/M-weather-preset-neutral,vps/M-weather-preset-thunderstorm,548ad3149b35bdd498f1e720,1a017f6ebc5b320ed2919299,2000,359700,359700,0,0,0,654,0,0,0,654,986,0,0.493,0,-0.493,1,2,1,327.812,654,327.23,654,0.050105504587156,0.050091743119266,0.049980122324159,0.049916666666667,87844e416d861f5c9ead6ab9b78dcfb00006427ddc351bd0388c1eabd412ea8d,66559fc49a18a95d2f0add3a114041dea49d82f4803dd8cc236ba9121fe2abe9
mono-b360000-knight-knight,B-A,thunderstorm,vps/M-weather-preset-neutral,vps/M-weather-preset-thunderstorm,548ad3149b35bdd498f1e720,1a017f6ebc5b320ed2919299,2000,359700,359700,0,0,0,654,0,0,0,654,1003,2000,0.5015,1,0.4985,1,2,1,327.812,654,327.23,654,0.050105504587156,0.050091743119266,0.049980122324159,0.049916666666667,e137c8706ef5acd42c2d3113acb60f6a980b709cb9423e1758161e5fa6ce3ea3,da14dd1f0a76143619eea5982416ac3a1fd187ed7440827774fa185b830b4c8f
mono-b360000-spearman-spearman,A-B,thunderstorm,vps/M-weather-preset-neutral,vps/M-weather-preset-thunderstorm,634650feba46fde2e05f79ec,220b7c29e593fdeea0d86dc5,2000,359940,359940,0,5142,0,0,0,5142,0,0,0,0,0,0,0,7,7,0,2557.2425,2557.2425,0,0,0.049523531699728,0.049523531699728,0.043854045118631,0.043854045118631,2bc6219638d312265f5c45e3ff80bf6b75c9c3992211780b96db52997872da32,49dbaf03c4415e456e7dbc5034f8b7f0d533f13274d6ec34a993c2ca9961084f
mono-b360000-spearman-spearman,B-A,thunderstorm,vps/M-weather-preset-neutral,vps/M-weather-preset-thunderstorm,634650feba46fde2e05f79ec,220b7c29e593fdeea0d86dc5,2000,359940,359940,0,5142,0,0,0,5142,0,0,2000,2000,1,1,0,7,7,0,0,0,2558.4835,2558.4835,0.043788895371451,0.043788895371451,0.049585375340334,0.049585375340334,120c55e4f29e4d0105d6cc15c34f2d0b90e315f38cd4336b4554e662eda73d66,95abe35be5dd68201c6beaf2c5069ba6a069e69c11b448a2305fdfd0ba02718e
mono-b360000-soldier-soldier,A-B,thunderstorm,vps/M-weather-preset-neutral,vps/M-weather-preset-thunderstorm,a4f195db3fb8455cdeb742bf,2cf460230e061a653533387c,2000,360000,360000,36000,0,0,0,36000,0,0,0,975,975,0.4875,0.4875,0,20,20,0,4787.778,4787.778,4786.2715,4786.2715,0.039369263888889,0.039369263888889,0.03957375,0.03957375,587a0b6c8fbf92e9e393e63a374c6bdc95fc594470b7c8ee42ee3df5c4a6b8ef,273f52a07324fc268e9a6f0695acb11399b4d143569129544113ced6be9f22a4
mono-b360000-soldier-soldier,B-A,thunderstorm,vps/M-weather-preset-neutral,vps/M-weather-preset-thunderstorm,a4f195db3fb8455cdeb742bf,2cf460230e061a653533387c,2000,360000,360000,36000,0,0,0,36000,0,0,0,987,987,0.4935,0.4935,0,20,20,0,4787.778,4787.778,4786.2715,4786.2715,0.039423944444444,0.039423944444444,0.039519944444444,0.039519944444444,cab79020193af6f55744135f0197a1630e3c2215411e9bdd269a836e052ec646,fdcdd60a4d611766437ca91c71649d014b93ab7ed0797b27ce2ef9faea5d723f
mono-b120000-soldier-spearman,A-B,thunderstorm,vps/M-weather-preset-neutral,vps/M-weather-preset-thunderstorm,b629227e6f0d4b2bcee036e7,2d84a261941301a3188393c5,2000,120000,119980,12000,0,0,0,0,1714,0,0,0,0,0,0,0,13,13,0,4471.004,4471.004,0.0035,0.0035,0.032694083333333,0.032694083333333,0.049761960326721,0.049761960326721,e1e29aab7102365136b614a54a8aeb0bee449145f3bc465a205963f9f554f006,4054f34f0835e9da521838d52d3141a812409ddfac8a1c834c852e09efa5bac4
mono-b120000-soldier-spearman,B-A,thunderstorm,vps/M-weather-preset-neutral,vps/M-weather-preset-thunderstorm,b629227e6f0d4b2bcee036e7,2d84a261941301a3188393c5,2000,120000,119980,12000,0,0,0,0,1714,0,0,795,795,0.3975,0.3975,0,20,20,0,3299.9845,3299.9845,462.703,462.703,0.038560458333333,0.038560458333333,0.050139731621937,0.050139731621937,0c2b4bb54f68750a49827995ac5ca7c41b885ac68f663af9b71cf4658f802372,5b8b2c52e63e52a05d2d6323c088100f0ee6ec6d901ef52f6d7fac9cc426d315
mono-b360000-archer-knight,A-B,thunderstorm,vps/M-weather-preset-neutral,vps/M-weather-preset-thunderstorm,2a7e9b14ebf8dc6314c7cd99,3a6043af20d6a44f9e34a47f,2000,359940,359700,0,0,5142,0,0,0,0,654,0,0,0,0,0,1,1,0,2289.009,2289.009,0,0,0.022297257876313,0.022297257876313,0.050082568807339,0.050082568807339,092ff6440ba52367b900849f38396771039917fdafcad50e5a9b3669a0a1a448,d935d7ccc28319a3dd63d86383f17a6fd7147474643f070b029f559a2996c317
mono-b360000-archer-knight,B-A,thunderstorm,vps/M-weather-preset-neutral,vps/M-weather-preset-thunderstorm,2a7e9b14ebf8dc6314c7cd99,3a6043af20d6a44f9e34a47f,2000,359940,359700,0,0,5142,0,0,0,0,654,0,0,0,0,0,1,1,0,2289.009,2289.009,0,0,0.022297257876313,0.022297257876313,0.050082568807339,0.050082568807339,40e5890746cdbe0ba659fc1854a9e8c3218947407cf39f571ec0b4f63dfcca5c,32d311cf69bce4f2361f20830d7e9de0f81ffb7f7aa8c658fd704e31fa650b93
mono-b12000-archer-knight,A-B,thunderstorm,vps/M-weather-preset-neutral,vps/M-weather-preset-thunderstorm,24330e2350e98778d4491ee1,4888bd7bfab1defdad8516f4,2000,11970,11550,0,0,171,0,0,0,0,21,6,6,0.003,0.003,0,1.003,1.003,0,73.7485,73.7485,0.063,0.063,0.021663742690058,0.021663742690058,0.051,0.051,35be79c5c128b6e4343bfeefa1db2f2aeb0a0150c17aa99303e7622a603c351b,022d921f62274e67a822ff16701acfcebd3058c7d081fa15f33817a4148281fe
mono-b12000-archer-knight,B-A,thunderstorm,vps/M-weather-preset-neutral,vps/M-weather-preset-thunderstorm,24330e2350e98778d4491ee1,4888bd7bfab1defdad8516f4,2000,11970,11550,0,0,171,0,0,0,0,21,2,2,0.001,0.001,0,1.003,1.003,0,73.7485,73.7485,0.041,0.041,0.021663742690058,0.021663742690058,0.05102380952381,0.05102380952381,49d4b23c42e173b1bcdc7cd48f22932e3a82504dd30129431f21b83876d94cb2,9a47ee0968c4ffbcd0b415a4a70ebd3cde14f2c41ac2789519ddc22ce622305d
mono-b120000-spearman-knight,A-B,thunderstorm,vps/M-weather-preset-neutral,vps/M-weather-preset-thunderstorm,de02d3c5b8eaac1ec1619ae7,4b764b3132b411e9c29677c9,2000,119980,119900,0,1714,0,0,0,0,0,218,620,2000,0.31,1,0.69,3,3,0,809.241,150.4275,89.1425,188.607,0.043211493582264,0.041502625437573,0.049733944954128,0.05005504587156,ac0328d7e848fe34c754caa6b9c4b0ed2030d2e4d6fcccd1ed330988caf253df,69d5dbea26992663b206439dcd094ae54e9ece4b4b0773e635a26285e0032c91
mono-b120000-spearman-knight,B-A,thunderstorm,vps/M-weather-preset-neutral,vps/M-weather-preset-thunderstorm,de02d3c5b8eaac1ec1619ae7,4b764b3132b411e9c29677c9,2000,119980,119900,0,1714,0,0,0,0,0,218,2000,2000,1,1,0,2,2,0,339.2895,0,218,218,0.03468698949825,0.034630688448075,0.049598623853211,0.049598623853211,cdf02ca8a3da35cbdb52ea241c610d7fdc069d44ffd601725625d6de3e1c67e1,28d567541ba3faee579b56f8ab05efdeae9723f5d715f9d3da8c170e8173af32
mono-b120000-soldier-soldier,A-B,thunderstorm,vps/M-weather-preset-neutral,vps/M-weather-preset-thunderstorm,661a8ff748ea7a9cd091d244,5827dc34172023c006043304,2000,120000,120000,12000,0,0,0,12000,0,0,0,991,991,0.4955,0.4955,0,20,20,0,1595.908,1595.908,1595.5725,1595.5725,0.039481541666667,0.039481541666667,0.039521041666667,0.039521041666667,647ab88a83aa6f834990989ca24911ddf969595c4a5f5d85e2c151fdaebac92b,e3b119ee48697a8de1d2c00ca3e5fe09600f5fb99a3ceec8392bbde2a68e99fb
mono-b120000-soldier-soldier,B-A,thunderstorm,vps/M-weather-preset-neutral,vps/M-weather-preset-thunderstorm,661a8ff748ea7a9cd091d244,5827dc34172023c006043304,2000,120000,120000,12000,0,0,0,12000,0,0,0,997,997,0.4985,0.4985,0,20,20,0,1595.908,1595.908,1595.5725,1595.5725,0.039508041666667,0.039508041666667,0.039494,0.039494,cb5849664fb65ac00466aa61563a1f9baace77ad985b9c02a92e371cf45b1603,db85491728beb38c60b46bfe366c5756abffa35418412fd4ba27c03f3d0c0ca6
mono-b360000-spearman-knight,A-B,thunderstorm,vps/M-weather-preset-neutral,vps/M-weather-preset-thunderstorm,c74521cdf2ea33fab967be56,615b7d33ad4d281ea1c1d1f0,2000,359940,359700,0,5142,0,0,0,0,0,654,366,2000,0.183,1,0.817,3,3,0,2428.6265,452.4645,264.8825,571.723,0.043178626993388,0.041486970050564,0.050066513761468,0.049866972477064,7d7abac10e512ec2c70d5d25a59d0d144ba2b19ce4372cc4f09baf310123eafb,f5b88981b7f47df8340370e9752e4a7d86c1f269b70b09729f1190b698b897e9
mono-b360000-spearman-knight,B-A,thunderstorm,vps/M-weather-preset-neutral,vps/M-weather-preset-thunderstorm,c74521cdf2ea33fab967be56,615b7d33ad4d281ea1c1d1f0,2000,359940,359700,0,5142,0,0,0,0,0,654,2000,2000,1,1,0,2,2,0,1018.6605,0,654,654,0.034626507195644,0.03461474134578,0.049916666666667,0.049916666666667,75facca78d59da8acebf5520dc1aec84674008dca00e85ffe5137a6371d683bd,4a59aefc8c16b7b0c4487e9ab0024990c1820f7d85ec29868b546fffebe086a3
mono-b12000-archer-archer,A-B,thunderstorm,vps/M-weather-preset-neutral,vps/M-weather-preset-thunderstorm,792e7655a90072d5129119df,74157314e9ada3d15dd937db,2000,11970,11970,0,0,171,0,0,0,171,0,2000,2000,1,1,0,2.008,2.008,0,0.8695,0.8695,97.458,97.458,0.049804093567251,0.049804093567251,0.050380116959064,0.050380116959064,a5cef95da0740171d974b1b8238a058e26fade3fe8a8f09d6de3182d2fb25476,a421905e264ff0c10f75745aec7d50651f0e1359382c9704f2a41fe69efc41c2
mono-b12000-archer-archer,B-A,thunderstorm,vps/M-weather-preset-neutral,vps/M-weather-preset-thunderstorm,792e7655a90072d5129119df,74157314e9ada3d15dd937db,2000,11970,11970,0,0,171,0,0,0,171,0,0,0,0,0,0,2.0075,2.0075,0,97.39,97.39,0.8195,0.8195,0.050093567251462,0.050093567251462,0.050266081871345,0.050266081871345,22588da900fbea8c00b87d769132d035359f1c3deae9b763847a866d744b79ff,513d18502cce25d0d68bf657cfcaacc640e49d89539c8d26572c0c59948f9d7b
mono-b360000-soldier-knight,A-B,thunderstorm,vps/M-weather-preset-neutral,vps/M-weather-preset-thunderstorm,cb7b28b15b36471aafbe16d8,77f56ce3bb45a1626663627f,2000,360000,359700,36000,0,0,0,0,0,0,654,0,0,0,0,0,6,6,0,13734.0145,13734.0145,0.881,0.881,0.019087388888889,0.019087388888889,0.050131498470948,0.050131498470948,4970d1f6b5265fad201517f3825ff40d79aa8b20306bc545f88c8e11a313708e,e689a3de88e43833b36061a028cde9e5a4f23247b2afb2cdc6e472ffa69cd308
mono-b360000-soldier-knight,B-A,thunderstorm,vps/M-weather-preset-neutral,vps/M-weather-preset-thunderstorm,cb7b28b15b36471aafbe16d8,77f56ce3bb45a1626663627f,2000,360000,359700,36000,0,0,0,0,0,0,654,0,0,0,0,0,6,6,0,13734.0145,13734.0145,0.881,0.881,0.019087388888889,0.019087388888889,0.050131498470948,0.050131498470948,0243eeadabcc14bc5e95fa1b391f9a0fbfc6c55db116c0e75d961227e7785c42,0761061004492e58cce62fe8016781a024a19d657fae965bcdb5e4ca28b26281
mono-b12000-spearman-archer,A-B,thunderstorm,vps/M-weather-preset-neutral,vps/M-weather-preset-thunderstorm,77059b09796261ce58324267,787bc4b90ce0ec627ec59db8,2000,11970,11970,0,171,0,0,0,0,171,0,197,197,0.0985,0.0985,0,6.973,6.973,0,110.3685,110.3685,78.1895,78.1895,0.050269005847953,0.050269005847953,0.049877192982456,0.049877192982456,4227f054b87e527b1d1b0274ed1998e330c5df10704580221a9b575b4a8798c6,ebe55037368d32e9cc0baa39612daf8ddd9007be1592654a8711aff83a770dec
mono-b12000-spearman-archer,B-A,thunderstorm,vps/M-weather-preset-neutral,vps/M-weather-preset-thunderstorm,77059b09796261ce58324267,787bc4b90ce0ec627ec59db8,2000,11970,11970,0,171,0,0,0,0,171,0,2000,2000,1,1,0,3.999,3.999,0,0.059,0.059,93.5465,93.5465,0.049997076023392,0.049997076023392,0.049324561403509,0.049324561403509,ed29d7971438fc1a049999694ca61a2424e52dc6124815c6cadb6b6c1daaffd8,169cf51a7f055d726943b75772748d31801dfab102dff346e8bb0a7bdc33c9a1
mono-b360000-archer-archer,A-B,thunderstorm,vps/M-weather-preset-neutral,vps/M-weather-preset-thunderstorm,c2e29032f857ef1e13a7572f,7e1e54e6c09376628068b922,2000,359940,359940,0,0,5142,0,0,0,5142,0,2000,2000,1,1,0,2,2,0,0,0,2891.326,2891.326,0.050010987942435,0.050010987942435,0.050044437961883,0.050044437961883,ee9e20890d11662504f7fe1e38034c18b966e01cd6c9e5396948c62e4ef00edc,709f06880712ffa794ed3cbf05bb28565846ae567f17588a4599d6b07add544c
mono-b360000-archer-archer,B-A,thunderstorm,vps/M-weather-preset-neutral,vps/M-weather-preset-thunderstorm,c2e29032f857ef1e13a7572f,7e1e54e6c09376628068b922,2000,359940,359940,0,0,5142,0,0,0,5142,0,0,0,0,0,0,2,2,0,2891.325,2891.325,0,0,0.050032866588876,0.050032866588876,0.05005455075846,0.05005455075846,6716753b8e8b76b4a64e3b17a97ed8046605bed1f7d8159437110a4c2a02ffa9,d1974d99a177afdb02c0543f862cc4685e7387eb7542f8b6e2cf28271ae21419
mono-b120000-archer-knight,A-B,thunderstorm,vps/M-weather-preset-neutral,vps/M-weather-preset-thunderstorm,d57e878bd7d93557ed0eafe5,875b1a7d9da8a3f8589d70a8,2000,119980,119900,0,0,1714,0,0,0,0,218,0,0,0,0,0,1,1,0,762.9905,762.9905,0,0,0.022257001166861,0.022257001166861,0.050036697247706,0.050036697247706,4597ad24b5a2e47b6a7dce9496a9b6f4b1f246dce33a40845b0982a200fb8806,787439c44429f02fffe602c9ffb2463bdcdd076ac7e7d8fcec7b8321b9f30a75
mono-b120000-archer-knight,B-A,thunderstorm,vps/M-weather-preset-neutral,vps/M-weather-preset-thunderstorm,d57e878bd7d93557ed0eafe5,875b1a7d9da8a3f8589d70a8,2000,119980,119900,0,0,1714,0,0,0,0,218,0,0,0,0,0,1,1,0,762.9905,762.9905,0,0,0.022257001166861,0.022257001166861,0.050036697247706,0.050036697247706,7c1e87a0769464bd834f5d84f3fd33eaf9071aabdb90673a4cec8f5b7383d2cf,cacdc5d0dcd13742dd9ad049678636d474a195d5c304f38aaefcec5af016073c
mono-b12000-soldier-spearman,A-B,thunderstorm,vps/M-weather-preset-neutral,vps/M-weather-preset-thunderstorm,f822d4aff4a7641ffc78118c,96dd4477f39f9b403c442654,2000,12000,11970,1200,0,0,0,0,171,0,0,0,0,0,0,0,13.038,13.038,0,447.59,447.59,0.0385,0.0385,0.032676666666667,0.032676666666667,0.04977485380117,0.04977485380117,2a1d1503a117713d05836a468b6a0d0d39d7d08702d9ca68ffe56c89d6f08704,1e1b984d4c1b135811307cef3e25b3b53f878fdb2223ca136505b87bd7b7c25d
mono-b12000-soldier-spearman,B-A,thunderstorm,vps/M-weather-preset-neutral,vps/M-weather-preset-thunderstorm,f822d4aff4a7641ffc78118c,96dd4477f39f9b403c442654,2000,12000,11970,1200,0,0,0,0,171,0,0,1009,1009,0.5045,0.5045,0,19.9985,19.9985,0,328.353,328.353,47.3695,47.3695,0.039314166666667,0.039314166666667,0.050271929824561,0.050271929824561,cdd056f355bfd3009ca6798847f425d092b2fa95fee94cbb9f1b9d30918fd936,8e4f171f02f70b1c3dc9451f824ca5a56554e4fe4c6e8e26d84e00055171f7b2
mono-b120000-spearman-spearman,A-B,thunderstorm,vps/M-weather-preset-neutral,vps/M-weather-preset-thunderstorm,736dc0caf9128d35c68047d9,9b5ecd260eae50c32aee8711,2000,119980,119980,0,1714,0,0,0,1714,0,0,0,0,0,0,0,7,7,0,852.6135,852.6135,0,0,0.04956796966161,0.04956796966161,0.043772753792299,0.043772753792299,58cd7ae8deb38800a7970576196ee8f591af45338dcec1590dcfba297fa69701,a6e6558ffa12ce7950a5beb6be44eed87c94edaa7ed755e9ee3fa08e1a9ecb23
mono-b120000-spearman-spearman,B-A,thunderstorm,vps/M-weather-preset-neutral,vps/M-weather-preset-thunderstorm,736dc0caf9128d35c68047d9,9b5ecd260eae50c32aee8711,2000,119980,119980,0,1714,0,0,0,1714,0,0,2000,2000,1,1,0,7,7,0,0,0,853.05,853.05,0.043873978996499,0.043873978996499,0.049586056009335,0.049586056009335,71c1edf0b3076609f0d5f6632549a6592128c1a272b42a58354f9fb187b4a370,19e2cb7c83e0b449bf2ae1a8de83310fadaf887591fa65f40aa396c358e5f360
mono-b120000-soldier-archer,A-B,thunderstorm,vps/M-weather-preset-neutral,vps/M-weather-preset-thunderstorm,b77254a0a10468b633ab0eab,abcf6155a31fe921e7bdb545,2000,120000,119980,12000,0,0,0,0,0,1714,0,0,0,0,0,0,8,8,0,4527.6625,4527.6625,282.31,282.31,0.039618666666667,0.039618666666667,0.049912777129522,0.049912777129522,a5bb96235bf6f9a76b769ff737d8e922df94b0a52f749525853085cd022bf3ef,c643c7089a4eec357018844e0df2da98846389a6078d3c1d6662d36e5ad3c6e2
mono-b120000-soldier-archer,B-A,thunderstorm,vps/M-weather-preset-neutral,vps/M-weather-preset-thunderstorm,b77254a0a10468b633ab0eab,abcf6155a31fe921e7bdb545,2000,120000,119980,12000,0,0,0,0,0,1714,0,0,0,0,0,0,5,5,0,5247.1365,5247.1365,0,0,0.036187291666667,0.036187291666667,0.046836639439907,0.046836639439907,8a5fbdbf1b558dc200eab97d67343355792afdf24d5bbb0e91f754b86f3a02ef,06dab8d839c10a1405f1fd30fbf790e009b3079707b535d8b2b19554de398342
mono-b12000-soldier-soldier,A-B,thunderstorm,vps/M-weather-preset-neutral,vps/M-weather-preset-thunderstorm,fb6f2352b28b313d79cdc77b,ac8db9c22ad9347a06df6172,2000,12000,12000,1200,0,0,0,1200,0,0,0,961,961,0.4805,0.4805,0,20,20,0,159.737,159.737,159.5675,159.5675,0.0394925,0.0394925,0.039681666666667,0.039681666666667,6d407622c60b016795f97c89a6a5574696df9124c61c66dd231ce4e7c7aa2393,e6617ae36b23dbd039f92602b2522552318bf9493c8a4ec39d4cf71c63e51838
mono-b12000-soldier-soldier,B-A,thunderstorm,vps/M-weather-preset-neutral,vps/M-weather-preset-thunderstorm,fb6f2352b28b313d79cdc77b,ac8db9c22ad9347a06df6172,2000,12000,12000,1200,0,0,0,1200,0,0,0,1005,1005,0.5025,0.5025,0,20,20,0,159.737,159.737,159.5675,159.5675,0.039685416666667,0.039685416666667,0.039483333333333,0.039483333333333,5b40b5d08240a3cb41ac0662b746bf7848264fd5d59a18b9cccd174e1c8a970f,d0a33f8cf58885b140bf4f217941706762b860bda58954cc4bd17aa95c3af3db
mono-b12000-spearman-spearman,A-B,thunderstorm,vps/M-weather-preset-neutral,vps/M-weather-preset-thunderstorm,bbcd553bc7a16c61d281ba73,af178fadeaddf7fed2d60b33,2000,11970,11970,0,171,0,0,0,171,0,0,0,0,0,0,0,6.9895,6.9895,0,84.766,84.766,0.0005,0.0005,0.049862573099415,0.049862573099415,0.043921052631579,0.043921052631579,85f859f840726422ec7d710e5557c9d3b6715fd7fc74bfe34607d4d92c94e777,7bb0dbc8396d5264b774fcd08d47e9ff3a61d980ae8646d1a4af5292e54d50c9
mono-b12000-spearman-spearman,B-A,thunderstorm,vps/M-weather-preset-neutral,vps/M-weather-preset-thunderstorm,bbcd553bc7a16c61d281ba73,af178fadeaddf7fed2d60b33,2000,11970,11970,0,171,0,0,0,171,0,0,2000,2000,1,1,0,6.994,6.994,0,0.0005,0.0005,85.124,85.124,0.04390350877193,0.04390350877193,0.049608187134503,0.049608187134503,03908c0fa4ced8ca60a7e0fb3a0f39260e015950626c7db85dad0402f2d3619e,146f3c4df09e0ef8780c2b9ed6ab3b968c4cb2eaf45ed0b4455848783feb82bf
mono-b12000-soldier-archer,A-B,thunderstorm,vps/M-weather-preset-neutral,vps/M-weather-preset-thunderstorm,82fe7cea859b89eeeb66053b,b50ffe3a4d059a3c59e3228c,2000,12000,11970,1200,0,0,0,0,0,171,0,18,18,0.009,0.009,0,8.0845,8.0845,0,459.804,459.804,31.169,31.169,0.039724166666667,0.039724166666667,0.049982456140351,0.049982456140351,00f252d5722657943a4cb0718ce0da7e8a4611896fa35ea5621c1322e14ef866,6eb7662122943909759e64e592f46fc2ac2f130b394dd331dd052acf2c239ff3
mono-b12000-soldier-archer,B-A,thunderstorm,vps/M-weather-preset-neutral,vps/M-weather-preset-thunderstorm,82fe7cea859b89eeeb66053b,b50ffe3a4d059a3c59e3228c,2000,12000,11970,1200,0,0,0,0,0,171,0,0,0,0,0,0,5,5,0,522.2335,522.2335,0,0,0.0360275,0.0360275,0.047204678362573,0.047204678362573,9000dde07f557a8d66b3ea4000e55211bbd45f04e3469db5cbc747249d14ba6c,a2ce426ed2ba125f40d204a650f53d96c371c79ec02c7fc9d31c32586bccc08b
mono-b120000-spearman-archer,A-B,thunderstorm,vps/M-weather-preset-neutral,vps/M-weather-preset-thunderstorm,fc99451412d760a76f235ab5,c96811baaed4c25b701aad65,2000,119980,119980,0,1714,0,0,0,0,1714,0,0,0,0,0,0,7,7,0,1117.74,1117.74,790.8055,790.8055,0.050101516919487,0.050101516919487,0.049973745624271,0.049973745624271,54b8eb5652e7a14e2d23dbf5a122ee8f8758e3e126c18b1c2077bfe200269275,f916182a8404d6a8514220c2f4f1bb1501da6d7c53e05be3118d3e8f7a0157cf
mono-b120000-spearman-archer,B-A,thunderstorm,vps/M-weather-preset-neutral,vps/M-weather-preset-thunderstorm,fc99451412d760a76f235ab5,c96811baaed4c25b701aad65,2000,119980,119980,0,1714,0,0,0,0,1714,0,2000,2000,1,1,0,4,4,0,0,0,936.737,936.737,0.05003821470245,0.05003821470245,0.049391773628938,0.049391773628938,078641e562821c4012d1a24d08878af3f97f45aea622350727a2eb5edcbd524c,16815544c32751732cbbc45ce7f5ad4e2fe1715a15de39a141be8440fdf03ea2
mono-b360000-soldier-archer,A-B,thunderstorm,vps/M-weather-preset-neutral,vps/M-weather-preset-thunderstorm,9802772d7860e32c1eb45bbc,cdde7b32e9862a79a9590451,2000,360000,359940,36000,0,0,0,0,0,5142,0,0,0,0,0,0,8,8,0,13585.641,13585.641,847.792,847.792,0.039586,0.039586,0.049883605600933,0.049883605600933,3d79ed5983c89d0022c51a128734a7b36a8941c07b48f432dd6f260a0059cec7,d8a8b72df77310cf4ee1df4be6f9cfc677156e34bd4331dcf0d196e68e51edef
mono-b360000-soldier-archer,B-A,thunderstorm,vps/M-weather-preset-neutral,vps/M-weather-preset-thunderstorm,9802772d7860e32c1eb45bbc,cdde7b32e9862a79a9590451,2000,360000,359940,36000,0,0,0,0,0,5142,0,0,0,0,0,0,5,5,0,15743.9995,15743.9995,0,0,0.036148791666667,0.036148791666667,0.046806009334889,0.046806009334889,b539cabaf72f26f266d867628052db7ffc7cfa333da902e943ce8bd34a752c17,d56f2bee7016814f0ec9592795480e62182f125215822d4037a4240761361d54
mono-b360000-spearman-archer,A-B,thunderstorm,vps/M-weather-preset-neutral,vps/M-weather-preset-thunderstorm,2e59189e632a58366296928a,d28ca91f31ff31ca7caea804,2000,359940,359940,0,5142,0,0,0,0,5142,0,0,0,0,0,0,7,7,0,3349.5485,3349.5485,2371.3945,2371.3945,0.050049397121743,0.050049397121743,0.049997082847141,0.049997082847141,d008a6c4cea3edb58d3e49bd4fe6a9dc06177f8442e6495e138e98d884af187e,2d76561a47a6e7785281e018aa512946b5b3cbc2157ae3031a0c6769e67fdd4e
mono-b360000-spearman-archer,B-A,thunderstorm,vps/M-weather-preset-neutral,vps/M-weather-preset-thunderstorm,2e59189e632a58366296928a,d28ca91f31ff31ca7caea804,2000,359940,359940,0,5142,0,0,0,0,5142,0,2000,2000,1,1,0,4,4,0,0,0,2810.717,2810.717,0.050006417736289,0.050006417736289,0.049295702061455,0.049295702061455,bcbc877f0cf8b1db3ca6328cc8d75854e56dc0b5735561ddaff5ce14c2a229f6,293d727f79b234f7b08478880a1377285655dd5320f2bd9588ac76622c261a86
mono-b12000-spearman-knight,A-B,thunderstorm,vps/M-weather-preset-neutral,vps/M-weather-preset-thunderstorm,37ac5d1a6b11bd111d215af5,dca3ae8efbcec13878091e8c,2000,11970,11550,0,171,0,0,0,0,0,21,1554,2000,0.777,1,0.223,3.002,3.0115,0.0095000000000001,75.4865,13.675,13.732,19.582,0.042640350877193,0.040885964912281,0.0505,0.050761904761905,b965633c898c10ac48cc0b945d886ca291a7c3df9f2bc8fbbd6924891bba8756,13122916d6857e5acf212394713a4c4652171fd795de2f3d947228a8fe6caece
mono-b12000-spearman-knight,B-A,thunderstorm,vps/M-weather-preset-neutral,vps/M-weather-preset-thunderstorm,37ac5d1a6b11bd111d215af5,dca3ae8efbcec13878091e8c,2000,11970,11550,0,171,0,0,0,0,0,21,2000,2000,1,1,0,2,2,0,31.4585,0,21,21,0.033719298245614,0.033830409356725,0.0505,0.0505,04d26513bee41f8de98ab49cd97c992b3a0017b0ad91dc428f6066f007ce270c,99d35abf84fa631b90ffdeaafc0c5a356bc40a32ebc6b17ffff632285d835e77
mono-b12000-soldier-knight,A-B,thunderstorm,vps/M-weather-preset-neutral,vps/M-weather-preset-thunderstorm,888c243346a2fc2822e1a949,dd67d01f926cab75f40924de,2000,12000,11550,1200,0,0,0,0,0,0,21,204,204,0.102,0.102,0,6.037,6.037,0,442.797,442.797,2.8075,2.8075,0.018445,0.018445,0.051547619047619,0.051547619047619,9ca322cb96477f8f2d6b2e7673307285a8c1ac1a2124cfb6ddfbf09efb0d4075,2fb8dbf872a2248b0960f662515ea34ab43f68e36b56774fced8ddeead3e1250
mono-b12000-soldier-knight,B-A,thunderstorm,vps/M-weather-preset-neutral,vps/M-weather-preset-thunderstorm,888c243346a2fc2822e1a949,dd67d01f926cab75f40924de,2000,12000,11550,1200,0,0,0,0,0,0,21,204,204,0.102,0.102,0,6.037,6.037,0,442.797,442.797,2.8075,2.8075,0.018445,0.018445,0.051547619047619,0.051547619047619,0ef488184d72f1f098ab6566fb80c72140d7078400dd1a9587141fe8b34a13ec,be1b8956e048eaca661821aba0575984f6399330c980d29dac6a5503c1bc21f7
mono-b120000-archer-archer,A-B,thunderstorm,vps/M-weather-preset-neutral,vps/M-weather-preset-thunderstorm,c0d6109c05e457458b0bda00,dff7eb23db0c26cecb5a8f3f,2000,119980,119980,0,0,1714,0,0,0,1714,0,2000,2000,1,1,0,2,2,0,0,0,963.358,963.358,0.050003208868145,0.050003208868145,0.050086931155193,0.050086931155193,6b4a529fbc125b23882833e0aed634bec1b5f0b2174c3e7ece269e3168b0f82f,96565199449efd8e3d31d27c07cd7850f9fd2dc6e957f9a847349e1286160b59
mono-b120000-archer-archer,B-A,thunderstorm,vps/M-weather-preset-neutral,vps/M-weather-preset-thunderstorm,c0d6109c05e457458b0bda00,dff7eb23db0c26cecb5a8f3f,2000,119980,119980,0,0,1714,0,0,0,1714,0,0,0,0,0,0,2,2,0,963.591,963.591,0,0,0.050052508751459,0.050052508751459,0.050048424737456,0.050048424737456,7e4672019367fb02f1f4413e94829b3f5c23d2fa9d1ba5802105a04a62fdf6a1,3e5a7b2009230c99e0f66ebe7cabaf4ce3c98ef4f7273e8c1302d0d8523dff77
mono-b120000-soldier-knight,A-B,thunderstorm,vps/M-weather-preset-neutral,vps/M-weather-preset-thunderstorm,6b6e99381358a325560d60d8,f40a1e5f313ce97b5bbefd22,2000,120000,119900,12000,0,0,0,0,0,0,218,0,0,0,0,0,6,6,0,4578.001,4578.001,0.805,0.805,0.019100375,0.019100375,0.050082568807339,0.050082568807339,f5eaa97da71df5298d7c5b30554bec43da7311247b6bf61d3299b38dd99ce886,a3b02a2cb89d9301500017ed29ce2354e739a25fa5d711053869c2458b30ee69
mono-b120000-soldier-knight,B-A,thunderstorm,vps/M-weather-preset-neutral,vps/M-weather-preset-thunderstorm,6b6e99381358a325560d60d8,f40a1e5f313ce97b5bbefd22,2000,120000,119900,12000,0,0,0,0,0,0,218,0,0,0,0,0,6,6,0,4578.001,4578.001,0.805,0.805,0.019100375,0.019100375,0.050082568807339,0.050082568807339,6a49a491a5ff72a4b8db0cc1fcd37742813f1f1a76d4b11bb02af21e20d1e1ce,bb437dec6d1e2a93e49bd27715f0a1b47e1c5badb78859d55b41da5f9e9ef5ef
mono-b12000-knight-knight,A-B,thunderstorm,vps/M-weather-preset-neutral,vps/M-weather-preset-thunderstorm,756c9af6c88c309d75372f93,ffb0afc99c500ff8bfb38481,2000,11550,11550,0,0,0,21,0,0,0,21,871,0,0.4355,0,-0.4355,1.0655,2,0.9345,11.595,21,11.589,21,0.049071428571429,0.05052380952381,0.050714285714286,0.0505,1178f1206facb99d474deb6896610eb381b51065a110d670b64abf6c01184760,73231e4b570fce051a69cb4697c7ff6d265affa491d969224e4f7401c191590c
mono-b12000-knight-knight,B-A,thunderstorm,vps/M-weather-preset-neutral,vps/M-weather-preset-thunderstorm,756c9af6c88c309d75372f93,ffb0afc99c500ff8bfb38481,2000,11550,11550,0,0,0,21,0,0,0,21,1131,2000,0.5655,1,0.4345,1.0655,2,0.9345,11.595,21,11.589,21,0.049071428571429,0.05052380952381,0.050714285714286,0.0505,db8d3921ad4c7ffbcfdfcbf53d72da2e8c438f83b03f5de5e5b8aab344978ab5,96a6996996c12ac2121ce407fd6fbbc2baea771208a3229186c553516e420e61
mono-b12000-soldier-archer,A-B,wind,vps/M-weather-preset-neutral,vps/M-weather-preset-wind,82fe7cea859b89eeeb66053b,1ebc814589723be95134e519,2000,12000,11970,1200,0,0,0,0,0,171,0,18,1427,0.009,0.7135,0.7045,8.0845,9.145,1.0605,459.804,428.7645,31.169,68.565,0.039724166666667,0.043664166666667,0.049982456140351,0.049959064327485,00f252d5722657943a4cb0718ce0da7e8a4611896fa35ea5621c1322e14ef866,2fa4e19f4b318218f40616fed215ee50070ded8572efcf994cdadafb313dfa56
mono-b12000-soldier-archer,B-A,wind,vps/M-weather-preset-neutral,vps/M-weather-preset-wind,82fe7cea859b89eeeb66053b,1ebc814589723be95134e519,2000,12000,11970,1200,0,0,0,0,0,171,0,0,0,0,0,0,5,5.6335,0.6335,522.2335,514.9645,0,0.0015,0.0360275,0.0355675,0.047204678362573,0.048266081871345,9000dde07f557a8d66b3ea4000e55211bbd45f04e3469db5cbc747249d14ba6c,5b74786a3a7463627b8c4cd9a4ac4a6523ecaac3ae8e809b5470f8e82101b7f9
mono-b120000-soldier-archer,A-B,wind,vps/M-weather-preset-neutral,vps/M-weather-preset-wind,b77254a0a10468b633ab0eab,26f5e033be752794dbdd86a5,2000,120000,119980,12000,0,0,0,0,0,1714,0,0,1554,0,0.777,0.777,8,9.0915,1.0915,4527.6625,4271.365,282.31,654.821,0.039618666666667,0.044062166666667,0.049912777129522,0.050014002333722,a5bb96235bf6f9a76b769ff737d8e922df94b0a52f749525853085cd022bf3ef,49717df03de12815ce03ad95b91d4b25d19ebc8a4dcc2f95841d9a0cd2ff9bbd
mono-b120000-soldier-archer,B-A,wind,vps/M-weather-preset-neutral,vps/M-weather-preset-wind,b77254a0a10468b633ab0eab,26f5e033be752794dbdd86a5,2000,120000,119980,12000,0,0,0,0,0,1714,0,0,0,0,0,0,5,5.7825,0.7825,5247.1365,5413.967,0,0,0.036187291666667,0.03637525,0.046836639439907,0.048140023337223,8a5fbdbf1b558dc200eab97d67343355792afdf24d5bbb0e91f754b86f3a02ef,2a9ff149fb742bb75111208b3256ac1ce52fac94bbfa74f0fdd06ed631c20a5a
mono-b360000-soldier-knight,A-B,wind,vps/M-weather-preset-neutral,vps/M-weather-preset-wind,cb7b28b15b36471aafbe16d8,29aac58a54d69bdbee0a5cd1,2000,360000,359700,36000,0,0,0,0,0,0,654,0,0,0,0,0,6,6,0,13734.0145,13734.0145,0.881,0.881,0.019087388888889,0.019087388888889,0.050131498470948,0.050131498470948,4970d1f6b5265fad201517f3825ff40d79aa8b20306bc545f88c8e11a313708e,962d82d85ac1e6bb401e7df79bf217f5bb27b9ad0d2cf910b3568422ae6d44e6
mono-b360000-soldier-knight,B-A,wind,vps/M-weather-preset-neutral,vps/M-weather-preset-wind,cb7b28b15b36471aafbe16d8,29aac58a54d69bdbee0a5cd1,2000,360000,359700,36000,0,0,0,0,0,0,654,0,0,0,0,0,6,6,0,13734.0145,13734.0145,0.881,0.881,0.019087388888889,0.019087388888889,0.050131498470948,0.050131498470948,0243eeadabcc14bc5e95fa1b391f9a0fbfc6c55db116c0e75d961227e7785c42,ae5ab8825ed2e98ec5963300bd9f6cdf15903bf659875a27944aaae1c5bebdd9
mono-b12000-soldier-spearman,A-B,wind,vps/M-weather-preset-neutral,vps/M-weather-preset-wind,f822d4aff4a7641ffc78118c,36e84df69fed26307825f4d3,2000,12000,11970,1200,0,0,0,0,171,0,0,0,0,0,0,0,13.038,13.038,0,447.59,447.59,0.0385,0.0385,0.032676666666667,0.032676666666667,0.04977485380117,0.04977485380117,2a1d1503a117713d05836a468b6a0d0d39d7d08702d9ca68ffe56c89d6f08704,3cf668ddfea55d23207e6d42b989ddfea168c02b7579382eaee60af624854048
mono-b12000-soldier-spearman,B-A,wind,vps/M-weather-preset-neutral,vps/M-weather-preset-wind,f822d4aff4a7641ffc78118c,36e84df69fed26307825f4d3,2000,12000,11970,1200,0,0,0,0,171,0,0,1009,1009,0.5045,0.5045,0,19.9985,19.9985,0,328.353,328.353,47.3695,47.3695,0.039314166666667,0.039314166666667,0.050271929824561,0.050271929824561,cdd056f355bfd3009ca6798847f425d092b2fa95fee94cbb9f1b9d30918fd936,2c53fba68169ad58c440c13828f8b3aff46556d76eaf6f3b88d4e89f86ba979a
mono-b12000-knight-knight,A-B,wind,vps/M-weather-preset-neutral,vps/M-weather-preset-wind,756c9af6c88c309d75372f93,36eb2e4939e74d2414f1860c,2000,11550,11550,0,0,0,21,0,0,0,21,871,871,0.4355,0.4355,0,1.0655,1.0655,0,11.595,11.595,11.589,11.589,0.049071428571429,0.049071428571429,0.050714285714286,0.050714285714286,1178f1206facb99d474deb6896610eb381b51065a110d670b64abf6c01184760,4547b04f8833fbeffc5706bd2e2cfef276c26658081f24db3fdfe229a9ca43be
mono-b12000-knight-knight,B-A,wind,vps/M-weather-preset-neutral,vps/M-weather-preset-wind,756c9af6c88c309d75372f93,36eb2e4939e74d2414f1860c,2000,11550,11550,0,0,0,21,0,0,0,21,1131,1131,0.5655,0.5655,0,1.0655,1.0655,0,11.595,11.595,11.589,11.589,0.049071428571429,0.049071428571429,0.050714285714286,0.050714285714286,db8d3921ad4c7ffbcfdfcbf53d72da2e8c438f83b03f5de5e5b8aab344978ab5,22ade7b4c428549a258a272b3c864f6559ef669023541f0f74cd4910ce65cd2b
mono-b360000-soldier-spearman,A-B,wind,vps/M-weather-preset-neutral,vps/M-weather-preset-wind,2966d929c45d9acc4fbb91a1,3d933d8ff24eb9bf814e8650,2000,360000,359940,36000,0,0,0,0,5142,0,0,0,0,0,0,0,13,13,0,13412.643,13412.643,0,0,0.032674027777778,0.032674027777778,0.049814080124465,0.049814080124465,7021d39476c082c69391aa7d9d107c8598ae66c5b1828c73e129c275542d42fb,8b80ee633db37e5f204006c81545cd155cd33192877f6c2beee0b92a02c5e6e0
mono-b360000-soldier-spearman,B-A,wind,vps/M-weather-preset-neutral,vps/M-weather-preset-wind,2966d929c45d9acc4fbb91a1,3d933d8ff24eb9bf814e8650,2000,360000,359940,36000,0,0,0,0,5142,0,0,671,671,0.3355,0.3355,0,20,20,0,9898.754,9898.754,1386.0605,1386.0605,0.038085333333333,0.038085333333333,0.050128646441074,0.050128646441074,0a6998a19d108d4ea47989fe9c9346eb6b099ed85b399e3702e1d1add2785d07,d82fac474c2f1bc95aef7a02b682319407bf9f71a2cf640dac432403a967e9d9
mono-b120000-spearman-spearman,A-B,wind,vps/M-weather-preset-neutral,vps/M-weather-preset-wind,736dc0caf9128d35c68047d9,42ff2ba9c1a9b4c4274252c5,2000,119980,119980,0,1714,0,0,0,1714,0,0,0,0,0,0,0,7,7,0,852.6135,852.6135,0,0,0.04956796966161,0.04956796966161,0.043772753792299,0.043772753792299,58cd7ae8deb38800a7970576196ee8f591af45338dcec1590dcfba297fa69701,bb8a62e13026278b852021bcf305b2def62119306fe23a4627920b65c7432b57
mono-b120000-spearman-spearman,B-A,wind,vps/M-weather-preset-neutral,vps/M-weather-preset-wind,736dc0caf9128d35c68047d9,42ff2ba9c1a9b4c4274252c5,2000,119980,119980,0,1714,0,0,0,1714,0,0,2000,2000,1,1,0,7,7,0,0,0,853.05,853.05,0.043873978996499,0.043873978996499,0.049586056009335,0.049586056009335,71c1edf0b3076609f0d5f6632549a6592128c1a272b42a58354f9fb187b4a370,cf408d0cc52b2afe20b0bf24bfa7ac550eaacd4e1c881d7ebd96a892dad23986
mono-b120000-archer-knight,A-B,wind,vps/M-weather-preset-neutral,vps/M-weather-preset-wind,d57e878bd7d93557ed0eafe5,49eea3adac46ab91a42e57d1,2000,119980,119900,0,0,1714,0,0,0,0,218,0,0,0,0,0,1,1,0,762.9905,762.9905,0,0,0.022257001166861,0.022257001166861,0.050036697247706,0.050036697247706,4597ad24b5a2e47b6a7dce9496a9b6f4b1f246dce33a40845b0982a200fb8806,1e54d27162ac6a2a274721ae8c4c255e37a0a816e88e124f66f14749c766b33a
mono-b120000-archer-knight,B-A,wind,vps/M-weather-preset-neutral,vps/M-weather-preset-wind,d57e878bd7d93557ed0eafe5,49eea3adac46ab91a42e57d1,2000,119980,119900,0,0,1714,0,0,0,0,218,0,0,0,0,0,1,1,0,762.9905,762.9905,0,0,0.022257001166861,0.022257001166861,0.050036697247706,0.050036697247706,7c1e87a0769464bd834f5d84f3fd33eaf9071aabdb90673a4cec8f5b7383d2cf,19d36f0b83e6d6062519b9718114228cdc2b2aa4abf77618665ed3cd4495237e
mono-b120000-spearman-knight,A-B,wind,vps/M-weather-preset-neutral,vps/M-weather-preset-wind,de02d3c5b8eaac1ec1619ae7,49f63addb58cf6821d2f6bf1,2000,119980,119900,0,1714,0,0,0,0,0,218,620,620,0.31,0.31,0,3,3,0,809.241,809.241,89.1425,89.1425,0.043211493582264,0.043211493582264,0.049733944954128,0.049733944954128,ac0328d7e848fe34c754caa6b9c4b0ed2030d2e4d6fcccd1ed330988caf253df,f6a84c8ab299d19415724c2a8063f940dbe69a51610a3b97da0906808f06c17c
mono-b120000-spearman-knight,B-A,wind,vps/M-weather-preset-neutral,vps/M-weather-preset-wind,de02d3c5b8eaac1ec1619ae7,49f63addb58cf6821d2f6bf1,2000,119980,119900,0,1714,0,0,0,0,0,218,2000,2000,1,1,0,2,2,0,339.2895,339.2895,218,218,0.03468698949825,0.03468698949825,0.049598623853211,0.049598623853211,cdf02ca8a3da35cbdb52ea241c610d7fdc069d44ffd601725625d6de3e1c67e1,7898a23bc414c94118fdf97da2176d15639ecb80f694a994d698b58151cae26c
mono-b120000-soldier-knight,A-B,wind,vps/M-weather-preset-neutral,vps/M-weather-preset-wind,6b6e99381358a325560d60d8,4ed85661ec713a4bb7ca8fbd,2000,120000,119900,12000,0,0,0,0,0,0,218,0,0,0,0,0,6,6,0,4578.001,4578.001,0.805,0.805,0.019100375,0.019100375,0.050082568807339,0.050082568807339,f5eaa97da71df5298d7c5b30554bec43da7311247b6bf61d3299b38dd99ce886,413f612b46371a0a7bac4a3a55729ee317a7830d3f95f127cbaf0e9c975e6dd3
mono-b120000-soldier-knight,B-A,wind,vps/M-weather-preset-neutral,vps/M-weather-preset-wind,6b6e99381358a325560d60d8,4ed85661ec713a4bb7ca8fbd,2000,120000,119900,12000,0,0,0,0,0,0,218,0,0,0,0,0,6,6,0,4578.001,4578.001,0.805,0.805,0.019100375,0.019100375,0.050082568807339,0.050082568807339,6a49a491a5ff72a4b8db0cc1fcd37742813f1f1a76d4b11bb02af21e20d1e1ce,443a411981489e8fd3c3d22ae3c9fb6a755537de9a05799d9a27b0c2bc2979d4
mono-b120000-archer-archer,A-B,wind,vps/M-weather-preset-neutral,vps/M-weather-preset-wind,c0d6109c05e457458b0bda00,699f34d108e874a689dcab6a,2000,119980,119980,0,0,1714,0,0,0,1714,0,2000,2000,1,1,0,2,2.9965,0.9965,0,565.4275,963.358,1710.136,0.050003208868145,0.049922695449242,0.050086931155193,0.050007292882147,6b4a529fbc125b23882833e0aed634bec1b5f0b2174c3e7ece269e3168b0f82f,60b964607e05632d2635b9f025177ada868bf5084acbafad038a7d0f25ec2b52
mono-b120000-archer-archer,B-A,wind,vps/M-weather-preset-neutral,vps/M-weather-preset-wind,c0d6109c05e457458b0bda00,699f34d108e874a689dcab6a,2000,119980,119980,0,0,1714,0,0,0,1714,0,0,0,0,0,0,2,3,1,963.591,1714,0,567.79,0.050052508751459,0.050070011668611,0.050048424737456,0.050063593932322,7e4672019367fb02f1f4413e94829b3f5c23d2fa9d1ba5802105a04a62fdf6a1,492bdcbc52708bb7d3b55452cd2d707ece613e0df07ee3e642ed0eef71ca06e0
mono-b12000-spearman-archer,A-B,wind,vps/M-weather-preset-neutral,vps/M-weather-preset-wind,77059b09796261ce58324267,76e550c2a30369ffea05e143,2000,11970,11970,0,171,0,0,0,0,171,0,197,1996,0.0985,0.998,0.8995,6.973,6.988,0.015000000000001,110.3685,27.463,78.1895,84.037,0.050269005847953,0.050152046783626,0.049877192982456,0.049994152046784,4227f054b87e527b1d1b0274ed1998e330c5df10704580221a9b575b4a8798c6,4ab77e5a92b2febcd54325841545c172e240179e0151e6f3d1bc9146f71f3b23
mono-b12000-spearman-archer,B-A,wind,vps/M-weather-preset-neutral,vps/M-weather-preset-wind,77059b09796261ce58324267,76e550c2a30369ffea05e143,2000,11970,11970,0,171,0,0,0,0,171,0,2000,2000,1,1,0,3.999,3.999,0,0.059,0.018,93.5465,93.5465,0.049997076023392,0.049985380116959,0.049324561403509,0.049324561403509,ed29d7971438fc1a049999694ca61a2424e52dc6124815c6cadb6b6c1daaffd8,7d54e9e84d9f90c3c9e9d83435233beaeecdced56ef6dbd4bdba29162cb37b6c
mono-b12000-archer-knight,A-B,wind,vps/M-weather-preset-neutral,vps/M-weather-preset-wind,24330e2350e98778d4491ee1,7e9484b02cae4655cc1712d1,2000,11970,11550,0,0,171,0,0,0,0,21,6,6,0.003,0.003,0,1.003,1.003,0,73.7485,73.7485,0.063,0.063,0.021663742690058,0.021663742690058,0.051,0.051,35be79c5c128b6e4343bfeefa1db2f2aeb0a0150c17aa99303e7622a603c351b,1dc68674342aef595a3304112f3637ab8898d8fc794f406dde31f1ff37564c6e
mono-b12000-archer-knight,B-A,wind,vps/M-weather-preset-neutral,vps/M-weather-preset-wind,24330e2350e98778d4491ee1,7e9484b02cae4655cc1712d1,2000,11970,11550,0,0,171,0,0,0,0,21,2,0,0.001,0,-0.001,1.003,1.003,0,73.7485,73.7485,0.041,0,0.021663742690058,0.021663742690058,0.05102380952381,0.050952380952381,49d4b23c42e173b1bcdc7cd48f22932e3a82504dd30129431f21b83876d94cb2,dff1ea8643f0cd2b3a453e2f0f88b7d0dbafd73b6669a637c38ad86ef0928f09
mono-b12000-soldier-knight,A-B,wind,vps/M-weather-preset-neutral,vps/M-weather-preset-wind,888c243346a2fc2822e1a949,85ad96d6c3296c6533c88371,2000,12000,11550,1200,0,0,0,0,0,0,21,204,204,0.102,0.102,0,6.037,6.037,0,442.797,442.797,2.8075,2.8075,0.018445,0.018445,0.051547619047619,0.051547619047619,9ca322cb96477f8f2d6b2e7673307285a8c1ac1a2124cfb6ddfbf09efb0d4075,baf1132e761f14deaefff1d7109f574d64b4ac63cfac4259410528cf722757c9
mono-b12000-soldier-knight,B-A,wind,vps/M-weather-preset-neutral,vps/M-weather-preset-wind,888c243346a2fc2822e1a949,85ad96d6c3296c6533c88371,2000,12000,11550,1200,0,0,0,0,0,0,21,204,204,0.102,0.102,0,6.037,6.037,0,442.797,442.797,2.8075,2.8075,0.018445,0.018445,0.051547619047619,0.051547619047619,0ef488184d72f1f098ab6566fb80c72140d7078400dd1a9587141fe8b34a13ec,44b3a561c5280b02572bc5924f9c5d841b84b92c9fb3855d46d79786806a2099
mono-b12000-archer-archer,A-B,wind,vps/M-weather-preset-neutral,vps/M-weather-preset-wind,792e7655a90072d5129119df,95efd7839cefed09631e585d,2000,11970,11970,0,0,171,0,0,0,171,0,2000,2000,1,1,0,2.008,2.8085,0.8005,0.8695,48.0025,97.458,151.1635,0.049804093567251,0.050397660818713,0.050380116959064,0.050809941520468,a5cef95da0740171d974b1b8238a058e26fade3fe8a8f09d6de3182d2fb25476,1c82d92b738086d96f38744452f08e0579c29baf9462382f3dbe01ad54f7d482
mono-b12000-archer-archer,B-A,wind,vps/M-weather-preset-neutral,vps/M-weather-preset-wind,792e7655a90072d5129119df,95efd7839cefed09631e585d,2000,11970,11970,0,0,171,0,0,0,171,0,0,0,0,0,0,2.0075,2.8085,0.801,97.39,150.9805,0.8195,48.871,0.050093567251462,0.049397660818713,0.050266081871345,0.049976608187135,22588da900fbea8c00b87d769132d035359f1c3deae9b763847a866d744b79ff,6f82e405519ceffb0a8c5718a6be958d6216beabbfdfac7b221b0df5ca966e96
mono-b120000-knight-knight,A-B,wind,vps/M-weather-preset-neutral,vps/M-weather-preset-wind,9d120abae119d9be63a895bd,97c892a36d80815bf88c1d42,2000,119900,119900,0,0,0,218,0,0,0,218,963,963,0.4815,0.4815,0,1,1,0,109.398,109.398,108.7785,108.7785,0.050071100917431,0.050071100917431,0.049965596330275,0.049965596330275,9858c7ffa1a6a847079e50482789f9a042cfeb281ada503d2c73d74b65c9d985,8ca172440eb4c5dfc6f877ebf3928a80c09513aca586a7b9778fb204220ef8f5
mono-b120000-knight-knight,B-A,wind,vps/M-weather-preset-neutral,vps/M-weather-preset-wind,9d120abae119d9be63a895bd,97c892a36d80815bf88c1d42,2000,119900,119900,0,0,0,218,0,0,0,218,1004,1004,0.502,0.502,0,1,1,0,109.398,109.398,108.7785,108.7785,0.050071100917431,0.050071100917431,0.049965596330275,0.049965596330275,151989b8d1b1c0ca759fab7eaf3b152abc03724944a1ef9ad70118e7a90322e4,a71c432e70dccc9f14e23c966e2b277896025311e95e60daab6512823a5c5e26
mono-b360000-soldier-archer,A-B,wind,vps/M-weather-preset-neutral,vps/M-weather-preset-wind,9802772d7860e32c1eb45bbc,ac57f93058345f848ef372b1,2000,360000,359940,36000,0,0,0,0,0,5142,0,0,1749,0,0.8745,0.8745,8,9.047,1.047,13585.641,12704.427,847.792,1918.9115,0.039586,0.044619138888889,0.049883605600933,0.04996246596655,3d79ed5983c89d0022c51a128734a7b36a8941c07b48f432dd6f260a0059cec7,09701e16d28ac5b45a3b417346c026057e5b973be74e56ace7c8fedb9fb31beb
mono-b360000-soldier-archer,B-A,wind,vps/M-weather-preset-neutral,vps/M-weather-preset-wind,9802772d7860e32c1eb45bbc,ac57f93058345f848ef372b1,2000,360000,359940,36000,0,0,0,0,0,5142,0,0,0,0,0,0,5,5.903,0.903,15743.9995,16823.6965,0,0,0.036148791666667,0.036931472222222,0.046806009334889,0.048253403345002,b539cabaf72f26f266d867628052db7ffc7cfa333da902e943ce8bd34a752c17,53a31b9cc7fa06c642a72258ff07d4fca07e453e9da922a77366e8dbd2d5eaf4
mono-b360000-spearman-knight,A-B,wind,vps/M-weather-preset-neutral,vps/M-weather-preset-wind,c74521cdf2ea33fab967be56,b62be9f86a82b5d978e453fa,2000,359940,359700,0,5142,0,0,0,0,0,654,366,366,0.183,0.183,0,3,3,0,2428.6265,2428.6265,264.8825,264.8825,0.043178626993388,0.043178626993388,0.050066513761468,0.050066513761468,7d7abac10e512ec2c70d5d25a59d0d144ba2b19ce4372cc4f09baf310123eafb,c8974208e946e5b6a21d02118af53805f0d0c8bf105129f993b846464b963019
mono-b360000-spearman-knight,B-A,wind,vps/M-weather-preset-neutral,vps/M-weather-preset-wind,c74521cdf2ea33fab967be56,b62be9f86a82b5d978e453fa,2000,359940,359700,0,5142,0,0,0,0,0,654,2000,2000,1,1,0,2,2,0,1018.6605,1018.6605,654,654,0.034626507195644,0.034626507195644,0.049916666666667,0.049916666666667,75facca78d59da8acebf5520dc1aec84674008dca00e85ffe5137a6371d683bd,58ed7f4c6c043eb27f1b1dd0fbed878efa1a6d4d5ec4869cf39cd37f62d7b86a
mono-b360000-knight-knight,A-B,wind,vps/M-weather-preset-neutral,vps/M-weather-preset-wind,548ad3149b35bdd498f1e720,b6355ef7e3ee7b09f325f29f,2000,359700,359700,0,0,0,654,0,0,0,654,986,986,0.493,0.493,0,1,1,0,327.812,327.812,327.23,327.23,0.050105504587156,0.050105504587156,0.049980122324159,0.049980122324159,87844e416d861f5c9ead6ab9b78dcfb00006427ddc351bd0388c1eabd412ea8d,fd0c12ac00fd4ff239e48566d64a1d9caae194b2a52585548151edac6c7174a4
mono-b360000-knight-knight,B-A,wind,vps/M-weather-preset-neutral,vps/M-weather-preset-wind,548ad3149b35bdd498f1e720,b6355ef7e3ee7b09f325f29f,2000,359700,359700,0,0,0,654,0,0,0,654,1003,1003,0.5015,0.5015,0,1,1,0,327.812,327.812,327.23,327.23,0.050105504587156,0.050105504587156,0.049980122324159,0.049980122324159,e137c8706ef5acd42c2d3113acb60f6a980b709cb9423e1758161e5fa6ce3ea3,91f9a84ba259d754ec67c3ff4cb5a420745413484bc247e9d5b7ccaae32827f4
mono-b360000-archer-knight,A-B,wind,vps/M-weather-preset-neutral,vps/M-weather-preset-wind,2a7e9b14ebf8dc6314c7cd99,c2acb3a6de179d1ea87e93bf,2000,359940,359700,0,0,5142,0,0,0,0,654,0,0,0,0,0,1,1,0,2289.009,2289.009,0,0,0.022297257876313,0.022297257876313,0.050082568807339,0.050082568807339,092ff6440ba52367b900849f38396771039917fdafcad50e5a9b3669a0a1a448,0dd6fdb7d93d26a67763c9e76d26cbd89589e3a00e48b24b83810de4918bd78a
mono-b360000-archer-knight,B-A,wind,vps/M-weather-preset-neutral,vps/M-weather-preset-wind,2a7e9b14ebf8dc6314c7cd99,c2acb3a6de179d1ea87e93bf,2000,359940,359700,0,0,5142,0,0,0,0,654,0,0,0,0,0,1,1,0,2289.009,2289.009,0,0,0.022297257876313,0.022297257876313,0.050082568807339,0.050082568807339,40e5890746cdbe0ba659fc1854a9e8c3218947407cf39f571ec0b4f63dfcca5c,854f62693296596900132ac702093f2bb54bc4b8ac33d6608abe9b3fd32c6742
mono-b360000-soldier-soldier,A-B,wind,vps/M-weather-preset-neutral,vps/M-weather-preset-wind,a4f195db3fb8455cdeb742bf,cc32ce7be0e222de531e2a7f,2000,360000,360000,36000,0,0,0,36000,0,0,0,975,975,0.4875,0.4875,0,20,20,0,4787.778,4787.778,4786.2715,4786.2715,0.039369263888889,0.039369263888889,0.03957375,0.03957375,587a0b6c8fbf92e9e393e63a374c6bdc95fc594470b7c8ee42ee3df5c4a6b8ef,115ccf094c560a0c57cea4f6831370b99e51aabd70885abef7c9cb22e275126f
mono-b360000-soldier-soldier,B-A,wind,vps/M-weather-preset-neutral,vps/M-weather-preset-wind,a4f195db3fb8455cdeb742bf,cc32ce7be0e222de531e2a7f,2000,360000,360000,36000,0,0,0,36000,0,0,0,987,987,0.4935,0.4935,0,20,20,0,4787.778,4787.778,4786.2715,4786.2715,0.039423944444444,0.039423944444444,0.039519944444444,0.039519944444444,cab79020193af6f55744135f0197a1630e3c2215411e9bdd269a836e052ec646,65777df38d3b3c8bda4b7a4b2cf178d7d27c7108e51b701bdb5993393b76bb25
mono-b12000-soldier-soldier,A-B,wind,vps/M-weather-preset-neutral,vps/M-weather-preset-wind,fb6f2352b28b313d79cdc77b,dc72af65bbdc01979670e304,2000,12000,12000,1200,0,0,0,1200,0,0,0,961,961,0.4805,0.4805,0,20,20,0,159.737,159.737,159.5675,159.5675,0.0394925,0.0394925,0.039681666666667,0.039681666666667,6d407622c60b016795f97c89a6a5574696df9124c61c66dd231ce4e7c7aa2393,e684593724b5199fc0320c38a6826ef1fdee6a725a1d9644acd7861db10fcaa4
mono-b12000-soldier-soldier,B-A,wind,vps/M-weather-preset-neutral,vps/M-weather-preset-wind,fb6f2352b28b313d79cdc77b,dc72af65bbdc01979670e304,2000,12000,12000,1200,0,0,0,1200,0,0,0,1005,1005,0.5025,0.5025,0,20,20,0,159.737,159.737,159.5675,159.5675,0.039685416666667,0.039685416666667,0.039483333333333,0.039483333333333,5b40b5d08240a3cb41ac0662b746bf7848264fd5d59a18b9cccd174e1c8a970f,05a746ed686087bad611014420af14c50d160fb94cb511c0c13ff9eb84f9a17c
mono-b12000-spearman-spearman,A-B,wind,vps/M-weather-preset-neutral,vps/M-weather-preset-wind,bbcd553bc7a16c61d281ba73,ddd234060d9c3ba05dc31b04,2000,11970,11970,0,171,0,0,0,171,0,0,0,0,0,0,0,6.9895,6.9895,0,84.766,84.766,0.0005,0.0005,0.049862573099415,0.049862573099415,0.043921052631579,0.043921052631579,85f859f840726422ec7d710e5557c9d3b6715fd7fc74bfe34607d4d92c94e777,b53ee4d1fb47e467d519db12d05c50fda8594bf74d69a076dfe22721702ff6d1
mono-b12000-spearman-spearman,B-A,wind,vps/M-weather-preset-neutral,vps/M-weather-preset-wind,bbcd553bc7a16c61d281ba73,ddd234060d9c3ba05dc31b04,2000,11970,11970,0,171,0,0,0,171,0,0,2000,2000,1,1,0,6.994,6.994,0,0.0005,0.0005,85.124,85.124,0.04390350877193,0.04390350877193,0.049608187134503,0.049608187134503,03908c0fa4ced8ca60a7e0fb3a0f39260e015950626c7db85dad0402f2d3619e,21a03e3661b6651cb8a565a1ec6a5eacd5f8da80516d24d9db110d06fd9fd612
mono-b12000-spearman-knight,A-B,wind,vps/M-weather-preset-neutral,vps/M-weather-preset-wind,37ac5d1a6b11bd111d215af5,df58cda1ec167a471f9a7cb4,2000,11970,11550,0,171,0,0,0,0,0,21,1554,1554,0.777,0.777,0,3.002,3.002,0,75.4865,75.4865,13.732,13.732,0.042640350877193,0.042640350877193,0.0505,0.0505,b965633c898c10ac48cc0b945d886ca291a7c3df9f2bc8fbbd6924891bba8756,e8b23c5e471816f6f3c38ccbe17ac640894227203728da5243af6480ebf1d4b9
mono-b12000-spearman-knight,B-A,wind,vps/M-weather-preset-neutral,vps/M-weather-preset-wind,37ac5d1a6b11bd111d215af5,df58cda1ec167a471f9a7cb4,2000,11970,11550,0,171,0,0,0,0,0,21,2000,2000,1,1,0,2,2,0,31.4585,31.4585,21,21,0.033719298245614,0.033719298245614,0.0505,0.0505,04d26513bee41f8de98ab49cd97c992b3a0017b0ad91dc428f6066f007ce270c,0b52c194cfc17693818795b7a396b75aa41b881016938733622b61ec089551e5
mono-b360000-spearman-archer,A-B,wind,vps/M-weather-preset-neutral,vps/M-weather-preset-wind,2e59189e632a58366296928a,e3d6f1e2caf5101e7029949f,2000,359940,359940,0,5142,0,0,0,0,5142,0,0,2000,0,1,1,7,7,0,3349.5485,833.504,2371.3945,2537.0495,0.050049397121743,0.050035297549592,0.049997082847141,0.049969175418125,d008a6c4cea3edb58d3e49bd4fe6a9dc06177f8442e6495e138e98d884af187e,d38a604f8e2097d6b9c3e3eff173bc94affb555187cfb8897c0d8de19e70830b
mono-b360000-spearman-archer,B-A,wind,vps/M-weather-preset-neutral,vps/M-weather-preset-wind,2e59189e632a58366296928a,e3d6f1e2caf5101e7029949f,2000,359940,359940,0,5142,0,0,0,0,5142,0,2000,2000,1,1,0,4,4,0,0,0,2810.717,2810.717,0.050006417736289,0.050006417736289,0.049295702061455,0.049295702061455,bcbc877f0cf8b1db3ca6328cc8d75854e56dc0b5735561ddaff5ce14c2a229f6,09ae21c80412f9b982fdacdcb1b88c120c9608f3e26dd3f52867f3836e236c96
mono-b120000-spearman-archer,A-B,wind,vps/M-weather-preset-neutral,vps/M-weather-preset-wind,fc99451412d760a76f235ab5,e5d7a80d9cfe21f3d125ff97,2000,119980,119980,0,1714,0,0,0,0,1714,0,0,2000,0,1,1,7,7,0,1117.74,277.9575,790.8055,846.0135,0.050101516919487,0.0500991831972,0.049973745624271,0.049978704784131,54b8eb5652e7a14e2d23dbf5a122ee8f8758e3e126c18b1c2077bfe200269275,56b0edf24b6f860871c1f5cdfb94522f67c671e219d79f62dcd0574905321ac2
mono-b120000-spearman-archer,B-A,wind,vps/M-weather-preset-neutral,vps/M-weather-preset-wind,fc99451412d760a76f235ab5,e5d7a80d9cfe21f3d125ff97,2000,119980,119980,0,1714,0,0,0,0,1714,0,2000,2000,1,1,0,4,4,0,0,0,936.737,936.737,0.05003821470245,0.05003821470245,0.049391773628938,0.049391773628938,078641e562821c4012d1a24d08878af3f97f45aea622350727a2eb5edcbd524c,16cd10109af30d9625d213300d9baba4f113ed21b897cf391575ca6fd684f399
mono-b360000-archer-archer,A-B,wind,vps/M-weather-preset-neutral,vps/M-weather-preset-wind,c2e29032f857ef1e13a7572f,edd8a35a5ee78f2a23661e34,2000,359940,359940,0,0,5142,0,0,0,5142,0,2000,2000,1,1,0,2,3,1,0,1703.9515,2891.326,5142,0.050010987942435,0.050030241151303,0.050044437961883,0.050027323998444,ee9e20890d11662504f7fe1e38034c18b966e01cd6c9e5396948c62e4ef00edc,8eb51abce401192b7ffa65d389e7bd0eb24ed865e2240f232913b09d315400d4
mono-b360000-archer-archer,B-A,wind,vps/M-weather-preset-neutral,vps/M-weather-preset-wind,c2e29032f857ef1e13a7572f,edd8a35a5ee78f2a23661e34,2000,359940,359940,0,0,5142,0,0,0,5142,0,0,0,0,0,0,2,3,1,2891.325,5142,0,1703.608,0.050032866588876,0.05006164916375,0.05005455075846,0.050035492026449,6716753b8e8b76b4a64e3b17a97ed8046605bed1f7d8159437110a4c2a02ffa9,4050cdacb09e0132168f03350f85ad6d2b031570634db74809952ee7a5c67354
mono-b120000-soldier-spearman,A-B,wind,vps/M-weather-preset-neutral,vps/M-weather-preset-wind,b629227e6f0d4b2bcee036e7,f3104ba43426205a223ae23d,2000,120000,119980,12000,0,0,0,0,1714,0,0,0,0,0,0,0,13,13,0,4471.004,4471.004,0.0035,0.0035,0.032694083333333,0.032694083333333,0.049761960326721,0.049761960326721,e1e29aab7102365136b614a54a8aeb0bee449145f3bc465a205963f9f554f006,a211e5f8b2caf689454aeb15cf75b5b76234e84c48ffa6221574455a6ffeed63
mono-b120000-soldier-spearman,B-A,wind,vps/M-weather-preset-neutral,vps/M-weather-preset-wind,b629227e6f0d4b2bcee036e7,f3104ba43426205a223ae23d,2000,120000,119980,12000,0,0,0,0,1714,0,0,795,795,0.3975,0.3975,0,20,20,0,3299.9845,3299.9845,462.703,462.703,0.038560458333333,0.038560458333333,0.050139731621937,0.050139731621937,0c2b4bb54f68750a49827995ac5ca7c41b885ac68f663af9b71cf4658f802372,b599d227bec741dd4e39ecd42cbe52fa2dbed9707de07ab720b9a1fdb3aedade
mono-b120000-soldier-soldier,A-B,wind,vps/M-weather-preset-neutral,vps/M-weather-preset-wind,661a8ff748ea7a9cd091d244,f7bc584c68c5819db2c7b0d8,2000,120000,120000,12000,0,0,0,12000,0,0,0,991,991,0.4955,0.4955,0,20,20,0,1595.908,1595.908,1595.5725,1595.5725,0.039481541666667,0.039481541666667,0.039521041666667,0.039521041666667,647ab88a83aa6f834990989ca24911ddf969595c4a5f5d85e2c151fdaebac92b,b78a395b59c8bf47d19cce8fb753da6c238d58fdafe743153b0268af24ff677c
mono-b120000-soldier-soldier,B-A,wind,vps/M-weather-preset-neutral,vps/M-weather-preset-wind,661a8ff748ea7a9cd091d244,f7bc584c68c5819db2c7b0d8,2000,120000,120000,12000,0,0,0,12000,0,0,0,997,997,0.4985,0.4985,0,20,20,0,1595.908,1595.908,1595.5725,1595.5725,0.039508041666667,0.039508041666667,0.039494,0.039494,cb5849664fb65ac00466aa61563a1f9baace77ad985b9c02a92e371cf45b1603,32fb12ac89cc372e9f7335eb21cb43c0cded4fd1c340d0862a6cb37173e619f2
mono-b360000-spearman-spearman,A-B,wind,vps/M-weather-preset-neutral,vps/M-weather-preset-wind,634650feba46fde2e05f79ec,f94b661bd8adc2953162b8b4,2000,359940,359940,0,5142,0,0,0,5142,0,0,0,0,0,0,0,7,7,0,2557.2425,2557.2425,0,0,0.049523531699728,0.049523531699728,0.043854045118631,0.043854045118631,2bc6219638d312265f5c45e3ff80bf6b75c9c3992211780b96db52997872da32,4f80184d2001bf762490371b54052b5536d59fbf72c5146146cfa672c38356b2
mono-b360000-spearman-spearman,B-A,wind,vps/M-weather-preset-neutral,vps/M-weather-preset-wind,634650feba46fde2e05f79ec,f94b661bd8adc2953162b8b4,2000,359940,359940,0,5142,0,0,0,5142,0,0,2000,2000,1,1,0,7,7,0,0,0,2558.4835,2558.4835,0.043788895371451,0.043788895371451,0.049585375340334,0.049585375340334,120c55e4f29e4d0105d6cc15c34f2d0b90e315f38cd4336b4554e662eda73d66,ea904a6b7a3e02bb63f73c08cd5f10396bedcbcb0592dfe74fae3af42aa14e4a
